{"type":"FeatureCollection","features":[{"type":"Feature","properties":{"cod_comuna":1101,"codregion":1,"Comuna":"Iquique","Provincia":"Iquique","Region":"Región de Tarapacá"},"geometry":{"type":"Polygon","coordinates":[[[-70.0913,-20.0837],[-70.1344,-20.0606],[-70.1376,-20.1927],[-70.163,-20.2072],[-70.1294,-20.2945],[-70.1829,-20.3637],[-70.1584,-20.4617],[-70.1997,-20.538],[-70.1835,-20.7379],[-70.2069,-20.8107],[-70.1375,-20.8872],[-70.127,-20.9432],[-70.1775,-21.0245],[-70.1246,-21.0878],[-70.1334,-21.1301],[-70.082,-21.2315],[-70.0655,-21.3027],[-70.0982,-21.3469],[-70.0581,-21.4302],[-70.037,-21.4257],[-70.0333,-21.4292],[-70.0213,-21.4335],[-70.0175,-21.4339],[-69.9382,-21.4237],[-69.9376,-21.4241],[-69.9344,-21.4238],[-69.9306,-21.4246],[-69.9297,-21.373],[-69.8817,-21.3045],[-69.8908,-21.1102],[-69.8198,-21.1171],[-69.9679,-20.8807],[-69.9874,-20.8491],[-70.0159,-20.7833],[-70.0204,-20.7732],[-70.0246,-20.7603],[-70.0449,-20.7144],[-70.0517,-20.6949],[-70.0477,-20.6753],[-70.0258,-20.5783],[-70.0328,-20.5615],[-70.0563,-20.5084],[-70.0708,-20.4762],[-70.0847,-20.4352],[-70.1005,-20.3778],[-70.1079,-20.3506],[-70.1094,-20.3512],[-70.1234,-20.3153],[-70.0913,-20.0837]]]}},{"type":"Feature","properties":{"cod_comuna":1107,"codregion":1,"Comuna":"Alto Hospicio","Provincia":"Iquique","Region":"Región de Tarapacá"},"geometry":{"type":"Polygon","coordinates":[[[-69.8919,-20.0694],[-69.8907,-20.0494],[-69.9067,-20.0511],[-69.9428,-20.0581],[-69.9768,-20.0637],[-70.0738,-20.081],[-70.0913,-20.0837],[-70.1234,-20.3153],[-70.1094,-20.3512],[-70.1079,-20.3506],[-70.0994,-20.3461],[-70.0596,-20.324],[-70.012,-20.3105],[-69.9887,-20.3164],[-69.9768,-20.3193],[-69.9578,-20.307],[-69.9427,-20.2813],[-69.9068,-20.185],[-69.8919,-20.0694]]]}},{"type":"Feature","properties":{"cod_comuna":1401,"codregion":1,"Comuna":"Pozo Almonte","Provincia":"Iquique","Region":"Región de Tarapacá"},"geometry":{"type":"Polygon","coordinates":[[[-69.1751,-20.2607],[-69.0238,-20.289],[-68.9666,-20.2135],[-69.0085,-20.1116],[-68.9691,-20.0245],[-68.9787,-19.9368],[-68.9966,-19.9161],[-69.0048,-19.9144],[-69.0066,-19.9149],[-69.0103,-19.9167],[-69.0545,-19.9294],[-69.0526,-19.94],[-69.0843,-19.961],[-69.1617,-19.99],[-69.1735,-19.99],[-69.1775,-19.9914],[-69.1846,-19.9913],[-69.1959,-19.986],[-69.1976,-19.986],[-69.2025,-19.9854],[-69.2053,-19.9861],[-69.2087,-19.9863],[-69.2113,-19.986],[-69.2167,-19.9847],[-69.2199,-19.9852],[-69.2364,-19.9815],[-69.244,-19.9787],[-69.2458,-19.9773],[-69.2483,-19.9766],[-69.2732,-19.9751],[-69.3191,-19.9888],[-69.3454,-19.9919],[-69.3757,-20.002],[-69.4029,-20.0069],[-69.416,-20.0107],[-69.4836,-20.026],[-69.7337,-20.0853],[-69.7609,-20.0914],[-69.8112,-20.1027],[-69.8541,-20.0745],[-69.8683,-20.0646],[-69.8907,-20.0494],[-69.8919,-20.0694],[-69.9068,-20.185],[-69.9427,-20.2813],[-69.9578,-20.307],[-69.9768,-20.3193],[-69.9887,-20.3164],[-70.012,-20.3105],[-70.0596,-20.324],[-70.0994,-20.3461],[-70.1079,-20.3506],[-70.1005,-20.3778],[-70.0847,-20.4352],[-70.0708,-20.4762],[-70.0563,-20.5084],[-70.0328,-20.5615],[-70.0258,-20.5783],[-70.0477,-20.6753],[-70.0517,-20.6949],[-70.0449,-20.7144],[-70.0246,-20.7603],[-70.0204,-20.7732],[-70.0159,-20.7833],[-69.9874,-20.8491],[-69.9679,-20.8807],[-69.8198,-21.1171],[-69.8908,-21.1102],[-69.8817,-21.3045],[-69.9297,-21.373],[-69.9306,-21.4246],[-69.9344,-21.4238],[-69.9376,-21.4241],[-69.9382,-21.4237],[-69.9373,-21.4243],[-69.8321,-21.4423],[-69.7651,-21.42],[-69.6665,-21.4632],[-69.5509,-21.6302],[-69.3131,-21.3982],[-68.8597,-21.285],[-68.8997,-21.1732],[-68.9672,-21.0967],[-68.967,-20.6891],[-69.0646,-20.6855],[-69.1032,-20.7201],[-69.2246,-20.7362],[-69.3075,-20.703],[-69.4774,-20.7308],[-69.4746,-20.2518],[-69.1826,-20.256],[-69.1751,-20.2607]]]}},{"type":"Feature","properties":{"cod_comuna":1402,"codregion":1,"Comuna":"Camiña","Provincia":"Iquique","Region":"Región de Tarapacá"},"geometry":{"type":"Polygon","coordinates":[[[-69.3169,-19.1353],[-69.3182,-19.1343],[-69.3122,-19.1258],[-69.3149,-19.1031],[-69.3867,-19.0619],[-69.3938,-19.0622],[-69.3961,-19.0614],[-69.4202,-19.0792],[-69.4437,-19.145],[-69.4853,-19.1972],[-69.5858,-19.2043],[-69.6437,-19.2592],[-69.7322,-19.2621],[-69.7495,-19.2763],[-69.7497,-19.6957],[-69.7464,-19.6934],[-69.7423,-19.6919],[-69.7397,-19.6904],[-69.7237,-19.6703],[-69.6881,-19.6414],[-69.6116,-19.6146],[-69.5795,-19.583],[-69.3822,-19.5158],[-69.3122,-19.4426],[-69.3084,-19.4017],[-69.2351,-19.3917],[-69.1471,-19.294],[-69.2689,-19.2388],[-69.3086,-19.155],[-69.3169,-19.1353]]]}},{"type":"Feature","properties":{"cod_comuna":1403,"codregion":1,"Comuna":"Colchane","Provincia":"Iquique","Region":"Región de Tarapacá"},"geometry":{"type":"Polygon","coordinates":[[[-68.9502,-18.9367],[-69.0202,-18.9537],[-69.0098,-18.9975],[-69.0711,-19.0294],[-69.1534,-19.1027],[-69.2349,-19.0945],[-69.2905,-19.1143],[-69.2955,-19.1272],[-69.3024,-19.1322],[-69.3169,-19.1352],[-69.3086,-19.155],[-69.2689,-19.2388],[-69.1471,-19.294],[-69.1178,-19.2677],[-69.1156,-19.2685],[-69.1075,-19.2721],[-69.1056,-19.2764],[-69.1047,-19.2762],[-69.1034,-19.2746],[-69.1019,-19.2739],[-69.0965,-19.2701],[-69.0917,-19.2706],[-69.09,-19.2721],[-69.0881,-19.2771],[-69.086,-19.2769],[-69.084,-19.2756],[-69.0797,-19.2735],[-69.0783,-19.2734],[-69.0232,-19.3316],[-69.101,-19.4949],[-68.9078,-19.6004],[-68.9063,-19.6028],[-68.9018,-19.6082],[-68.8937,-19.6196],[-68.8861,-19.6292],[-68.8455,-19.644],[-68.8329,-19.6619],[-68.8059,-19.7481],[-68.6928,-19.7502],[-68.6817,-19.7185],[-68.6242,-19.7021],[-68.5725,-19.6055],[-68.4049,-19.4162],[-68.5427,-19.2967],[-68.6198,-19.2765],[-68.806,-19.0836],[-68.8709,-19.0604],[-68.9502,-18.9367]]]}},{"type":"Feature","properties":{"cod_comuna":1404,"codregion":1,"Comuna":"Huara","Provincia":"Iquique","Region":"Región de Tarapacá"},"geometry":{"type":"Polygon","coordinates":[[[-70.274,-19.2494],[-70.2781,-19.3087],[-70.1962,-19.4977],[-70.1995,-19.5907],[-70.2338,-19.6022],[-70.1628,-19.6596],[-70.1402,-19.7856],[-70.1564,-19.8305],[-70.1256,-19.8811],[-70.1281,-20.0611],[-70.0942,-20.0802],[-70.085,-20.0842],[-69.9004,-20.0516],[-69.8844,-20.05],[-69.8478,-20.0751],[-69.8224,-20.0921],[-69.8049,-20.1033],[-69.3694,-20.0026],[-69.3391,-19.9925],[-69.3128,-19.9894],[-69.2669,-19.9757],[-69.2537,-19.9776],[-69.2472,-19.9775],[-69.2462,-19.9772],[-69.242,-19.9771],[-69.2301,-19.982],[-69.2272,-19.9819],[-69.22,-19.9842],[-69.2157,-19.9849],[-69.2136,-19.9857],[-69.2104,-19.9853],[-69.205,-19.9866],[-69.2024,-19.9868],[-69.199,-19.9866],[-69.1962,-19.9859],[-69.1896,-19.9866],[-69.1839,-19.9898],[-69.1822,-19.9901],[-69.1783,-19.9918],[-69.1554,-19.9906],[-69.078,-19.9615],[-69.0463,-19.9406],[-69.0482,-19.9299],[-69.004,-19.9173],[-69.0105,-19.9066],[-69.0187,-19.8999],[-69.0352,-19.8638],[-69.0322,-19.8345],[-68.9226,-19.7442],[-68.9205,-19.677],[-68.9124,-19.6541],[-68.9027,-19.6109],[-68.9019,-19.6058],[-68.9015,-19.6009],[-69.0947,-19.4954],[-69.0169,-19.3321],[-69.072,-19.274],[-69.0734,-19.2741],[-69.0777,-19.2761],[-69.0797,-19.2775],[-69.0818,-19.2776],[-69.0828,-19.2769],[-69.0837,-19.2726],[-69.0854,-19.2711],[-69.0902,-19.2707],[-69.0956,-19.2745],[-69.0971,-19.2752],[-69.0984,-19.2768],[-69.0993,-19.277],[-69.1008,-19.2748],[-69.1012,-19.2726],[-69.1115,-19.2683],[-69.1143,-19.2692],[-69.1154,-19.2701],[-69.1171,-19.2702],[-69.1186,-19.271],[-69.2288,-19.3923],[-69.3021,-19.4022],[-69.3072,-19.4429],[-69.3759,-19.5164],[-69.5732,-19.5836],[-69.6053,-19.6152],[-69.6819,-19.6419],[-69.7434,-19.6962],[-69.7433,-19.5006],[-69.7432,-19.2769],[-69.7259,-19.2626],[-69.6718,-19.2678],[-69.6369,-19.2576],[-69.5795,-19.2049],[-69.5509,-19.2161],[-69.4738,-19.1941],[-69.4374,-19.1455],[-69.4139,-19.0798],[-69.3901,-19.0629],[-69.3879,-19.0562],[-69.3912,-19.0431],[-69.4026,-19.0304],[-69.4192,-19.0253],[-69.4287,-19.0256],[-69.4465,-19.0268],[-69.4688,-19.0368],[-69.6384,-19.0217],[-69.7885,-19.0468],[-69.8219,-19.0477],[-69.8277,-19.0462],[-69.8349,-19.046],[-69.8538,-19.0399],[-69.86,-19.0401],[-69.8642,-19.0391],[-69.8693,-19.0367],[-69.8802,-19.0352],[-69.8815,-19.0355],[-69.8827,-19.0369],[-69.8979,-19.0458],[-69.9188,-19.053],[-69.9421,-19.0499],[-70.279,-19.2299],[-70.274,-19.2494]]]}},{"type":"Feature","properties":{"cod_comuna":1405,"codregion":1,"Comuna":"Pica","Provincia":"Iquique","Region":"Región de Tarapacá"},"geometry":{"type":"Polygon","coordinates":[[[-68.6928,-19.7502],[-68.8059,-19.7481],[-68.8329,-19.6619],[-68.8455,-19.644],[-68.8861,-19.6292],[-68.8937,-19.6196],[-68.9018,-19.6082],[-68.9063,-19.6028],[-68.9078,-19.6004],[-68.9268,-19.6764],[-68.9289,-19.7436],[-69.0385,-19.8339],[-69.0415,-19.8632],[-69.0103,-19.9167],[-69.0066,-19.9149],[-69.0048,-19.9144],[-68.9966,-19.9161],[-68.9787,-19.9368],[-68.9691,-20.0245],[-69.0085,-20.1116],[-68.9666,-20.2135],[-69.0238,-20.289],[-69.1751,-20.2607],[-69.1826,-20.256],[-69.4746,-20.2518],[-69.4774,-20.7308],[-69.3075,-20.703],[-69.2246,-20.7362],[-69.1032,-20.7201],[-69.0646,-20.6855],[-68.967,-20.6891],[-68.9672,-21.0967],[-68.8997,-21.1732],[-68.8597,-21.285],[-68.5355,-21.0642],[-68.4808,-20.9451],[-68.5533,-20.8758],[-68.5542,-20.7363],[-68.5021,-20.6698],[-68.4387,-20.6409],[-68.7388,-20.4568],[-68.7415,-20.369],[-68.6743,-20.3568],[-68.6605,-20.319],[-68.7128,-20.2482],[-68.7043,-20.1337],[-68.7739,-20.1297],[-68.7621,-20.0782],[-68.5662,-20.0501],[-68.5216,-19.9243],[-68.5423,-19.89],[-68.5282,-19.8455],[-68.5993,-19.828],[-68.6928,-19.7502]]]}},{"type":"Feature","properties":{"cod_comuna":2101,"codregion":2,"Comuna":"Antofagasta","Provincia":"Antofagasta","Region":"Región de Antofagasta"},"geometry":{"type":"Polygon","coordinates":[[[-70.6064,-23.3593],[-70.5894,-23.4266],[-70.6279,-23.5174],[-70.5992,-23.5063],[-70.5435,-23.5362],[-70.5134,-23.4677],[-70.4859,-23.4653],[-70.4201,-23.5086],[-70.3924,-23.5796],[-70.404,-23.664],[-70.4471,-23.7494],[-70.5064,-23.7981],[-70.5261,-23.8641],[-70.495,-23.9053],[-70.5197,-24.0204],[-70.503,-24.1786],[-70.579,-24.5492],[-70.4068,-24.6275],[-69.1737,-24.684],[-69.1195,-24.9206],[-69.1572,-24.9528],[-69.2475,-25.1698],[-69.1783,-25.2838],[-69.1224,-25.305],[-69.0946,-25.3429],[-69.045,-25.3412],[-68.9886,-25.3802],[-68.9882,-25.378],[-68.8041,-25.3805],[-68.8007,-25.3847],[-68.7828,-25.403],[-68.6822,-25.3693],[-68.6574,-25.3035],[-68.5455,-25.2989],[-68.5051,-25.1652],[-68.4571,-25.1256],[-68.4085,-25.1445],[-68.3433,-25.1106],[-68.3744,-25.0358],[-68.4127,-25.0195],[-68.4314,-24.906],[-68.5187,-24.8742],[-68.5681,-24.7955],[-68.4918,-24.6643],[-68.4951,-24.6],[-68.4678,-24.6228],[-68.4333,-24.6057],[-68.3872,-24.4858],[-68.3106,-24.4906],[-68.2585,-24.4017],[-68.065,-24.3264],[-68.3456,-23.9979],[-68.6985,-23.9231],[-68.874,-23.8751],[-69.0809,-23.6892],[-69.1452,-23.6665],[-69.3456,-23.6605],[-69.4381,-23.6042],[-69.6005,-23.6261],[-70.0477,-23.6234],[-69.9697,-23.3294],[-70.0138,-23.0579],[-70.0779,-23.1732],[-70.1322,-23.2035],[-70.1853,-23.3444],[-70.3993,-23.2968],[-70.5514,-23.3624],[-70.6064,-23.3593]]]}},{"type":"Feature","properties":{"cod_comuna":2102,"codregion":2,"Comuna":"Mejillones","Provincia":"Antofagasta","Region":"Región de Antofagasta"},"geometry":{"type":"Polygon","coordinates":[[[-70.2633,-22.6318],[-70.3129,-22.7647],[-70.2885,-22.8961],[-70.3114,-22.9644],[-70.4225,-23.0915],[-70.4857,-23.0972],[-70.5171,-23.0251],[-70.5793,-23.083],[-70.5608,-23.1899],[-70.598,-23.2228],[-70.5824,-23.3256],[-70.6064,-23.3593],[-70.5514,-23.3624],[-70.3993,-23.2968],[-70.1853,-23.3444],[-70.1322,-23.2035],[-70.0779,-23.1732],[-70.0138,-23.0579],[-69.9695,-22.8709],[-69.8937,-22.6351],[-69.9182,-22.4749],[-69.9617,-22.4547],[-69.9652,-22.4251],[-70.2633,-22.6318]]]}},{"type":"Feature","properties":{"cod_comuna":2103,"codregion":2,"Comuna":"Sierra Gorda","Provincia":"Antofagasta","Region":"Región de Antofagasta"},"geometry":{"type":"Polygon","coordinates":[[[-69.9695,-22.8709],[-70.0138,-23.0579],[-69.9697,-23.3294],[-70.0477,-23.6234],[-69.6005,-23.6261],[-69.4381,-23.6042],[-69.3456,-23.6605],[-69.1452,-23.6665],[-69.0809,-23.6892],[-68.874,-23.8751],[-68.6985,-23.9231],[-68.6652,-23.6987],[-68.7087,-23.5673],[-68.7178,-23.387],[-68.6192,-23.1755],[-68.6616,-23.1069],[-68.77,-23.1412],[-68.845,-23.1049],[-68.8018,-22.9987],[-68.8148,-22.9678],[-68.9864,-22.7451],[-69.1509,-22.6631],[-69.1908,-22.5763],[-69.5361,-22.8802],[-69.9695,-22.8709]]]}},{"type":"Feature","properties":{"cod_comuna":2104,"codregion":2,"Comuna":"Taltal","Provincia":"Antofagasta","Region":"Región de Antofagasta"},"geometry":{"type":"Polygon","coordinates":[[[-70.579,-24.5492],[-70.5502,-24.5954],[-70.5805,-24.7212],[-70.5215,-24.8665],[-70.529,-24.9156],[-70.4666,-24.9948],[-70.5079,-25.0967],[-70.4381,-25.1899],[-70.4344,-25.2566],[-70.4508,-25.3776],[-70.4923,-25.4093],[-70.516,-25.3969],[-70.5282,-25.4782],[-70.6469,-25.5301],[-70.6364,-25.6448],[-70.6828,-25.6612],[-70.6852,-25.7447],[-70.7307,-25.7791],[-70.7366,-25.825],[-70.628,-25.9943],[-70.6573,-26.061],[-70.6146,-26.0582],[-70.6052,-26.0041],[-70.5262,-26.0096],[-70.4832,-25.9679],[-70.3932,-25.9288],[-70.3243,-25.9311],[-70.2943,-25.8973],[-70.2914,-25.8995],[-70.2648,-25.9308],[-70.2399,-25.9162],[-70.0757,-25.9639],[-70.0507,-25.944],[-69.9582,-25.9014],[-69.8818,-25.9135],[-69.8816,-25.9136],[-69.8543,-25.9453],[-69.7566,-25.9174],[-69.5121,-25.9512],[-69.4404,-25.8602],[-69.3815,-25.8801],[-69.268,-25.8665],[-69.0982,-25.8018],[-69.0583,-25.7283],[-69.0947,-25.72],[-69.0508,-25.6364],[-69.0848,-25.5841],[-68.9958,-25.5055],[-69.0359,-25.4423],[-68.9901,-25.4048],[-68.9886,-25.38],[-68.9886,-25.3802],[-69.045,-25.3412],[-69.0946,-25.3429],[-69.1224,-25.305],[-69.1783,-25.2838],[-69.2475,-25.1698],[-69.1572,-24.9528],[-69.1195,-24.9206],[-69.1737,-24.684],[-70.4068,-24.6275],[-70.579,-24.5492]]]}},{"type":"Feature","properties":{"cod_comuna":2201,"codregion":2,"Comuna":"Calama","Provincia":"El Loa","Region":"Región de Antofagasta"},"geometry":{"type":"Polygon","coordinates":[[[-67.9465,-22.3852],[-67.9373,-22.2732],[-67.9154,-22.2724],[-67.9576,-22.1664],[-67.9392,-22.1079],[-67.9651,-22.0537],[-68.0711,-21.9821],[-68.1928,-21.9059],[-68.3402,-21.8893],[-68.3116,-21.6926],[-68.45,-21.6048],[-68.5219,-21.5464],[-68.5057,-21.405],[-68.5146,-21.2783],[-68.4679,-21.2207],[-68.5327,-21.0662],[-68.5355,-21.0642],[-68.8597,-21.285],[-68.9363,-21.4349],[-68.9926,-21.6361],[-68.9324,-21.8287],[-69.1767,-22.228],[-69.147,-22.4551],[-69.1908,-22.5763],[-69.1509,-22.6631],[-68.9864,-22.7451],[-68.8148,-22.9678],[-68.8018,-22.9987],[-68.845,-23.1049],[-68.77,-23.1412],[-68.6616,-23.1069],[-68.6206,-23.0804],[-68.5408,-23.0835],[-68.5206,-22.8998],[-68.4981,-22.8594],[-68.4666,-22.8556],[-68.4498,-22.7692],[-68.2634,-22.5993],[-68.2436,-22.508],[-68.154,-22.4377],[-68.1526,-22.4025],[-68.015,-22.4326],[-67.9465,-22.3852]]]}},{"type":"Feature","properties":{"cod_comuna":2202,"codregion":2,"Comuna":"Ollagüe","Provincia":"El Loa","Region":"Región de Antofagasta"},"geometry":{"type":"Polygon","coordinates":[[[-68.4808,-20.9451],[-68.5355,-21.0642],[-68.5327,-21.0662],[-68.4679,-21.2207],[-68.5146,-21.2783],[-68.5057,-21.405],[-68.5219,-21.5464],[-68.45,-21.6048],[-68.3116,-21.6926],[-68.3402,-21.8893],[-68.1928,-21.9059],[-68.0711,-21.9821],[-68.0605,-21.7715],[-68.1807,-21.604],[-68.1791,-21.3019],[-68.4125,-20.9345],[-68.4808,-20.9451]]]}},{"type":"Feature","properties":{"cod_comuna":2203,"codregion":2,"Comuna":"San Pedro de Atacama","Provincia":"El Loa","Region":"Región de Antofagasta"},"geometry":{"type":"Polygon","coordinates":[[[-68.065,-24.3264],[-67.3226,-24.0342],[-66.9902,-23],[-67.1803,-22.8142],[-67.5685,-22.898],[-67.7991,-22.8812],[-67.8261,-22.8453],[-67.8823,-22.8337],[-67.8834,-22.628],[-67.8321,-22.5815],[-67.841,-22.5331],[-67.8929,-22.4991],[-67.8999,-22.4074],[-67.9465,-22.3852],[-68.015,-22.4326],[-68.1526,-22.4025],[-68.154,-22.4377],[-68.2436,-22.508],[-68.2634,-22.5993],[-68.4498,-22.7692],[-68.4666,-22.8556],[-68.4981,-22.8594],[-68.5206,-22.8998],[-68.5408,-23.0835],[-68.6206,-23.0804],[-68.6616,-23.1069],[-68.6192,-23.1755],[-68.7178,-23.387],[-68.7087,-23.5673],[-68.6652,-23.6987],[-68.6985,-23.9231],[-68.3456,-23.9979],[-68.065,-24.3264]]]}},{"type":"Feature","properties":{"cod_comuna":2301,"codregion":2,"Comuna":"Tocopilla","Provincia":"Tocopilla","Region":"Región de Antofagasta"},"geometry":{"type":"Polygon","coordinates":[[[-70.0581,-21.4302],[-70.0943,-21.593],[-70.15,-21.6555],[-70.1431,-21.8487],[-70.1896,-21.8998],[-70.169,-21.9293],[-70.1889,-22.0589],[-70.232,-22.1704],[-70.2685,-22.4606],[-70.238,-22.497],[-70.2844,-22.5715],[-70.2633,-22.6318],[-69.9652,-22.4251],[-69.9705,-22.2733],[-69.8188,-22.2274],[-69.8117,-22.2006],[-69.7576,-22.1939],[-69.7447,-22.1554],[-69.7649,-22.0921],[-69.7425,-22.0266],[-69.7982,-21.9121],[-69.8533,-21.8723],[-69.9041,-21.8708],[-69.8335,-21.7496],[-69.8321,-21.4423],[-69.9373,-21.4243],[-69.9376,-21.4241],[-69.9382,-21.4237],[-70.0175,-21.4339],[-70.0213,-21.4335],[-70.0333,-21.4292],[-70.037,-21.4257],[-70.0581,-21.4302]]]}},{"type":"Feature","properties":{"cod_comuna":2302,"codregion":2,"Comuna":"María Elena","Provincia":"Tocopilla","Region":"Región de Antofagasta"},"geometry":{"type":"Polygon","coordinates":[[[-68.8597,-21.285],[-69.3131,-21.3982],[-69.5509,-21.6302],[-69.6665,-21.4632],[-69.7651,-21.42],[-69.8321,-21.4423],[-69.8335,-21.7496],[-69.9041,-21.8708],[-69.8533,-21.8723],[-69.7982,-21.9121],[-69.7425,-22.0266],[-69.7649,-22.0921],[-69.7447,-22.1554],[-69.7576,-22.1939],[-69.8117,-22.2006],[-69.8188,-22.2274],[-69.9705,-22.2733],[-69.9652,-22.4251],[-69.9617,-22.4547],[-69.9182,-22.4749],[-69.8937,-22.6351],[-69.9695,-22.8709],[-69.5361,-22.8802],[-69.1908,-22.5763],[-69.147,-22.4551],[-69.1767,-22.228],[-68.9324,-21.8287],[-68.9926,-21.6361],[-68.9363,-21.4349],[-68.8597,-21.285]]]}},{"type":"Feature","properties":{"cod_comuna":3101,"codregion":3,"Comuna":"Copiapó","Provincia":"Copiapó","Region":"Región de Atacama"},"geometry":{"type":"Polygon","coordinates":[[[-70.9769,-27.6668],[-71.0011,-27.6903],[-71.037,-27.6621],[-71.0356,-27.7328],[-71.0857,-27.7901],[-71.1428,-27.965],[-71.1042,-27.9953],[-71.0086,-28.0045],[-70.9715,-28.0649],[-70.8793,-28.0661],[-70.851,-28.0891],[-70.7709,-28.0594],[-70.7434,-28.0106],[-70.4292,-28.1648],[-70.2845,-28.1305],[-70.2262,-28.1473],[-70.2244,-28.1844],[-70.0743,-28.1483],[-70.0518,-28.0879],[-70.1043,-28.0809],[-70.0995,-28.0297],[-70.1896,-27.9054],[-70.2254,-27.8774],[-70.2832,-27.8832],[-70.3572,-27.7273],[-70.3387,-27.6955],[-70.3693,-27.67],[-70.3728,-27.5463],[-70.2868,-27.4328],[-70.2127,-27.4118],[-70.1467,-27.5014],[-70.0571,-27.5433],[-69.9462,-27.5074],[-69.8912,-27.5374],[-69.8981,-27.606],[-69.7349,-27.6363],[-69.6757,-27.5851],[-69.6221,-27.6261],[-69.527,-27.5283],[-69.507,-27.3495],[-69.3785,-27.1789],[-69.2196,-27.1571],[-69.1917,-27.1695],[-69.1252,-27.3236],[-69.0687,-27.3686],[-69.0858,-27.4341],[-68.9876,-27.5246],[-68.9414,-27.5181],[-68.9798,-27.4309],[-68.9361,-27.4454],[-68.9305,-27.4091],[-68.8868,-27.3983],[-68.8714,-27.3192],[-68.8086,-27.3011],[-68.8709,-27.2454],[-68.8441,-27.1608],[-68.8073,-27.1525],[-68.7879,-27.1037],[-68.6703,-27.0987],[-68.6326,-27.1624],[-68.5767,-27.1758],[-68.5579,-27.1155],[-68.4822,-27.129],[-68.4841,-27.0574],[-68.4507,-27.0949],[-68.3464,-27.033],[-68.2939,-27.038],[-68.3192,-26.9815],[-68.2632,-26.9183],[-68.3672,-26.7963],[-68.4982,-26.8078],[-68.5855,-26.7634],[-68.6414,-26.8119],[-68.8005,-26.766],[-68.8495,-26.862],[-68.8568,-26.8161],[-68.9673,-26.8224],[-69.0616,-26.7738],[-69.1922,-26.7867],[-69.2503,-26.736],[-69.2646,-26.6733],[-69.3627,-26.6649],[-69.4303,-26.7134],[-69.4982,-26.7088],[-69.5757,-26.8941],[-69.6544,-26.883],[-69.6592,-26.8343],[-69.7348,-26.797],[-69.7574,-26.8518],[-69.8662,-26.8802],[-69.8761,-26.9215],[-69.9577,-26.9028],[-69.9403,-26.8689],[-69.9596,-26.8427],[-70.0409,-26.8453],[-70.098,-26.8766],[-70.1404,-26.8684],[-70.2584,-26.9591],[-70.3396,-27.0619],[-70.3816,-27.0852],[-70.4165,-27.072],[-70.6051,-27.1839],[-70.7625,-27.3286],[-70.7363,-27.4146],[-70.7573,-27.7414],[-70.7297,-27.7633],[-70.7574,-27.8177],[-70.8064,-27.8049],[-70.8957,-27.8329],[-70.9769,-27.6668]]]}},{"type":"Feature","properties":{"cod_comuna":3102,"codregion":3,"Comuna":"Caldera","Provincia":"Copiapó","Region":"Región de Atacama"},"geometry":{"type":"Polygon","coordinates":[[[-70.7234,-26.6429],[-70.7582,-26.7103],[-70.7381,-26.7566],[-70.7812,-26.7765],[-70.834,-26.8783],[-70.789,-26.9889],[-70.8243,-27.0352],[-70.8085,-27.0564],[-70.8527,-27.0511],[-70.8631,-27.1298],[-70.8972,-27.1432],[-70.9354,-27.1094],[-70.9734,-27.1686],[-70.9309,-27.3122],[-70.9671,-27.3709],[-70.8845,-27.5056],[-70.8982,-27.6208],[-70.9769,-27.6668],[-70.8957,-27.8329],[-70.8064,-27.8049],[-70.7574,-27.8177],[-70.7297,-27.7633],[-70.7573,-27.7414],[-70.7363,-27.4146],[-70.7625,-27.3286],[-70.6051,-27.1839],[-70.4165,-27.072],[-70.3816,-27.0852],[-70.3396,-27.0619],[-70.2584,-26.9591],[-70.2511,-26.9138],[-70.4051,-26.7798],[-70.7234,-26.6429]]]}},{"type":"Feature","properties":{"cod_comuna":3103,"codregion":3,"Comuna":"Tierra Amarilla","Provincia":"Copiapó","Region":"Región de Atacama"},"geometry":{"type":"Polygon","coordinates":[[[-69.6872,-28.5913],[-69.6505,-28.5389],[-69.6807,-28.4709],[-69.6338,-28.4308],[-69.6495,-28.3963],[-69.597,-28.3924],[-69.5822,-28.3529],[-69.5241,-28.3305],[-69.457,-28.1842],[-69.391,-28.2266],[-69.3833,-28.1842],[-69.3077,-28.1293],[-69.2379,-27.967],[-69.1735,-27.9719],[-69.1233,-27.9015],[-69.0898,-27.7215],[-69.0449,-27.6989],[-69.0517,-27.6167],[-68.9752,-27.5595],[-68.9876,-27.5246],[-69.0858,-27.4341],[-69.0687,-27.3686],[-69.1252,-27.3236],[-69.1917,-27.1695],[-69.2196,-27.1571],[-69.3785,-27.1789],[-69.507,-27.3495],[-69.527,-27.5283],[-69.6221,-27.6261],[-69.6757,-27.5851],[-69.7349,-27.6363],[-69.8981,-27.606],[-69.8912,-27.5374],[-69.9462,-27.5074],[-70.0571,-27.5433],[-70.1467,-27.5014],[-70.2127,-27.4118],[-70.2868,-27.4328],[-70.3728,-27.5463],[-70.3693,-27.67],[-70.3387,-27.6955],[-70.3572,-27.7273],[-70.2832,-27.8832],[-70.2254,-27.8774],[-70.1896,-27.9054],[-70.0995,-28.0297],[-70.1043,-28.0809],[-70.0518,-28.0879],[-70.0743,-28.1483],[-70.0868,-28.2207],[-70.0277,-28.2768],[-70.0519,-28.3439],[-70.0032,-28.5129],[-70.032,-28.5556],[-70.0125,-28.5803],[-69.9615,-28.578],[-69.8029,-28.6434],[-69.7504,-28.6306],[-69.7234,-28.5781],[-69.6872,-28.5913]]]}},{"type":"Feature","properties":{"cod_comuna":3201,"codregion":3,"Comuna":"Chañaral","Provincia":"Chañaral","Region":"Región de Atacama"},"geometry":{"type":"Polygon","coordinates":[[[-70.6573,-26.061],[-70.6734,-26.204],[-70.6469,-26.2552],[-70.6751,-26.2934],[-70.6278,-26.3473],[-70.6991,-26.3913],[-70.6867,-26.4642],[-70.7105,-26.5278],[-70.6817,-26.5662],[-70.7234,-26.6429],[-70.4051,-26.7798],[-70.2511,-26.9138],[-70.2584,-26.9591],[-70.1404,-26.8684],[-70.098,-26.8766],[-70.0409,-26.8453],[-70.0273,-26.8077],[-70.102,-26.7841],[-70.0385,-26.572],[-70.1083,-26.4953],[-70.1048,-26.4609],[-70.2093,-26.4136],[-70.2026,-26.3624],[-70.1696,-26.2855],[-70.0509,-26.2066],[-70.0319,-26.1649],[-69.9862,-26.1544],[-69.9686,-26.0651],[-69.8817,-25.9136],[-69.8818,-25.9135],[-69.9582,-25.9014],[-70.0507,-25.944],[-70.0757,-25.9639],[-70.2399,-25.9162],[-70.2648,-25.9308],[-70.2914,-25.8995],[-70.2943,-25.8973],[-70.3243,-25.9311],[-70.3932,-25.9288],[-70.4832,-25.9679],[-70.5262,-26.0096],[-70.6052,-26.0041],[-70.6146,-26.0582],[-70.6573,-26.061]]]}},{"type":"Feature","properties":{"cod_comuna":3202,"codregion":3,"Comuna":"Diego de Almagro","Provincia":"Chañaral","Region":"Región de Atacama"},"geometry":{"type":"Polygon","coordinates":[[[-68.5455,-25.2989],[-68.6574,-25.3035],[-68.6822,-25.3693],[-68.7828,-25.403],[-68.8007,-25.3847],[-68.8041,-25.3805],[-68.9882,-25.378],[-68.9886,-25.38],[-68.9901,-25.4048],[-69.0359,-25.4423],[-68.9958,-25.5055],[-69.0848,-25.5841],[-69.0508,-25.6364],[-69.0947,-25.72],[-69.0583,-25.7283],[-69.0982,-25.8018],[-69.268,-25.8665],[-69.3815,-25.8801],[-69.4404,-25.8602],[-69.5121,-25.9512],[-69.7566,-25.9174],[-69.8543,-25.9453],[-69.8816,-25.9136],[-69.8817,-25.9136],[-69.9686,-26.0651],[-69.9862,-26.1544],[-70.0319,-26.1649],[-70.0509,-26.2066],[-70.1696,-26.2855],[-70.2026,-26.3624],[-70.2093,-26.4136],[-70.1048,-26.4609],[-70.1083,-26.4953],[-70.0385,-26.572],[-70.102,-26.7841],[-70.0273,-26.8077],[-70.0409,-26.8453],[-69.9596,-26.8427],[-69.9403,-26.8689],[-69.9577,-26.9028],[-69.8761,-26.9215],[-69.8662,-26.8802],[-69.7574,-26.8518],[-69.7348,-26.797],[-69.6592,-26.8343],[-69.6544,-26.883],[-69.5757,-26.8941],[-69.4982,-26.7088],[-69.4303,-26.7134],[-69.3627,-26.6649],[-69.2646,-26.6733],[-69.2503,-26.736],[-69.1922,-26.7867],[-69.0616,-26.7738],[-68.9673,-26.8224],[-68.8568,-26.8161],[-68.8495,-26.862],[-68.8005,-26.766],[-68.6414,-26.8119],[-68.5855,-26.7634],[-68.4982,-26.8078],[-68.3672,-26.7963],[-68.588,-26.4921],[-68.5574,-26.2865],[-68.3811,-26.1779],[-68.4769,-25.7025],[-68.5458,-25.631],[-68.5191,-25.5731],[-68.5895,-25.4484],[-68.5903,-25.4156],[-68.5234,-25.3771],[-68.5455,-25.2989]]]}},{"type":"Feature","properties":{"cod_comuna":3301,"codregion":3,"Comuna":"Vallenar","Provincia":"Huasco","Region":"Región de Atacama"},"geometry":{"type":"Polygon","coordinates":[[[-70.0743,-28.1483],[-70.2244,-28.1844],[-70.2262,-28.1473],[-70.2845,-28.1305],[-70.4292,-28.1648],[-70.7434,-28.0106],[-70.7709,-28.0594],[-70.7732,-28.3379],[-70.8142,-28.328],[-70.8121,-28.38],[-70.9127,-28.5107],[-70.9625,-28.6657],[-71.0365,-28.6473],[-71.0918,-28.682],[-71.0707,-28.7391],[-70.9822,-28.7382],[-71.0714,-28.887],[-70.9993,-29.1243],[-71.0732,-29.1917],[-71.1072,-29.1666],[-71.1995,-29.1851],[-71.2004,-29.1857],[-71.1834,-29.2839],[-71.0858,-29.3063],[-71.0941,-29.3555],[-71.0598,-29.3566],[-71.0084,-29.3189],[-70.9742,-29.1775],[-70.9071,-29.1305],[-70.8021,-29.139],[-70.7317,-29.1049],[-70.7242,-29.0575],[-70.6463,-29.0396],[-70.5504,-29.0447],[-70.5423,-29.0492],[-70.5395,-29.0572],[-70.5353,-29.0602],[-70.5344,-29.0616],[-70.5347,-29.063],[-70.5343,-29.0622],[-70.4986,-28.991],[-70.5012,-28.9058],[-70.5852,-28.8612],[-70.5342,-28.7914],[-70.6186,-28.6928],[-70.5862,-28.6404],[-70.5429,-28.6424],[-70.5029,-28.6095],[-70.424,-28.6623],[-70.3831,-28.6311],[-70.3131,-28.7102],[-70.1637,-28.5839],[-70.1224,-28.5796],[-70.0692,-28.639],[-70.0125,-28.5803],[-70.032,-28.5556],[-70.0032,-28.5129],[-70.0519,-28.3439],[-70.0277,-28.2768],[-70.0868,-28.2207],[-70.0743,-28.1483]]]}},{"type":"Feature","properties":{"cod_comuna":3302,"codregion":3,"Comuna":"Alto del Carmen","Provincia":"Huasco","Region":"Región de Atacama"},"geometry":{"type":"Polygon","coordinates":[[[-69.9516,-29.501],[-69.9812,-29.452],[-69.9671,-29.4124],[-70.0215,-29.3834],[-70.0189,-29.3211],[-69.9372,-29.2481],[-69.9527,-29.1888],[-69.8759,-29.1388],[-69.7872,-29.1298],[-69.7934,-29.0496],[-69.7546,-28.9821],[-69.7658,-28.8989],[-69.6936,-28.7733],[-69.7326,-28.7013],[-69.6872,-28.5913],[-69.7234,-28.5781],[-69.7504,-28.6306],[-69.8029,-28.6434],[-69.9615,-28.578],[-70.0125,-28.5803],[-70.0692,-28.639],[-70.1224,-28.5796],[-70.1637,-28.5839],[-70.3131,-28.7102],[-70.3831,-28.6311],[-70.424,-28.6623],[-70.5029,-28.6095],[-70.5429,-28.6424],[-70.5862,-28.6404],[-70.6186,-28.6928],[-70.5342,-28.7914],[-70.5852,-28.8612],[-70.5012,-28.9058],[-70.4986,-28.991],[-70.5343,-29.0622],[-70.5348,-29.0633],[-70.5323,-29.1285],[-70.4676,-29.2409],[-70.4805,-29.2869],[-70.4452,-29.3237],[-70.4698,-29.3592],[-70.4738,-29.36],[-70.4077,-29.3991],[-70.3654,-29.37],[-70.2978,-29.3768],[-70.1725,-29.5253],[-70.0859,-29.5352],[-69.9516,-29.501]]]}},{"type":"Feature","properties":{"cod_comuna":3303,"codregion":3,"Comuna":"Freirina","Provincia":"Huasco","Region":"Región de Atacama"},"geometry":{"type":"Polygon","coordinates":[[[-71.314,-28.5666],[-71.2798,-28.6327],[-71.2959,-28.6804],[-71.3923,-28.8072],[-71.4848,-28.8502],[-71.5223,-28.9168],[-71.5043,-28.9529],[-71.5256,-28.9868],[-71.4916,-28.9842],[-71.4789,-29.0599],[-71.501,-29.0791],[-71.4619,-29.1033],[-71.5037,-29.1448],[-71.4975,-29.1832],[-71.4152,-29.1843],[-71.3515,-29.1415],[-71.2822,-29.1869],[-71.2007,-29.1858],[-71.1995,-29.1851],[-71.1072,-29.1666],[-71.0732,-29.1917],[-70.9993,-29.1243],[-71.0714,-28.887],[-70.9822,-28.7382],[-71.0707,-28.7391],[-71.0918,-28.682],[-71.0365,-28.6473],[-70.9625,-28.6657],[-70.9127,-28.5107],[-70.8121,-28.38],[-70.8142,-28.328],[-70.8439,-28.3287],[-70.8791,-28.2798],[-70.902,-28.2988],[-70.9946,-28.2894],[-71.0462,-28.3843],[-71.0044,-28.4333],[-71.1303,-28.4732],[-71.1317,-28.616],[-71.1964,-28.5836],[-71.2902,-28.5967],[-71.314,-28.5666]]]}},{"type":"Feature","properties":{"cod_comuna":3304,"codregion":3,"Comuna":"Huasco","Provincia":"Huasco","Region":"Región de Atacama"},"geometry":{"type":"Polygon","coordinates":[[[-71.1428,-27.965],[-71.1439,-28.0818],[-71.1849,-28.1181],[-71.154,-28.2323],[-71.1981,-28.3008],[-71.1602,-28.3583],[-71.2125,-28.4599],[-71.2591,-28.464],[-71.2581,-28.5415],[-71.314,-28.5666],[-71.2902,-28.5967],[-71.1964,-28.5836],[-71.1317,-28.616],[-71.1303,-28.4732],[-71.0044,-28.4333],[-71.0462,-28.3843],[-70.9946,-28.2894],[-70.902,-28.2988],[-70.8791,-28.2798],[-70.8439,-28.3287],[-70.8142,-28.328],[-70.7732,-28.3379],[-70.7709,-28.0594],[-70.851,-28.0891],[-70.8793,-28.0661],[-70.9715,-28.0649],[-71.0086,-28.0045],[-71.1042,-27.9953],[-71.1428,-27.965]]]}},{"type":"Feature","properties":{"cod_comuna":4101,"codregion":4,"Comuna":"La Serena","Provincia":"Elqui","Region":"Región de Coquimbo"},"geometry":{"type":"Polygon","coordinates":[[[-71.3122,-29.6504],[-71.3452,-29.756],[-71.2809,-29.8372],[-71.2877,-29.9415],[-71.1492,-30.0133],[-71.1525,-30.0784],[-71.1101,-30.0734],[-71.1266,-30.1095],[-71.0739,-30.1344],[-71.0077,-30.0312],[-70.9855,-29.8621],[-70.9002,-29.833],[-70.8458,-29.7322],[-70.7786,-29.6953],[-70.6848,-29.689],[-70.7098,-29.6307],[-70.7964,-29.6214],[-70.8849,-29.5368],[-70.9679,-29.5992],[-71.02,-29.5634],[-71.072,-29.5795],[-71.2781,-29.6931],[-71.3122,-29.6504]]]}},{"type":"Feature","properties":{"cod_comuna":4102,"codregion":4,"Comuna":"Coquimbo","Provincia":"Elqui","Region":"Región de Coquimbo"},"geometry":{"type":"Polygon","coordinates":[[[-71.2877,-29.9415],[-71.3307,-29.9596],[-71.3427,-29.9337],[-71.3507,-29.9802],[-71.3722,-29.9669],[-71.4168,-29.9993],[-71.3714,-30.0784],[-71.3888,-30.177],[-71.43,-30.1956],[-71.4495,-30.1663],[-71.4798,-30.2449],[-71.5369,-30.2965],[-71.6074,-30.2983],[-71.627,-30.2375],[-71.6696,-30.3454],[-71.6198,-30.3462],[-71.5555,-30.4112],[-71.4807,-30.4168],[-71.4822,-30.4715],[-71.429,-30.4967],[-71.397,-30.4759],[-71.3717,-30.5184],[-71.3231,-30.4114],[-71.2845,-30.4072],[-71.2928,-30.3292],[-71.2205,-30.3129],[-71.212,-30.2583],[-71.1804,-30.2506],[-71.2146,-30.1462],[-71.1266,-30.1095],[-71.1101,-30.0734],[-71.1525,-30.0784],[-71.1492,-30.0133],[-71.2877,-29.9415]]]}},{"type":"Feature","properties":{"cod_comuna":4103,"codregion":4,"Comuna":"Andacollo","Provincia":"Elqui","Region":"Región de Coquimbo"},"geometry":{"type":"Polygon","coordinates":[[[-71.0739,-30.1344],[-71.1266,-30.1095],[-71.2146,-30.1462],[-71.1804,-30.2506],[-71.212,-30.2583],[-71.2205,-30.3129],[-71.1613,-30.403],[-71.0655,-30.3866],[-71.0792,-30.3661],[-71.0065,-30.2852],[-70.9461,-30.314],[-70.9058,-30.2896],[-70.9328,-30.2386],[-71.0186,-30.2573],[-71.0206,-30.1817],[-71.0739,-30.1344]]]}},{"type":"Feature","properties":{"cod_comuna":4104,"codregion":4,"Comuna":"La Higuera","Provincia":"Elqui","Region":"Región de Coquimbo"},"geometry":{"type":"Polygon","coordinates":[[[-71.4975,-29.1832],[-71.4692,-29.2491],[-71.3267,-29.3466],[-71.3401,-29.4014],[-71.3035,-29.4495],[-71.336,-29.4912],[-71.3346,-29.5547],[-71.2869,-29.6187],[-71.3122,-29.6504],[-71.2781,-29.6931],[-71.072,-29.5795],[-71.02,-29.5634],[-70.9679,-29.5992],[-70.8849,-29.5368],[-70.7964,-29.6214],[-70.7098,-29.6307],[-70.6848,-29.689],[-70.6252,-29.6902],[-70.5953,-29.7179],[-70.5727,-29.6965],[-70.589,-29.658],[-70.5243,-29.496],[-70.5465,-29.4018],[-70.5214,-29.3633],[-70.4747,-29.3602],[-70.4698,-29.3592],[-70.4452,-29.3237],[-70.4805,-29.2869],[-70.4676,-29.2409],[-70.5323,-29.1285],[-70.5348,-29.0633],[-70.5347,-29.063],[-70.5344,-29.0616],[-70.5353,-29.0602],[-70.5395,-29.0572],[-70.5423,-29.0492],[-70.5504,-29.0447],[-70.6463,-29.0396],[-70.7242,-29.0575],[-70.7317,-29.1049],[-70.8021,-29.139],[-70.9071,-29.1305],[-70.9742,-29.1775],[-71.0084,-29.3189],[-71.0598,-29.3566],[-71.0941,-29.3555],[-71.0858,-29.3063],[-71.1834,-29.2839],[-71.2004,-29.1857],[-71.2007,-29.1858],[-71.2822,-29.1869],[-71.3515,-29.1415],[-71.4152,-29.1843],[-71.4975,-29.1832]]]}},{"type":"Feature","properties":{"cod_comuna":4105,"codregion":4,"Comuna":"Paihuano","Provincia":"Elqui","Region":"Región de Coquimbo"},"geometry":{"type":"Polygon","coordinates":[[[-70.1548,-30.3478],[-70.2241,-30.2025],[-70.2699,-30.193],[-70.3192,-30.1124],[-70.2905,-30.0394],[-70.3359,-30.0217],[-70.3498,-29.9653],[-70.5477,-29.9834],[-70.5505,-30.1833],[-70.5738,-30.2084],[-70.5254,-30.3295],[-70.4811,-30.355],[-70.4859,-30.3951],[-70.4496,-30.3946],[-70.3985,-30.4517],[-70.3428,-30.4073],[-70.3138,-30.4151],[-70.2904,-30.4688],[-70.1952,-30.4924],[-70.1172,-30.4318],[-70.1548,-30.3478]]]}},{"type":"Feature","properties":{"cod_comuna":4106,"codregion":4,"Comuna":"Vicuña","Provincia":"Elqui","Region":"Región de Coquimbo"},"geometry":{"type":"Polygon","coordinates":[[[-70.4747,-29.3602],[-70.5214,-29.3633],[-70.5465,-29.4018],[-70.5243,-29.496],[-70.589,-29.658],[-70.5727,-29.6965],[-70.5953,-29.7179],[-70.6252,-29.6902],[-70.6848,-29.689],[-70.7786,-29.6953],[-70.8458,-29.7322],[-70.9002,-29.833],[-70.9855,-29.8621],[-71.0077,-30.0312],[-71.0739,-30.1344],[-71.0206,-30.1817],[-71.0186,-30.2573],[-70.9328,-30.2386],[-70.9051,-30.214],[-70.8277,-30.2559],[-70.7745,-30.2353],[-70.7242,-30.251],[-70.6657,-30.2163],[-70.5841,-30.2353],[-70.5738,-30.2084],[-70.5505,-30.1833],[-70.5477,-29.9834],[-70.3498,-29.9653],[-70.3359,-30.0217],[-70.2905,-30.0394],[-70.3192,-30.1124],[-70.2699,-30.193],[-70.2241,-30.2025],[-70.1548,-30.3478],[-70.0215,-30.397],[-69.8965,-30.3546],[-69.8873,-30.2232],[-69.8356,-30.2192],[-69.8091,-30.1536],[-69.8716,-30.1117],[-69.937,-30.1202],[-69.9655,-30.0854],[-69.9141,-30.0255],[-69.8772,-29.8631],[-69.9134,-29.7996],[-69.8776,-29.7269],[-69.9398,-29.6546],[-69.9516,-29.501],[-70.0859,-29.5352],[-70.1725,-29.5253],[-70.2978,-29.3768],[-70.3654,-29.37],[-70.4077,-29.3991],[-70.4738,-29.36],[-70.4747,-29.3602]]]}},{"type":"Feature","properties":{"cod_comuna":4201,"codregion":4,"Comuna":"Illapel","Provincia":"Choapa","Region":"Región de Coquimbo"},"geometry":{"type":"Polygon","coordinates":[[[-70.5452,-31.3075],[-70.5956,-31.28],[-70.6894,-31.3427],[-70.7192,-31.3127],[-70.7571,-31.3298],[-70.8402,-31.4347],[-70.8884,-31.4066],[-70.8868,-31.3581],[-70.9227,-31.322],[-70.9798,-31.3316],[-71.0302,-31.3852],[-71.0881,-31.333],[-71.1309,-31.3399],[-71.1452,-31.424],[-71.2001,-31.4642],[-71.2306,-31.4408],[-71.2929,-31.4711],[-71.2465,-31.5219],[-71.2428,-31.6038],[-71.3964,-31.606],[-71.3966,-31.6564],[-71.3338,-31.7029],[-71.327,-31.7571],[-71.1755,-31.8984],[-71.0904,-31.8807],[-71.0972,-31.7339],[-71.027,-31.6662],[-70.9616,-31.6782],[-70.7594,-31.6158],[-70.7112,-31.6395],[-70.6503,-31.6145],[-70.6222,-31.5385],[-70.5626,-31.5618],[-70.56,-31.4208],[-70.527,-31.365],[-70.5452,-31.3075]]]}},{"type":"Feature","properties":{"cod_comuna":4202,"codregion":4,"Comuna":"Canela","Provincia":"Choapa","Region":"Región de Coquimbo"},"geometry":{"type":"Polygon","coordinates":[[[-71.6412,-31.2162],[-71.542,-31.7272],[-71.498,-31.7176],[-71.4814,-31.6745],[-71.4031,-31.7314],[-71.3823,-31.7868],[-71.327,-31.7571],[-71.3338,-31.7029],[-71.3966,-31.6564],[-71.3964,-31.606],[-71.2428,-31.6038],[-71.2465,-31.5219],[-71.2929,-31.4711],[-71.2306,-31.4408],[-71.2001,-31.4642],[-71.1452,-31.424],[-71.1309,-31.3399],[-71.0881,-31.333],[-71.1397,-31.2048],[-71.2786,-31.19],[-71.2917,-31.1444],[-71.4399,-31.1771],[-71.4694,-31.1574],[-71.4863,-31.1892],[-71.5793,-31.1613],[-71.6412,-31.2162]]]}},{"type":"Feature","properties":{"cod_comuna":4203,"codregion":4,"Comuna":"Los Vilos","Provincia":"Choapa","Region":"Región de Coquimbo"},"geometry":{"type":"Polygon","coordinates":[[[-71.542,-31.7272],[-71.5059,-31.7758],[-71.5584,-31.8533],[-71.5006,-31.8709],[-71.5268,-31.95],[-71.4907,-31.9683],[-71.5237,-32.0041],[-71.5127,-32.1213],[-71.5415,-32.1774],[-71.4777,-32.155],[-71.3373,-32.2028],[-71.2549,-32.1715],[-71.2208,-32.1273],[-71.1824,-32.17],[-71.1811,-32.171],[-71.0314,-32.074],[-71.0401,-32.0322],[-70.9758,-32.0433],[-70.9711,-31.9465],[-71.0904,-31.8807],[-71.1755,-31.8984],[-71.327,-31.7571],[-71.3823,-31.7868],[-71.4031,-31.7314],[-71.4814,-31.6745],[-71.498,-31.7176],[-71.542,-31.7272]]]}},{"type":"Feature","properties":{"cod_comuna":4204,"codregion":4,"Comuna":"Salamanca","Provincia":"Choapa","Region":"Región de Coquimbo"},"geometry":{"type":"Polygon","coordinates":[[[-70.3206,-32.2692],[-70.3041,-32.136],[-70.3409,-32.1103],[-70.3353,-32.07],[-70.3879,-32.0435],[-70.3612,-32.0252],[-70.2882,-32.0512],[-70.2094,-31.9601],[-70.28,-31.8839],[-70.3748,-31.886],[-70.4606,-31.8437],[-70.4667,-31.7012],[-70.5133,-31.69],[-70.5064,-31.6525],[-70.5665,-31.6006],[-70.5626,-31.5618],[-70.6222,-31.5385],[-70.6503,-31.6145],[-70.7112,-31.6395],[-70.7594,-31.6158],[-70.9616,-31.6782],[-71.027,-31.6662],[-71.0972,-31.7339],[-71.0904,-31.8807],[-70.9711,-31.9465],[-70.9758,-32.0433],[-70.9311,-32.0794],[-70.7402,-32.0209],[-70.7036,-32.0318],[-70.6456,-32.0746],[-70.6536,-32.1339],[-70.5461,-32.1749],[-70.5324,-32.1482],[-70.456,-32.1725],[-70.4571,-32.2128],[-70.4153,-32.2822],[-70.3609,-32.2538],[-70.3206,-32.2692]]]}},{"type":"Feature","properties":{"cod_comuna":4301,"codregion":4,"Comuna":"Ovalle","Provincia":"Limarí","Region":"Región de Coquimbo"},"geometry":{"type":"Polygon","coordinates":[[[-71.6696,-30.3454],[-71.715,-30.7158],[-71.6835,-30.9215],[-71.6492,-30.9788],[-71.6703,-31.145],[-71.6412,-31.2162],[-71.5793,-31.1613],[-71.4863,-31.1892],[-71.4694,-31.1574],[-71.5037,-31.0607],[-71.548,-31.0547],[-71.5265,-31.0144],[-71.5509,-30.9802],[-71.5229,-30.9633],[-71.5186,-30.8998],[-71.465,-30.9173],[-71.3739,-30.8895],[-71.3879,-30.7566],[-71.3623,-30.7777],[-71.3142,-30.7637],[-71.2603,-30.7089],[-71.2649,-30.7435],[-71.2099,-30.7835],[-71.1613,-30.7651],[-71.1167,-30.7799],[-71.0288,-30.7046],[-71.0317,-30.6471],[-70.9913,-30.6498],[-70.9563,-30.5838],[-70.898,-30.5781],[-70.8542,-30.5406],[-70.9047,-30.5005],[-70.9369,-30.5346],[-71.0222,-30.549],[-71.0769,-30.4614],[-71.0525,-30.4356],[-71.0655,-30.3866],[-71.1613,-30.403],[-71.2205,-30.3129],[-71.2928,-30.3292],[-71.2845,-30.4072],[-71.3231,-30.4114],[-71.3717,-30.5184],[-71.397,-30.4759],[-71.429,-30.4967],[-71.4822,-30.4715],[-71.4807,-30.4168],[-71.5555,-30.4112],[-71.6198,-30.3462],[-71.6696,-30.3454]]]}},{"type":"Feature","properties":{"cod_comuna":4302,"codregion":4,"Comuna":"Combarbalá","Provincia":"Limarí","Region":"Región de Coquimbo"},"geometry":{"type":"Polygon","coordinates":[[[-71.0881,-31.333],[-71.0302,-31.3852],[-70.9798,-31.3316],[-70.9227,-31.322],[-70.8868,-31.3581],[-70.8884,-31.4066],[-70.8402,-31.4347],[-70.7571,-31.3298],[-70.7192,-31.3127],[-70.6894,-31.3427],[-70.5956,-31.28],[-70.6287,-31.1545],[-70.7769,-31.093],[-70.8343,-30.977],[-70.8923,-30.9977],[-70.8882,-30.9759],[-70.9668,-30.9682],[-71.0309,-30.9156],[-71.0575,-30.946],[-71.0927,-30.8727],[-71.1108,-30.8423],[-71.1864,-30.8669],[-71.1771,-30.8914],[-71.2864,-30.9677],[-71.259,-31.0803],[-71.2917,-31.1444],[-71.2786,-31.19],[-71.1397,-31.2048],[-71.0881,-31.333]]]}},{"type":"Feature","properties":{"cod_comuna":4303,"codregion":4,"Comuna":"Monte Patria","Provincia":"Limarí","Region":"Región de Coquimbo"},"geometry":{"type":"Polygon","coordinates":[[[-70.5452,-31.3075],[-70.4966,-31.1221],[-70.4519,-31.086],[-70.3999,-31.1678],[-70.3218,-31.0432],[-70.2695,-31.0438],[-70.3231,-30.9297],[-70.2456,-30.7285],[-70.2572,-30.6948],[-70.4137,-30.6355],[-70.4568,-30.5577],[-70.5227,-30.5613],[-70.5749,-30.4973],[-70.6507,-30.5107],[-70.6973,-30.4913],[-70.7357,-30.5256],[-70.8542,-30.5406],[-70.898,-30.5781],[-70.9563,-30.5838],[-70.9913,-30.6498],[-71.0317,-30.6471],[-71.0288,-30.7046],[-71.1167,-30.7799],[-71.093,-30.8076],[-71.0188,-30.7982],[-71.0368,-30.8593],[-71.0927,-30.8727],[-71.0575,-30.946],[-71.0309,-30.9156],[-70.9668,-30.9682],[-70.8882,-30.9759],[-70.8923,-30.9977],[-70.8343,-30.977],[-70.7769,-31.093],[-70.6287,-31.1545],[-70.5956,-31.28],[-70.5452,-31.3075]]]}},{"type":"Feature","properties":{"cod_comuna":4304,"codregion":4,"Comuna":"Punitaqui","Provincia":"Limarí","Region":"Región de Coquimbo"},"geometry":{"type":"Polygon","coordinates":[[[-71.1167,-30.7799],[-71.1613,-30.7651],[-71.2099,-30.7835],[-71.2649,-30.7435],[-71.2603,-30.7089],[-71.3142,-30.7637],[-71.3623,-30.7777],[-71.3879,-30.7566],[-71.3739,-30.8895],[-71.465,-30.9173],[-71.5186,-30.8998],[-71.5229,-30.9633],[-71.5509,-30.9802],[-71.5265,-31.0144],[-71.548,-31.0547],[-71.5037,-31.0607],[-71.4694,-31.1574],[-71.4399,-31.1771],[-71.2917,-31.1444],[-71.259,-31.0803],[-71.2864,-30.9677],[-71.1771,-30.8914],[-71.1864,-30.8669],[-71.1108,-30.8423],[-71.0927,-30.8727],[-71.0368,-30.8593],[-71.0188,-30.7982],[-71.093,-30.8076],[-71.1167,-30.7799]]]}},{"type":"Feature","properties":{"cod_comuna":4305,"codregion":4,"Comuna":"Río Hurtado","Provincia":"Limarí","Region":"Región de Coquimbo"},"geometry":{"type":"Polygon","coordinates":[[[-70.2572,-30.6948],[-70.1909,-30.5484],[-70.1952,-30.4924],[-70.2904,-30.4688],[-70.3138,-30.4151],[-70.3428,-30.4073],[-70.3985,-30.4517],[-70.4496,-30.3946],[-70.4859,-30.3951],[-70.4811,-30.355],[-70.5254,-30.3295],[-70.5738,-30.2084],[-70.5841,-30.2353],[-70.6657,-30.2163],[-70.7242,-30.251],[-70.7745,-30.2353],[-70.8277,-30.2559],[-70.9051,-30.214],[-70.9328,-30.2386],[-70.9058,-30.2896],[-70.9461,-30.314],[-71.0065,-30.2852],[-71.0792,-30.3661],[-71.0655,-30.3866],[-71.0525,-30.4356],[-71.0769,-30.4614],[-71.0222,-30.549],[-70.9369,-30.5346],[-70.9047,-30.5005],[-70.8542,-30.5406],[-70.7357,-30.5256],[-70.6973,-30.4913],[-70.6507,-30.5107],[-70.5749,-30.4973],[-70.5227,-30.5613],[-70.4568,-30.5577],[-70.4137,-30.6355],[-70.2572,-30.6948]]]}},{"type":"Feature","properties":{"cod_comuna":5101,"codregion":5,"Comuna":"Valparaíso","Provincia":"Valparaíso","Region":"Región de Valparaíso"},"geometry":{"type":"Polygon","coordinates":[[[-71.5871,-33.0284],[-71.6202,-33.0427],[-71.649,-33.0216],[-71.6737,-33.1022],[-71.7457,-33.0996],[-71.6995,-33.1554],[-71.6229,-33.159],[-71.5365,-33.2138],[-71.4108,-33.2111],[-71.3834,-33.1843],[-71.4681,-33.1545],[-71.4925,-33.1044],[-71.5438,-33.1045],[-71.5475,-33.0778],[-71.5529,-33.0723],[-71.5871,-33.0284]]]}},{"type":"Feature","properties":{"cod_comuna":5102,"codregion":5,"Comuna":"Casablanca","Provincia":"Valparaíso","Region":"Región de Valparaíso"},"geometry":{"type":"Polygon","coordinates":[[[-71.6995,-33.1554],[-71.6947,-33.2493],[-71.664,-33.2793],[-71.5957,-33.2521],[-71.5271,-33.268],[-71.5474,-33.3952],[-71.5891,-33.3998],[-71.5906,-33.4328],[-71.6012,-33.4334],[-71.6047,-33.4359],[-71.6103,-33.4379],[-71.6157,-33.4412],[-71.6156,-33.4413],[-71.4774,-33.4753],[-71.437,-33.4892],[-71.391,-33.455],[-71.3362,-33.4559],[-71.3428,-33.4151],[-71.2764,-33.4043],[-71.223,-33.3732],[-71.196,-33.3117],[-71.2257,-33.2465],[-71.3834,-33.1843],[-71.4108,-33.2111],[-71.5365,-33.2138],[-71.6229,-33.159],[-71.6995,-33.1554]]]}},{"type":"Feature","properties":{"cod_comuna":5103,"codregion":5,"Comuna":"Concón","Provincia":"Valparaíso","Region":"Región de Valparaíso"},"geometry":{"type":"Polygon","coordinates":[[[-71.4429,-32.9227],[-71.5079,-32.9139],[-71.5505,-32.9457],[-71.4428,-33.002],[-71.4337,-33.0006],[-71.3871,-32.9699],[-71.4429,-32.9227]]]}},{"type":"Feature","properties":{"cod_comuna":5104,"codregion":5,"Comuna":"Juan Fernández","Provincia":"Valparaíso","Region":"Región de Valparaíso"},"geometry":{"type":"MultiPolygon","coordinates":[[[[-78.8746,-33.6056],[-78.9461,-33.6805],[-78.8665,-33.6446],[-78.8609,-33.6672],[-78.7732,-33.6783],[-78.7899,-33.6407],[-78.8746,-33.6056]]],[[[-80.785,-33.7226],[-80.8378,-33.7517],[-80.7774,-33.816],[-80.7551,-33.7654],[-80.785,-33.7226]]]]}},{"type":"Feature","properties":{"cod_comuna":5105,"codregion":5,"Comuna":"Puchuncaví","Provincia":"Valparaíso","Region":"Región de Valparaíso"},"geometry":{"type":"Polygon","coordinates":[[[-71.4301,-32.6323],[-71.4683,-32.7094],[-71.5095,-32.7115],[-71.4905,-32.7701],[-71.4646,-32.8009],[-71.416,-32.785],[-71.4218,-32.8425],[-71.3883,-32.857],[-71.3271,-32.8321],[-71.293,-32.784],[-71.3134,-32.7353],[-71.2774,-32.7012],[-71.3189,-32.6763],[-71.37,-32.677],[-71.4301,-32.6323]]]}},{"type":"Feature","properties":{"cod_comuna":5107,"codregion":5,"Comuna":"Quintero","Provincia":"Valparaíso","Region":"Región de Valparaíso"},"geometry":{"type":"Polygon","coordinates":[[[-71.4905,-32.7701],[-71.5382,-32.767],[-71.546,-32.7945],[-71.5079,-32.9139],[-71.4429,-32.9227],[-71.4522,-32.8909],[-71.3883,-32.857],[-71.4218,-32.8425],[-71.416,-32.785],[-71.4646,-32.8009],[-71.4905,-32.7701]]]}},{"type":"Feature","properties":{"cod_comuna":5109,"codregion":5,"Comuna":"Viña del Mar","Provincia":"Valparaíso","Region":"Región de Valparaíso"},"geometry":{"type":"Polygon","coordinates":[[[-71.5505,-32.9457],[-71.5513,-33.0059],[-71.5871,-33.0284],[-71.5529,-33.0723],[-71.5475,-33.0778],[-71.5438,-33.1045],[-71.4925,-33.1044],[-71.4842,-33.0347],[-71.4428,-33.002],[-71.5505,-32.9457]]]}},{"type":"Feature","properties":{"cod_comuna":5201,"codregion":5,"Comuna":"Isla de Pascua","Provincia":"Isla de Pascua","Region":"Región de Valparaíso"},"geometry":{"type":"Polygon","coordinates":[[[-109.3978,-27.0677],[-109.4484,-27.1725],[-109.4307,-27.1969],[-109.2281,-27.1069],[-109.3463,-27.0594],[-109.3978,-27.0677]]]}},{"type":"Feature","properties":{"cod_comuna":5301,"codregion":5,"Comuna":"Los Andes","Provincia":"Los Andes","Region":"Región de Valparaíso"},"geometry":{"type":"Polygon","coordinates":[[[-70.5826,-32.8554],[-70.5826,-32.8458],[-70.5296,-32.8799],[-70.5241,-32.8809],[-70.5088,-32.8804],[-70.5074,-32.8812],[-70.5076,-32.8832],[-70.5076,-32.8888],[-70.5083,-32.8927],[-70.505,-32.9047],[-70.5017,-32.9088],[-70.4991,-32.9095],[-70.4975,-32.9113],[-70.4932,-32.9118],[-70.4857,-32.9092],[-70.4835,-32.9095],[-70.4819,-32.9111],[-70.4786,-32.9172],[-70.4776,-32.924],[-70.4652,-32.9359],[-70.4658,-32.9386],[-70.4642,-32.9427],[-70.4633,-32.9559],[-70.4629,-32.9583],[-70.4618,-32.9598],[-70.4599,-32.9609],[-70.4569,-32.9615],[-70.452,-32.9655],[-70.4495,-32.9656],[-70.4448,-32.9686],[-70.4398,-32.9724],[-70.4362,-32.9774],[-70.4345,-32.9792],[-70.4294,-32.9824],[-70.4266,-32.9837],[-70.424,-32.9855],[-70.418,-32.9924],[-70.4067,-33.0012],[-70.4152,-33.0066],[-70.4209,-33.025],[-70.4166,-33.0251],[-70.407,-33.0298],[-70.4021,-33.0324],[-70.3995,-33.0342],[-70.399,-33.0359],[-70.3988,-33.0403],[-70.4013,-33.043],[-70.3967,-33.051],[-70.4018,-33.055],[-70.4066,-33.066],[-70.3851,-33.0937],[-70.3805,-33.0963],[-70.3777,-33.0997],[-70.3772,-33.1024],[-70.3751,-33.1037],[-70.3746,-33.1052],[-70.3715,-33.1057],[-70.3691,-33.1067],[-70.3613,-33.107],[-70.3535,-33.1051],[-70.3504,-33.105],[-70.345,-33.1033],[-70.3433,-33.1019],[-70.3429,-33.097],[-70.3388,-33.0964],[-70.3001,-33.1128],[-70.2982,-33.1162],[-70.2983,-33.1179],[-70.2968,-33.12],[-70.297,-33.1231],[-70.2954,-33.1266],[-70.2923,-33.1297],[-70.288,-33.1318],[-70.2729,-33.1311],[-70.2714,-33.132],[-70.2697,-33.1355],[-70.2713,-33.1518],[-70.2652,-33.1668],[-70.2651,-33.1739],[-70.2655,-33.1763],[-70.2668,-33.1799],[-70.2669,-33.1815],[-70.2642,-33.1834],[-70.2606,-33.1846],[-70.2542,-33.1851],[-70.2487,-33.1869],[-70.2442,-33.1876],[-70.2428,-33.1841],[-70.2416,-33.1826],[-70.2412,-33.181],[-70.2377,-33.1758],[-70.2393,-33.1647],[-70.227,-33.1507],[-70.2362,-33.1404],[-70.2,-33.1114],[-70.1838,-33.102],[-70.1559,-33.1131],[-70.0813,-33.0287],[-70.0305,-33.0193],[-69.9891,-32.9028],[-70.1079,-32.8007],[-70.1462,-32.725],[-70.1746,-32.7722],[-70.252,-32.8341],[-70.2765,-32.8274],[-70.3112,-32.8725],[-70.3304,-32.8775],[-70.3381,-32.8957],[-70.348,-32.8975],[-70.3559,-32.9037],[-70.3616,-32.9095],[-70.3629,-32.91],[-70.3805,-32.8928],[-70.3803,-32.8871],[-70.4102,-32.8655],[-70.4666,-32.8541],[-70.4981,-32.8576],[-70.5561,-32.8262],[-70.5699,-32.8262],[-70.58,-32.8307],[-70.5829,-32.8352],[-70.5854,-32.8345],[-70.5867,-32.8325],[-70.5896,-32.8265],[-70.5906,-32.8254],[-70.607,-32.8138],[-70.6101,-32.8131],[-70.6127,-32.812],[-70.6191,-32.8077],[-70.6248,-32.8065],[-70.6314,-32.8014],[-70.6344,-32.8007],[-70.6376,-32.8054],[-70.6442,-32.8118],[-70.6592,-32.8186],[-70.6589,-32.8252],[-70.651,-32.8275],[-70.6377,-32.8328],[-70.6319,-32.8343],[-70.6324,-32.8369],[-70.6258,-32.8376],[-70.6061,-32.8456],[-70.6036,-32.8573],[-70.5826,-32.8554]]]}},{"type":"Feature","properties":{"cod_comuna":5302,"codregion":5,"Comuna":"Calle Larga","Provincia":"Los Andes","Region":"Región de Valparaíso"},"geometry":{"type":"Polygon","coordinates":[[[-70.5826,-32.8554],[-70.6036,-32.8573],[-70.6061,-32.8456],[-70.6324,-32.8369],[-70.6318,-32.8343],[-70.6377,-32.8328],[-70.651,-32.8275],[-70.6589,-32.8252],[-70.6586,-32.8295],[-70.66,-32.8296],[-70.6611,-32.8403],[-70.6607,-32.8465],[-70.6614,-32.8484],[-70.6602,-32.8527],[-70.6708,-32.8638],[-70.6772,-32.906],[-70.6492,-32.9209],[-70.6611,-32.949],[-70.6598,-32.9535],[-70.6587,-32.9539],[-70.6531,-32.9543],[-70.6489,-32.9526],[-70.6468,-32.953],[-70.6367,-32.9475],[-70.6136,-32.9515],[-70.6076,-32.9426],[-70.6038,-32.9423],[-70.6015,-32.9444],[-70.5957,-32.9467],[-70.5943,-32.9486],[-70.5976,-32.953],[-70.5919,-32.9594],[-70.5923,-32.97],[-70.5469,-33.0142],[-70.5531,-33.0348],[-70.5272,-33.0524],[-70.5192,-33.0786],[-70.5128,-33.0835],[-70.5114,-33.0865],[-70.5091,-33.0892],[-70.5074,-33.0892],[-70.5021,-33.0869],[-70.4976,-33.0864],[-70.4894,-33.0824],[-70.4823,-33.0811],[-70.4432,-33.0297],[-70.4347,-33.0214],[-70.4272,-33.021],[-70.4247,-33.0216],[-70.4224,-33.0251],[-70.4209,-33.025],[-70.4175,-33.0218],[-70.4147,-33.0183],[-70.4135,-33.015],[-70.4152,-33.0066],[-70.4067,-33.0012],[-70.424,-32.9855],[-70.4265,-32.9837],[-70.4294,-32.9824],[-70.4345,-32.9792],[-70.4362,-32.9774],[-70.4398,-32.9724],[-70.4422,-32.9714],[-70.4448,-32.9686],[-70.4495,-32.9657],[-70.452,-32.9655],[-70.4569,-32.9616],[-70.4599,-32.9609],[-70.4618,-32.9598],[-70.4629,-32.9583],[-70.4633,-32.9559],[-70.4642,-32.9427],[-70.4658,-32.9386],[-70.4652,-32.9359],[-70.4819,-32.9111],[-70.4835,-32.9096],[-70.4857,-32.9092],[-70.4932,-32.9118],[-70.4975,-32.9113],[-70.5017,-32.9088],[-70.5038,-32.9057],[-70.505,-32.9047],[-70.5074,-32.8812],[-70.5088,-32.8804],[-70.5241,-32.8809],[-70.5296,-32.8799],[-70.5826,-32.8458],[-70.5826,-32.8554]]]}},{"type":"Feature","properties":{"cod_comuna":5303,"codregion":5,"Comuna":"Rinconada","Provincia":"Los Andes","Region":"Región de Valparaíso"},"geometry":{"type":"Polygon","coordinates":[[[-70.6588,-32.8256],[-70.6622,-32.8248],[-70.6887,-32.8178],[-70.6941,-32.8161],[-70.7126,-32.8162],[-70.7129,-32.7869],[-70.7525,-32.8082],[-70.7679,-32.8258],[-70.7282,-32.9246],[-70.72,-32.953],[-70.6596,-32.9536],[-70.6597,-32.9514],[-70.6611,-32.949],[-70.6492,-32.9209],[-70.6772,-32.906],[-70.6708,-32.8638],[-70.6602,-32.8527],[-70.6614,-32.8484],[-70.6607,-32.8465],[-70.661,-32.8403],[-70.66,-32.8296],[-70.6586,-32.8295],[-70.6588,-32.8256]]]}},{"type":"Feature","properties":{"cod_comuna":5304,"codregion":5,"Comuna":"San Esteban","Provincia":"Los Andes","Region":"Región de Valparaíso"},"geometry":{"type":"Polygon","coordinates":[[[-70.1462,-32.725],[-70.1721,-32.6219],[-70.1261,-32.575],[-70.135,-32.488],[-70.2287,-32.4304],[-70.2568,-32.4738],[-70.311,-32.4882],[-70.3888,-32.6056],[-70.4133,-32.5849],[-70.5137,-32.6022],[-70.5667,-32.6349],[-70.5722,-32.6981],[-70.6137,-32.7256],[-70.612,-32.768],[-70.6021,-32.7756],[-70.6106,-32.7875],[-70.6068,-32.7955],[-70.6056,-32.8107],[-70.6072,-32.8124],[-70.6071,-32.8138],[-70.5942,-32.8239],[-70.5906,-32.8254],[-70.5896,-32.8265],[-70.5867,-32.8325],[-70.5853,-32.8345],[-70.5829,-32.8352],[-70.58,-32.8307],[-70.5699,-32.8262],[-70.5561,-32.8262],[-70.4981,-32.8576],[-70.4666,-32.8541],[-70.4102,-32.8656],[-70.3875,-32.8861],[-70.3843,-32.8856],[-70.3818,-32.8862],[-70.3803,-32.8872],[-70.3805,-32.8928],[-70.3643,-32.9051],[-70.3642,-32.9068],[-70.3629,-32.91],[-70.3616,-32.9095],[-70.3559,-32.9037],[-70.348,-32.8975],[-70.3381,-32.8958],[-70.3304,-32.8775],[-70.3112,-32.8725],[-70.2765,-32.8275],[-70.252,-32.8341],[-70.1746,-32.7722],[-70.1462,-32.725]]]}},{"type":"Feature","properties":{"cod_comuna":5401,"codregion":5,"Comuna":"La Ligua","Provincia":"Petorca","Region":"Región de Valparaíso"},"geometry":{"type":"Polygon","coordinates":[[[-71.5415,-32.1774],[-71.5264,-32.2363],[-71.471,-32.274],[-71.4709,-32.345],[-71.4076,-32.4042],[-71.3222,-32.4062],[-71.2842,-32.4413],[-71.3226,-32.4454],[-71.3009,-32.498],[-71.2011,-32.6043],[-71.1617,-32.5913],[-71.088,-32.621],[-71.065,-32.5951],[-71.046,-32.5527],[-71.1233,-32.5189],[-71.1427,-32.4789],[-71.1344,-32.4389],[-71.0942,-32.4204],[-71.105,-32.3658],[-71.1575,-32.3004],[-71.182,-32.1712],[-71.1824,-32.17],[-71.2208,-32.1273],[-71.2549,-32.1715],[-71.3373,-32.2028],[-71.4777,-32.155],[-71.5415,-32.1774]]]}},{"type":"Feature","properties":{"cod_comuna":5402,"codregion":5,"Comuna":"Cabildo","Provincia":"Petorca","Region":"Región de Valparaíso"},"geometry":{"type":"Polygon","coordinates":[[[-70.4153,-32.2822],[-70.4571,-32.2128],[-70.5243,-32.2589],[-70.7677,-32.2851],[-70.8296,-32.2682],[-70.9112,-32.3407],[-70.984,-32.3211],[-71.0565,-32.3857],[-71.105,-32.3658],[-71.0942,-32.4204],[-71.1344,-32.4389],[-71.1427,-32.4789],[-71.1233,-32.5189],[-71.046,-32.5527],[-71.065,-32.5951],[-71.0458,-32.6346],[-70.8934,-32.6073],[-70.8194,-32.63],[-70.783,-32.547],[-70.8429,-32.4992],[-70.8022,-32.443],[-70.6384,-32.4604],[-70.6124,-32.3688],[-70.476,-32.3561],[-70.4336,-32.336],[-70.4153,-32.2822]]]}},{"type":"Feature","properties":{"cod_comuna":5403,"codregion":5,"Comuna":"Papudo","Provincia":"Petorca","Region":"Región de Valparaíso"},"geometry":{"type":"Polygon","coordinates":[[[-71.4076,-32.4042],[-71.4341,-32.4948],[-71.4629,-32.5007],[-71.4535,-32.5368],[-71.4008,-32.5532],[-71.3009,-32.498],[-71.3226,-32.4454],[-71.2842,-32.4413],[-71.3222,-32.4062],[-71.4076,-32.4042]]]}},{"type":"Feature","properties":{"cod_comuna":5404,"codregion":5,"Comuna":"Petorca","Provincia":"Petorca","Region":"Región de Valparaíso"},"geometry":{"type":"Polygon","coordinates":[[[-70.4571,-32.2128],[-70.456,-32.1725],[-70.5324,-32.1482],[-70.5461,-32.1749],[-70.6536,-32.1339],[-70.6456,-32.0746],[-70.7036,-32.0318],[-70.7402,-32.0209],[-70.9311,-32.0794],[-70.9758,-32.0433],[-71.0401,-32.0322],[-71.0314,-32.074],[-71.1811,-32.171],[-71.182,-32.1712],[-71.1575,-32.3004],[-71.105,-32.3658],[-71.0565,-32.3857],[-70.984,-32.3211],[-70.9112,-32.3407],[-70.8296,-32.2682],[-70.7677,-32.2851],[-70.5243,-32.2589],[-70.4571,-32.2128]]]}},{"type":"Feature","properties":{"cod_comuna":5405,"codregion":5,"Comuna":"Zapallar","Provincia":"Petorca","Region":"Región de Valparaíso"},"geometry":{"type":"Polygon","coordinates":[[[-71.4629,-32.5007],[-71.4718,-32.5515],[-71.4301,-32.6323],[-71.37,-32.677],[-71.3189,-32.6763],[-71.2011,-32.6043],[-71.3009,-32.498],[-71.4008,-32.5532],[-71.4535,-32.5368],[-71.4629,-32.5007]]]}},{"type":"Feature","properties":{"cod_comuna":5501,"codregion":5,"Comuna":"Quillota","Provincia":"Quillota","Region":"Región de Valparaíso"},"geometry":{"type":"Polygon","coordinates":[[[-71.1454,-32.8679],[-71.3271,-32.8321],[-71.3883,-32.857],[-71.4522,-32.8909],[-71.4429,-32.9227],[-71.3739,-32.918],[-71.3318,-32.9518],[-71.2173,-32.9731],[-71.1195,-32.9546],[-71.1519,-32.9295],[-71.1454,-32.8679]]]}},{"type":"Feature","properties":{"cod_comuna":5502,"codregion":5,"Comuna":"Calera","Provincia":"Quillota","Region":"Región de Valparaíso"},"geometry":{"type":"Polygon","coordinates":[[[-71.2299,-32.789],[-71.1455,-32.8673],[-71.1278,-32.8453],[-71.1801,-32.7914],[-71.11,-32.7968],[-71.0876,-32.7537],[-71.2299,-32.789]]]}},{"type":"Feature","properties":{"cod_comuna":5503,"codregion":5,"Comuna":"Hijuelas","Provincia":"Quillota","Region":"Región de Valparaíso"},"geometry":{"type":"Polygon","coordinates":[[[-71.0278,-32.9891],[-71.0142,-32.9768],[-71.0401,-32.8369],[-71.0021,-32.8287],[-71.0539,-32.7364],[-71.0876,-32.7537],[-71.11,-32.7968],[-71.1801,-32.7914],[-71.1278,-32.8453],[-71.1455,-32.8673],[-71.1454,-32.8679],[-71.1519,-32.9295],[-71.1195,-32.9546],[-71.0278,-32.9891]]]}},{"type":"Feature","properties":{"cod_comuna":5504,"codregion":5,"Comuna":"La Cruz","Provincia":"Quillota","Region":"Región de Valparaíso"},"geometry":{"type":"Polygon","coordinates":[[[-71.2299,-32.789],[-71.2424,-32.8118],[-71.293,-32.784],[-71.3271,-32.8321],[-71.1454,-32.8679],[-71.1455,-32.8673],[-71.2299,-32.789]]]}},{"type":"Feature","properties":{"cod_comuna":5506,"codregion":5,"Comuna":"Nogales","Provincia":"Quillota","Region":"Región de Valparaíso"},"geometry":{"type":"Polygon","coordinates":[[[-71.065,-32.5951],[-71.088,-32.621],[-71.1617,-32.5913],[-71.2011,-32.6043],[-71.3189,-32.6763],[-71.2774,-32.7012],[-71.3134,-32.7353],[-71.293,-32.784],[-71.2424,-32.8118],[-71.2299,-32.789],[-71.0876,-32.7537],[-71.0539,-32.7364],[-71.0458,-32.6346],[-71.065,-32.5951]]]}},{"type":"Feature","properties":{"cod_comuna":5601,"codregion":5,"Comuna":"San Antonio","Provincia":"San Antonio","Region":"Región de Valparaíso"},"geometry":{"type":"Polygon","coordinates":[[[-71.6275,-33.5521],[-71.6309,-33.6163],[-71.5857,-33.6483],[-71.536,-33.7641],[-71.4335,-33.7886],[-71.4334,-33.7889],[-71.3971,-33.767],[-71.394,-33.7668],[-71.3591,-33.7468],[-71.4376,-33.6793],[-71.3291,-33.5835],[-71.3291,-33.5819],[-71.4119,-33.6095],[-71.6275,-33.5521]]]}},{"type":"Feature","properties":{"cod_comuna":5602,"codregion":5,"Comuna":"Algarrobo","Provincia":"San Antonio","Region":"Región de Valparaíso"},"geometry":{"type":"Polygon","coordinates":[[[-71.664,-33.2793],[-71.6536,-33.3486],[-71.695,-33.3724],[-71.6516,-33.403],[-71.5891,-33.3998],[-71.5474,-33.3952],[-71.5271,-33.268],[-71.5957,-33.2521],[-71.664,-33.2793]]]}},{"type":"Feature","properties":{"cod_comuna":5603,"codregion":5,"Comuna":"Cartagena","Provincia":"San Antonio","Region":"Región de Valparaíso"},"geometry":{"type":"Polygon","coordinates":[[[-71.6275,-33.5521],[-71.4119,-33.6095],[-71.3291,-33.5819],[-71.3362,-33.4559],[-71.391,-33.455],[-71.437,-33.4892],[-71.4774,-33.4753],[-71.5174,-33.5199],[-71.6069,-33.5206],[-71.6275,-33.5521]]]}},{"type":"Feature","properties":{"cod_comuna":5604,"codregion":5,"Comuna":"El Quisco","Provincia":"San Antonio","Region":"Región de Valparaíso"},"geometry":{"type":"Polygon","coordinates":[[[-71.695,-33.3724],[-71.7091,-33.4251],[-71.6794,-33.4456],[-71.6162,-33.4409],[-71.6157,-33.4412],[-71.6103,-33.4379],[-71.6047,-33.4359],[-71.6012,-33.4334],[-71.5906,-33.4328],[-71.5891,-33.3998],[-71.6516,-33.403],[-71.695,-33.3724]]]}},{"type":"Feature","properties":{"cod_comuna":5605,"codregion":5,"Comuna":"El Tabo","Provincia":"San Antonio","Region":"Región de Valparaíso"},"geometry":{"type":"Polygon","coordinates":[[[-71.6794,-33.4456],[-71.6069,-33.5206],[-71.5174,-33.5199],[-71.4774,-33.4753],[-71.6156,-33.4413],[-71.6162,-33.4409],[-71.6794,-33.4456]]]}},{"type":"Feature","properties":{"cod_comuna":5606,"codregion":5,"Comuna":"Santo Domingo","Provincia":"San Antonio","Region":"Región de Valparaíso"},"geometry":{"type":"Polygon","coordinates":[[[-71.6309,-33.6163],[-71.6709,-33.7193],[-71.7938,-33.7731],[-71.8323,-33.9048],[-71.8369,-33.9241],[-71.8098,-33.9073],[-71.7364,-33.9393],[-71.7299,-33.942],[-71.7145,-33.9483],[-71.5564,-33.8723],[-71.536,-33.7641],[-71.5857,-33.6483],[-71.6309,-33.6163]]]}},{"type":"Feature","properties":{"cod_comuna":5701,"codregion":5,"Comuna":"San Felipe","Provincia":"San Felipe","Region":"Región de Valparaíso"},"geometry":{"type":"Polygon","coordinates":[[[-70.6637,-32.6889],[-70.7456,-32.7143],[-70.7378,-32.6955],[-70.8213,-32.6454],[-70.871,-32.7319],[-70.8528,-32.7715],[-70.7664,-32.7333],[-70.7367,-32.7581],[-70.7656,-32.7748],[-70.7525,-32.8082],[-70.7129,-32.7869],[-70.7126,-32.8162],[-70.6941,-32.8161],[-70.6887,-32.8178],[-70.6622,-32.8248],[-70.6588,-32.8256],[-70.6591,-32.8186],[-70.6442,-32.8118],[-70.6376,-32.8054],[-70.6345,-32.8007],[-70.684,-32.7759],[-70.6637,-32.6889]]]}},{"type":"Feature","properties":{"cod_comuna":5702,"codregion":5,"Comuna":"Catemu","Provincia":"San Felipe","Region":"Región de Valparaíso"},"geometry":{"type":"Polygon","coordinates":[[[-70.8194,-32.63],[-70.8934,-32.6073],[-71.0458,-32.6346],[-71.0539,-32.7364],[-71.0021,-32.8287],[-70.9723,-32.7993],[-70.9476,-32.8242],[-70.9482,-32.8012],[-70.8528,-32.7715],[-70.871,-32.7319],[-70.8213,-32.6454],[-70.8194,-32.63]]]}},{"type":"Feature","properties":{"cod_comuna":5703,"codregion":5,"Comuna":"Llaillay","Provincia":"San Felipe","Region":"Región de Valparaíso"},"geometry":{"type":"Polygon","coordinates":[[[-70.9476,-32.8242],[-70.9723,-32.7993],[-71.0021,-32.8287],[-71.0401,-32.8369],[-71.0142,-32.9768],[-70.9397,-32.973],[-70.9072,-32.9365],[-70.842,-32.9225],[-70.7282,-32.9246],[-70.7679,-32.8258],[-70.9476,-32.8242]]]}},{"type":"Feature","properties":{"cod_comuna":5704,"codregion":5,"Comuna":"Panquehue","Provincia":"San Felipe","Region":"Región de Valparaíso"},"geometry":{"type":"Polygon","coordinates":[[[-70.7525,-32.8082],[-70.7656,-32.7748],[-70.7367,-32.7581],[-70.7664,-32.7333],[-70.8528,-32.7715],[-70.9482,-32.8012],[-70.9476,-32.8242],[-70.7679,-32.8258],[-70.7525,-32.8082]]]}},{"type":"Feature","properties":{"cod_comuna":5705,"codregion":5,"Comuna":"Putaendo","Provincia":"San Felipe","Region":"Región de Valparaíso"},"geometry":{"type":"Polygon","coordinates":[[[-70.2287,-32.4304],[-70.2196,-32.3296],[-70.3206,-32.2692],[-70.3609,-32.2538],[-70.4153,-32.2822],[-70.4336,-32.336],[-70.476,-32.3561],[-70.6124,-32.3688],[-70.6384,-32.4604],[-70.8022,-32.443],[-70.8429,-32.4992],[-70.783,-32.547],[-70.8194,-32.63],[-70.8213,-32.6454],[-70.7378,-32.6955],[-70.7456,-32.7143],[-70.6637,-32.6889],[-70.5765,-32.5703],[-70.5137,-32.6022],[-70.4133,-32.5849],[-70.3888,-32.6056],[-70.311,-32.4882],[-70.2568,-32.4738],[-70.2287,-32.4304]]]}},{"type":"Feature","properties":{"cod_comuna":5706,"codregion":5,"Comuna":"Santa María","Provincia":"San Felipe","Region":"Región de Valparaíso"},"geometry":{"type":"Polygon","coordinates":[[[-70.5137,-32.6022],[-70.5765,-32.5703],[-70.6637,-32.6889],[-70.684,-32.7759],[-70.6345,-32.8007],[-70.6314,-32.8014],[-70.6248,-32.8065],[-70.6191,-32.8077],[-70.6127,-32.812],[-70.61,-32.8131],[-70.6071,-32.8138],[-70.6072,-32.8124],[-70.6056,-32.8107],[-70.6068,-32.7955],[-70.6106,-32.7875],[-70.6021,-32.7756],[-70.612,-32.768],[-70.6137,-32.7256],[-70.5722,-32.6981],[-70.5667,-32.6349],[-70.5137,-32.6022]]]}},{"type":"Feature","properties":{"cod_comuna":5801,"codregion":5,"Comuna":"Quilpué","Provincia":"Marga Marga","Region":"Región de Valparaíso"},"geometry":{"type":"Polygon","coordinates":[[[-71.3992,-33.0133],[-71.4337,-33.0006],[-71.4428,-33.002],[-71.4842,-33.0347],[-71.4925,-33.1044],[-71.4681,-33.1545],[-71.3834,-33.1843],[-71.2257,-33.2465],[-70.9975,-33.1984],[-70.9934,-33.1777],[-71.0292,-33.084],[-71.1361,-33.1212],[-71.1957,-33.1616],[-71.2674,-33.1167],[-71.3085,-33.1198],[-71.4009,-33.0676],[-71.3992,-33.0133]]]}},{"type":"Feature","properties":{"cod_comuna":5802,"codregion":5,"Comuna":"Limache","Provincia":"Marga Marga","Region":"Región de Valparaíso"},"geometry":{"type":"Polygon","coordinates":[[[-71.2173,-32.9731],[-71.3318,-32.9518],[-71.3739,-32.918],[-71.4429,-32.9227],[-71.3871,-32.9699],[-71.4337,-33.0006],[-71.3992,-33.0133],[-71.3308,-33.0446],[-71.2856,-33.019],[-71.2674,-33.1167],[-71.1957,-33.1616],[-71.1361,-33.1212],[-71.2173,-32.9731]]]}},{"type":"Feature","properties":{"cod_comuna":5803,"codregion":5,"Comuna":"Olmué","Provincia":"Marga Marga","Region":"Región de Valparaíso"},"geometry":{"type":"Polygon","coordinates":[[[-71.0278,-32.9891],[-71.1195,-32.9546],[-71.2173,-32.9731],[-71.1361,-33.1212],[-71.0292,-33.084],[-71.0009,-33.0504],[-71.0278,-32.9891]]]}},{"type":"Feature","properties":{"cod_comuna":5804,"codregion":5,"Comuna":"Villa Alemana","Provincia":"Marga Marga","Region":"Región de Valparaíso"},"geometry":{"type":"Polygon","coordinates":[[[-71.3992,-33.0133],[-71.4009,-33.0676],[-71.3085,-33.1198],[-71.2674,-33.1167],[-71.2856,-33.019],[-71.3308,-33.0446],[-71.3992,-33.0133]]]}},{"type":"Feature","properties":{"cod_comuna":6101,"codregion":6,"Comuna":"Rancagua","Provincia":"Cachapoal","Region":"Región del Libertador Bernardo O'Higgins"},"geometry":{"type":"Polygon","coordinates":[[[-70.8177,-34.0355],[-70.8882,-34.0387],[-70.8937,-34.0765],[-70.935,-34.0867],[-70.9143,-34.1447],[-70.8422,-34.1923],[-70.7299,-34.2118],[-70.7232,-34.2152],[-70.6838,-34.1451],[-70.6893,-34.1381],[-70.715,-34.1063],[-70.7835,-34.1128],[-70.8177,-34.0355]]]}},{"type":"Feature","properties":{"cod_comuna":6102,"codregion":6,"Comuna":"Codegua","Provincia":"Cachapoal","Region":"Región del Libertador Bernardo O'Higgins"},"geometry":{"type":"Polygon","coordinates":[[[-70.3277,-34.0103],[-70.3786,-33.9188],[-70.4127,-34.0143],[-70.488,-34.0125],[-70.5093,-34.0421],[-70.6388,-34.0333],[-70.6813,-34.0075],[-70.7167,-34.0225],[-70.7265,-34.0497],[-70.6702,-34.0495],[-70.6893,-34.1381],[-70.6838,-34.1451],[-70.5743,-34.1469],[-70.5281,-34.0746],[-70.3277,-34.0103]]]}},{"type":"Feature","properties":{"cod_comuna":6103,"codregion":6,"Comuna":"Coinco","Provincia":"Cachapoal","Region":"Región del Libertador Bernardo O'Higgins"},"geometry":{"type":"Polygon","coordinates":[[[-70.8794,-34.2423],[-70.897,-34.2179],[-70.9797,-34.2553],[-71.0885,-34.3129],[-71.0677,-34.3322],[-70.9508,-34.3141],[-70.9243,-34.2848],[-70.906,-34.2588],[-70.8704,-34.268],[-70.8794,-34.2423]]]}},{"type":"Feature","properties":{"cod_comuna":6104,"codregion":6,"Comuna":"Coltauco","Provincia":"Cachapoal","Region":"Región del Libertador Bernardo O'Higgins"},"geometry":{"type":"Polygon","coordinates":[[[-70.9688,-34.172],[-71.0717,-34.1842],[-71.1099,-34.2456],[-71.1814,-34.2558],[-71.181,-34.3398],[-71.1327,-34.4113],[-71.1482,-34.3596],[-71.0885,-34.3129],[-70.9797,-34.2553],[-70.9688,-34.172]]]}},{"type":"Feature","properties":{"cod_comuna":6105,"codregion":6,"Comuna":"Doñihue","Provincia":"Cachapoal","Region":"Región del Libertador Bernardo O'Higgins"},"geometry":{"type":"Polygon","coordinates":[[[-70.8422,-34.1923],[-70.9143,-34.1447],[-70.9688,-34.172],[-70.9797,-34.2553],[-70.897,-34.2179],[-70.8422,-34.1923]]]}},{"type":"Feature","properties":{"cod_comuna":6106,"codregion":6,"Comuna":"Graneros","Provincia":"Cachapoal","Region":"Región del Libertador Bernardo O'Higgins"},"geometry":{"type":"Polygon","coordinates":[[[-70.7167,-34.0225],[-70.7934,-33.997],[-70.8177,-34.0355],[-70.7835,-34.1128],[-70.715,-34.1063],[-70.6893,-34.1381],[-70.6702,-34.0495],[-70.7265,-34.0497],[-70.7167,-34.0225]]]}},{"type":"Feature","properties":{"cod_comuna":6107,"codregion":6,"Comuna":"Las Cabras","Provincia":"Cachapoal","Region":"Región del Libertador Bernardo O'Higgins"},"geometry":{"type":"Polygon","coordinates":[[[-71.0717,-34.1842],[-71.1849,-34.1584],[-71.3008,-34.0304],[-71.3468,-34.0609],[-71.3517,-34.0651],[-71.3869,-34.0679],[-71.3893,-34.0739],[-71.4527,-34.0157],[-71.4558,-34.0164],[-71.4721,-34.0109],[-71.5151,-34.0699],[-71.5754,-34.0642],[-71.5494,-34.0898],[-71.483,-34.1379],[-71.4628,-34.2376],[-71.4333,-34.2756],[-71.3606,-34.2771],[-71.3053,-34.3282],[-71.2633,-34.2571],[-71.1814,-34.2558],[-71.1099,-34.2456],[-71.0717,-34.1842]]]}},{"type":"Feature","properties":{"cod_comuna":6108,"codregion":6,"Comuna":"Machalí","Provincia":"Cachapoal","Region":"Región del Libertador Bernardo O'Higgins"},"geometry":{"type":"Polygon","coordinates":[[[-70.2536,-34.7038],[-70.216,-34.6843],[-70.2179,-34.6119],[-70.1318,-34.4879],[-70.0129,-34.4119],[-70.0306,-34.2886],[-70.072,-34.202],[-70.1643,-34.1592],[-70.1419,-34.1205],[-70.1702,-34.0444],[-70.2409,-34.0328],[-70.2614,-34.0712],[-70.3092,-34.0664],[-70.3403,-34.0532],[-70.3277,-34.0103],[-70.5281,-34.0746],[-70.5743,-34.1469],[-70.6838,-34.1451],[-70.7232,-34.2152],[-70.5036,-34.2929],[-70.4607,-34.344],[-70.4621,-34.3944],[-70.5309,-34.4898],[-70.4857,-34.4975],[-70.468,-34.5898],[-70.3352,-34.6227],[-70.2536,-34.7038]]]}},{"type":"Feature","properties":{"cod_comuna":6109,"codregion":6,"Comuna":"Malloa","Provincia":"Cachapoal","Region":"Región del Libertador Bernardo O'Higgins"},"geometry":{"type":"Polygon","coordinates":[[[-70.9584,-34.3886],[-71.0108,-34.4055],[-71.0281,-34.3858],[-71.0491,-34.4161],[-70.9801,-34.435],[-70.9698,-34.5142],[-70.905,-34.4774],[-70.7608,-34.5715],[-70.7273,-34.5778],[-70.7089,-34.5502],[-70.8175,-34.4562],[-70.9061,-34.4286],[-70.9071,-34.3951],[-70.9584,-34.3886]]]}},{"type":"Feature","properties":{"cod_comuna":6110,"codregion":6,"Comuna":"Mostazal","Provincia":"Cachapoal","Region":"Región del Libertador Bernardo O'Higgins"},"geometry":{"type":"Polygon","coordinates":[[[-70.3786,-33.9188],[-70.3749,-33.8837],[-70.4338,-33.8536],[-70.4753,-33.8607],[-70.5172,-33.8877],[-70.5577,-33.8843],[-70.654,-33.9369],[-70.7089,-33.9055],[-70.8249,-33.9534],[-70.7934,-33.997],[-70.7167,-34.0225],[-70.6813,-34.0075],[-70.6388,-34.0333],[-70.5093,-34.0421],[-70.488,-34.0125],[-70.4127,-34.0143],[-70.3786,-33.9188]]]}},{"type":"Feature","properties":{"cod_comuna":6111,"codregion":6,"Comuna":"Olivar","Provincia":"Cachapoal","Region":"Región del Libertador Bernardo O'Higgins"},"geometry":{"type":"Polygon","coordinates":[[[-70.8422,-34.1923],[-70.897,-34.2179],[-70.8794,-34.2423],[-70.7299,-34.2118],[-70.8422,-34.1923]]]}},{"type":"Feature","properties":{"cod_comuna":6112,"codregion":6,"Comuna":"Peumo","Provincia":"Cachapoal","Region":"Región del Libertador Bernardo O'Higgins"},"geometry":{"type":"Polygon","coordinates":[[[-71.1814,-34.2558],[-71.2633,-34.2571],[-71.3053,-34.3282],[-71.1819,-34.4116],[-71.1327,-34.4113],[-71.181,-34.3398],[-71.1814,-34.2558]]]}},{"type":"Feature","properties":{"cod_comuna":6113,"codregion":6,"Comuna":"Pichidegua","Provincia":"Cachapoal","Region":"Región del Libertador Bernardo O'Higgins"},"geometry":{"type":"Polygon","coordinates":[[[-71.3053,-34.3282],[-71.3606,-34.2771],[-71.4333,-34.2756],[-71.4628,-34.2376],[-71.4684,-34.3023],[-71.4586,-34.3621],[-71.4253,-34.3607],[-71.3917,-34.4279],[-71.2556,-34.4854],[-71.1819,-34.4116],[-71.3053,-34.3282]]]}},{"type":"Feature","properties":{"cod_comuna":6114,"codregion":6,"Comuna":"Quinta de Tilcoco","Provincia":"Cachapoal","Region":"Región del Libertador Bernardo O'Higgins"},"geometry":{"type":"Polygon","coordinates":[[[-70.9584,-34.3886],[-70.9287,-34.3641],[-70.9508,-34.3141],[-71.0677,-34.3322],[-71.0745,-34.3741],[-71.0281,-34.3858],[-71.0108,-34.4055],[-70.9584,-34.3886]]]}},{"type":"Feature","properties":{"cod_comuna":6115,"codregion":6,"Comuna":"Rengo","Provincia":"Cachapoal","Region":"Región del Libertador Bernardo O'Higgins"},"geometry":{"type":"Polygon","coordinates":[[[-70.9508,-34.3141],[-70.9287,-34.3641],[-70.9584,-34.3886],[-70.9071,-34.3951],[-70.9061,-34.4286],[-70.8175,-34.4562],[-70.7089,-34.5502],[-70.6568,-34.55],[-70.6267,-34.595],[-70.5768,-34.577],[-70.522,-34.6087],[-70.468,-34.5898],[-70.4857,-34.4975],[-70.5309,-34.4898],[-70.5658,-34.494],[-70.5875,-34.4518],[-70.669,-34.4626],[-70.6703,-34.4035],[-70.8344,-34.3348],[-70.8267,-34.3115],[-70.9243,-34.2848],[-70.9508,-34.3141]]]}},{"type":"Feature","properties":{"cod_comuna":6116,"codregion":6,"Comuna":"Requínoa","Provincia":"Cachapoal","Region":"Región del Libertador Bernardo O'Higgins"},"geometry":{"type":"Polygon","coordinates":[[[-70.7299,-34.2118],[-70.8794,-34.2423],[-70.8704,-34.268],[-70.906,-34.2588],[-70.9243,-34.2848],[-70.8267,-34.3115],[-70.8344,-34.3348],[-70.6703,-34.4035],[-70.669,-34.4626],[-70.5875,-34.4518],[-70.5658,-34.494],[-70.5309,-34.4898],[-70.4621,-34.3944],[-70.4607,-34.344],[-70.5036,-34.2929],[-70.7232,-34.2152],[-70.7299,-34.2118]]]}},{"type":"Feature","properties":{"cod_comuna":6117,"codregion":6,"Comuna":"San Vicente","Provincia":"Cachapoal","Region":"Región del Libertador Bernardo O'Higgins"},"geometry":{"type":"Polygon","coordinates":[[[-71.0885,-34.3129],[-71.1482,-34.3596],[-71.1327,-34.4113],[-71.1819,-34.4116],[-71.2556,-34.4854],[-71.2928,-34.554],[-71.2659,-34.5802],[-71.2161,-34.5955],[-71.1587,-34.5911],[-71.0291,-34.5422],[-70.9698,-34.5142],[-70.9801,-34.435],[-71.0491,-34.4161],[-71.0281,-34.3858],[-71.0745,-34.3741],[-71.0677,-34.3322],[-71.0885,-34.3129]]]}},{"type":"Feature","properties":{"cod_comuna":6201,"codregion":6,"Comuna":"Pichilemu","Provincia":"Cardenal Caro","Region":"Región del Libertador Bernardo O'Higgins"},"geometry":{"type":"Polygon","coordinates":[[[-72.0012,-34.173],[-71.9752,-34.3435],[-72.0489,-34.4258],[-72.0245,-34.4886],[-72.0512,-34.548],[-71.9833,-34.5415],[-71.9214,-34.575],[-71.9026,-34.5244],[-71.8797,-34.5356],[-71.8545,-34.5087],[-71.8324,-34.5358],[-71.7466,-34.5275],[-71.7687,-34.474],[-71.8204,-34.4464],[-71.798,-34.3951],[-71.8152,-34.3108],[-71.865,-34.3178],[-71.8787,-34.275],[-71.8127,-34.2063],[-71.8462,-34.1799],[-72.0012,-34.173]]]}},{"type":"Feature","properties":{"cod_comuna":6202,"codregion":6,"Comuna":"La Estrella","Provincia":"Cardenal Caro","Region":"Región del Libertador Bernardo O'Higgins"},"geometry":{"type":"Polygon","coordinates":[[[-71.5494,-34.0898],[-71.5742,-34.1467],[-71.668,-34.1344],[-71.6631,-34.1708],[-71.7336,-34.2384],[-71.7921,-34.2407],[-71.7295,-34.3146],[-71.6903,-34.3217],[-71.6333,-34.2804],[-71.5746,-34.3046],[-71.5453,-34.2737],[-71.5218,-34.3011],[-71.4684,-34.3023],[-71.4628,-34.2376],[-71.483,-34.1379],[-71.5494,-34.0898]]]}},{"type":"Feature","properties":{"cod_comuna":6203,"codregion":6,"Comuna":"Litueche","Provincia":"Cardenal Caro","Region":"Región del Libertador Bernardo O'Higgins"},"geometry":{"type":"Polygon","coordinates":[[[-71.9441,-34.0695],[-72.0087,-34.1321],[-72.0012,-34.173],[-71.8462,-34.1799],[-71.8127,-34.2063],[-71.7921,-34.2407],[-71.7336,-34.2384],[-71.6631,-34.1708],[-71.668,-34.1344],[-71.5742,-34.1467],[-71.5494,-34.0898],[-71.5754,-34.0642],[-71.5151,-34.0699],[-71.4721,-34.0109],[-71.5639,-33.9868],[-71.5758,-34.0081],[-71.5807,-34.0115],[-71.5804,-34.0143],[-71.5757,-34.0226],[-71.6147,-34.0034],[-71.6308,-34.0024],[-71.6408,-34.0009],[-71.6491,-33.9973],[-71.6597,-33.9959],[-71.6635,-33.9979],[-71.689,-33.9723],[-71.6922,-33.9749],[-71.7032,-33.9682],[-71.6923,-33.9951],[-71.7879,-34.0955],[-71.8584,-34.1114],[-71.9441,-34.0695]]]}},{"type":"Feature","properties":{"cod_comuna":6204,"codregion":6,"Comuna":"Marchigüe","Provincia":"Cardenal Caro","Region":"Región del Libertador Bernardo O'Higgins"},"geometry":{"type":"Polygon","coordinates":[[[-71.7921,-34.2407],[-71.8127,-34.2063],[-71.8787,-34.275],[-71.865,-34.3178],[-71.8152,-34.3108],[-71.798,-34.3951],[-71.8204,-34.4464],[-71.7687,-34.474],[-71.7466,-34.5275],[-71.6936,-34.4862],[-71.638,-34.4994],[-71.5885,-34.4827],[-71.5768,-34.4136],[-71.5048,-34.4253],[-71.4586,-34.3621],[-71.4684,-34.3023],[-71.5218,-34.3011],[-71.5453,-34.2737],[-71.5746,-34.3046],[-71.6333,-34.2804],[-71.6903,-34.3217],[-71.7295,-34.3146],[-71.7921,-34.2407]]]}},{"type":"Feature","properties":{"cod_comuna":6205,"codregion":6,"Comuna":"Navidad","Provincia":"Cardenal Caro","Region":"Región del Libertador Bernardo O'Higgins"},"geometry":{"type":"Polygon","coordinates":[[[-71.8323,-33.9048],[-71.9441,-34.0695],[-71.8584,-34.1114],[-71.7879,-34.0955],[-71.6923,-33.9951],[-71.7032,-33.9682],[-71.7145,-33.9483],[-71.7299,-33.942],[-71.7364,-33.9393],[-71.8098,-33.9073],[-71.8369,-33.9241],[-71.8323,-33.9048]]]}},{"type":"Feature","properties":{"cod_comuna":6206,"codregion":6,"Comuna":"Paredones","Provincia":"Cardenal Caro","Region":"Región del Libertador Bernardo O'Higgins"},"geometry":{"type":"Polygon","coordinates":[[[-72.0512,-34.548],[-72.056,-34.6871],[-72.005,-34.705],[-71.9259,-34.8073],[-71.8681,-34.8183],[-71.8679,-34.8183],[-71.7966,-34.8268],[-71.7807,-34.7648],[-71.8269,-34.6739],[-71.792,-34.6796],[-71.8545,-34.5087],[-71.8797,-34.5356],[-71.9026,-34.5244],[-71.9214,-34.575],[-71.9833,-34.5415],[-72.0512,-34.548]]]}},{"type":"Feature","properties":{"cod_comuna":6301,"codregion":6,"Comuna":"San Fernando","Provincia":"Colchagua","Region":"Región del Libertador Bernardo O'Higgins"},"geometry":{"type":"Polygon","coordinates":[[[-70.365,-35.0053],[-70.3332,-34.9902],[-70.3326,-34.9372],[-70.2483,-34.7993],[-70.31,-34.7621],[-70.2536,-34.7038],[-70.3352,-34.6227],[-70.468,-34.5898],[-70.522,-34.6087],[-70.5768,-34.577],[-70.6267,-34.595],[-70.6568,-34.55],[-70.7089,-34.5502],[-70.7273,-34.5778],[-70.7608,-34.5715],[-70.905,-34.4774],[-70.9698,-34.5142],[-71.0291,-34.5422],[-71.0463,-34.5914],[-71.0077,-34.6073],[-70.8924,-34.6566],[-70.8886,-34.7356],[-70.8118,-34.8536],[-70.7484,-34.8846],[-70.7481,-34.8847],[-70.6615,-34.9661],[-70.6223,-34.9876],[-70.6168,-34.9695],[-70.6152,-34.9662],[-70.5433,-34.934],[-70.4777,-34.9942],[-70.4153,-34.9837],[-70.365,-35.0053]]]}},{"type":"Feature","properties":{"cod_comuna":6302,"codregion":6,"Comuna":"Chépica","Provincia":"Colchagua","Region":"Región del Libertador Bernardo O'Higgins"},"geometry":{"type":"Polygon","coordinates":[[[-71.3594,-34.8315],[-71.2789,-34.7917],[-71.2128,-34.8353],[-71.1349,-34.7864],[-71.1162,-34.7669],[-71.185,-34.7546],[-71.1858,-34.7156],[-71.2746,-34.6712],[-71.275,-34.6712],[-71.3841,-34.7467],[-71.4776,-34.7436],[-71.5717,-34.8321],[-71.5486,-34.8728],[-71.5482,-34.8744],[-71.5275,-34.8757],[-71.5267,-34.8763],[-71.3653,-34.9127],[-71.3874,-34.8742],[-71.3601,-34.832],[-71.3594,-34.8315]]]}},{"type":"Feature","properties":{"cod_comuna":6303,"codregion":6,"Comuna":"Chimbarongo","Provincia":"Colchagua","Region":"Región del Libertador Bernardo O'Higgins"},"geometry":{"type":"Polygon","coordinates":[[[-70.8118,-34.8536],[-70.8886,-34.7356],[-70.8924,-34.6566],[-71.0077,-34.6073],[-71.0166,-34.6428],[-71.1122,-34.6945],[-71.1547,-34.7555],[-71.185,-34.7546],[-71.1162,-34.7669],[-71.1349,-34.7864],[-71.0987,-34.8281],[-71.0457,-34.7933],[-70.9567,-34.8721],[-70.8118,-34.8536]]]}},{"type":"Feature","properties":{"cod_comuna":6304,"codregion":6,"Comuna":"Lolol","Provincia":"Colchagua","Region":"Región del Libertador Bernardo O'Higgins"},"geometry":{"type":"Polygon","coordinates":[[[-71.7966,-34.8268],[-71.7103,-34.9368],[-71.6749,-34.9236],[-71.6618,-34.8553],[-71.6064,-34.8832],[-71.5487,-34.8743],[-71.5486,-34.8728],[-71.5717,-34.8321],[-71.4776,-34.7436],[-71.5013,-34.6405],[-71.5442,-34.6372],[-71.6041,-34.679],[-71.6859,-34.6713],[-71.7015,-34.6957],[-71.792,-34.6796],[-71.8269,-34.6739],[-71.7807,-34.7648],[-71.7966,-34.8268]]]}},{"type":"Feature","properties":{"cod_comuna":6305,"codregion":6,"Comuna":"Nancagua","Provincia":"Colchagua","Region":"Región del Libertador Bernardo O'Higgins"},"geometry":{"type":"Polygon","coordinates":[[[-71.1587,-34.5911],[-71.2161,-34.5955],[-71.2055,-34.6221],[-71.2383,-34.6446],[-71.2875,-34.6284],[-71.3174,-34.6555],[-71.2751,-34.6712],[-71.2746,-34.6712],[-71.1858,-34.7156],[-71.185,-34.7546],[-71.1547,-34.7555],[-71.1122,-34.6945],[-71.1587,-34.5911]]]}},{"type":"Feature","properties":{"cod_comuna":6306,"codregion":6,"Comuna":"Palmilla","Provincia":"Colchagua","Region":"Región del Libertador Bernardo O'Higgins"},"geometry":{"type":"Polygon","coordinates":[[[-71.2556,-34.4854],[-71.3917,-34.4279],[-71.3743,-34.4838],[-71.4823,-34.5334],[-71.3625,-34.6212],[-71.2659,-34.5802],[-71.2928,-34.554],[-71.2556,-34.4854]]]}},{"type":"Feature","properties":{"cod_comuna":6307,"codregion":6,"Comuna":"Peralillo","Provincia":"Colchagua","Region":"Región del Libertador Bernardo O'Higgins"},"geometry":{"type":"Polygon","coordinates":[[[-71.3917,-34.4279],[-71.4253,-34.3607],[-71.4586,-34.3621],[-71.5048,-34.4253],[-71.5768,-34.4136],[-71.5885,-34.4827],[-71.638,-34.4994],[-71.5315,-34.5617],[-71.4823,-34.5334],[-71.3743,-34.4838],[-71.3917,-34.4279]]]}},{"type":"Feature","properties":{"cod_comuna":6308,"codregion":6,"Comuna":"Placilla","Provincia":"Colchagua","Region":"Región del Libertador Bernardo O'Higgins"},"geometry":{"type":"Polygon","coordinates":[[[-71.0077,-34.6073],[-71.0463,-34.5914],[-71.0291,-34.5422],[-71.1587,-34.5911],[-71.1122,-34.6945],[-71.0166,-34.6428],[-71.0077,-34.6073]]]}},{"type":"Feature","properties":{"cod_comuna":6309,"codregion":6,"Comuna":"Pumanque","Provincia":"Colchagua","Region":"Región del Libertador Bernardo O'Higgins"},"geometry":{"type":"Polygon","coordinates":[[[-71.638,-34.4994],[-71.6936,-34.4862],[-71.7466,-34.5275],[-71.8324,-34.5358],[-71.8545,-34.5087],[-71.792,-34.6796],[-71.7015,-34.6957],[-71.6859,-34.6713],[-71.6041,-34.679],[-71.5442,-34.6372],[-71.5315,-34.5617],[-71.638,-34.4994]]]}},{"type":"Feature","properties":{"cod_comuna":6310,"codregion":6,"Comuna":"Santa Cruz","Provincia":"Colchagua","Region":"Región del Libertador Bernardo O'Higgins"},"geometry":{"type":"Polygon","coordinates":[[[-71.2659,-34.5802],[-71.3625,-34.6212],[-71.4823,-34.5334],[-71.5315,-34.5617],[-71.5442,-34.6372],[-71.5013,-34.6405],[-71.4776,-34.7436],[-71.3841,-34.7467],[-71.275,-34.6712],[-71.2751,-34.6712],[-71.3174,-34.6555],[-71.2875,-34.6284],[-71.2383,-34.6446],[-71.2055,-34.6221],[-71.2161,-34.5955],[-71.2659,-34.5802]]]}},{"type":"Feature","properties":{"cod_comuna":7101,"codregion":7,"Comuna":"Talca","Provincia":"Talca","Region":"Región del Maule"},"geometry":{"type":"Polygon","coordinates":[[[-71.6344,-35.3123],[-71.7219,-35.4474],[-71.6447,-35.4562],[-71.5686,-35.5309],[-71.493,-35.423],[-71.5591,-35.4098],[-71.5436,-35.359],[-71.6213,-35.3554],[-71.6344,-35.3123]]]}},{"type":"Feature","properties":{"cod_comuna":7102,"codregion":7,"Comuna":"Constitución","Provincia":"Talca","Region":"Región del Maule"},"geometry":{"type":"Polygon","coordinates":[[[-72.2002,-35.1039],[-72.3836,-35.2214],[-72.4088,-35.3192],[-72.4991,-35.3909],[-72.4883,-35.4628],[-72.6183,-35.5619],[-72.5285,-35.578],[-72.4355,-35.5414],[-72.4442,-35.5222],[-72.3838,-35.4852],[-72.2963,-35.4775],[-72.248,-35.5119],[-72.2282,-35.5837],[-72.1875,-35.5772],[-72.1065,-35.4389],[-72.0894,-35.3735],[-71.9963,-35.3722],[-72.0215,-35.3375],[-72.0435,-35.345],[-72.0675,-35.2505],[-72.1257,-35.2349],[-72.1364,-35.1642],[-72.1574,-35.1367],[-72.1971,-35.1406],[-72.2002,-35.1039]]]}},{"type":"Feature","properties":{"cod_comuna":7103,"codregion":7,"Comuna":"Curepto","Provincia":"Talca","Region":"Región del Maule"},"geometry":{"type":"Polygon","coordinates":[[[-71.8475,-34.9788],[-71.9585,-35.0095],[-72.0004,-34.9813],[-72.0661,-35.0385],[-72.1241,-35.0361],[-72.1425,-35.0596],[-72.1838,-34.9745],[-72.2002,-35.1039],[-72.1971,-35.1406],[-72.1574,-35.1367],[-72.1364,-35.1642],[-72.1257,-35.2349],[-72.0675,-35.2505],[-72.0435,-35.345],[-72.0215,-35.3375],[-71.9867,-35.291],[-71.8973,-35.2588],[-71.8772,-35.2139],[-71.7904,-35.1898],[-71.77,-35.1502],[-71.6789,-35.1616],[-71.7016,-35.0995],[-71.7653,-35.0015],[-71.8475,-34.9788]]]}},{"type":"Feature","properties":{"cod_comuna":7104,"codregion":7,"Comuna":"Empedrado","Provincia":"Talca","Region":"Región del Maule"},"geometry":{"type":"Polygon","coordinates":[[[-72.1875,-35.5772],[-72.2282,-35.5837],[-72.248,-35.5119],[-72.2963,-35.4775],[-72.3838,-35.4852],[-72.4442,-35.5222],[-72.4355,-35.5414],[-72.4594,-35.6431],[-72.3731,-35.6935],[-72.3233,-35.6745],[-72.2391,-35.7342],[-72.139,-35.6995],[-72.0629,-35.7157],[-72.0321,-35.6712],[-72.0844,-35.6726],[-72.0912,-35.6458],[-72.1388,-35.6633],[-72.1875,-35.5772]]]}},{"type":"Feature","properties":{"cod_comuna":7105,"codregion":7,"Comuna":"Maule","Provincia":"Talca","Region":"Región del Maule"},"geometry":{"type":"Polygon","coordinates":[[[-71.5686,-35.5309],[-71.6447,-35.4562],[-71.7219,-35.4474],[-71.8841,-35.464],[-71.7535,-35.5733],[-71.6892,-35.5499],[-71.5829,-35.5849],[-71.5823,-35.5839],[-71.5748,-35.5862],[-71.5875,-35.5717],[-71.5686,-35.5309]]]}},{"type":"Feature","properties":{"cod_comuna":7106,"codregion":7,"Comuna":"Pelarco","Provincia":"Talca","Region":"Región del Maule"},"geometry":{"type":"Polygon","coordinates":[[[-71.3816,-35.3205],[-71.4341,-35.3681],[-71.5436,-35.359],[-71.5591,-35.4098],[-71.493,-35.423],[-71.3187,-35.4362],[-71.272,-35.4692],[-71.253,-35.3701],[-71.1521,-35.3876],[-71.1861,-35.3373],[-71.2674,-35.3085],[-71.3816,-35.3205]]]}},{"type":"Feature","properties":{"cod_comuna":7107,"codregion":7,"Comuna":"Pencahue","Provincia":"Talca","Region":"Región del Maule"},"geometry":{"type":"Polygon","coordinates":[[[-71.6789,-35.1616],[-71.77,-35.1502],[-71.7904,-35.1898],[-71.8772,-35.2139],[-71.8973,-35.2588],[-71.9867,-35.291],[-72.0215,-35.3375],[-71.9963,-35.3722],[-72.0894,-35.3735],[-72.1065,-35.4389],[-72.0695,-35.418],[-71.9685,-35.4699],[-71.8841,-35.464],[-71.7219,-35.4474],[-71.6344,-35.3123],[-71.574,-35.2939],[-71.5565,-35.2268],[-71.5777,-35.2058],[-71.629,-35.2282],[-71.6645,-35.21],[-71.6789,-35.1616]]]}},{"type":"Feature","properties":{"cod_comuna":7108,"codregion":7,"Comuna":"Río Claro","Provincia":"Talca","Region":"Región del Maule"},"geometry":{"type":"Polygon","coordinates":[[[-71.4441,-35.215],[-71.4321,-35.2436],[-71.4612,-35.2596],[-71.3618,-35.2658],[-71.3816,-35.3205],[-71.2674,-35.3085],[-71.1861,-35.3373],[-71.1521,-35.3876],[-71.1211,-35.3802],[-71.0378,-35.4517],[-71.1122,-35.3719],[-71.1173,-35.3033],[-71.2266,-35.1827],[-71.3368,-35.1314],[-71.4439,-35.2152],[-71.4441,-35.215]]]}},{"type":"Feature","properties":{"cod_comuna":7109,"codregion":7,"Comuna":"San Clemente","Provincia":"Talca","Region":"Región del Maule"},"geometry":{"type":"Polygon","coordinates":[[[-70.5679,-36.1328],[-70.4924,-36.1775],[-70.4483,-36.1725],[-70.421,-36.156],[-70.4106,-36.0574],[-70.3699,-36.0414],[-70.3775,-35.9923],[-70.4224,-35.9732],[-70.3655,-35.9242],[-70.4231,-35.9153],[-70.4216,-35.878],[-70.3126,-35.8136],[-70.3793,-35.7869],[-70.3585,-35.749],[-70.4184,-35.6294],[-70.4981,-35.5678],[-70.4949,-35.5158],[-70.5414,-35.4652],[-70.7345,-35.5442],[-70.7482,-35.5724],[-70.7881,-35.5049],[-70.9334,-35.5],[-71.0378,-35.4517],[-71.1211,-35.3802],[-71.1521,-35.3876],[-71.253,-35.3701],[-71.272,-35.4692],[-71.3187,-35.4362],[-71.493,-35.423],[-71.5686,-35.5309],[-71.5875,-35.5717],[-71.5748,-35.5862],[-71.5757,-35.586],[-71.5047,-35.6086],[-71.4284,-35.6089],[-71.366,-35.628],[-71.3348,-35.6802],[-71.2643,-35.6755],[-71.1981,-35.7256],[-71.0785,-35.7066],[-71.0012,-35.8638],[-70.8724,-35.9907],[-70.783,-35.9657],[-70.5773,-36.0031],[-70.6191,-36.0386],[-70.5993,-36.0577],[-70.6246,-36.1047],[-70.5679,-36.1328]]]}},{"type":"Feature","properties":{"cod_comuna":7110,"codregion":7,"Comuna":"San Rafael","Provincia":"Talca","Region":"Región del Maule"},"geometry":{"type":"Polygon","coordinates":[[[-71.3816,-35.3205],[-71.3618,-35.2658],[-71.4612,-35.2596],[-71.4321,-35.2436],[-71.4441,-35.215],[-71.4442,-35.2148],[-71.4984,-35.2349],[-71.5565,-35.2268],[-71.574,-35.2939],[-71.6344,-35.3123],[-71.6213,-35.3554],[-71.5436,-35.359],[-71.4341,-35.3681],[-71.3816,-35.3205]]]}},{"type":"Feature","properties":{"cod_comuna":7201,"codregion":7,"Comuna":"Cauquenes","Provincia":"Cauquenes","Region":"Región del Maule"},"geometry":{"type":"Polygon","coordinates":[[[-72.0629,-35.7157],[-72.139,-35.6995],[-72.2391,-35.7342],[-72.3233,-35.6745],[-72.3911,-35.8215],[-72.4668,-35.8478],[-72.4439,-35.8759],[-72.4275,-35.9081],[-72.4597,-35.9438],[-72.4983,-35.9178],[-72.5644,-35.9595],[-72.6055,-35.9405],[-72.6389,-35.9558],[-72.6468,-36.0167],[-72.593,-36.0651],[-72.4912,-36.0736],[-72.4934,-36.147],[-72.3384,-36.1744],[-72.3378,-36.2055],[-72.4122,-36.2078],[-72.4126,-36.2225],[-72.3725,-36.2572],[-72.3156,-36.2327],[-72.2776,-36.2615],[-72.2373,-36.207],[-72.1391,-36.2459],[-72.1032,-36.1235],[-72.103,-36.1229],[-72.0241,-35.9151],[-72.0239,-35.8379],[-71.9762,-35.8228],[-72.0667,-35.7597],[-72.0629,-35.7157]]]}},{"type":"Feature","properties":{"cod_comuna":7202,"codregion":7,"Comuna":"Chanco","Provincia":"Cauquenes","Region":"Región del Maule"},"geometry":{"type":"Polygon","coordinates":[[[-72.6183,-35.5619],[-72.638,-35.6021],[-72.5643,-35.7554],[-72.4707,-35.8809],[-72.4439,-35.8759],[-72.4668,-35.8478],[-72.3911,-35.8215],[-72.3233,-35.6745],[-72.3731,-35.6935],[-72.4594,-35.6431],[-72.4355,-35.5414],[-72.5285,-35.578],[-72.6183,-35.5619]]]}},{"type":"Feature","properties":{"cod_comuna":7203,"codregion":7,"Comuna":"Pelluhue","Provincia":"Cauquenes","Region":"Región del Maule"},"geometry":{"type":"Polygon","coordinates":[[[-72.5643,-35.7554],[-72.5771,-35.8133],[-72.6489,-35.8465],[-72.6927,-35.9152],[-72.7851,-35.9758],[-72.7781,-36.014],[-72.6878,-36.0185],[-72.6553,-36.047],[-72.6468,-36.0167],[-72.6389,-35.9558],[-72.6055,-35.9405],[-72.5644,-35.9595],[-72.4983,-35.9178],[-72.4597,-35.9438],[-72.4275,-35.9081],[-72.4439,-35.8759],[-72.4707,-35.8809],[-72.5643,-35.7554]]]}},{"type":"Feature","properties":{"cod_comuna":7301,"codregion":7,"Comuna":"Curicó","Provincia":"Curicó","Region":"Región del Maule"},"geometry":{"type":"Polygon","coordinates":[[[-70.4099,-35.5601],[-70.4118,-35.5256],[-70.3675,-35.5196],[-70.4468,-35.4632],[-70.4322,-35.3185],[-70.5039,-35.3204],[-70.5824,-35.2722],[-70.644,-35.2446],[-70.7266,-35.2528],[-70.7302,-35.1919],[-70.9609,-35.0883],[-71.1059,-35.0591],[-71.1114,-34.9964],[-71.1592,-34.9631],[-71.2158,-34.9836],[-71.1588,-34.9037],[-71.2136,-34.8906],[-71.2631,-34.9296],[-71.3896,-34.9839],[-71.3114,-34.981],[-71.2487,-35.0278],[-71.0549,-35.2555],[-70.9113,-35.3305],[-70.8434,-35.3059],[-70.7126,-35.3158],[-70.5634,-35.3764],[-70.4099,-35.5601]]]}},{"type":"Feature","properties":{"cod_comuna":7302,"codregion":7,"Comuna":"Hualañé","Provincia":"Curicó","Region":"Región del Maule"},"geometry":{"type":"Polygon","coordinates":[[[-71.7966,-34.8268],[-71.8679,-34.8183],[-71.868,-34.8183],[-71.8728,-34.822],[-71.8819,-34.8463],[-71.8836,-34.8628],[-71.8942,-34.8714],[-71.9444,-34.8551],[-71.9189,-34.9493],[-71.8531,-34.9409],[-71.8475,-34.9788],[-71.7653,-35.0015],[-71.7016,-35.0995],[-71.5918,-35.0545],[-71.5656,-35.008],[-71.4574,-34.9723],[-71.5776,-34.9374],[-71.5268,-34.8762],[-71.5275,-34.8757],[-71.5482,-34.8744],[-71.5487,-34.8743],[-71.6064,-34.8832],[-71.6618,-34.8553],[-71.6749,-34.9236],[-71.7103,-34.9368],[-71.7966,-34.8268]]]}},{"type":"Feature","properties":{"cod_comuna":7303,"codregion":7,"Comuna":"Licantén","Provincia":"Curicó","Region":"Región del Maule"},"geometry":{"type":"Polygon","coordinates":[[[-72.1578,-34.878],[-72.1838,-34.9745],[-72.1425,-35.0596],[-72.1241,-35.0361],[-72.0661,-35.0385],[-72.0004,-34.9813],[-71.9585,-35.0095],[-71.8475,-34.9788],[-71.8531,-34.9409],[-71.9189,-34.9493],[-72.0584,-34.9742],[-72.0904,-34.907],[-72.1578,-34.878]]]}},{"type":"Feature","properties":{"cod_comuna":7304,"codregion":7,"Comuna":"Molina","Provincia":"Curicó","Region":"Región del Maule"},"geometry":{"type":"Polygon","coordinates":[[[-71.0378,-35.4517],[-70.9334,-35.5],[-70.7881,-35.5049],[-70.7482,-35.5724],[-70.7345,-35.5442],[-70.5414,-35.4652],[-70.4949,-35.5158],[-70.4981,-35.5678],[-70.4184,-35.6294],[-70.3847,-35.6055],[-70.4099,-35.5601],[-70.5634,-35.3764],[-70.7126,-35.3158],[-70.8434,-35.3059],[-70.9113,-35.3305],[-71.0549,-35.2555],[-71.2487,-35.0278],[-71.3036,-35.0758],[-71.3181,-35.055],[-71.4012,-35.0816],[-71.4984,-35.2349],[-71.4442,-35.2148],[-71.4439,-35.2152],[-71.3368,-35.1314],[-71.2266,-35.1827],[-71.1173,-35.3033],[-71.1122,-35.3719],[-71.0378,-35.4517]]]}},{"type":"Feature","properties":{"cod_comuna":7305,"codregion":7,"Comuna":"Rauco","Provincia":"Curicó","Region":"Región del Maule"},"geometry":{"type":"Polygon","coordinates":[[[-71.2631,-34.9296],[-71.2635,-34.8685],[-71.336,-34.867],[-71.3599,-34.8319],[-71.3601,-34.832],[-71.3874,-34.8742],[-71.3653,-34.9127],[-71.5267,-34.8763],[-71.5268,-34.8762],[-71.5776,-34.9374],[-71.4574,-34.9723],[-71.5656,-35.008],[-71.5918,-35.0545],[-71.5013,-35.0428],[-71.3896,-34.9839],[-71.2631,-34.9296]]]}},{"type":"Feature","properties":{"cod_comuna":7306,"codregion":7,"Comuna":"Romeral","Provincia":"Curicó","Region":"Región del Maule"},"geometry":{"type":"Polygon","coordinates":[[[-70.6168,-34.9695],[-70.6223,-34.9876],[-70.6615,-34.9661],[-70.7481,-34.8847],[-70.7482,-34.8848],[-70.8262,-35.003],[-71.1588,-34.9037],[-71.2158,-34.9836],[-71.1592,-34.9631],[-71.1114,-34.9964],[-71.1059,-35.0591],[-70.9609,-35.0883],[-70.7302,-35.1919],[-70.7266,-35.2528],[-70.644,-35.2446],[-70.5824,-35.2722],[-70.5269,-35.1943],[-70.4723,-35.2039],[-70.3747,-35.1701],[-70.365,-35.0053],[-70.4153,-34.9837],[-70.4777,-34.9942],[-70.5433,-34.934],[-70.6152,-34.9662],[-70.6168,-34.9695]]]}},{"type":"Feature","properties":{"cod_comuna":7307,"codregion":7,"Comuna":"Sagrada Familia","Provincia":"Curicó","Region":"Región del Maule"},"geometry":{"type":"Polygon","coordinates":[[[-71.2487,-35.0278],[-71.3114,-34.981],[-71.3896,-34.9839],[-71.5013,-35.0428],[-71.5918,-35.0545],[-71.7016,-35.0995],[-71.6789,-35.1616],[-71.6645,-35.21],[-71.629,-35.2282],[-71.5777,-35.2058],[-71.5565,-35.2268],[-71.4984,-35.2349],[-71.4012,-35.0816],[-71.3181,-35.055],[-71.3036,-35.0758],[-71.2487,-35.0278]]]}},{"type":"Feature","properties":{"cod_comuna":7308,"codregion":7,"Comuna":"Teno","Provincia":"Curicó","Region":"Región del Maule"},"geometry":{"type":"Polygon","coordinates":[[[-70.8118,-34.8536],[-70.9567,-34.8721],[-71.0457,-34.7933],[-71.0987,-34.8281],[-71.1349,-34.7864],[-71.2128,-34.8353],[-71.2789,-34.7917],[-71.3594,-34.8315],[-71.3599,-34.8319],[-71.336,-34.867],[-71.2635,-34.8685],[-71.2631,-34.9296],[-71.2136,-34.8906],[-71.1588,-34.9037],[-70.8262,-35.003],[-70.7482,-34.8848],[-70.7484,-34.8846],[-70.8118,-34.8536]]]}},{"type":"Feature","properties":{"cod_comuna":7309,"codregion":7,"Comuna":"Vichuquén","Provincia":"Curicó","Region":"Región del Maule"},"geometry":{"type":"Polygon","coordinates":[[[-72.056,-34.6871],[-72.1578,-34.878],[-72.0904,-34.907],[-72.0584,-34.9742],[-71.9189,-34.9493],[-71.9444,-34.8551],[-71.8942,-34.8714],[-71.8836,-34.8628],[-71.8819,-34.8463],[-71.8728,-34.822],[-71.868,-34.8183],[-71.8681,-34.8183],[-71.9259,-34.8073],[-72.005,-34.705],[-72.056,-34.6871]]]}},{"type":"Feature","properties":{"cod_comuna":7401,"codregion":7,"Comuna":"Linares","Provincia":"Linares","Region":"Región del Maule"},"geometry":{"type":"Polygon","coordinates":[[[-71.6639,-35.7754],[-71.7041,-35.7716],[-71.7346,-35.706],[-71.7646,-35.7073],[-71.7965,-35.7819],[-71.6958,-35.8583],[-71.5087,-35.9158],[-71.4826,-35.9852],[-71.4025,-36.0427],[-71.375,-36.1512],[-71.3083,-36.1684],[-71.2355,-36.1414],[-71.1981,-36.0938],[-71.1545,-36.0947],[-71.0634,-36.2256],[-71.02,-36.1841],[-71.0057,-36.0876],[-71.0461,-36.0456],[-71.035,-35.9996],[-71.071,-35.9919],[-71.0804,-36.0263],[-71.1328,-36.0001],[-71.0462,-35.859],[-71.2568,-35.8614],[-71.3379,-35.8384],[-71.405,-35.8545],[-71.5181,-35.7832],[-71.6639,-35.7754]]]}},{"type":"Feature","properties":{"cod_comuna":7402,"codregion":7,"Comuna":"Colbún","Provincia":"Linares","Region":"Región del Maule"},"geometry":{"type":"Polygon","coordinates":[[[-71.0353,-36.4742],[-70.9572,-36.5034],[-70.8943,-36.4719],[-70.8843,-36.3965],[-70.7115,-36.4262],[-70.6778,-36.3897],[-70.7111,-36.3448],[-70.6836,-36.3038],[-70.7056,-36.272],[-70.6324,-36.239],[-70.5679,-36.1328],[-70.6246,-36.1047],[-70.5993,-36.0577],[-70.6191,-36.0386],[-70.5773,-36.0031],[-70.783,-35.9657],[-70.8724,-35.9907],[-71.0012,-35.8638],[-71.0785,-35.7066],[-71.1981,-35.7256],[-71.2643,-35.6755],[-71.3348,-35.6802],[-71.366,-35.628],[-71.4284,-35.6089],[-71.5181,-35.7832],[-71.405,-35.8545],[-71.3379,-35.8384],[-71.2568,-35.8614],[-71.0462,-35.859],[-71.1328,-36.0001],[-71.0804,-36.0263],[-71.071,-35.9919],[-71.035,-35.9996],[-71.0461,-36.0456],[-71.0057,-36.0876],[-71.02,-36.1841],[-71.0634,-36.2256],[-71.1556,-36.2625],[-71.1257,-36.327],[-71.1139,-36.3618],[-71.0598,-36.3865],[-71.0681,-36.4479],[-71.0353,-36.4742]]]}},{"type":"Feature","properties":{"cod_comuna":7403,"codregion":7,"Comuna":"Longaví","Provincia":"Linares","Region":"Región del Maule"},"geometry":{"type":"Polygon","coordinates":[[[-71.0634,-36.2256],[-71.1545,-36.0947],[-71.1981,-36.0938],[-71.2355,-36.1414],[-71.3083,-36.1684],[-71.375,-36.1512],[-71.4025,-36.0427],[-71.4826,-35.9852],[-71.5087,-35.9158],[-71.6958,-35.8583],[-71.7965,-35.7819],[-71.8223,-35.8306],[-71.7739,-35.8487],[-71.7262,-35.9149],[-71.7303,-35.9993],[-71.6787,-36.1044],[-71.564,-36.1961],[-71.5214,-36.238],[-71.4773,-36.2189],[-71.3683,-36.2358],[-71.2371,-36.3793],[-71.1671,-36.3866],[-71.1257,-36.327],[-71.1556,-36.2625],[-71.0634,-36.2256]]]}},{"type":"Feature","properties":{"cod_comuna":7404,"codregion":7,"Comuna":"Parral","Provincia":"Linares","Region":"Región del Maule"},"geometry":{"type":"Polygon","coordinates":[[[-71.564,-36.1961],[-71.5874,-36.217],[-71.6676,-36.2138],[-71.7732,-36.1725],[-71.8714,-36.006],[-71.9256,-36.0281],[-71.8902,-36.0625],[-71.9207,-36.0921],[-71.9646,-36.0763],[-72.0241,-35.9151],[-72.103,-36.1229],[-72.1032,-36.1233],[-72.1027,-36.1235],[-72.1007,-36.1243],[-72.0989,-36.125],[-72.0991,-36.1371],[-72.0754,-36.1312],[-72.0729,-36.1561],[-72.0235,-36.1744],[-71.9906,-36.2087],[-71.9743,-36.2586],[-71.8115,-36.2548],[-71.7679,-36.3081],[-71.6405,-36.3738],[-71.4672,-36.4121],[-71.4101,-36.5029],[-71.3528,-36.5125],[-71.3359,-36.5436],[-71.2821,-36.4494],[-71.2249,-36.4627],[-71.1139,-36.3618],[-71.1257,-36.327],[-71.1671,-36.3866],[-71.2371,-36.3793],[-71.3683,-36.2358],[-71.4773,-36.2189],[-71.5214,-36.238],[-71.564,-36.1961]]]}},{"type":"Feature","properties":{"cod_comuna":7405,"codregion":7,"Comuna":"Retiro","Provincia":"Linares","Region":"Región del Maule"},"geometry":{"type":"Polygon","coordinates":[[[-71.8223,-35.8306],[-71.8365,-35.8571],[-71.9762,-35.8228],[-72.0239,-35.8379],[-72.0241,-35.9151],[-71.9646,-36.0763],[-71.9207,-36.0921],[-71.8902,-36.0625],[-71.9256,-36.0281],[-71.8714,-36.006],[-71.7732,-36.1725],[-71.6676,-36.2138],[-71.5874,-36.217],[-71.564,-36.1961],[-71.6787,-36.1044],[-71.7303,-35.9993],[-71.7262,-35.9149],[-71.7739,-35.8487],[-71.8223,-35.8306]]]}},{"type":"Feature","properties":{"cod_comuna":7406,"codregion":7,"Comuna":"San Javier","Provincia":"Linares","Region":"Región del Maule"},"geometry":{"type":"Polygon","coordinates":[[[-71.5829,-35.5849],[-71.6892,-35.5499],[-71.7535,-35.5733],[-71.8841,-35.464],[-71.9685,-35.4699],[-72.0695,-35.418],[-72.1065,-35.4389],[-72.1875,-35.5772],[-72.1388,-35.6633],[-72.0912,-35.6458],[-72.0844,-35.6726],[-72.0321,-35.6712],[-72.0629,-35.7157],[-72.0667,-35.7597],[-71.9762,-35.8228],[-71.8365,-35.8571],[-71.8223,-35.8306],[-71.7965,-35.7819],[-71.7646,-35.7073],[-71.748,-35.6095],[-71.5791,-35.6516],[-71.5852,-35.6455],[-71.5829,-35.585],[-71.5829,-35.5849]]]}},{"type":"Feature","properties":{"cod_comuna":7407,"codregion":7,"Comuna":"Villa Alegre","Provincia":"Linares","Region":"Región del Maule"},"geometry":{"type":"Polygon","coordinates":[[[-71.5791,-35.6516],[-71.748,-35.6095],[-71.7646,-35.7073],[-71.7346,-35.706],[-71.7041,-35.7716],[-71.6639,-35.7754],[-71.6209,-35.692],[-71.5745,-35.6885],[-71.5789,-35.6518],[-71.5791,-35.6516]]]}},{"type":"Feature","properties":{"cod_comuna":7408,"codregion":7,"Comuna":"Yerbas Buenas","Provincia":"Linares","Region":"Región del Maule"},"geometry":{"type":"Polygon","coordinates":[[[-71.5757,-35.586],[-71.5823,-35.5839],[-71.5829,-35.585],[-71.5852,-35.6455],[-71.5789,-35.6518],[-71.5745,-35.6885],[-71.6209,-35.692],[-71.6639,-35.7754],[-71.5181,-35.7832],[-71.4284,-35.6089],[-71.5047,-35.6086],[-71.5757,-35.586]]]}},{"type":"Feature","properties":{"cod_comuna":8101,"codregion":8,"Comuna":"Concepción","Provincia":"Concepción","Region":"Región del Bío-Bío"},"geometry":{"type":"Polygon","coordinates":[[[-72.8637,-36.7945],[-72.9072,-36.798],[-72.9427,-36.7642],[-73.0402,-36.7766],[-73.0424,-36.7741],[-73.0569,-36.7778],[-73.0664,-36.7955],[-73.0686,-36.7982],[-73.0906,-36.8216],[-73.0636,-36.8531],[-72.952,-36.8643],[-72.9431,-36.9039],[-72.9276,-36.891],[-72.8862,-36.9272],[-72.8471,-36.9148],[-72.8637,-36.7945]]]}},{"type":"Feature","properties":{"cod_comuna":8102,"codregion":8,"Comuna":"Coronel","Provincia":"Concepción","Region":"Región del Bío-Bío"},"geometry":{"type":"MultiPolygon","coordinates":[[[[-73.1534,-36.9048],[-73.1882,-37.0011],[-73.1458,-37.0683],[-73.0796,-37.0488],[-73.0428,-37.1033],[-73.0216,-37.0718],[-72.9771,-37.0692],[-72.9556,-36.9732],[-73.0195,-36.9662],[-73.0323,-36.9531],[-73.0661,-36.9751],[-73.0865,-36.9242],[-73.1534,-36.9048]]],[[[-73.5233,-36.9722],[-73.5561,-37.0257],[-73.5199,-37.0781],[-73.5089,-37.043],[-73.4608,-37.0504],[-73.5213,-37.0069],[-73.5233,-36.9722]]]]}},{"type":"Feature","properties":{"cod_comuna":8103,"codregion":8,"Comuna":"Chiguayante","Provincia":"Concepción","Region":"Región del Bío-Bío"},"geometry":{"type":"Polygon","coordinates":[[[-72.9431,-36.9039],[-72.952,-36.8643],[-73.0636,-36.8531],[-73.0323,-36.9531],[-73.0195,-36.9662],[-72.995,-36.9154],[-72.9747,-36.9369],[-72.9431,-36.9039]]]}},{"type":"Feature","properties":{"cod_comuna":8104,"codregion":8,"Comuna":"Florida","Provincia":"Concepción","Region":"Región del Bío-Bío"},"geometry":{"type":"Polygon","coordinates":[[[-72.5935,-36.7318],[-72.6543,-36.6665],[-72.7196,-36.6554],[-72.705,-36.7048],[-72.737,-36.7287],[-72.858,-36.7467],[-72.8637,-36.7945],[-72.8471,-36.9148],[-72.8207,-36.9614],[-72.7928,-36.9413],[-72.7374,-36.9589],[-72.6848,-36.9373],[-72.6474,-36.9523],[-72.6525,-36.9217],[-72.6453,-36.8837],[-72.5683,-36.8929],[-72.5731,-36.8657],[-72.5384,-36.8496],[-72.5929,-36.8164],[-72.5935,-36.7318]]]}},{"type":"Feature","properties":{"cod_comuna":8105,"codregion":8,"Comuna":"Hualqui","Provincia":"Concepción","Region":"Región del Bío-Bío"},"geometry":{"type":"Polygon","coordinates":[[[-72.8471,-36.9148],[-72.8862,-36.9272],[-72.9276,-36.891],[-72.9431,-36.9039],[-72.9747,-36.9369],[-72.995,-36.9154],[-73.0195,-36.9662],[-72.9556,-36.9732],[-72.9771,-37.0692],[-72.9603,-37.1458],[-72.8238,-37.2],[-72.792,-37.1674],[-72.7641,-37.1381],[-72.7766,-37.077],[-72.7237,-37.0374],[-72.7749,-37.002],[-72.7374,-36.9589],[-72.7928,-36.9413],[-72.8207,-36.9614],[-72.8471,-36.9148]]]}},{"type":"Feature","properties":{"cod_comuna":8106,"codregion":8,"Comuna":"Lota","Provincia":"Concepción","Region":"Región del Bío-Bío"},"geometry":{"type":"Polygon","coordinates":[[[-73.1458,-37.0683],[-73.1855,-37.1523],[-73.1159,-37.1537],[-73.0802,-37.202],[-73.0428,-37.1033],[-73.0796,-37.0488],[-73.1458,-37.0683]]]}},{"type":"Feature","properties":{"cod_comuna":8107,"codregion":8,"Comuna":"Penco","Provincia":"Concepción","Region":"Región del Bío-Bío"},"geometry":{"type":"Polygon","coordinates":[[[-72.974,-36.6901],[-73.0097,-36.7386],[-73.0455,-36.7643],[-73.0441,-36.7669],[-73.0432,-36.7732],[-73.0402,-36.7766],[-72.9427,-36.7642],[-72.9072,-36.798],[-72.8637,-36.7945],[-72.858,-36.7467],[-72.8933,-36.7064],[-72.9106,-36.7203],[-72.974,-36.6901]]]}},{"type":"Feature","properties":{"cod_comuna":8108,"codregion":8,"Comuna":"San Pedro de la Paz","Provincia":"Concepción","Region":"Región del Bío-Bío"},"geometry":{"type":"Polygon","coordinates":[[[-73.1714,-36.8127],[-73.1534,-36.9048],[-73.0865,-36.9242],[-73.0661,-36.9751],[-73.0323,-36.9531],[-73.0636,-36.8531],[-73.0906,-36.8216],[-73.1714,-36.8127]]]}},{"type":"Feature","properties":{"cod_comuna":8109,"codregion":8,"Comuna":"Santa Juana","Provincia":"Concepción","Region":"Región del Bío-Bío"},"geometry":{"type":"Polygon","coordinates":[[[-72.9771,-37.0692],[-73.0216,-37.0718],[-73.0428,-37.1033],[-73.0802,-37.202],[-73.1186,-37.2242],[-73.0666,-37.2566],[-73.1333,-37.3569],[-73.1215,-37.4282],[-72.9833,-37.4506],[-72.9238,-37.3535],[-72.8113,-37.3444],[-72.8042,-37.3076],[-72.7499,-37.3229],[-72.729,-37.2758],[-72.7324,-37.2735],[-72.7685,-37.2125],[-72.8238,-37.2],[-72.9603,-37.1458],[-72.9771,-37.0692]]]}},{"type":"Feature","properties":{"cod_comuna":8110,"codregion":8,"Comuna":"Talcahuano","Provincia":"Concepción","Region":"Región del Bío-Bío"},"geometry":{"type":"Polygon","coordinates":[[[-73.0097,-36.7386],[-73.1073,-36.7211],[-73.0907,-36.629],[-73.117,-36.6147],[-73.1515,-36.763],[-73.0664,-36.7955],[-73.0569,-36.7778],[-73.0424,-36.7741],[-73.0432,-36.7732],[-73.0441,-36.7669],[-73.0455,-36.7643],[-73.0097,-36.7386]]]}},{"type":"Feature","properties":{"cod_comuna":8111,"codregion":8,"Comuna":"Tomé","Provincia":"Concepción","Region":"Región del Bío-Bío"},"geometry":{"type":"Polygon","coordinates":[[[-72.8825,-36.4454],[-72.9316,-36.5432],[-72.955,-36.5568],[-72.9748,-36.5262],[-73.0009,-36.5796],[-72.956,-36.6269],[-72.974,-36.6901],[-72.9106,-36.7203],[-72.8933,-36.7064],[-72.858,-36.7467],[-72.737,-36.7287],[-72.705,-36.7048],[-72.7196,-36.6554],[-72.7337,-36.6173],[-72.7983,-36.606],[-72.8278,-36.5268],[-72.8098,-36.4597],[-72.8825,-36.4454]]]}},{"type":"Feature","properties":{"cod_comuna":8112,"codregion":8,"Comuna":"Hualpén","Provincia":"Concepción","Region":"Región del Bío-Bío"},"geometry":{"type":"Polygon","coordinates":[[[-73.1515,-36.763],[-73.1893,-36.7463],[-73.2169,-36.7741],[-73.1714,-36.8127],[-73.0906,-36.8216],[-73.0686,-36.7982],[-73.0664,-36.7955],[-73.1515,-36.763]]]}},{"type":"Feature","properties":{"cod_comuna":8201,"codregion":8,"Comuna":"Lebu","Provincia":"Arauco","Region":"Región del Bío-Bío"},"geometry":{"type":"Polygon","coordinates":[[[-73.5973,-37.4396],[-73.5979,-37.5282],[-73.6803,-37.6297],[-73.6644,-37.7261],[-73.5817,-37.8163],[-73.4998,-37.6944],[-73.5194,-37.6672],[-73.4937,-37.6482],[-73.5409,-37.585],[-73.5055,-37.6154],[-73.4452,-37.552],[-73.4187,-37.4759],[-73.5044,-37.4223],[-73.5408,-37.4503],[-73.5973,-37.4396]]]}},{"type":"Feature","properties":{"cod_comuna":8202,"codregion":8,"Comuna":"Arauco","Provincia":"Arauco","Region":"Región del Bío-Bío"},"geometry":{"type":"Polygon","coordinates":[[[-73.1855,-37.1523],[-73.2686,-37.2239],[-73.3871,-37.2441],[-73.4571,-37.2046],[-73.5427,-37.2048],[-73.5881,-37.1461],[-73.6496,-37.2028],[-73.6839,-37.3353],[-73.6842,-37.3668],[-73.6318,-37.3775],[-73.5973,-37.4396],[-73.5408,-37.4503],[-73.5044,-37.4223],[-73.3987,-37.3288],[-73.3909,-37.3556],[-73.3065,-37.3597],[-73.279,-37.3296],[-73.2234,-37.357],[-73.1333,-37.3569],[-73.0666,-37.2566],[-73.1186,-37.2242],[-73.0802,-37.202],[-73.1159,-37.1537],[-73.1855,-37.1523]]]}},{"type":"Feature","properties":{"cod_comuna":8203,"codregion":8,"Comuna":"Cañete","Provincia":"Arauco","Region":"Región del Bío-Bío"},"geometry":{"type":"Polygon","coordinates":[[[-73.1141,-37.7035],[-73.2149,-37.7224],[-73.2312,-37.7468],[-73.3525,-37.6943],[-73.4248,-37.7076],[-73.4963,-37.8395],[-73.5453,-37.8698],[-73.4789,-37.9945],[-73.4607,-38.0549],[-73.4545,-38.0818],[-73.4521,-38.1163],[-73.4505,-38.1177],[-73.4491,-38.1175],[-73.4484,-38.1147],[-73.4467,-38.1157],[-73.4467,-38.1287],[-73.4443,-38.1307],[-73.4415,-38.131],[-73.4386,-38.1301],[-73.4342,-38.1268],[-73.4351,-38.1227],[-73.4326,-38.1226],[-73.4299,-38.1256],[-73.4268,-38.1277],[-73.4242,-38.1268],[-73.4207,-38.1249],[-73.4175,-38.1139],[-73.4144,-38.1132],[-73.4132,-38.1136],[-73.412,-38.1153],[-73.409,-38.1146],[-73.408,-38.1138],[-73.4048,-38.1132],[-73.4,-38.1148],[-73.3971,-38.1152],[-73.3949,-38.1161],[-73.3939,-38.118],[-73.39,-38.1172],[-73.3893,-38.119],[-73.385,-38.1217],[-73.3805,-38.1274],[-73.3786,-38.1285],[-73.3753,-38.1286],[-73.3717,-38.1274],[-73.3541,-38.1179],[-73.3479,-38.1172],[-73.3349,-38.1174],[-73.3275,-38.1169],[-73.3024,-38.1056],[-73.3115,-38.0637],[-73.252,-38.0603],[-73.3523,-37.9461],[-73.2971,-37.9404],[-73.3231,-37.9131],[-73.2585,-37.8591],[-73.2753,-37.8393],[-73.202,-37.8762],[-73.1482,-37.8479],[-73.0768,-37.8624],[-73.0454,-37.8423],[-73.0235,-37.7215],[-73.1027,-37.7264],[-73.1141,-37.7035]]]}},{"type":"Feature","properties":{"cod_comuna":8204,"codregion":8,"Comuna":"Contulmo","Provincia":"Arauco","Region":"Región del Bío-Bío"},"geometry":{"type":"Polygon","coordinates":[[[-73.0768,-37.8624],[-73.1482,-37.8479],[-73.202,-37.8762],[-73.2753,-37.8393],[-73.2585,-37.8591],[-73.3231,-37.9131],[-73.2971,-37.9404],[-73.3523,-37.9461],[-73.252,-38.0603],[-73.3115,-38.0637],[-73.3024,-38.1056],[-73.3275,-38.1169],[-73.3247,-38.121],[-73.322,-38.1257],[-73.3188,-38.1326],[-73.3171,-38.1401],[-73.3253,-38.1692],[-73.2334,-38.2431],[-73.2771,-38.2974],[-73.2012,-38.2311],[-73.1381,-38.2154],[-73.132,-38.184],[-73.0913,-38.1905],[-73.0886,-38.1425],[-73.0807,-38.0957],[-73.2063,-38.0407],[-73.1849,-37.9868],[-73.1196,-37.9584],[-73.1254,-37.8779],[-73.0768,-37.8624]]]}},{"type":"Feature","properties":{"cod_comuna":8205,"codregion":8,"Comuna":"Curanilahue","Provincia":"Arauco","Region":"Región del Bío-Bío"},"geometry":{"type":"Polygon","coordinates":[[[-73.1333,-37.3569],[-73.2234,-37.357],[-73.279,-37.3296],[-73.3065,-37.3597],[-73.3909,-37.3556],[-73.3987,-37.3288],[-73.5044,-37.4223],[-73.4187,-37.4759],[-73.4452,-37.552],[-73.3819,-37.5473],[-73.3125,-37.5943],[-73.1634,-37.6075],[-73.118,-37.6876],[-73.0682,-37.6599],[-73.0708,-37.6209],[-73.0136,-37.5584],[-73.0233,-37.4994],[-72.9833,-37.4506],[-73.1215,-37.4282],[-73.1333,-37.3569]]]}},{"type":"Feature","properties":{"cod_comuna":8206,"codregion":8,"Comuna":"Los Alamos","Provincia":"Arauco","Region":"Región del Bío-Bío"},"geometry":{"type":"Polygon","coordinates":[[[-73.118,-37.6876],[-73.1634,-37.6075],[-73.3125,-37.5943],[-73.3819,-37.5473],[-73.4452,-37.552],[-73.5055,-37.6154],[-73.5409,-37.585],[-73.4937,-37.6482],[-73.5194,-37.6672],[-73.4998,-37.6944],[-73.5817,-37.8163],[-73.5453,-37.8698],[-73.4963,-37.8395],[-73.4248,-37.7076],[-73.3525,-37.6943],[-73.2312,-37.7468],[-73.2149,-37.7224],[-73.1141,-37.7035],[-73.118,-37.6876]]]}},{"type":"Feature","properties":{"cod_comuna":8207,"codregion":8,"Comuna":"Tirúa","Provincia":"Arauco","Region":"Región del Bío-Bío"},"geometry":{"type":"Polygon","coordinates":[[[-73.5173,-38.4812],[-73.5087,-38.4838],[-73.5035,-38.4843],[-73.5007,-38.4831],[-73.4976,-38.481],[-73.4943,-38.4721],[-73.4932,-38.472],[-73.4891,-38.4733],[-73.4853,-38.4734],[-73.4843,-38.4729],[-73.4819,-38.4731],[-73.4798,-38.4728],[-73.4765,-38.4732],[-73.4738,-38.4731],[-73.4734,-38.4713],[-73.4742,-38.4671],[-73.4715,-38.4656],[-73.4732,-38.4596],[-73.4695,-38.4561],[-73.4374,-38.449],[-73.4308,-38.4313],[-73.3896,-38.41],[-73.3887,-38.4029],[-73.3833,-38.4008],[-73.3852,-38.3994],[-73.3829,-38.3989],[-73.3821,-38.4013],[-73.3781,-38.4037],[-73.3609,-38.4046],[-73.3482,-38.4119],[-73.3204,-38.4376],[-73.3143,-38.4577],[-73.3229,-38.467],[-73.3224,-38.4798],[-73.3214,-38.4824],[-73.3177,-38.4834],[-73.3142,-38.4861],[-73.3121,-38.4898],[-73.31,-38.4912],[-73.3082,-38.491],[-73.3068,-38.4923],[-73.3048,-38.4925],[-73.3036,-38.4918],[-73.3008,-38.4919],[-73.2961,-38.4905],[-73.2933,-38.4905],[-73.2908,-38.4913],[-73.2883,-38.4913],[-73.2837,-38.4893],[-73.2803,-38.4889],[-73.2746,-38.4901],[-73.2743,-38.4891],[-73.2735,-38.4816],[-73.2767,-38.4748],[-73.2746,-38.4685],[-73.2835,-38.4645],[-73.2859,-38.4596],[-73.2864,-38.4543],[-73.2884,-38.4509],[-73.2721,-38.436],[-73.309,-38.4118],[-73.3101,-38.4052],[-73.3037,-38.3945],[-73.301,-38.384],[-73.302,-38.3824],[-73.3082,-38.3818],[-73.3077,-38.3756],[-73.3095,-38.3738],[-73.3203,-38.3731],[-73.33,-38.3687],[-73.3374,-38.3693],[-73.3411,-38.3659],[-73.2334,-38.2431],[-73.3253,-38.1692],[-73.3171,-38.1401],[-73.3188,-38.1326],[-73.322,-38.1257],[-73.3248,-38.121],[-73.3276,-38.1169],[-73.3479,-38.1172],[-73.3541,-38.1179],[-73.3717,-38.1274],[-73.3754,-38.1286],[-73.3786,-38.1285],[-73.3806,-38.1274],[-73.385,-38.1217],[-73.3893,-38.119],[-73.3901,-38.1172],[-73.3939,-38.118],[-73.3949,-38.1161],[-73.3972,-38.1152],[-73.4,-38.1148],[-73.4048,-38.1132],[-73.408,-38.1138],[-73.409,-38.1146],[-73.412,-38.1153],[-73.4132,-38.1136],[-73.4144,-38.1132],[-73.4175,-38.1139],[-73.4184,-38.1152],[-73.4207,-38.1249],[-73.4243,-38.1268],[-73.4268,-38.1277],[-73.4299,-38.1256],[-73.4326,-38.1226],[-73.4351,-38.1227],[-73.4343,-38.1268],[-73.4386,-38.1301],[-73.4415,-38.131],[-73.4443,-38.1307],[-73.4467,-38.1287],[-73.4467,-38.1157],[-73.4485,-38.1147],[-73.4491,-38.1175],[-73.4506,-38.1177],[-73.4521,-38.1163],[-73.4707,-38.2343],[-73.5141,-38.2609],[-73.5173,-38.4812]]]}},{"type":"Feature","properties":{"cod_comuna":8301,"codregion":8,"Comuna":"Los Angeles","Provincia":"Bío-Bío","Region":"Región del Bío-Bío"},"geometry":{"type":"Polygon","coordinates":[[[-72.062,-37.1935],[-72.271,-37.1955],[-72.4224,-37.2145],[-72.5093,-37.249],[-72.4341,-37.3426],[-72.4817,-37.3912],[-72.6714,-37.3728],[-72.6817,-37.4758],[-72.6037,-37.5203],[-72.5747,-37.5797],[-72.531,-37.5781],[-72.4411,-37.5569],[-72.3484,-37.5692],[-72.2317,-37.6107],[-72.1753,-37.6631],[-72.1479,-37.5853],[-72.1236,-37.5648],[-72.1767,-37.5424],[-72.0422,-37.4472],[-72.1058,-37.4466],[-72.0678,-37.4001],[-72.0967,-37.3208],[-72.1366,-37.3161],[-72.0857,-37.2206],[-72.04,-37.2051],[-72.062,-37.1935]]]}},{"type":"Feature","properties":{"cod_comuna":8302,"codregion":8,"Comuna":"Antuco","Provincia":"Bío-Bío","Region":"Región del Bío-Bío"},"geometry":{"type":"Polygon","coordinates":[[[-71.2006,-37.6544],[-71.1277,-37.5872],[-71.1498,-37.5397],[-71.1185,-37.4691],[-71.1525,-37.4015],[-71.1986,-37.3823],[-71.2207,-37.2749],[-71.1874,-37.2763],[-71.1697,-37.2251],[-71.1157,-37.2077],[-71.1352,-37.1464],[-71.0962,-37.1096],[-71.2709,-37.1113],[-71.3841,-37.0671],[-71.4089,-37.0905],[-71.4971,-37.0089],[-71.5517,-37.0196],[-71.5403,-37.0637],[-71.4845,-37.1154],[-71.5139,-37.1489],[-71.5238,-37.3109],[-71.9244,-37.3486],[-71.7913,-37.3439],[-71.6418,-37.4035],[-71.5763,-37.4666],[-71.4986,-37.4543],[-71.4714,-37.4731],[-71.4152,-37.4628],[-71.3519,-37.5549],[-71.2837,-37.5844],[-71.243,-37.6584],[-71.2006,-37.6544]]]}},{"type":"Feature","properties":{"cod_comuna":8303,"codregion":8,"Comuna":"Cabrero","Provincia":"Bío-Bío","Region":"Región del Bío-Bío"},"geometry":{"type":"Polygon","coordinates":[[[-72.3854,-36.9119],[-72.4615,-36.9272],[-72.4514,-36.9083],[-72.5023,-36.8957],[-72.517,-36.9395],[-72.5327,-37.0979],[-72.4707,-37.1162],[-72.5116,-37.1354],[-72.4423,-37.1495],[-72.4224,-37.2145],[-72.271,-37.1955],[-72.2614,-37.0926],[-72.1872,-37.0531],[-72.1947,-37.0273],[-72.3254,-36.9817],[-72.3854,-36.9119]]]}},{"type":"Feature","properties":{"cod_comuna":8304,"codregion":8,"Comuna":"Laja","Provincia":"Bío-Bío","Region":"Región del Bío-Bío"},"geometry":{"type":"Polygon","coordinates":[[[-72.5093,-37.249],[-72.642,-37.2376],[-72.7324,-37.2735],[-72.729,-37.2758],[-72.6714,-37.3728],[-72.4817,-37.3912],[-72.4341,-37.3426],[-72.5093,-37.249]]]}},{"type":"Feature","properties":{"cod_comuna":8305,"codregion":8,"Comuna":"Mulchén","Provincia":"Bío-Bío","Region":"Región del Bío-Bío"},"geometry":{"type":"Polygon","coordinates":[[[-72.1753,-37.6631],[-72.2317,-37.6107],[-72.3484,-37.5692],[-72.4411,-37.5569],[-72.531,-37.5781],[-72.4817,-37.5847],[-72.4916,-37.6554],[-72.4625,-37.765],[-72.4002,-37.8426],[-72.3177,-37.8816],[-72.2455,-37.8784],[-72.1009,-37.9988],[-72.0485,-38.0141],[-71.9663,-37.9939],[-71.8802,-38.0779],[-71.7766,-38.0303],[-71.734,-38.0435],[-71.7007,-38.0695],[-71.7067,-38.1886],[-71.6133,-38.1087],[-71.6498,-38.0427],[-71.6415,-37.9598],[-71.9199,-37.8427],[-71.9698,-37.8084],[-71.9921,-37.7338],[-72.1571,-37.664],[-72.1753,-37.6631]]]}},{"type":"Feature","properties":{"cod_comuna":8306,"codregion":8,"Comuna":"Nacimiento","Provincia":"Bío-Bío","Region":"Región del Bío-Bío"},"geometry":{"type":"Polygon","coordinates":[[[-72.6714,-37.3728],[-72.729,-37.2758],[-72.7499,-37.3229],[-72.8042,-37.3076],[-72.8113,-37.3444],[-72.9238,-37.3535],[-72.9833,-37.4506],[-73.0233,-37.4994],[-73.0136,-37.5584],[-73.0708,-37.6209],[-72.927,-37.6196],[-72.7761,-37.5817],[-72.7095,-37.6244],[-72.6534,-37.6207],[-72.6528,-37.5344],[-72.6037,-37.5203],[-72.6817,-37.4758],[-72.6714,-37.3728]]]}},{"type":"Feature","properties":{"cod_comuna":8307,"codregion":8,"Comuna":"Negrete","Provincia":"Bío-Bío","Region":"Región del Bío-Bío"},"geometry":{"type":"Polygon","coordinates":[[[-72.531,-37.5781],[-72.5747,-37.5797],[-72.6037,-37.5203],[-72.6528,-37.5344],[-72.6534,-37.6207],[-72.6494,-37.6651],[-72.4916,-37.6554],[-72.4817,-37.5847],[-72.531,-37.5781]]]}},{"type":"Feature","properties":{"cod_comuna":8308,"codregion":8,"Comuna":"Quilaco","Provincia":"Bío-Bío","Region":"Región del Bío-Bío"},"geometry":{"type":"Polygon","coordinates":[[[-71.681,-37.8073],[-71.8228,-37.7094],[-71.894,-37.7158],[-72.0855,-37.648],[-72.1571,-37.664],[-71.9921,-37.7338],[-71.9698,-37.8084],[-71.9199,-37.8427],[-71.6415,-37.9598],[-71.6498,-38.0427],[-71.6133,-38.1087],[-71.7067,-38.1886],[-71.7156,-38.2101],[-71.688,-38.2453],[-71.7094,-38.266],[-71.643,-38.3136],[-71.6086,-38.2409],[-71.554,-38.2462],[-71.5318,-38.204],[-71.436,-38.177],[-71.4131,-38.1073],[-71.4831,-38.0046],[-71.5519,-37.984],[-71.5683,-37.9317],[-71.6747,-37.8676],[-71.6803,-37.8081],[-71.681,-37.8073]]]}},{"type":"Feature","properties":{"cod_comuna":8309,"codregion":8,"Comuna":"Quilleco","Provincia":"Bío-Bío","Region":"Región del Bío-Bío"},"geometry":{"type":"Polygon","coordinates":[[[-71.9244,-37.3486],[-72.04,-37.2051],[-72.0857,-37.2206],[-72.1366,-37.3161],[-72.0967,-37.3208],[-72.0678,-37.4001],[-72.1058,-37.4466],[-72.0422,-37.4472],[-72.1767,-37.5424],[-72.1236,-37.5648],[-72.1479,-37.5853],[-71.9728,-37.5318],[-71.8974,-37.5495],[-71.8569,-37.5128],[-71.7918,-37.5035],[-71.704,-37.5406],[-71.5481,-37.5416],[-71.4874,-37.5709],[-71.4627,-37.5587],[-71.4714,-37.4731],[-71.4986,-37.4543],[-71.5763,-37.4666],[-71.6418,-37.4035],[-71.7913,-37.3439],[-71.9244,-37.3486]]]}},{"type":"Feature","properties":{"cod_comuna":8310,"codregion":8,"Comuna":"San Rosendo","Provincia":"Bío-Bío","Region":"Región del Bío-Bío"},"geometry":{"type":"Polygon","coordinates":[[[-72.792,-37.1674],[-72.8238,-37.2],[-72.7685,-37.2125],[-72.7324,-37.2735],[-72.642,-37.2376],[-72.6725,-37.1727],[-72.7513,-37.195],[-72.792,-37.1674]]]}},{"type":"Feature","properties":{"cod_comuna":8311,"codregion":8,"Comuna":"Santa Bárbara","Provincia":"Bío-Bío","Region":"Región del Bío-Bío"},"geometry":{"type":"Polygon","coordinates":[[[-71.6808,-37.8075],[-71.6799,-37.8069],[-71.678,-37.8076],[-71.6728,-37.8046],[-71.665,-37.7948],[-71.6584,-37.7667],[-71.5995,-37.753],[-71.5822,-37.6803],[-71.5464,-37.6873],[-71.4967,-37.6396],[-71.3847,-37.6336],[-71.3909,-37.5784],[-71.3519,-37.5549],[-71.4152,-37.4628],[-71.4714,-37.4731],[-71.4627,-37.5587],[-71.4874,-37.5709],[-71.5481,-37.5416],[-71.704,-37.5406],[-71.7918,-37.5035],[-71.8569,-37.5128],[-71.8974,-37.5495],[-71.9728,-37.5318],[-72.1479,-37.5853],[-72.1753,-37.6631],[-72.1571,-37.664],[-72.0855,-37.648],[-71.894,-37.7158],[-71.8228,-37.7094],[-71.681,-37.8073],[-71.6808,-37.8075]]]}},{"type":"Feature","properties":{"cod_comuna":8312,"codregion":8,"Comuna":"Tucapel","Provincia":"Bío-Bío","Region":"Región del Bío-Bío"},"geometry":{"type":"Polygon","coordinates":[[[-71.9244,-37.3486],[-71.5238,-37.3109],[-71.5139,-37.1489],[-71.4845,-37.1154],[-71.5403,-37.0637],[-71.5625,-37.1339],[-71.6871,-37.1444],[-71.7971,-37.1087],[-71.8899,-37.1826],[-71.9912,-37.1931],[-72.0358,-37.1656],[-72.0663,-37.1679],[-72.062,-37.1935],[-72.04,-37.2051],[-71.9244,-37.3486]]]}},{"type":"Feature","properties":{"cod_comuna":8313,"codregion":8,"Comuna":"Yumbel","Provincia":"Bío-Bío","Region":"Región del Bío-Bío"},"geometry":{"type":"Polygon","coordinates":[[[-72.517,-36.9395],[-72.6525,-36.9217],[-72.6474,-36.9523],[-72.6848,-36.9373],[-72.7374,-36.9589],[-72.7749,-37.002],[-72.7237,-37.0374],[-72.7766,-37.077],[-72.7641,-37.1381],[-72.792,-37.1674],[-72.7513,-37.195],[-72.6725,-37.1727],[-72.642,-37.2376],[-72.5093,-37.249],[-72.4224,-37.2145],[-72.4423,-37.1495],[-72.5116,-37.1354],[-72.4707,-37.1162],[-72.5327,-37.0979],[-72.517,-36.9395]]]}},{"type":"Feature","properties":{"cod_comuna":8314,"codregion":8,"Comuna":"Alto Biobío","Provincia":"Bío-Bío","Region":"Región del Bío-Bío"},"geometry":{"type":"Polygon","coordinates":[[[-71.2006,-37.6544],[-71.243,-37.6584],[-71.2837,-37.5844],[-71.3519,-37.5549],[-71.3909,-37.5784],[-71.3847,-37.6336],[-71.4967,-37.6396],[-71.5464,-37.6873],[-71.5822,-37.6803],[-71.5995,-37.753],[-71.6584,-37.7667],[-71.665,-37.7948],[-71.6728,-37.8046],[-71.678,-37.8076],[-71.6799,-37.8069],[-71.6808,-37.8075],[-71.6803,-37.8081],[-71.6747,-37.8676],[-71.5683,-37.9317],[-71.5519,-37.984],[-71.4831,-38.0046],[-71.4131,-38.1073],[-71.3555,-38.0843],[-71.2829,-38.1104],[-71.12,-38.1055],[-71.1157,-38.0999],[-71.0853,-38.0896],[-71.0435,-38.1226],[-70.9886,-38.1097],[-70.989,-38.0879],[-71.0561,-38.0437],[-71.0616,-37.9711],[-71.1142,-37.9517],[-71.1069,-37.8918],[-71.1834,-37.8584],[-71.1259,-37.8202],[-71.2093,-37.6984],[-71.2006,-37.6544]]]}},{"type":"Feature","properties":{"cod_comuna":9101,"codregion":9,"Comuna":"Temuco","Provincia":"Cautín","Region":"Región de La Araucanía"},"geometry":{"type":"Polygon","coordinates":[[[-72.8248,-38.7782],[-72.6183,-38.7624],[-72.5109,-38.6849],[-72.4694,-38.6451],[-72.5702,-38.6369],[-72.5893,-38.5826],[-72.6395,-38.5517],[-72.7088,-38.5494],[-72.7659,-38.5843],[-72.7567,-38.6539],[-72.8156,-38.7145],[-72.8248,-38.7782]]]}},{"type":"Feature","properties":{"cod_comuna":9102,"codregion":9,"Comuna":"Carahue","Provincia":"Cautín","Region":"Región de La Araucanía"},"geometry":{"type":"Polygon","coordinates":[[[-73.5173,-38.4812],[-73.4886,-38.6569],[-73.4278,-38.7631],[-73.3617,-38.7516],[-73.3495,-38.6976],[-73.2715,-38.7017],[-73.2428,-38.7256],[-73.2627,-38.7813],[-73.1723,-38.8225],[-73.1846,-38.901],[-73.0949,-38.9017],[-73.101,-38.8222],[-73.0643,-38.7667],[-73.1259,-38.5686],[-73.0506,-38.4963],[-73.0504,-38.4958],[-73.0589,-38.4775],[-73.1149,-38.4425],[-73.1363,-38.4712],[-73.1511,-38.3993],[-73.2211,-38.3964],[-73.2382,-38.4486],[-73.2755,-38.4499],[-73.2833,-38.4547],[-73.2858,-38.458],[-73.2746,-38.4685],[-73.2767,-38.4748],[-73.2735,-38.4816],[-73.2743,-38.4891],[-73.2746,-38.4901],[-73.2803,-38.4889],[-73.2837,-38.4893],[-73.2883,-38.4913],[-73.2908,-38.4913],[-73.2932,-38.4905],[-73.296,-38.4905],[-73.3008,-38.4919],[-73.3036,-38.4918],[-73.3047,-38.4925],[-73.3068,-38.4923],[-73.3082,-38.491],[-73.31,-38.4912],[-73.3121,-38.4898],[-73.3141,-38.4861],[-73.3177,-38.4834],[-73.3214,-38.4824],[-73.3224,-38.4798],[-73.3143,-38.4577],[-73.3204,-38.4376],[-73.3482,-38.4119],[-73.3609,-38.4046],[-73.3781,-38.4037],[-73.3829,-38.3989],[-73.3852,-38.3994],[-73.3833,-38.4008],[-73.3887,-38.4029],[-73.3895,-38.41],[-73.4308,-38.4313],[-73.4374,-38.449],[-73.4695,-38.4561],[-73.4732,-38.4596],[-73.4715,-38.4656],[-73.4742,-38.4671],[-73.4733,-38.4713],[-73.4738,-38.4731],[-73.4765,-38.4732],[-73.4798,-38.4728],[-73.4819,-38.4731],[-73.4843,-38.4729],[-73.4853,-38.4734],[-73.4891,-38.4733],[-73.4932,-38.472],[-73.4943,-38.4721],[-73.4951,-38.4766],[-73.4976,-38.481],[-73.5007,-38.4831],[-73.5035,-38.4843],[-73.5087,-38.4838],[-73.5173,-38.4812]]]}},{"type":"Feature","properties":{"cod_comuna":9103,"codregion":9,"Comuna":"Cunco","Provincia":"Cautín","Region":"Región de La Araucanía"},"geometry":{"type":"Polygon","coordinates":[[[-71.5603,-39.0027],[-71.685,-39.0133],[-71.768,-38.9052],[-71.8103,-38.875],[-71.8542,-38.8844],[-71.7587,-38.7259],[-71.8292,-38.7804],[-71.8874,-38.7847],[-71.8811,-38.8239],[-71.9496,-38.7964],[-72.0704,-38.8294],[-72.1791,-38.8038],[-72.3439,-38.8507],[-72.3319,-38.903],[-72.3381,-38.9199],[-72.3581,-39.0062],[-72.301,-39.032],[-72.3111,-39.0615],[-72.2671,-39.1113],[-72.1391,-39.1025],[-72.0446,-39.1416],[-71.9609,-39.1205],[-71.9102,-39.1607],[-71.8737,-39.1822],[-71.8618,-39.1514],[-71.7425,-39.1],[-71.6642,-39.1273],[-71.6157,-39.1069],[-71.6322,-39.0801],[-71.5342,-39.0674],[-71.5603,-39.0027]]]}},{"type":"Feature","properties":{"cod_comuna":9104,"codregion":9,"Comuna":"Curarrehue","Provincia":"Cautín","Region":"Región de La Araucanía"},"geometry":{"type":"Polygon","coordinates":[[[-71.679,-39.5656],[-71.5771,-39.6357],[-71.5026,-39.6371],[-71.4608,-39.5825],[-71.4702,-39.552],[-71.5038,-39.5588],[-71.5342,-39.5272],[-71.4731,-39.492],[-71.4575,-39.3716],[-71.3994,-39.3497],[-71.3737,-39.2824],[-71.4212,-39.1512],[-71.3972,-39.046],[-71.4405,-38.9779],[-71.5603,-39.0027],[-71.5342,-39.0674],[-71.5472,-39.1607],[-71.5039,-39.1843],[-71.5174,-39.2263],[-71.6394,-39.2603],[-71.6354,-39.3514],[-71.7446,-39.3346],[-71.7161,-39.3632],[-71.7459,-39.3766],[-71.7188,-39.4936],[-71.679,-39.5656]]]}},{"type":"Feature","properties":{"cod_comuna":9105,"codregion":9,"Comuna":"Freire","Provincia":"Cautín","Region":"Región de La Araucanía"},"geometry":{"type":"Polygon","coordinates":[[[-72.3338,-38.9081],[-72.3371,-38.9073],[-72.3437,-38.9033],[-72.3464,-38.9032],[-72.3496,-38.8993],[-72.4339,-38.8794],[-72.51,-38.8775],[-72.5137,-38.8659],[-72.5662,-38.8731],[-72.6367,-38.8258],[-72.7168,-38.8459],[-72.8132,-38.8265],[-72.8184,-38.9053],[-72.8727,-38.9132],[-72.9148,-39.0221],[-72.8214,-39.035],[-72.7696,-38.9959],[-72.7039,-39.0048],[-72.6399,-38.972],[-72.529,-39.0088],[-72.4954,-39.0724],[-72.3694,-39.1196],[-72.3111,-39.0615],[-72.301,-39.032],[-72.3581,-39.0062],[-72.3381,-38.9199],[-72.3338,-38.9081]]]}},{"type":"Feature","properties":{"cod_comuna":9106,"codregion":9,"Comuna":"Galvarino","Provincia":"Cautín","Region":"Región de La Araucanía"},"geometry":{"type":"Polygon","coordinates":[[[-72.6403,-38.4275],[-72.6902,-38.4173],[-72.6737,-38.3872],[-72.7498,-38.3637],[-72.7795,-38.3205],[-72.8985,-38.3558],[-72.9557,-38.3603],[-73.0041,-38.4103],[-72.9879,-38.4617],[-72.8115,-38.5141],[-72.7949,-38.5898],[-72.7659,-38.5843],[-72.7088,-38.5494],[-72.6395,-38.5517],[-72.6106,-38.4528],[-72.6403,-38.4275]]]}},{"type":"Feature","properties":{"cod_comuna":9107,"codregion":9,"Comuna":"Gorbea","Provincia":"Cautín","Region":"Región de La Araucanía"},"geometry":{"type":"Polygon","coordinates":[[[-72.4077,-39.2149],[-72.5049,-39.1163],[-72.7308,-39.032],[-72.7806,-39.1023],[-72.8158,-39.0992],[-72.8282,-39.1483],[-72.9287,-39.144],[-72.8642,-39.2166],[-72.8668,-39.2878],[-72.8529,-39.2903],[-72.8364,-39.2511],[-72.7336,-39.2688],[-72.6755,-39.2446],[-72.5387,-39.2771],[-72.5579,-39.2349],[-72.4586,-39.2584],[-72.4077,-39.2149]]]}},{"type":"Feature","properties":{"cod_comuna":9108,"codregion":9,"Comuna":"Lautaro","Provincia":"Cautín","Region":"Región de La Araucanía"},"geometry":{"type":"Polygon","coordinates":[[[-72.0865,-38.425],[-72.2623,-38.4515],[-72.346,-38.4825],[-72.4767,-38.4756],[-72.529,-38.5141],[-72.6106,-38.4528],[-72.6395,-38.5517],[-72.5893,-38.5826],[-72.5702,-38.6369],[-72.4694,-38.6451],[-72.4406,-38.6702],[-72.2538,-38.5578],[-72.0062,-38.6206],[-71.8874,-38.6031],[-71.8524,-38.57],[-71.9444,-38.529],[-72.1114,-38.508],[-72.0865,-38.425]]]}},{"type":"Feature","properties":{"cod_comuna":9109,"codregion":9,"Comuna":"Loncoche","Provincia":"Cautín","Region":"Región de La Araucanía"},"geometry":{"type":"Polygon","coordinates":[[[-72.8336,-39.4115],[-72.7932,-39.405],[-72.79,-39.431],[-72.7428,-39.4415],[-72.7134,-39.426],[-72.658,-39.4603],[-72.5324,-39.4337],[-72.5171,-39.477],[-72.3323,-39.5096],[-72.2996,-39.497],[-72.3542,-39.4614],[-72.3396,-39.3991],[-72.4368,-39.3627],[-72.3481,-39.3361],[-72.3935,-39.2691],[-72.3469,-39.2292],[-72.4077,-39.2149],[-72.4586,-39.2584],[-72.5579,-39.2349],[-72.5387,-39.2771],[-72.6755,-39.2446],[-72.7336,-39.2688],[-72.8364,-39.2511],[-72.8529,-39.2903],[-72.8336,-39.3158],[-72.8997,-39.3804],[-72.897,-39.4325],[-72.8674,-39.3983],[-72.8336,-39.4115]]]}},{"type":"Feature","properties":{"cod_comuna":9110,"codregion":9,"Comuna":"Melipeuco","Provincia":"Cautín","Region":"Región de La Araucanía"},"geometry":{"type":"Polygon","coordinates":[[[-71.4405,-38.9779],[-71.4335,-38.9291],[-71.3943,-38.9096],[-71.4163,-38.8472],[-71.3956,-38.819],[-71.5367,-38.7148],[-71.4919,-38.6626],[-71.5909,-38.5932],[-71.6847,-38.6088],[-71.6821,-38.6684],[-71.7587,-38.7259],[-71.8542,-38.8844],[-71.8103,-38.875],[-71.768,-38.9052],[-71.685,-39.0133],[-71.5603,-39.0027],[-71.4405,-38.9779]]]}},{"type":"Feature","properties":{"cod_comuna":9111,"codregion":9,"Comuna":"Nueva Imperial","Provincia":"Cautín","Region":"Región de La Araucanía"},"geometry":{"type":"Polygon","coordinates":[[[-72.8156,-38.7145],[-72.946,-38.6317],[-72.9539,-38.6293],[-73.0068,-38.6487],[-73.047,-38.6269],[-73.0078,-38.5056],[-73.0502,-38.4963],[-73.0506,-38.4962],[-73.0506,-38.4963],[-73.1259,-38.5686],[-73.0643,-38.7667],[-73.101,-38.8222],[-73.0949,-38.9017],[-72.8888,-38.889],[-72.8727,-38.9132],[-72.8184,-38.9053],[-72.8132,-38.8265],[-72.8403,-38.8088],[-72.8248,-38.7782],[-72.8156,-38.7145]]]}},{"type":"Feature","properties":{"cod_comuna":9112,"codregion":9,"Comuna":"Padre Las Casas","Provincia":"Cautín","Region":"Región de La Araucanía"},"geometry":{"type":"Polygon","coordinates":[[[-72.3439,-38.8507],[-72.4343,-38.8423],[-72.4514,-38.8203],[-72.3795,-38.738],[-72.4717,-38.7269],[-72.4488,-38.7009],[-72.5109,-38.6849],[-72.6183,-38.7624],[-72.8248,-38.7782],[-72.8403,-38.8088],[-72.8132,-38.8265],[-72.7168,-38.8459],[-72.6367,-38.8258],[-72.5662,-38.8731],[-72.5137,-38.8659],[-72.51,-38.8775],[-72.4339,-38.8794],[-72.3496,-38.8993],[-72.3464,-38.9032],[-72.3437,-38.9033],[-72.3371,-38.9073],[-72.3338,-38.9081],[-72.3319,-38.903],[-72.3439,-38.8507]]]}},{"type":"Feature","properties":{"cod_comuna":9113,"codregion":9,"Comuna":"Perquenco","Provincia":"Cautín","Region":"Región de La Araucanía"},"geometry":{"type":"Polygon","coordinates":[[[-72.2623,-38.4515],[-72.2364,-38.3822],[-72.2719,-38.4034],[-72.3873,-38.352],[-72.5233,-38.3592],[-72.5487,-38.4185],[-72.6403,-38.4275],[-72.6106,-38.4528],[-72.529,-38.5141],[-72.4767,-38.4756],[-72.346,-38.4825],[-72.2623,-38.4515]]]}},{"type":"Feature","properties":{"cod_comuna":9114,"codregion":9,"Comuna":"Pitrufquén","Provincia":"Cautín","Region":"Región de La Araucanía"},"geometry":{"type":"Polygon","coordinates":[[[-72.3694,-39.1196],[-72.4954,-39.0724],[-72.529,-39.0088],[-72.6399,-38.972],[-72.7039,-39.0048],[-72.7696,-38.9959],[-72.8214,-39.035],[-72.9148,-39.0221],[-72.9969,-39.0202],[-72.9877,-39.1099],[-72.9287,-39.144],[-72.8282,-39.1483],[-72.8158,-39.0992],[-72.7806,-39.1023],[-72.7308,-39.032],[-72.5049,-39.1163],[-72.4077,-39.2149],[-72.3469,-39.2292],[-72.3108,-39.2271],[-72.3694,-39.1196]]]}},{"type":"Feature","properties":{"cod_comuna":9115,"codregion":9,"Comuna":"Pucón","Provincia":"Cautín","Region":"Región de La Araucanía"},"geometry":{"type":"Polygon","coordinates":[[[-71.5342,-39.0674],[-71.6322,-39.0801],[-71.6157,-39.1069],[-71.6642,-39.1273],[-71.7425,-39.1],[-71.8618,-39.1514],[-71.8737,-39.1822],[-71.9102,-39.1607],[-72.0459,-39.2079],[-72.0682,-39.3034],[-71.9864,-39.413],[-71.9393,-39.4202],[-71.8614,-39.4352],[-71.7608,-39.5085],[-71.7188,-39.4936],[-71.7459,-39.3766],[-71.7161,-39.3632],[-71.7446,-39.3346],[-71.6354,-39.3514],[-71.6394,-39.2603],[-71.5174,-39.2263],[-71.5039,-39.1843],[-71.5472,-39.1607],[-71.5342,-39.0674]]]}},{"type":"Feature","properties":{"cod_comuna":9116,"codregion":9,"Comuna":"Saavedra","Provincia":"Cautín","Region":"Región de La Araucanía"},"geometry":{"type":"Polygon","coordinates":[[[-73.4278,-38.7631],[-73.3304,-38.9665],[-73.2867,-38.9282],[-73.2092,-38.9591],[-73.1846,-38.901],[-73.1723,-38.8225],[-73.2627,-38.7813],[-73.2428,-38.7256],[-73.2715,-38.7017],[-73.3495,-38.6976],[-73.3617,-38.7516],[-73.4278,-38.7631]]]}},{"type":"Feature","properties":{"cod_comuna":9117,"codregion":9,"Comuna":"Teodoro Schmidt","Provincia":"Cautín","Region":"Región de La Araucanía"},"geometry":{"type":"Polygon","coordinates":[[[-73.0949,-38.9017],[-73.1846,-38.901],[-73.2092,-38.9591],[-73.2867,-38.9282],[-73.3304,-38.9665],[-73.2252,-39.256],[-73.2332,-39.2078],[-73.1801,-39.188],[-73.1614,-39.1492],[-73.1853,-39.1165],[-73.1228,-39.044],[-73.0741,-39.0089],[-72.9969,-39.0202],[-72.9148,-39.0221],[-72.8727,-38.9132],[-72.8888,-38.889],[-73.0949,-38.9017]]]}},{"type":"Feature","properties":{"cod_comuna":9118,"codregion":9,"Comuna":"Toltén","Provincia":"Cautín","Region":"Región de La Araucanía"},"geometry":{"type":"Polygon","coordinates":[[[-73.2252,-39.256],[-73.2039,-39.3701],[-73.2426,-39.3903],[-73.16,-39.4159],[-73.087,-39.3891],[-73.0231,-39.2979],[-72.9452,-39.317],[-72.8668,-39.2878],[-72.8642,-39.2166],[-72.9287,-39.144],[-72.9877,-39.1099],[-72.9969,-39.0202],[-73.0741,-39.0089],[-73.1228,-39.044],[-73.1853,-39.1165],[-73.1614,-39.1492],[-73.1801,-39.188],[-73.2332,-39.2078],[-73.2252,-39.256]]]}},{"type":"Feature","properties":{"cod_comuna":9119,"codregion":9,"Comuna":"Vilcún","Provincia":"Cautín","Region":"Región de La Araucanía"},"geometry":{"type":"Polygon","coordinates":[[[-71.8524,-38.57],[-71.8874,-38.6031],[-72.0062,-38.6206],[-72.2538,-38.5578],[-72.4406,-38.6702],[-72.4694,-38.6451],[-72.5109,-38.6849],[-72.4488,-38.7009],[-72.4717,-38.7269],[-72.3795,-38.738],[-72.4514,-38.8203],[-72.4343,-38.8423],[-72.3439,-38.8507],[-72.1791,-38.8038],[-72.0704,-38.8294],[-71.9496,-38.7964],[-71.8811,-38.8239],[-71.8874,-38.7847],[-71.8292,-38.7804],[-71.7587,-38.7259],[-71.6821,-38.6684],[-71.8,-38.6369],[-71.8524,-38.57]]]}},{"type":"Feature","properties":{"cod_comuna":9120,"codregion":9,"Comuna":"Villarrica","Provincia":"Cautín","Region":"Región de La Araucanía"},"geometry":{"type":"Polygon","coordinates":[[[-72.2996,-39.497],[-72.2204,-39.4671],[-72.269,-39.513],[-72.1469,-39.5209],[-71.9393,-39.4202],[-71.9864,-39.413],[-72.0682,-39.3034],[-72.0459,-39.2079],[-71.9102,-39.1607],[-71.9609,-39.1205],[-72.0446,-39.1416],[-72.1391,-39.1025],[-72.2671,-39.1113],[-72.3111,-39.0615],[-72.3694,-39.1196],[-72.3108,-39.2271],[-72.3469,-39.2292],[-72.3935,-39.2691],[-72.3481,-39.3361],[-72.4368,-39.3627],[-72.3396,-39.3991],[-72.3542,-39.4614],[-72.2996,-39.497]]]}},{"type":"Feature","properties":{"cod_comuna":9121,"codregion":9,"Comuna":"Cholchol","Provincia":"Cautín","Region":"Región de La Araucanía"},"geometry":{"type":"Polygon","coordinates":[[[-72.7659,-38.5843],[-72.7949,-38.5898],[-72.8115,-38.5141],[-72.9879,-38.4617],[-73.0589,-38.4775],[-73.0504,-38.4958],[-73.0506,-38.4962],[-73.0502,-38.4963],[-73.0078,-38.5056],[-73.047,-38.6269],[-73.0068,-38.6487],[-72.9539,-38.6293],[-72.946,-38.6317],[-72.8156,-38.7145],[-72.7567,-38.6539],[-72.7659,-38.5843]]]}},{"type":"Feature","properties":{"cod_comuna":9201,"codregion":9,"Comuna":"Angol","Provincia":"Malleco","Region":"Región de La Araucanía"},"geometry":{"type":"Polygon","coordinates":[[[-72.7095,-37.6244],[-72.7761,-37.5817],[-72.927,-37.6196],[-73.0708,-37.6209],[-73.0682,-37.6599],[-73.118,-37.6876],[-73.1141,-37.7035],[-73.1027,-37.7264],[-73.0235,-37.7215],[-73.0454,-37.8423],[-73.0134,-37.8592],[-72.803,-37.8376],[-72.7774,-37.8936],[-72.692,-37.9167],[-72.6521,-37.8959],[-72.6032,-38.0211],[-72.5739,-38.0226],[-72.5379,-37.9353],[-72.5058,-37.9255],[-72.5287,-37.8883],[-72.4965,-37.8266],[-72.5285,-37.8366],[-72.6261,-37.7342],[-72.71,-37.6926],[-72.7095,-37.6244]]]}},{"type":"Feature","properties":{"cod_comuna":9202,"codregion":9,"Comuna":"Collipulli","Provincia":"Malleco","Region":"Región de La Araucanía"},"geometry":{"type":"Polygon","coordinates":[[[-71.7067,-38.1886],[-71.7007,-38.0695],[-71.734,-38.0435],[-71.7766,-38.0303],[-71.8802,-38.0779],[-71.9663,-37.9939],[-72.0485,-38.0141],[-72.1009,-37.9988],[-72.2455,-37.8784],[-72.3177,-37.8816],[-72.4002,-37.8426],[-72.4625,-37.765],[-72.4617,-37.7846],[-72.5256,-37.7778],[-72.4965,-37.8266],[-72.5287,-37.8883],[-72.5058,-37.9255],[-72.5379,-37.9353],[-72.4809,-37.9452],[-72.5026,-37.9779],[-72.4821,-37.9963],[-72.4322,-37.9669],[-72.3391,-38.0504],[-71.9845,-38.1772],[-71.93,-38.1975],[-71.7156,-38.2101],[-71.7067,-38.1886]]]}},{"type":"Feature","properties":{"cod_comuna":9203,"codregion":9,"Comuna":"Curacautín","Provincia":"Malleco","Region":"Región de La Araucanía"},"geometry":{"type":"Polygon","coordinates":[[[-71.7156,-38.2101],[-71.93,-38.1975],[-71.978,-38.3582],[-72.0865,-38.425],[-72.1114,-38.508],[-71.9444,-38.529],[-71.8524,-38.57],[-71.8,-38.6369],[-71.6821,-38.6684],[-71.6847,-38.6088],[-71.5909,-38.5932],[-71.4695,-38.5301],[-71.4497,-38.4714],[-71.4845,-38.4362],[-71.4763,-38.3895],[-71.5219,-38.3636],[-71.59,-38.3792],[-71.643,-38.3136],[-71.7094,-38.266],[-71.688,-38.2453],[-71.7156,-38.2101]]]}},{"type":"Feature","properties":{"cod_comuna":9204,"codregion":9,"Comuna":"Ercilla","Provincia":"Malleco","Region":"Región de La Araucanía"},"geometry":{"type":"Polygon","coordinates":[[[-71.9845,-38.1772],[-72.3391,-38.0504],[-72.4322,-37.9669],[-72.4821,-37.9963],[-72.5026,-37.9779],[-72.4809,-37.9452],[-72.5379,-37.9353],[-72.5739,-38.0226],[-72.5634,-38.0735],[-72.4632,-38.0981],[-72.4502,-38.1476],[-71.9845,-38.1772]]]}},{"type":"Feature","properties":{"cod_comuna":9205,"codregion":9,"Comuna":"Lonquimay","Provincia":"Malleco","Region":"Región de La Araucanía"},"geometry":{"type":"Polygon","coordinates":[[[-71.12,-38.1055],[-71.2829,-38.1104],[-71.3555,-38.0843],[-71.4131,-38.1073],[-71.436,-38.177],[-71.5318,-38.204],[-71.554,-38.2462],[-71.6086,-38.2409],[-71.643,-38.3136],[-71.59,-38.3792],[-71.5219,-38.3636],[-71.4763,-38.3895],[-71.4845,-38.4362],[-71.4497,-38.4714],[-71.4695,-38.5301],[-71.5909,-38.5932],[-71.4919,-38.6626],[-71.5367,-38.7148],[-71.3956,-38.819],[-71.4163,-38.8472],[-71.3943,-38.9096],[-71.2681,-38.853],[-71.2385,-38.8022],[-71.1859,-38.8145],[-71.0957,-38.7549],[-70.9251,-38.7635],[-70.8835,-38.7018],[-70.9033,-38.6678],[-70.8286,-38.599],[-70.8417,-38.5395],[-70.9835,-38.4311],[-70.997,-38.2915],[-71.0323,-38.2499],[-70.9956,-38.1707],[-71.0435,-38.1226],[-71.0853,-38.0896],[-71.1157,-38.0999],[-71.12,-38.1055]]]}},{"type":"Feature","properties":{"cod_comuna":9206,"codregion":9,"Comuna":"Los Sauces","Provincia":"Malleco","Region":"Región de La Araucanía"},"geometry":{"type":"Polygon","coordinates":[[[-72.5739,-38.0226],[-72.6032,-38.0211],[-72.6521,-37.8959],[-72.692,-37.9167],[-72.7774,-37.8936],[-72.803,-37.8376],[-73.0134,-37.8592],[-73.0314,-37.9118],[-72.8905,-38.0736],[-72.8586,-38.133],[-72.7885,-38.1241],[-72.7403,-38.0918],[-72.6392,-38.1218],[-72.5634,-38.0735],[-72.5739,-38.0226]]]}},{"type":"Feature","properties":{"cod_comuna":9207,"codregion":9,"Comuna":"Lumaco","Provincia":"Malleco","Region":"Región de La Araucanía"},"geometry":{"type":"Polygon","coordinates":[[[-72.7885,-38.1241],[-72.8586,-38.133],[-72.8905,-38.0736],[-72.9432,-38.1247],[-72.9926,-38.1101],[-73.0485,-38.1566],[-73.0886,-38.1425],[-73.0913,-38.1905],[-73.132,-38.184],[-73.1381,-38.2154],[-73.2012,-38.2311],[-73.2771,-38.2974],[-73.3411,-38.3659],[-73.3095,-38.3738],[-73.3076,-38.3756],[-73.3081,-38.3818],[-73.3019,-38.3824],[-73.301,-38.384],[-73.3011,-38.3862],[-73.3036,-38.3945],[-73.3101,-38.4052],[-73.309,-38.4118],[-73.2721,-38.436],[-73.2884,-38.4509],[-73.2864,-38.4543],[-73.2858,-38.458],[-73.2833,-38.4547],[-73.2755,-38.4499],[-73.2382,-38.4486],[-73.2211,-38.3964],[-73.1511,-38.3993],[-73.1363,-38.4712],[-73.1149,-38.4425],[-73.0589,-38.4775],[-72.9879,-38.4617],[-73.0041,-38.4103],[-72.9557,-38.3603],[-72.8985,-38.3558],[-72.8975,-38.2821],[-72.8063,-38.277],[-72.8236,-38.1878],[-72.7905,-38.1833],[-72.7885,-38.1241]]]}},{"type":"Feature","properties":{"cod_comuna":9208,"codregion":9,"Comuna":"Purén","Provincia":"Malleco","Region":"Región de La Araucanía"},"geometry":{"type":"Polygon","coordinates":[[[-73.0134,-37.8592],[-73.0454,-37.8423],[-73.0768,-37.8624],[-73.1254,-37.8779],[-73.1196,-37.9584],[-73.1849,-37.9868],[-73.2063,-38.0407],[-73.0807,-38.0957],[-73.0886,-38.1425],[-73.0485,-38.1566],[-72.9926,-38.1101],[-72.9432,-38.1247],[-72.8905,-38.0736],[-73.0314,-37.9118],[-73.0134,-37.8592]]]}},{"type":"Feature","properties":{"cod_comuna":9209,"codregion":9,"Comuna":"Renaico","Provincia":"Malleco","Region":"Región de La Araucanía"},"geometry":{"type":"Polygon","coordinates":[[[-72.6534,-37.6207],[-72.7095,-37.6244],[-72.71,-37.6926],[-72.6261,-37.7342],[-72.5285,-37.8366],[-72.4965,-37.8266],[-72.5256,-37.7778],[-72.4617,-37.7846],[-72.4625,-37.765],[-72.4916,-37.6554],[-72.6494,-37.6651],[-72.6534,-37.6207]]]}},{"type":"Feature","properties":{"cod_comuna":9210,"codregion":9,"Comuna":"Traiguén","Provincia":"Malleco","Region":"Región de La Araucanía"},"geometry":{"type":"Polygon","coordinates":[[[-72.4502,-38.1476],[-72.4632,-38.0981],[-72.5634,-38.0735],[-72.6392,-38.1218],[-72.7403,-38.0918],[-72.7885,-38.1241],[-72.7905,-38.1833],[-72.8236,-38.1878],[-72.8063,-38.277],[-72.8975,-38.2821],[-72.8985,-38.3558],[-72.7795,-38.3205],[-72.7498,-38.3637],[-72.6737,-38.3872],[-72.6902,-38.4173],[-72.6403,-38.4275],[-72.5487,-38.4185],[-72.5233,-38.3592],[-72.5219,-38.1959],[-72.5076,-38.164],[-72.4502,-38.1476]]]}},{"type":"Feature","properties":{"cod_comuna":9211,"codregion":9,"Comuna":"Victoria","Provincia":"Malleco","Region":"Región de La Araucanía"},"geometry":{"type":"Polygon","coordinates":[[[-71.9845,-38.1772],[-72.4502,-38.1476],[-72.5076,-38.164],[-72.5219,-38.1959],[-72.5233,-38.3592],[-72.3873,-38.352],[-72.2719,-38.4034],[-72.2364,-38.3822],[-72.2623,-38.4515],[-72.0865,-38.425],[-71.978,-38.3582],[-71.93,-38.1975],[-71.9845,-38.1772]]]}},{"type":"Feature","properties":{"cod_comuna":10101,"codregion":10,"Comuna":"Puerto Montt","Provincia":"Llanquihue","Region":"Región de Los Lagos"},"geometry":{"type":"Polygon","coordinates":[[[-73.0565,-41.6846],[-73.0863,-41.6187],[-73.0643,-41.6136],[-73.0975,-41.5923],[-73.0317,-41.5619],[-73.0415,-41.5194],[-72.9395,-41.473],[-72.8503,-41.4957],[-72.8138,-41.4937],[-72.7508,-41.555],[-72.7397,-41.5327],[-72.6483,-41.6953],[-72.561,-41.6372],[-72.4749,-41.6251],[-72.3902,-41.5482],[-72.3773,-41.4825],[-72.4332,-41.4315],[-72.4191,-41.4152],[-72.3748,-41.3989],[-72.4413,-41.3511],[-72.5221,-41.3776],[-72.6183,-41.33],[-72.6859,-41.3801],[-72.7643,-41.3369],[-72.8412,-41.3405],[-72.9424,-41.4143],[-73.1922,-41.3872],[-73.26,-41.4481],[-73.2646,-41.475],[-73.3399,-41.4814],[-73.3316,-41.5087],[-73.2601,-41.5712],[-73.1942,-41.5728],[-73.1148,-41.606],[-73.1399,-41.6822],[-73.0565,-41.6846]]]}},{"type":"Feature","properties":{"cod_comuna":10102,"codregion":10,"Comuna":"Calbuco","Provincia":"Llanquihue","Region":"Región de Los Lagos"},"geometry":{"type":"Polygon","coordinates":[[[-73.0565,-41.6846],[-73.1399,-41.6822],[-73.1148,-41.606],[-73.1942,-41.5728],[-73.2635,-41.6064],[-73.3945,-41.7463],[-73.54,-41.7735],[-73.3482,-41.8122],[-73.4053,-41.7652],[-73.2332,-41.7723],[-73.2339,-41.8017],[-73.1603,-41.791],[-73.1582,-41.7767],[-73.1899,-41.783],[-73.1272,-41.7622],[-73.1718,-41.741],[-73.154,-41.7087],[-73.1576,-41.7426],[-73.1175,-41.7529],[-73.0981,-41.6996],[-73.0609,-41.7215],[-73.0383,-41.7051],[-73.0565,-41.6846]]]}},{"type":"Feature","properties":{"cod_comuna":10103,"codregion":10,"Comuna":"Cochamó","Provincia":"Llanquihue","Region":"Región de Los Lagos"},"geometry":{"type":"Polygon","coordinates":[[[-72.1855,-42.1648],[-72.1724,-42.1389],[-72.0673,-42.1474],[-72.0551,-42.1139],[-71.9584,-42.1405],[-71.9134,-42.189],[-71.8743,-42.1549],[-71.8313,-42.1623],[-71.7276,-42.1169],[-71.7261,-42.0484],[-71.7945,-41.9616],[-71.7723,-41.9296],[-71.7975,-41.8429],[-71.7508,-41.8247],[-71.753,-41.7864],[-71.8097,-41.7214],[-71.7943,-41.6944],[-71.8854,-41.6064],[-71.8462,-41.5657],[-71.8176,-41.5756],[-71.8523,-41.5149],[-71.8364,-41.4327],[-71.909,-41.3612],[-71.9697,-41.387],[-72.1004,-41.315],[-72.2441,-41.4497],[-72.3043,-41.4545],[-72.3149,-41.4934],[-72.2818,-41.504],[-72.3162,-41.6561],[-72.4648,-41.7256],[-72.5876,-41.7478],[-72.647,-41.7307],[-72.5214,-41.8486],[-72.3966,-41.7812],[-72.2954,-41.8243],[-72.2673,-41.8828],[-72.1822,-41.8942],[-72.2155,-41.9209],[-72.1606,-41.9435],[-72.1731,-42.0083],[-72.226,-42.0174],[-72.2576,-41.9925],[-72.3233,-42.0564],[-72.2604,-42.0606],[-72.2742,-42.1213],[-72.1855,-42.1648]]]}},{"type":"Feature","properties":{"cod_comuna":10104,"codregion":10,"Comuna":"Fresia","Provincia":"Llanquihue","Region":"Región de Los Lagos"},"geometry":{"type":"Polygon","coordinates":[[[-73.9334,-41.0603],[-73.8417,-41.2903],[-73.7112,-41.2104],[-73.6483,-41.2461],[-73.6744,-41.271],[-73.6406,-41.3123],[-73.4895,-41.3044],[-73.4603,-41.2552],[-73.2963,-41.2672],[-73.2848,-41.1838],[-73.3277,-41.1301],[-73.3426,-41.091],[-73.3957,-41.0737],[-73.3612,-41.0119],[-73.4484,-40.997],[-73.5144,-41.0563],[-73.6346,-41.063],[-73.8155,-41.0099],[-73.9334,-41.0603]]]}},{"type":"Feature","properties":{"cod_comuna":10105,"codregion":10,"Comuna":"Frutillar","Provincia":"Llanquihue","Region":"Región de Los Lagos"},"geometry":{"type":"Polygon","coordinates":[[[-72.9932,-41.0282],[-73.1068,-40.9772],[-73.1999,-41.0052],[-73.2526,-40.9789],[-73.3214,-41.0201],[-73.3612,-41.0119],[-73.3957,-41.0737],[-73.3426,-41.091],[-73.3277,-41.1301],[-73.1258,-41.1898],[-73.014,-41.1819],[-72.9604,-41.2041],[-72.8914,-41.1821],[-72.8889,-41.1801],[-72.7984,-41.0513],[-72.9249,-41.0093],[-72.9932,-41.0282]]]}},{"type":"Feature","properties":{"cod_comuna":10106,"codregion":10,"Comuna":"Los Muermos","Provincia":"Llanquihue","Region":"Región de Los Lagos"},"geometry":{"type":"Polygon","coordinates":[[[-73.5072,-41.5502],[-73.485,-41.5173],[-73.4223,-41.4953],[-73.3465,-41.5219],[-73.3399,-41.4814],[-73.2646,-41.475],[-73.26,-41.4481],[-73.2764,-41.4044],[-73.3543,-41.3703],[-73.3401,-41.3021],[-73.3003,-41.2919],[-73.2963,-41.2672],[-73.4603,-41.2552],[-73.4895,-41.3044],[-73.6406,-41.3123],[-73.6744,-41.271],[-73.6483,-41.2461],[-73.7112,-41.2104],[-73.8417,-41.2903],[-73.8538,-41.464],[-73.7903,-41.5253],[-73.7069,-41.4948],[-73.6411,-41.5618],[-73.547,-41.5549],[-73.534,-41.5309],[-73.5072,-41.5502]]]}},{"type":"Feature","properties":{"cod_comuna":10107,"codregion":10,"Comuna":"Llanquihue","Provincia":"Llanquihue","Region":"Región de Los Lagos"},"geometry":{"type":"Polygon","coordinates":[[[-72.8914,-41.1821],[-72.9604,-41.2041],[-73.014,-41.1819],[-73.1258,-41.1898],[-73.3277,-41.1301],[-73.2848,-41.1838],[-73.2963,-41.2672],[-73.3003,-41.2919],[-73.2997,-41.3129],[-72.9641,-41.292],[-72.8902,-41.1812],[-72.8914,-41.1821]]]}},{"type":"Feature","properties":{"cod_comuna":10108,"codregion":10,"Comuna":"Maullín","Provincia":"Llanquihue","Region":"Región de Los Lagos"},"geometry":{"type":"Polygon","coordinates":[[[-73.3316,-41.5087],[-73.347,-41.5239],[-73.4122,-41.5041],[-73.377,-41.5243],[-73.4179,-41.5074],[-73.4887,-41.5305],[-73.507,-41.6223],[-73.5357,-41.6062],[-73.5736,-41.6179],[-73.5536,-41.6354],[-73.5861,-41.6264],[-73.5157,-41.6593],[-73.557,-41.6617],[-73.6411,-41.602],[-73.6699,-41.6407],[-73.6969,-41.6338],[-73.7042,-41.7041],[-73.7599,-41.7452],[-73.54,-41.7735],[-73.3945,-41.7463],[-73.2635,-41.6064],[-73.1942,-41.5728],[-73.2601,-41.5712],[-73.3316,-41.5087]]]}},{"type":"Feature","properties":{"cod_comuna":10109,"codregion":10,"Comuna":"Puerto Varas","Provincia":"Llanquihue","Region":"Región de Los Lagos"},"geometry":{"type":"Polygon","coordinates":[[[-71.909,-41.3612],[-71.8762,-41.3088],[-71.899,-41.2555],[-71.834,-41.2717],[-71.8867,-41.1611],[-71.8398,-41.1504],[-71.8513,-41.0992],[-71.8182,-41.0626],[-71.9087,-40.9731],[-71.8565,-40.9588],[-71.8594,-40.8794],[-71.9087,-40.8568],[-71.9268,-40.7942],[-71.9816,-40.7961],[-72.1007,-40.8],[-72.0973,-40.8577],[-72.0406,-40.8957],[-72.0491,-40.9465],[-72.1257,-40.955],[-72.1847,-40.9231],[-72.366,-41.0006],[-72.4951,-41.104],[-72.5769,-41.118],[-72.7984,-41.0513],[-72.8889,-41.1801],[-72.8902,-41.1812],[-72.9641,-41.292],[-73.2997,-41.3129],[-73.3003,-41.2919],[-73.3401,-41.3021],[-73.3543,-41.3703],[-73.2764,-41.4044],[-73.26,-41.4481],[-73.1922,-41.3872],[-72.9424,-41.4143],[-72.8412,-41.3405],[-72.7643,-41.3369],[-72.6859,-41.3801],[-72.6183,-41.33],[-72.5221,-41.3776],[-72.4413,-41.3511],[-72.3748,-41.3989],[-72.4191,-41.4152],[-72.3255,-41.4519],[-72.3139,-41.3719],[-72.2754,-41.3919],[-72.3043,-41.4545],[-72.2441,-41.4497],[-72.1004,-41.315],[-71.9697,-41.387],[-71.909,-41.3612]]]}},{"type":"Feature","properties":{"cod_comuna":10201,"codregion":10,"Comuna":"Castro","Provincia":"Chiloe","Region":"Región de Los Lagos"},"geometry":{"type":"Polygon","coordinates":[[[-73.7977,-42.5243],[-73.7357,-42.424],[-73.7343,-42.4967],[-73.7834,-42.5338],[-73.7199,-42.5693],[-73.6293,-42.524],[-73.5774,-42.5344],[-73.6837,-42.4801],[-73.6415,-42.4358],[-73.6713,-42.3958],[-73.8452,-42.354],[-73.8875,-42.4346],[-74.1782,-42.4714],[-74.1846,-42.5078],[-73.8694,-42.4888],[-73.7977,-42.5243]]]}},{"type":"Feature","properties":{"cod_comuna":10202,"codregion":10,"Comuna":"Ancud","Provincia":"Chiloe","Region":"Región de Los Lagos"},"geometry":{"type":"Polygon","coordinates":[[[-73.5161,-41.9734],[-73.5177,-41.9511],[-73.5529,-41.9679],[-73.5635,-41.9481],[-73.5091,-41.9243],[-73.5278,-41.8932],[-73.4702,-41.9046],[-73.5325,-41.877],[-73.476,-41.8339],[-73.5236,-41.8283],[-73.5387,-41.7969],[-73.5877,-41.7935],[-73.6264,-41.8258],[-73.6629,-41.7972],[-73.7904,-41.8793],[-73.8175,-41.8583],[-73.8559,-41.8828],[-73.9969,-41.8533],[-73.9793,-41.8203],[-73.9324,-41.8231],[-73.9199,-41.8539],[-73.8985,-41.8266],[-73.8792,-41.8558],[-73.8532,-41.8302],[-73.9111,-41.7958],[-73.8774,-41.7846],[-73.901,-41.7669],[-73.9462,-41.7971],[-74.0092,-41.7745],[-74.0594,-41.8308],[-73.9939,-41.8904],[-74.0093,-41.9266],[-74.0571,-41.9376],[-74.0247,-41.9489],[-74.0565,-41.9876],[-74.0285,-42.07],[-74.0536,-42.1453],[-74.1374,-42.2179],[-74.0075,-42.215],[-73.9604,-42.2417],[-73.8707,-42.2232],[-73.8422,-42.1857],[-73.8668,-42.1703],[-73.8314,-42.1524],[-73.7222,-42.2551],[-73.7099,-42.1619],[-73.5452,-42.2077],[-73.5873,-42.0096],[-73.5012,-42.0135],[-73.5161,-41.9734]]]}},{"type":"Feature","properties":{"cod_comuna":10203,"codregion":10,"Comuna":"Chonchi","Provincia":"Chiloe","Region":"Región de Los Lagos"},"geometry":{"type":"Polygon","coordinates":[[[-73.6145,-42.7444],[-73.6305,-42.7029],[-73.6828,-42.6917],[-73.6594,-42.6657],[-73.7057,-42.6645],[-73.7871,-42.6124],[-73.7499,-42.5527],[-73.7995,-42.5457],[-73.7977,-42.5243],[-73.8694,-42.4888],[-74.1846,-42.5078],[-74.1203,-42.659],[-74.1681,-42.7668],[-74.1516,-42.848],[-74.0114,-42.8612],[-74.0102,-42.8225],[-73.9311,-42.829],[-73.7897,-42.8832],[-73.7377,-42.8545],[-73.7433,-42.8393],[-73.7141,-42.7667],[-73.6145,-42.7444]]]}},{"type":"Feature","properties":{"cod_comuna":10204,"codregion":10,"Comuna":"Curaco de Vélez","Provincia":"Chiloe","Region":"Región de Los Lagos"},"geometry":{"type":"Polygon","coordinates":[[[-73.5139,-42.4557],[-73.5226,-42.3946],[-73.6584,-42.3898],[-73.6037,-42.4375],[-73.6343,-42.4716],[-73.5391,-42.4679],[-73.5139,-42.4557]]]}},{"type":"Feature","properties":{"cod_comuna":10205,"codregion":10,"Comuna":"Dalcahue","Provincia":"Chiloe","Region":"Región de Los Lagos"},"geometry":{"type":"Polygon","coordinates":[[[-73.6713,-42.3958],[-73.5451,-42.334],[-73.4703,-42.3436],[-73.4376,-42.312],[-73.3558,-42.3385],[-73.3601,-42.2959],[-73.5072,-42.2497],[-73.5452,-42.2077],[-73.7099,-42.1619],[-73.7222,-42.2551],[-73.8314,-42.1524],[-73.8668,-42.1703],[-73.8422,-42.1857],[-73.8707,-42.2232],[-73.9604,-42.2417],[-74.0075,-42.215],[-74.1374,-42.2179],[-74.172,-42.2673],[-74.1397,-42.3179],[-74.1782,-42.4714],[-73.8875,-42.4346],[-73.8452,-42.354],[-73.6713,-42.3958]]]}},{"type":"Feature","properties":{"cod_comuna":10206,"codregion":10,"Comuna":"Puqueldón","Provincia":"Chiloe","Region":"Región de Los Lagos"},"geometry":{"type":"Polygon","coordinates":[[[-73.5936,-42.5702],[-73.7212,-42.5964],[-73.7436,-42.6306],[-73.702,-42.6553],[-73.5965,-42.652],[-73.5751,-42.7084],[-73.5192,-42.6805],[-73.5792,-42.6744],[-73.5936,-42.5702]]]}},{"type":"Feature","properties":{"cod_comuna":10207,"codregion":10,"Comuna":"Queilén","Provincia":"Chiloe","Region":"Región de Los Lagos"},"geometry":{"type":"MultiPolygon","coordinates":[[[[-73.7433,-42.8393],[-73.5862,-42.8898],[-73.6043,-42.8529],[-73.6452,-42.8465],[-73.6154,-42.8078],[-73.5728,-42.8865],[-73.4886,-42.8857],[-73.4893,-42.864],[-73.4741,-42.8971],[-73.4879,-42.7926],[-73.6145,-42.7444],[-73.7141,-42.7667],[-73.7433,-42.8393]]],[[[-73.5639,-42.9166],[-73.6039,-42.9299],[-73.5696,-42.9593],[-73.5253,-42.945],[-73.4663,-42.9939],[-73.3232,-43.0154],[-73.5639,-42.9166]]]]}},{"type":"Feature","properties":{"cod_comuna":10208,"codregion":10,"Comuna":"Quellón","Provincia":"Chiloe","Region":"Región de Los Lagos"},"geometry":{"type":"Polygon","coordinates":[[[-74.1516,-42.848],[-74.1717,-42.904],[-74.2278,-42.9179],[-74.2096,-42.9726],[-74.2655,-42.9916],[-74.2299,-43.0321],[-74.2894,-43.0806],[-74.3226,-43.0747],[-74.3065,-43.1358],[-74.348,-43.1513],[-74.4038,-43.2667],[-74.299,-43.327],[-74.1434,-43.3491],[-74.104,-43.3923],[-74.0219,-43.3508],[-74.0042,-43.3909],[-73.9797,-43.361],[-73.9208,-43.373],[-73.8474,-43.429],[-73.8251,-43.4016],[-73.7923,-43.4108],[-73.7944,-43.3536],[-73.811,-43.3346],[-73.8106,-43.3121],[-73.8768,-43.2821],[-73.7948,-43.3135],[-73.6607,-43.3184],[-73.6773,-43.2637],[-73.7519,-43.2055],[-73.7272,-43.0929],[-73.7001,-43.1513],[-73.6252,-43.144],[-73.6318,-43.1177],[-73.5435,-43.1219],[-73.5425,-43.1001],[-73.532,-43.1253],[-73.4781,-43.1317],[-73.5175,-43.0729],[-73.6223,-43.0537],[-73.5711,-43.0334],[-73.5099,-43.07],[-73.5447,-42.9743],[-73.6061,-42.9711],[-73.593,-42.9527],[-73.6428,-42.9427],[-73.6168,-42.9172],[-73.7377,-42.8545],[-73.7897,-42.8832],[-73.9311,-42.829],[-74.0102,-42.8225],[-74.0114,-42.8612],[-74.1516,-42.848]]]}},{"type":"Feature","properties":{"cod_comuna":10209,"codregion":10,"Comuna":"Quemchi","Provincia":"Chiloe","Region":"Región de Los Lagos"},"geometry":{"type":"MultiPolygon","coordinates":[[[[-73.3601,-42.2959],[-73.3478,-42.2524],[-73.4072,-42.2595],[-73.3601,-42.2411],[-73.3653,-42.2048],[-73.4876,-42.1619],[-73.4827,-42.1114],[-73.446,-42.1209],[-73.4144,-42.0733],[-73.5161,-41.9734],[-73.5012,-42.0135],[-73.5873,-42.0096],[-73.5452,-42.2077],[-73.5072,-42.2497],[-73.3601,-42.2959]]],[[[-73.0683,-42.2683],[-73.1086,-42.2578],[-73.1448,-42.3027],[-73.1728,-42.2682],[-73.1309,-42.3429],[-73.0598,-42.2984],[-73.0683,-42.2683]]]]}},{"type":"Feature","properties":{"cod_comuna":10210,"codregion":10,"Comuna":"Quinchao","Provincia":"Chiloe","Region":"Región de Los Lagos"},"geometry":{"type":"MultiPolygon","coordinates":[[[[-73.5139,-42.4557],[-73.5391,-42.4679],[-73.4102,-42.5472],[-73.4355,-42.5404],[-73.4428,-42.5715],[-73.3894,-42.5836],[-73.3961,-42.5401],[-73.5139,-42.4557]]],[[[-73.3294,-42.6234],[-73.3577,-42.632],[-73.2424,-42.6641],[-73.233,-42.6342],[-73.3294,-42.6234]]]]}},{"type":"Feature","properties":{"cod_comuna":10301,"codregion":10,"Comuna":"Osorno","Provincia":"Osorno","Region":"Región de Los Lagos"},"geometry":{"type":"Polygon","coordinates":[[[-72.8715,-40.538],[-73.0635,-40.5091],[-73.0689,-40.4607],[-73.1696,-40.4886],[-73.1814,-40.5288],[-73.2662,-40.531],[-73.2758,-40.4292],[-73.3333,-40.4213],[-73.3404,-40.4501],[-73.3063,-40.4662],[-73.3534,-40.5203],[-73.3592,-40.5843],[-73.3308,-40.6229],[-73.4082,-40.6276],[-73.418,-40.6619],[-73.3302,-40.6623],[-73.2346,-40.6683],[-73.1865,-40.6311],[-73.0602,-40.7137],[-73.0316,-40.6907],[-73.0056,-40.7243],[-72.9793,-40.7636],[-72.8556,-40.7805],[-72.7843,-40.7766],[-72.7687,-40.7392],[-72.8933,-40.6757],[-72.8715,-40.538]]]}},{"type":"Feature","properties":{"cod_comuna":10302,"codregion":10,"Comuna":"Puerto Octay","Provincia":"Osorno","Region":"Región de Los Lagos"},"geometry":{"type":"Polygon","coordinates":[[[-72.9932,-41.0282],[-72.9249,-41.0093],[-72.7984,-41.0513],[-72.5769,-41.118],[-72.4951,-41.104],[-72.366,-41.0006],[-72.1847,-40.9231],[-72.1257,-40.955],[-72.0491,-40.9465],[-72.0406,-40.8957],[-72.0973,-40.8577],[-72.1007,-40.8],[-72.1727,-40.8726],[-72.2818,-40.886],[-72.5022,-40.8113],[-72.7059,-40.7849],[-72.7361,-40.8171],[-72.8017,-40.8199],[-72.8556,-40.7805],[-72.9793,-40.7636],[-73.0056,-40.7243],[-72.9818,-40.8154],[-72.9297,-40.8897],[-72.9827,-40.9267],[-72.9932,-41.0282]]]}},{"type":"Feature","properties":{"cod_comuna":10303,"codregion":10,"Comuna":"Purranque","Provincia":"Osorno","Region":"Región de Los Lagos"},"geometry":{"type":"Polygon","coordinates":[[[-73.8626,-40.8064],[-73.8858,-40.8681],[-73.8469,-40.9183],[-73.9382,-40.9662],[-73.9334,-41.0603],[-73.8155,-41.0099],[-73.6346,-41.063],[-73.5144,-41.0563],[-73.4484,-40.997],[-73.3612,-41.0119],[-73.3214,-41.0201],[-73.2526,-40.9789],[-73.1999,-41.0052],[-73.1068,-40.9772],[-72.9932,-41.0282],[-72.9827,-40.9267],[-72.9297,-40.8897],[-72.9818,-40.8154],[-73.0169,-40.8547],[-73.1051,-40.8324],[-73.107,-40.8592],[-73.2086,-40.8429],[-73.2666,-40.8787],[-73.4448,-40.853],[-73.5067,-40.8177],[-73.5279,-40.8522],[-73.6038,-40.8527],[-73.6577,-40.904],[-73.8048,-40.8367],[-73.8134,-40.807],[-73.8626,-40.8064]]]}},{"type":"Feature","properties":{"cod_comuna":10304,"codregion":10,"Comuna":"Puyehue","Provincia":"Osorno","Region":"Región de Los Lagos"},"geometry":{"type":"Polygon","coordinates":[[[-71.8764,-40.568],[-71.9673,-40.6325],[-72.0521,-40.6301],[-72.0793,-40.6605],[-72.199,-40.6717],[-72.2873,-40.6465],[-72.3334,-40.6756],[-72.4375,-40.6542],[-72.6073,-40.681],[-72.6558,-40.6254],[-72.7708,-40.6017],[-72.8145,-40.5456],[-72.8577,-40.5372],[-72.8715,-40.538],[-72.8933,-40.6757],[-72.7687,-40.7392],[-72.7843,-40.7766],[-72.8556,-40.7805],[-72.8017,-40.8199],[-72.7361,-40.8171],[-72.7059,-40.7849],[-72.5022,-40.8113],[-72.2818,-40.886],[-72.1727,-40.8726],[-72.1007,-40.8],[-71.9816,-40.7961],[-71.9192,-40.7886],[-71.9627,-40.7191],[-71.8444,-40.6276],[-71.8255,-40.5776],[-71.8552,-40.5923],[-71.8764,-40.568]]]}},{"type":"Feature","properties":{"cod_comuna":10305,"codregion":10,"Comuna":"Río Negro","Provincia":"Osorno","Region":"Región de Los Lagos"},"geometry":{"type":"Polygon","coordinates":[[[-73.8038,-40.636],[-73.8337,-40.6668],[-73.8029,-40.718],[-73.8299,-40.721],[-73.8626,-40.8064],[-73.8134,-40.807],[-73.8048,-40.8367],[-73.6577,-40.904],[-73.6038,-40.8527],[-73.5279,-40.8522],[-73.5067,-40.8177],[-73.4448,-40.853],[-73.2666,-40.8787],[-73.2086,-40.8429],[-73.107,-40.8592],[-73.1051,-40.8324],[-73.0169,-40.8547],[-72.9818,-40.8154],[-73.0056,-40.7243],[-73.0316,-40.6907],[-73.0602,-40.7137],[-73.1865,-40.6311],[-73.2346,-40.6683],[-73.3302,-40.6623],[-73.3569,-40.6953],[-73.5991,-40.7491],[-73.688,-40.7157],[-73.6645,-40.6728],[-73.6999,-40.6485],[-73.8038,-40.636]]]}},{"type":"Feature","properties":{"cod_comuna":10306,"codregion":10,"Comuna":"San Juan de la Costa","Provincia":"Osorno","Region":"Región de Los Lagos"},"geometry":{"type":"Polygon","coordinates":[[[-73.7147,-40.2453],[-73.7522,-40.3007],[-73.7481,-40.4421],[-73.7785,-40.4555],[-73.7187,-40.5571],[-73.7563,-40.6202],[-73.8038,-40.636],[-73.6999,-40.6485],[-73.6645,-40.6728],[-73.688,-40.7157],[-73.5991,-40.7491],[-73.3569,-40.6953],[-73.3302,-40.6623],[-73.418,-40.6619],[-73.4082,-40.6276],[-73.3308,-40.6229],[-73.3592,-40.5843],[-73.3534,-40.5203],[-73.3063,-40.4662],[-73.3404,-40.4501],[-73.3333,-40.4213],[-73.4236,-40.417],[-73.4438,-40.3062],[-73.4544,-40.2701],[-73.6002,-40.3013],[-73.6718,-40.2769],[-73.6829,-40.2392],[-73.7147,-40.2453]]]}},{"type":"Feature","properties":{"cod_comuna":10307,"codregion":10,"Comuna":"San Pablo","Provincia":"Osorno","Region":"Región de Los Lagos"},"geometry":{"type":"Polygon","coordinates":[[[-73.136,-40.3499],[-73.4059,-40.3379],[-73.4438,-40.3062],[-73.4236,-40.417],[-73.3333,-40.4213],[-73.2758,-40.4292],[-73.2662,-40.531],[-73.1814,-40.5288],[-73.1696,-40.4886],[-73.0689,-40.4607],[-73.0635,-40.5091],[-72.8715,-40.538],[-72.8577,-40.5372],[-72.9031,-40.4451],[-72.9796,-40.3859],[-73.0318,-40.3836],[-73.0778,-40.3453],[-73.136,-40.3499]]]}},{"type":"Feature","properties":{"cod_comuna":10401,"codregion":10,"Comuna":"Chaitén","Provincia":"Palena","Region":"Región de Los Lagos"},"geometry":{"type":"Polygon","coordinates":[[[-72.4226,-42.4802],[-72.4479,-42.4986],[-72.5137,-42.2461],[-72.5818,-42.1884],[-72.7358,-42.2253],[-72.7405,-42.2536],[-72.7686,-42.2434],[-72.834,-42.2941],[-72.8241,-42.3219],[-72.7845,-42.31],[-72.7651,-42.3772],[-72.6996,-42.4078],[-72.6307,-42.5131],[-72.5201,-42.5453],[-72.507,-42.5715],[-72.4888,-42.5521],[-72.4902,-42.578],[-72.5537,-42.5815],[-72.7117,-42.5135],[-72.7942,-42.5008],[-72.8191,-42.5275],[-72.8539,-42.6201],[-72.7994,-42.6987],[-72.8399,-42.7074],[-72.8562,-42.7665],[-72.8329,-42.8363],[-72.7125,-42.9132],[-72.7236,-42.9719],[-72.8077,-42.9333],[-72.8167,-42.9518],[-72.6963,-43.1047],[-72.7802,-43.0293],[-72.8579,-43.0285],[-72.9137,-43.131],[-72.8703,-43.2327],[-73.0627,-43.3228],[-73.051,-43.3949],[-73.0913,-43.463],[-73.0501,-43.5317],[-72.9997,-43.5941],[-72.9128,-43.6061],[-72.8834,-43.5775],[-72.8751,-43.6121],[-72.9491,-43.6366],[-73.047,-43.738],[-72.9567,-43.6982],[-72.8822,-43.7417],[-72.8438,-43.7137],[-72.846,-43.7098],[-72.8237,-43.6447],[-72.7953,-43.6413],[-72.7909,-43.6444],[-72.7664,-43.6921],[-72.8,-43.7404],[-72.7636,-43.7701],[-72.5877,-43.7615],[-72.5848,-43.7667],[-72.5279,-43.7854],[-72.5226,-43.7889],[-72.4801,-43.7723],[-72.4837,-43.7698],[-72.4758,-43.7354],[-72.333,-43.6747],[-72.3244,-43.6807],[-72.3213,-43.6897],[-72.2286,-43.6439],[-72.2563,-43.6078],[-72.1958,-43.5559],[-72.2607,-43.5024],[-72.3081,-43.3892],[-72.247,-43.4073],[-72.1911,-43.346],[-72.1976,-43.2375],[-72.2303,-43.2237],[-72.1824,-43.2029],[-72.1501,-43.122],[-72.1847,-43.0977],[-72.1689,-43.0569],[-72.2413,-42.9953],[-72.2135,-42.9891],[-72.2337,-42.9658],[-72.1857,-42.9137],[-72.2011,-42.8905],[-72.1415,-42.8935],[-72.1194,-42.8757],[-72.1651,-42.7987],[-72.1287,-42.7314],[-72.1787,-42.6956],[-72.1663,-42.6735],[-72.1728,-42.6371],[-72.2258,-42.6671],[-72.3988,-42.5783],[-72.4226,-42.4802]]]}},{"type":"Feature","properties":{"cod_comuna":10402,"codregion":10,"Comuna":"Futaleufú","Provincia":"Palena","Region":"Región de Los Lagos"},"geometry":{"type":"Polygon","coordinates":[[[-71.9286,-43.4381],[-71.9331,-43.3863],[-71.8922,-43.3794],[-71.9055,-43.3221],[-71.8393,-43.3342],[-71.7871,-43.2966],[-71.7343,-43.3126],[-71.7571,-43.2282],[-71.7297,-43.1986],[-71.933,-43.102],[-71.935,-43.0544],[-72.0132,-43.0302],[-72.1415,-42.8935],[-72.2011,-42.8905],[-72.1857,-42.9137],[-72.2337,-42.9658],[-72.2135,-42.9891],[-72.2413,-42.9953],[-72.1689,-43.0569],[-72.1847,-43.0977],[-72.1501,-43.122],[-72.1824,-43.2029],[-72.2303,-43.2237],[-72.1976,-43.2375],[-72.1108,-43.2985],[-72.1385,-43.3212],[-71.9286,-43.4381]]]}},{"type":"Feature","properties":{"cod_comuna":10403,"codregion":10,"Comuna":"Hualaihué","Provincia":"Palena","Region":"Región de Los Lagos"},"geometry":{"type":"Polygon","coordinates":[[[-72.1663,-42.6735],[-72.1222,-42.6718],[-72.0971,-42.6414],[-72.117,-42.6034],[-72.0569,-42.5712],[-72.0105,-42.4884],[-72.0471,-42.4524],[-72.029,-42.4067],[-72.131,-42.3841],[-72.1214,-42.3233],[-72.1855,-42.1648],[-72.2742,-42.1213],[-72.2604,-42.0606],[-72.3233,-42.0564],[-72.2576,-41.9925],[-72.226,-42.0174],[-72.1731,-42.0083],[-72.1606,-41.9435],[-72.2155,-41.9209],[-72.1822,-41.8942],[-72.2673,-41.8828],[-72.2954,-41.8243],[-72.3966,-41.7812],[-72.5214,-41.8486],[-72.647,-41.7307],[-72.8773,-41.9146],[-72.805,-41.9394],[-72.811,-41.9724],[-72.6894,-42.0305],[-72.6857,-42.0036],[-72.634,-42.0129],[-72.6149,-42.0429],[-72.5994,-42.0066],[-72.5863,-42.0423],[-72.535,-42.0435],[-72.4926,-41.9694],[-72.4272,-41.9766],[-72.4647,-42.1432],[-72.3478,-42.1716],[-72.4439,-42.1655],[-72.4597,-42.1987],[-72.4468,-42.2568],[-72.375,-42.2542],[-72.4704,-42.3005],[-72.3847,-42.4857],[-72.4226,-42.4802],[-72.3988,-42.5783],[-72.2258,-42.6671],[-72.1728,-42.6371],[-72.1663,-42.6735]]]}},{"type":"Feature","properties":{"cod_comuna":10404,"codregion":10,"Comuna":"Palena","Provincia":"Palena","Region":"Región de Los Lagos"},"geometry":{"type":"Polygon","coordinates":[[[-71.737,-44.067],[-71.6487,-43.9456],[-71.7082,-43.8549],[-71.7637,-43.8408],[-71.7538,-43.7879],[-71.6616,-43.7034],[-71.6002,-43.6967],[-71.5812,-43.6518],[-71.7032,-43.6227],[-71.7076,-43.5844],[-71.7598,-43.5839],[-71.7766,-43.5387],[-71.8717,-43.5537],[-71.8915,-43.5113],[-71.848,-43.4834],[-71.9286,-43.4381],[-72.1385,-43.3212],[-72.1108,-43.2985],[-72.1976,-43.2375],[-72.1911,-43.346],[-72.247,-43.4073],[-72.3081,-43.3892],[-72.2607,-43.5024],[-72.1958,-43.5559],[-72.2563,-43.6078],[-72.2286,-43.6439],[-72.3213,-43.6897],[-72.271,-43.7615],[-72.3035,-43.7806],[-72.2467,-43.8016],[-72.2407,-43.8068],[-72.2822,-43.8312],[-72.2034,-43.8539],[-72.1979,-43.8584],[-72.193,-43.8674],[-72.1867,-43.8714],[-72.1798,-43.895],[-72.1199,-43.8776],[-72.0794,-43.8986],[-72.108,-43.9339],[-72.0776,-43.9557],[-72.0425,-43.9366],[-71.9798,-43.967],[-71.9702,-43.9256],[-71.8567,-43.9292],[-71.8076,-43.9549],[-71.8265,-44],[-71.7903,-44.0551],[-71.737,-44.067]]]}},{"type":"Feature","properties":{"cod_comuna":11101,"codregion":11,"Comuna":"Coyhaique","Provincia":"Coyhaique","Region":"Región de Aysén del Gral.Ibañez del Campo"},"geometry":{"type":"Polygon","coordinates":[[[-72.0567,-44.8388],[-72.2424,-44.8807],[-72.2094,-44.9932],[-72.2701,-45.0138],[-72.1395,-45.0354],[-72.1372,-45.0385],[-72.0828,-45.0877],[-72.0424,-45.0551],[-71.9622,-45.0867],[-71.967,-45.1143],[-71.9671,-45.1967],[-72.0513,-45.2504],[-72.0276,-45.282],[-72.1178,-45.3733],[-72.1279,-45.3614],[-72.1792,-45.432],[-72.1796,-45.4379],[-72.1179,-45.4556],[-72.1345,-45.5292],[-72.1305,-45.532],[-72.2884,-45.5337],[-72.2975,-45.5183],[-72.2935,-45.5759],[-72.3823,-45.6187],[-72.3302,-45.6406],[-72.3294,-45.6709],[-72.4438,-45.6768],[-72.4616,-45.7305],[-72.4665,-45.7182],[-72.5159,-45.7315],[-72.5016,-45.7543],[-72.5005,-45.7576],[-72.6199,-45.7949],[-72.7146,-45.7815],[-72.7223,-45.7694],[-72.7281,-45.7644],[-72.7285,-45.7577],[-72.8266,-45.7972],[-72.8296,-45.7846],[-72.8716,-45.7726],[-72.9135,-45.7963],[-72.8944,-45.8586],[-72.9286,-45.9214],[-72.6418,-45.9445],[-72.5786,-45.9216],[-72.486,-45.9813],[-72.4698,-46.0583],[-72.3926,-46.0492],[-72.3559,-46.0168],[-72.3024,-46.0293],[-72.3113,-46.0657],[-72.1514,-46.0283],[-71.9154,-46.1382],[-71.7153,-46.0893],[-71.6161,-45.977],[-71.6584,-45.8833],[-71.7678,-45.8471],[-71.7429,-45.8031],[-71.8017,-45.7179],[-71.7771,-45.6189],[-71.7266,-45.578],[-71.7604,-45.5563],[-71.6822,-45.5131],[-71.5598,-45.5234],[-71.47,-45.4952],[-71.5345,-45.4329],[-71.5278,-45.3917],[-71.4383,-45.3958],[-71.4472,-45.3663],[-71.3509,-45.3325],[-71.3199,-45.2929],[-71.4177,-45.1585],[-71.5265,-45.1031],[-71.5057,-45.0704],[-71.558,-45.0304],[-71.5599,-44.9779],[-71.7415,-44.9589],[-71.7543,-44.927],[-71.7807,-44.9432],[-71.8148,-44.9197],[-71.8794,-44.9595],[-71.9826,-44.9025],[-72.041,-44.9015],[-72.0567,-44.8388]]]}},{"type":"Feature","properties":{"cod_comuna":11102,"codregion":11,"Comuna":"Lago Verde","Provincia":"Coyhaique","Region":"Región de Aysén del Gral.Ibañez del Campo"},"geometry":{"type":"Polygon","coordinates":[[[-72.0567,-44.8388],[-72.0273,-44.8063],[-72.073,-44.7817],[-72.0641,-44.7574],[-71.857,-44.8018],[-71.7835,-44.7516],[-71.668,-44.7877],[-71.471,-44.7377],[-71.3948,-44.7907],[-71.2663,-44.8074],[-71.2012,-44.7366],[-71.1946,-44.6844],[-71.2352,-44.6415],[-71.2008,-44.5916],[-71.0967,-44.587],[-71.0918,-44.5323],[-71.1617,-44.4992],[-71.1289,-44.4711],[-71.2426,-44.4179],[-71.35,-44.4235],[-71.3861,-44.3855],[-71.6694,-44.4094],[-71.7145,-44.381],[-71.8134,-44.418],[-71.8401,-44.3508],[-71.7861,-44.331],[-71.8295,-44.2656],[-71.7802,-44.2171],[-71.8452,-44.1608],[-71.8495,-44.1149],[-71.7683,-44.1076],[-71.737,-44.067],[-71.7903,-44.0551],[-71.8265,-44],[-71.8076,-43.9549],[-71.8567,-43.9292],[-71.9702,-43.9256],[-71.9798,-43.967],[-72.0425,-43.9366],[-72.0776,-43.9557],[-72.1019,-44.0506],[-72.098,-44.0546],[-72.0606,-44.0762],[-72.0504,-44.0826],[-72.1099,-44.0917],[-72.1418,-44.1878],[-72.1465,-44.2423],[-72.1412,-44.245],[-72.1303,-44.264],[-72.1658,-44.2655],[-72.1686,-44.2609],[-72.2298,-44.2893],[-72.2345,-44.2855],[-72.2913,-44.31],[-72.2831,-44.3206],[-72.2525,-44.3623],[-72.3924,-44.3999],[-72.3289,-44.4384],[-72.3792,-44.5148],[-72.3238,-44.5402],[-72.3478,-44.5976],[-72.3195,-44.6158],[-72.3156,-44.618],[-72.2916,-44.6654],[-72.3478,-44.651],[-72.3669,-44.6691],[-72.3653,-44.672],[-72.3657,-44.6747],[-72.3643,-44.6773],[-72.3766,-44.7618],[-72.2659,-44.7729],[-72.2876,-44.8608],[-72.2424,-44.8807],[-72.0567,-44.8388]]]}},{"type":"Feature","properties":{"cod_comuna":11201,"codregion":11,"Comuna":"Aysén","Provincia":"Aysén","Region":"Región de Aysén del Gral.Ibañez del Campo"},"geometry":{"type":"Polygon","coordinates":[[[-73.3282,-45.916],[-73.3871,-46.0128],[-73.3576,-45.999],[-73.3417,-46.0265],[-73.2248,-45.9986],[-73.3471,-46.0352],[-73.279,-46.0335],[-73.3896,-46.0456],[-73.4652,-46.1297],[-73.435,-46.1547],[-73.4853,-46.1545],[-73.5567,-46.2729],[-73.5346,-46.2936],[-73.4237,-46.2947],[-73.4188,-46.3272],[-73.4086,-46.329],[-73.3895,-46.3504],[-73.3888,-46.3659],[-73.3595,-46.3704],[-73.3498,-46.3603],[-73.341,-46.3618],[-73.3299,-46.35],[-73.3218,-46.3503],[-73.2907,-46.3642],[-73.2405,-46.4208],[-73.2921,-46.364],[-73.3132,-46.3611],[-73.3235,-46.3506],[-73.3375,-46.365],[-73.3597,-46.3719],[-73.3864,-46.3686],[-73.3935,-46.3639],[-73.3967,-46.3468],[-73.4082,-46.341],[-73.4097,-46.3299],[-73.4211,-46.3275],[-73.4219,-46.3168],[-73.568,-46.302],[-73.707,-46.4065],[-73.7511,-46.4045],[-73.7213,-46.4148],[-73.7624,-46.4712],[-73.7406,-46.4714],[-73.7119,-46.4913],[-73.7185,-46.5108],[-73.6672,-46.537],[-73.6565,-46.5361],[-73.6089,-46.4926],[-73.5951,-46.4978],[-73.6561,-46.5414],[-73.68,-46.5364],[-73.718,-46.5163],[-73.7226,-46.4888],[-73.7679,-46.4942],[-73.8073,-46.576],[-73.8626,-46.591],[-73.9123,-46.5395],[-73.9639,-46.6079],[-73.8788,-46.4878],[-73.8452,-46.528],[-73.8622,-46.4551],[-73.7613,-46.3642],[-73.7261,-46.2316],[-73.811,-46.1997],[-73.8626,-46.1342],[-73.9625,-46.1567],[-73.9897,-46.2277],[-73.9379,-46.2236],[-73.8276,-46.3486],[-73.9774,-46.2814],[-73.9707,-46.2604],[-73.9242,-46.2823],[-73.9421,-46.2257],[-73.9876,-46.2316],[-73.992,-46.2673],[-74.0061,-46.233],[-74.0409,-46.2355],[-73.9988,-46.1829],[-74.2938,-46.2611],[-74.4455,-46.1942],[-74.4322,-46.1537],[-74.4129,-46.1995],[-74.2872,-46.251],[-73.9823,-46.1466],[-73.9443,-46.0337],[-73.9994,-46.0188],[-74.0069,-45.9858],[-74.0441,-46.0168],[-74.0442,-46.0989],[-74.0107,-46.095],[-74.0527,-46.123],[-74.1357,-46.1499],[-74.3027,-46.1471],[-74.331,-46.126],[-74.1272,-46.1393],[-74.057,-46.1059],[-74.0571,-46.0164],[-74.2464,-46.0423],[-74.2706,-46.0352],[-74.3031,-46.0086],[-74.2652,-46.0343],[-74.2069,-46.0195],[-74.1912,-46.0268],[-74.0087,-45.9722],[-74.0342,-45.9099],[-74.1607,-45.9444],[-74.0791,-45.9115],[-74.1427,-45.8914],[-74.2559,-45.9037],[-74.0599,-45.8604],[-74.0495,-45.8475],[-74.0739,-45.8123],[-74.0624,-45.8468],[-74.1065,-45.8068],[-74.2127,-45.8152],[-74.2667,-45.8349],[-74.2673,-45.875],[-74.2873,-45.8103],[-74.315,-45.8208],[-74.34,-45.7946],[-74.3279,-45.8194],[-74.3494,-45.7993],[-74.4091,-45.8232],[-74.4358,-45.8037],[-74.3737,-45.8685],[-74.451,-45.8397],[-74.453,-45.8625],[-74.3242,-45.9759],[-74.3907,-45.9545],[-74.4251,-46.0503],[-74.4754,-46.0221],[-74.4438,-46.0158],[-74.4185,-45.9399],[-74.4324,-45.9215],[-74.4814,-45.9583],[-74.4548,-45.913],[-74.5303,-45.9113],[-74.4866,-45.8871],[-74.5241,-45.8392],[-74.5199,-45.8687],[-74.5459,-45.8424],[-74.5706,-45.878],[-74.5646,-45.836],[-74.629,-45.8317],[-74.6521,-45.8825],[-74.7014,-45.9023],[-74.6846,-45.816],[-74.7952,-45.8323],[-74.7813,-45.8827],[-74.7511,-45.8721],[-74.7809,-45.8859],[-74.8169,-45.8672],[-74.8352,-45.8874],[-74.8422,-45.8718],[-74.8426,-45.9023],[-74.9338,-45.8596],[-74.9179,-45.8942],[-74.7854,-45.9531],[-74.9457,-45.8878],[-74.9618,-45.92],[-75.0027,-45.8613],[-75.0558,-45.8664],[-75.0894,-45.8901],[-75.0732,-45.9343],[-75.033,-45.943],[-75.06,-45.9725],[-74.9925,-45.9865],[-74.9714,-45.952],[-74.9109,-45.9696],[-74.9671,-45.9564],[-74.9868,-45.9927],[-75.0349,-45.9916],[-74.8675,-46.019],[-74.8087,-45.9965],[-74.8575,-46.0264],[-74.938,-46.0136],[-75.0557,-46.0399],[-75.0423,-46.0993],[-74.9896,-46.1154],[-74.8631,-46.1076],[-74.8282,-46.0673],[-74.8489,-46.0329],[-74.8072,-46.0549],[-74.7241,-46.0094],[-74.6997,-45.9712],[-74.7381,-45.9601],[-74.707,-45.9639],[-74.6694,-45.9047],[-74.6667,-46.0067],[-74.7061,-46.0323],[-74.6241,-46.0318],[-74.5899,-46.0513],[-74.5754,-46.0266],[-74.5437,-46.0482],[-74.5861,-46.0561],[-74.6326,-46.0395],[-74.742,-46.0499],[-74.7739,-46.1263],[-74.7479,-46.1724],[-74.6316,-46.1711],[-74.7411,-46.19],[-74.7364,-46.2225],[-74.7866,-46.1685],[-74.8736,-46.1599],[-74.9187,-46.231],[-74.8574,-46.3011],[-74.9894,-46.2196],[-75.0396,-46.2244],[-75.07,-46.2751],[-74.9993,-46.2886],[-75.0962,-46.2848],[-75.0998,-46.3256],[-74.873,-46.3726],[-75.0151,-46.3728],[-75.1761,-46.304],[-75.1489,-46.3237],[-75.186,-46.3673],[-75.1322,-46.3838],[-75.1713,-46.393],[-75.1408,-46.4498],[-75.1858,-46.4086],[-75.167,-46.3845],[-75.2198,-46.3719],[-75.2508,-46.4117],[-75.2952,-46.4034],[-75.3347,-46.4347],[-75.2789,-46.4546],[-75.2828,-46.4825],[-75.3492,-46.4358],[-75.3196,-46.4985],[-75.3811,-46.4941],[-75.4,-46.5367],[-75.4278,-46.5119],[-75.4269,-46.5298],[-75.5039,-46.5245],[-75.423,-46.5828],[-75.4871,-46.5725],[-75.4545,-46.6201],[-75.583,-46.5806],[-75.5924,-46.6441],[-75.6341,-46.6532],[-75.5883,-46.683],[-75.6391,-46.6773],[-75.6067,-46.6919],[-75.6363,-46.6834],[-75.6198,-46.7126],[-75.6548,-46.7174],[-75.6246,-46.7656],[-75.6436,-46.8077],[-75.5818,-46.8259],[-75.5755,-46.8843],[-75.4985,-46.9057],[-75.4907,-46.9549],[-75.3883,-46.9584],[-75.2536,-46.9029],[-75.2542,-46.8528],[-75.2819,-46.8177],[-75.2619,-46.8729],[-75.3133,-46.8512],[-75.3886,-46.878],[-75.3021,-46.8348],[-75.3249,-46.7778],[-75.378,-46.799],[-75.3436,-46.7656],[-75.4182,-46.8028],[-75.3678,-46.7503],[-75.3843,-46.7227],[-75.3451,-46.7453],[-75.3205,-46.7257],[-75.4799,-46.7143],[-75.5256,-46.7671],[-75.4958,-46.7875],[-75.5295,-46.7777],[-75.5727,-46.8103],[-75.5127,-46.7353],[-75.5813,-46.698],[-75.5048,-46.722],[-75.4762,-46.674],[-75.3611,-46.6235],[-75.3218,-46.6741],[-75.3304,-46.6577],[-75.2831,-46.6595],[-75.3118,-46.6374],[-75.1909,-46.6362],[-75.1832,-46.5653],[-75.1539,-46.6374],[-75.0376,-46.5771],[-75.0164,-46.5123],[-74.9989,-46.5351],[-74.934,-46.4476],[-74.8907,-46.4356],[-74.9183,-46.5057],[-75.0458,-46.6244],[-74.9665,-46.7439],[-74.8409,-46.7672],[-74.791,-46.8099],[-74.7749,-46.7716],[-74.7286,-46.7458],[-74.7744,-46.7852],[-74.6564,-46.8156],[-74.6375,-46.8386],[-74.6156,-46.8261],[-74.6022,-46.8301],[-74.6068,-46.7872],[-74.5749,-46.7734],[-74.5007,-46.7905],[-74.4279,-46.7731],[-74.5636,-46.7181],[-74.4674,-46.7147],[-74.4747,-46.7325],[-74.395,-46.7597],[-74.3243,-46.7485],[-74.2951,-46.7699],[-74.2906,-46.7483],[-74.2815,-46.7682],[-74.2359,-46.7565],[-74.2525,-46.7383],[-74.228,-46.7599],[-74.2207,-46.7562],[-74.1854,-46.747],[-74.1761,-46.7475],[-74.1597,-46.7427],[-74.146,-46.7307],[-74.1027,-46.7101],[-74.1007,-46.7082],[-74.1004,-46.7053],[-74.0964,-46.7011],[-74.096,-46.699],[-74.0912,-46.6987],[-74.0867,-46.6919],[-74.0557,-46.6868],[-74.0525,-46.6931],[-74.0868,-46.6927],[-74.0906,-46.6992],[-74.0958,-46.6997],[-74.0961,-46.702],[-74.0999,-46.7048],[-74.0988,-46.707],[-74.08,-46.708],[-74.0367,-46.7265],[-74.1117,-46.7153],[-74.1576,-46.7426],[-74.1678,-46.7462],[-74.1945,-46.7512],[-74.2014,-46.754],[-74.2197,-46.7569],[-74.2284,-46.7662],[-74.2201,-46.767],[-74.2274,-46.77],[-74.2228,-46.7731],[-74.2289,-46.7737],[-74.2351,-46.7893],[-74.2235,-46.7935],[-74.3657,-46.7781],[-74.253,-46.8056],[-74.1822,-46.8625],[-74.1232,-46.8235],[-74.0646,-46.8213],[-74.1243,-46.8248],[-74.1803,-46.8648],[-74.0647,-46.9834],[-74.0107,-46.9476],[-73.9675,-46.9563],[-73.9921,-46.9628],[-73.9662,-46.9936],[-73.9138,-47.0025],[-73.8891,-46.9496],[-73.854,-46.9439],[-73.8472,-46.9646],[-73.886,-46.9534],[-73.8881,-46.9841],[-73.9187,-47.0066],[-73.8799,-47.0518],[-73.8706,-47.054],[-73.8146,-47.0383],[-73.6583,-47.063],[-73.6308,-47.0679],[-73.4015,-47.0643],[-73.3993,-47.0636],[-73.3856,-47.0512],[-73.3857,-47.0512],[-73.3899,-47.0382],[-73.391,-47.0348],[-73.3806,-46.9207],[-73.3851,-46.9159],[-73.3863,-46.9143],[-73.3916,-46.9094],[-73.3897,-46.6844],[-73.3292,-46.6632],[-73.3454,-46.5958],[-73.0833,-46.4863],[-73.0145,-46.4767],[-73.0099,-46.4829],[-72.9648,-46.3985],[-72.9906,-46.3454],[-73.0374,-46.3477],[-73.0153,-46.3216],[-73.0146,-46.3175],[-73.0453,-46.2875],[-73.0474,-46.282],[-73.1371,-46.1285],[-73.0493,-46.1256],[-73.028,-46.096],[-73.0246,-46.1013],[-72.9387,-46.0711],[-72.9534,-46.033],[-72.965,-46.0288],[-72.9286,-45.9214],[-72.8944,-45.8586],[-72.9135,-45.7963],[-72.8716,-45.7726],[-72.8296,-45.7846],[-72.8266,-45.7972],[-72.7285,-45.7577],[-72.7281,-45.7644],[-72.7223,-45.7694],[-72.7146,-45.7815],[-72.6199,-45.7949],[-72.5005,-45.7576],[-72.5016,-45.7543],[-72.5159,-45.7315],[-72.4665,-45.7182],[-72.4616,-45.7305],[-72.4438,-45.6768],[-72.3294,-45.6709],[-72.3302,-45.6406],[-72.3823,-45.6187],[-72.2935,-45.5759],[-72.2975,-45.5183],[-72.2884,-45.5337],[-72.1305,-45.532],[-72.1345,-45.5292],[-72.1179,-45.4556],[-72.1796,-45.4379],[-72.1792,-45.432],[-72.1279,-45.3614],[-72.1178,-45.3733],[-72.0276,-45.282],[-72.0513,-45.2504],[-71.9671,-45.1967],[-71.967,-45.1143],[-71.9622,-45.0867],[-72.0424,-45.0551],[-72.0828,-45.0877],[-72.1372,-45.0385],[-72.1395,-45.0354],[-72.2701,-45.0138],[-72.2767,-45.0018],[-72.2865,-45.0058],[-72.2892,-45.0059],[-72.2943,-45.0028],[-72.2966,-45.003],[-72.298,-45.005],[-72.2982,-45.0074],[-72.2935,-45.0198],[-72.2965,-45.0298],[-72.2976,-45.0304],[-72.3007,-45.0298],[-72.3039,-45.0287],[-72.3134,-45.0288],[-72.3204,-45.0247],[-72.3284,-45.0148],[-72.3316,-45.0142],[-72.3421,-45.005],[-72.3443,-45.0051],[-72.349,-45.0088],[-72.3499,-45.0103],[-72.346,-45.0339],[-72.3578,-45.0367],[-72.3608,-45.0359],[-72.3664,-45.0354],[-72.4042,-45.0089],[-72.413,-45.0084],[-72.418,-45.0122],[-72.4182,-45.018],[-72.4187,-45.0197],[-72.4331,-45.0189],[-72.4373,-45.0192],[-72.446,-45.0206],[-72.4471,-45.0211],[-72.457,-45.0336],[-72.4631,-45.0568],[-72.4846,-45.0669],[-72.4861,-45.0792],[-72.506,-45.0913],[-72.5069,-45.0931],[-72.5056,-45.1004],[-72.5067,-45.1047],[-72.5089,-45.1044],[-72.5231,-45.0968],[-72.5425,-45.094],[-72.5506,-45.0877],[-72.5719,-45.0847],[-72.6007,-45.063],[-72.5978,-45.0524],[-72.5978,-45.0501],[-72.5994,-45.0491],[-72.602,-45.049],[-72.6084,-45.0507],[-72.6156,-45.0538],[-72.6242,-45.0636],[-72.634,-45.0651],[-72.642,-45.0639],[-72.6466,-45.0617],[-72.6503,-45.0546],[-72.6524,-45.0534],[-72.6531,-45.0512],[-72.6635,-45.0537],[-72.6666,-45.0535],[-72.6679,-45.0598],[-72.679,-45.0669],[-72.6803,-45.0691],[-72.6798,-45.0721],[-72.6806,-45.0739],[-72.6892,-45.0737],[-72.6976,-45.0753],[-72.703,-45.0737],[-72.7347,-45.0441],[-72.7259,-45.0288],[-72.7296,-45.0211],[-72.7317,-45.0198],[-72.7401,-45.0168],[-72.7434,-45.0183],[-72.7472,-45.0193],[-72.7531,-45.0189],[-72.7578,-45.0195],[-72.7649,-45.0219],[-72.7687,-45.0235],[-72.7928,-45.0273],[-72.7949,-45.0273],[-72.799,-45.0262],[-72.8028,-45.0287],[-72.8043,-45.0302],[-72.8112,-45.0424],[-72.8177,-45.0476],[-72.8297,-45.0514],[-72.8309,-45.0512],[-72.8368,-45.0452],[-72.8381,-45.0449],[-72.8763,-45.0451],[-72.8771,-45.0396],[-72.8983,-45.0285],[-72.9083,-45.0182],[-72.9104,-45.0175],[-72.915,-45.02],[-72.9225,-45.0318],[-72.9227,-45.0422],[-72.9318,-45.0502],[-72.9482,-45.0541],[-72.9551,-45.0548],[-72.9641,-45.0548],[-72.9687,-45.0553],[-72.9754,-45.0572],[-72.985,-45.059],[-72.9875,-45.0612],[-72.9972,-45.0635],[-73.0039,-45.0645],[-73.0095,-45.0641],[-73.0306,-45.0592],[-73.0542,-45.0645],[-73.0677,-45.0594],[-73.0674,-45.0546],[-73.0823,-45.0535],[-73.0917,-45.0454],[-73.0964,-45.0426],[-73.0993,-45.0419],[-73.1017,-45.043],[-73.1052,-45.0464],[-73.1078,-45.0588],[-73.1147,-45.0607],[-73.1177,-45.0601],[-73.1214,-45.0577],[-73.1233,-45.0574],[-73.1254,-45.0616],[-73.1251,-45.0673],[-73.1421,-45.0763],[-73.1457,-45.0924],[-73.154,-45.103],[-73.1595,-45.1076],[-73.1646,-45.109],[-73.1712,-45.109],[-73.1817,-45.107],[-73.199,-45.1],[-73.2143,-45.1],[-73.2151,-45.0813],[-73.218,-45.0758],[-73.2228,-45.0727],[-73.2232,-45.0701],[-73.2255,-45.067],[-73.2264,-45.0668],[-73.2312,-45.0698],[-73.2409,-45.0828],[-73.2476,-45.0868],[-73.3206,-45.1009],[-73.2738,-45.1496],[-73.3358,-45.1632],[-73.3004,-45.195],[-73.4262,-45.1887],[-73.4385,-45.2614],[-73.4652,-45.2054],[-73.5065,-45.1938],[-73.4983,-45.2443],[-73.3288,-45.2933],[-73.2725,-45.246],[-73.2091,-45.2387],[-73.0068,-45.396],[-72.9238,-45.423],[-72.8206,-45.3781],[-72.777,-45.4062],[-72.834,-45.4841],[-72.8433,-45.4596],[-72.8733,-45.4768],[-72.9914,-45.4528],[-73.1057,-45.3943],[-73.1489,-45.3153],[-73.1986,-45.2919],[-73.3281,-45.3463],[-73.3026,-45.3957],[-73.3285,-45.349],[-73.3815,-45.3877],[-73.3865,-45.4868],[-73.3929,-45.4075],[-73.4495,-45.4207],[-73.4913,-45.4671],[-73.5645,-45.7795],[-73.4691,-45.7434],[-73.3681,-45.6393],[-73.2761,-45.5916],[-73.237,-45.5876],[-73.2753,-45.6033],[-73.2776,-45.6462],[-73.1313,-45.6513],[-73.1897,-45.6889],[-73.2301,-45.6825],[-73.2154,-45.667],[-73.3755,-45.6966],[-73.5294,-45.8388],[-73.3407,-45.8927],[-73.2256,-45.8821],[-73.1813,-45.8297],[-73.1546,-45.8177],[-73.0097,-45.8792],[-73.0768,-45.8756],[-73.1278,-45.8349],[-73.17,-45.83],[-73.2264,-45.8888],[-73.3282,-45.916]]]}},{"type":"Feature","properties":{"cod_comuna":11202,"codregion":11,"Comuna":"Cisnes","Provincia":"Aysén","Region":"Región de Aysén del Gral.Ibañez del Campo"},"geometry":{"type":"MultiPolygon","coordinates":[[[[-72.6916,-44.7725],[-72.6758,-44.7846],[-72.6757,-44.7796],[-72.6838,-44.7732],[-72.6852,-44.7664],[-72.6817,-44.7638],[-72.6743,-44.7645],[-72.6696,-44.7757],[-72.6617,-44.7654],[-72.6555,-44.765],[-72.6489,-44.768],[-72.6498,-44.7771],[-72.645,-44.7774],[-72.5453,-44.6949],[-72.4192,-44.658],[-72.5449,-44.6965],[-72.6458,-44.7785],[-72.6506,-44.7772],[-72.6536,-44.7663],[-72.6601,-44.7657],[-72.67,-44.7768],[-72.6803,-44.7644],[-72.6842,-44.7674],[-72.6825,-44.773],[-72.674,-44.78],[-72.6743,-44.784],[-72.6782,-44.7859],[-72.7156,-44.7583],[-72.7129,-44.7431],[-72.7464,-44.7472],[-73.0973,-44.9508],[-73.1278,-44.9306],[-73.2181,-44.9624],[-73.3556,-44.9544],[-73.3631,-45.0667],[-73.3388,-45.0924],[-73.2682,-45.0697],[-73.3207,-45.1009],[-73.2477,-45.0868],[-73.241,-45.0828],[-73.2313,-45.0698],[-73.2265,-45.0668],[-73.2255,-45.067],[-73.2229,-45.0727],[-73.218,-45.0758],[-73.2151,-45.0813],[-73.2144,-45.1],[-73.1991,-45.1],[-73.1818,-45.107],[-73.1713,-45.109],[-73.1646,-45.109],[-73.1596,-45.1076],[-73.1541,-45.1031],[-73.1458,-45.0925],[-73.1422,-45.0763],[-73.1233,-45.0574],[-73.1215,-45.0577],[-73.1177,-45.0601],[-73.1148,-45.0607],[-73.1079,-45.0588],[-73.1052,-45.0464],[-73.1018,-45.043],[-73.0994,-45.0419],[-73.0965,-45.0427],[-73.0918,-45.0454],[-73.0823,-45.0535],[-73.0674,-45.0546],[-73.0677,-45.0594],[-73.0543,-45.0645],[-73.004,-45.0646],[-72.9973,-45.0635],[-72.9876,-45.0612],[-72.985,-45.0591],[-72.9687,-45.0553],[-72.9642,-45.0548],[-72.9551,-45.0548],[-72.9483,-45.0541],[-72.9466,-45.0532],[-72.9417,-45.0515],[-72.9319,-45.0503],[-72.9228,-45.0422],[-72.9226,-45.0318],[-72.9151,-45.02],[-72.9105,-45.0175],[-72.9084,-45.0182],[-72.8984,-45.0285],[-72.8771,-45.0396],[-72.8763,-45.0451],[-72.8298,-45.0514],[-72.8178,-45.0476],[-72.8113,-45.0424],[-72.8044,-45.0302],[-72.8029,-45.0287],[-72.7991,-45.0262],[-72.7949,-45.0273],[-72.7929,-45.0273],[-72.7874,-45.0262],[-72.7808,-45.0244],[-72.7688,-45.0235],[-72.765,-45.0219],[-72.7578,-45.0195],[-72.7532,-45.0189],[-72.7473,-45.0194],[-72.7435,-45.0183],[-72.7401,-45.0168],[-72.7318,-45.0198],[-72.7297,-45.0212],[-72.726,-45.0288],[-72.7348,-45.0441],[-72.7031,-45.0737],[-72.6977,-45.0753],[-72.6806,-45.0739],[-72.6799,-45.0721],[-72.6803,-45.0691],[-72.679,-45.0669],[-72.668,-45.0598],[-72.6667,-45.0536],[-72.6532,-45.0512],[-72.6524,-45.0534],[-72.6504,-45.0547],[-72.6467,-45.0617],[-72.6421,-45.0639],[-72.6341,-45.0651],[-72.6243,-45.0636],[-72.6156,-45.0538],[-72.6085,-45.0507],[-72.602,-45.049],[-72.5994,-45.0491],[-72.5978,-45.0501],[-72.5979,-45.0524],[-72.6008,-45.063],[-72.572,-45.0848],[-72.5507,-45.0877],[-72.5426,-45.094],[-72.5232,-45.0968],[-72.509,-45.1044],[-72.5068,-45.1047],[-72.5056,-45.1004],[-72.507,-45.0931],[-72.506,-45.0913],[-72.4862,-45.0792],[-72.4847,-45.0669],[-72.4632,-45.0568],[-72.4571,-45.0336],[-72.4472,-45.0211],[-72.4461,-45.0206],[-72.4373,-45.0192],[-72.4332,-45.0189],[-72.4188,-45.0197],[-72.4182,-45.018],[-72.4181,-45.0122],[-72.4131,-45.0084],[-72.4112,-45.009],[-72.4042,-45.0089],[-72.3665,-45.0355],[-72.3579,-45.0367],[-72.3568,-45.0355],[-72.3517,-45.0342],[-72.3461,-45.0339],[-72.35,-45.0103],[-72.349,-45.0088],[-72.3443,-45.0051],[-72.3421,-45.005],[-72.3317,-45.0142],[-72.3285,-45.0149],[-72.3205,-45.0247],[-72.3135,-45.0288],[-72.2977,-45.0304],[-72.2965,-45.0298],[-72.2936,-45.0198],[-72.2982,-45.0075],[-72.298,-45.005],[-72.2967,-45.0031],[-72.2944,-45.0028],[-72.2893,-45.0059],[-72.2866,-45.0058],[-72.2845,-45.0037],[-72.282,-45.0024],[-72.2767,-45.0018],[-72.2701,-45.0138],[-72.2094,-44.9932],[-72.2424,-44.8807],[-72.2876,-44.8608],[-72.2659,-44.7729],[-72.3766,-44.7618],[-72.3643,-44.6773],[-72.3657,-44.6747],[-72.3653,-44.672],[-72.3669,-44.6691],[-72.3478,-44.651],[-72.2916,-44.6654],[-72.3156,-44.618],[-72.3195,-44.6158],[-72.3478,-44.5976],[-72.3238,-44.5402],[-72.3792,-44.5148],[-72.3289,-44.4384],[-72.3924,-44.3999],[-72.2525,-44.3623],[-72.2831,-44.3206],[-72.2913,-44.31],[-72.2345,-44.2855],[-72.2298,-44.2893],[-72.1686,-44.2609],[-72.1658,-44.2655],[-72.1303,-44.264],[-72.1412,-44.245],[-72.1465,-44.2423],[-72.1418,-44.1878],[-72.1099,-44.0917],[-72.0504,-44.0826],[-72.0606,-44.0762],[-72.098,-44.0546],[-72.1019,-44.0506],[-72.0776,-43.9557],[-72.108,-43.9339],[-72.0794,-43.8986],[-72.1199,-43.8776],[-72.1798,-43.895],[-72.1867,-43.8714],[-72.193,-43.8674],[-72.1979,-43.8584],[-72.2034,-43.8539],[-72.2822,-43.8312],[-72.2407,-43.8068],[-72.2467,-43.8016],[-72.3035,-43.7806],[-72.271,-43.7615],[-72.3213,-43.6897],[-72.3244,-43.6807],[-72.333,-43.6747],[-72.4758,-43.7354],[-72.4837,-43.7698],[-72.4801,-43.7723],[-72.5226,-43.7889],[-72.5279,-43.7854],[-72.5848,-43.7667],[-72.5877,-43.7615],[-72.7636,-43.7701],[-72.8,-43.7404],[-72.7664,-43.6921],[-72.7909,-43.6444],[-72.7953,-43.6413],[-72.8237,-43.6447],[-72.846,-43.7098],[-72.8438,-43.7137],[-72.8822,-43.7417],[-72.9567,-43.6982],[-73.047,-43.738],[-72.9432,-43.7511],[-72.9333,-43.7894],[-72.9217,-43.7615],[-72.8384,-43.7699],[-72.8162,-43.6536],[-72.8173,-43.8054],[-72.7275,-43.8382],[-72.8296,-43.8227],[-72.8709,-43.7882],[-72.8966,-43.801],[-72.9509,-43.8139],[-72.9458,-43.8509],[-72.9295,-43.861],[-72.9501,-43.8525],[-72.9795,-43.7675],[-73.0004,-43.84],[-73.0429,-43.847],[-72.9999,-43.8819],[-73.0566,-43.8756],[-73.0303,-43.9165],[-73.1105,-43.9561],[-73.1015,-43.9539],[-73.108,-43.97],[-73.1072,-43.9707],[-73.1013,-43.971],[-73.0986,-43.9723],[-73.0906,-44.0085],[-73.0722,-44.0273],[-73.0971,-44.0059],[-73.1015,-43.9714],[-73.1168,-43.9718],[-73.1218,-43.9728],[-73.1381,-44.0181],[-73.091,-44.0908],[-73.1303,-44.1046],[-73.186,-44.0552],[-73.2139,-44.1013],[-73.1778,-44.1525],[-73.261,-44.1068],[-73.2445,-44.1662],[-73.2821,-44.1641],[-73.2553,-44.195],[-73.2245,-44.1783],[-73.1706,-44.2001],[-73.0922,-44.1245],[-73.11,-44.185],[-73.0928,-44.1624],[-73.0976,-44.1693],[-73.0895,-44.1717],[-73.0929,-44.1785],[-73.0922,-44.1837],[-73.0861,-44.1789],[-73.0876,-44.1772],[-73.0853,-44.1757],[-73.0664,-44.1734],[-73.0548,-44.1756],[-73.0456,-44.1708],[-73.0472,-44.1674],[-73.0364,-44.17],[-73.0341,-44.1782],[-73.0432,-44.1697],[-73.0472,-44.1737],[-73.0576,-44.1766],[-73.0666,-44.174],[-73.0867,-44.1772],[-73.0849,-44.1785],[-73.0926,-44.1846],[-73.0962,-44.1852],[-73.0938,-44.188],[-73.1037,-44.1927],[-73.1145,-44.2095],[-73.101,-44.2338],[-73.1213,-44.1975],[-73.166,-44.2108],[-73.1827,-44.2479],[-73.0867,-44.2729],[-73.0671,-44.2331],[-73.0485,-44.2717],[-72.9129,-44.3216],[-72.8956,-44.2955],[-72.8528,-44.2912],[-72.8911,-44.3061],[-72.9132,-44.3706],[-72.7604,-44.3813],[-72.8078,-44.4005],[-72.7034,-44.4447],[-72.7458,-44.464],[-72.6743,-44.5107],[-72.6459,-44.4132],[-72.5554,-44.327],[-72.603,-44.3851],[-72.6067,-44.4723],[-72.5791,-44.4624],[-72.6008,-44.4852],[-72.5313,-44.529],[-72.583,-44.5023],[-72.656,-44.5417],[-72.6638,-44.6226],[-72.7175,-44.6626],[-72.6916,-44.7725]]],[[[-72.9729,-44.3639],[-73.0977,-44.3916],[-73.0368,-44.4166],[-73.0039,-44.4964],[-73.0721,-44.4148],[-73.1175,-44.417],[-73.0984,-44.459],[-73.1636,-44.3989],[-73.2456,-44.4347],[-73.2355,-44.5125],[-73.1179,-44.5511],[-73.136,-44.5839],[-73.2783,-44.5419],[-73.2098,-44.6349],[-73.3081,-44.6016],[-73.3532,-44.6338],[-73.376,-44.5971],[-73.3502,-44.5855],[-73.3948,-44.5985],[-73.3873,-44.5681],[-73.452,-44.6391],[-73.4278,-44.7339],[-73.352,-44.735],[-73.3898,-44.7601],[-73.3628,-44.7994],[-73.2612,-44.746],[-73.2652,-44.7771],[-73.1643,-44.8088],[-73.276,-44.7905],[-73.3261,-44.8211],[-73.3922,-44.8169],[-73.2633,-44.9302],[-73.2128,-44.9373],[-73.0431,-44.8797],[-72.9541,-44.7889],[-72.8167,-44.7293],[-72.7933,-44.6691],[-72.9619,-44.628],[-72.967,-44.5824],[-72.9021,-44.6298],[-72.8044,-44.6467],[-72.6888,-44.5387],[-72.78,-44.4463],[-72.7792,-44.4635],[-72.8664,-44.427],[-72.9832,-44.5755],[-72.8989,-44.4468],[-72.9729,-44.3639]]]]}},{"type":"Feature","properties":{"cod_comuna":11203,"codregion":11,"Comuna":"Guaitecas","Provincia":"Aysén","Region":"Región de Aysén del Gral.Ibañez del Campo"},"geometry":{"type":"MultiPolygon","coordinates":[[[[-73.845,-43.772],[-73.828,-43.8008],[-73.9095,-43.8012],[-73.8802,-43.8176],[-73.9012,-43.8413],[-73.9703,-43.846],[-74.0726,-43.805],[-74.1579,-43.8631],[-74.0751,-43.9052],[-74.0054,-43.8875],[-73.9387,-43.9536],[-73.9166,-43.9085],[-73.8629,-43.9151],[-73.9382,-43.8849],[-73.9416,-43.8521],[-73.7847,-43.8363],[-73.845,-43.772]]],[[[-73.6928,-43.934],[-73.7366,-43.9917],[-73.7113,-44.0355],[-73.6575,-44.0522],[-73.6616,-44.0888],[-73.6436,-44.0713],[-73.6374,-44.138],[-73.5768,-44.0977],[-73.6044,-44.085],[-73.5768,-44.0657],[-73.6511,-44.0323],[-73.5981,-44.0031],[-73.6928,-43.934]]]]}},{"type":"Feature","properties":{"cod_comuna":11301,"codregion":11,"Comuna":"Cochrane","Provincia":"Capitán Prat","Region":"Región de Aysén del Gral.Ibañez del Campo"},"geometry":{"type":"Polygon","coordinates":[[[-72.5468,-46.9764],[-72.5467,-46.978],[-72.6048,-47.0338],[-72.8512,-47.0775],[-72.8489,-47.065],[-72.8802,-47.0283],[-72.9968,-47.0532],[-73.0531,-47.0363],[-73.1,-47.0941],[-73.1455,-47.0599],[-73.211,-47.0658],[-73.212,-47.0625],[-73.2951,-47.0325],[-73.3839,-47.0503],[-73.3856,-47.0512],[-73.3993,-47.0636],[-73.3996,-47.065],[-73.3963,-47.0683],[-73.3904,-47.082],[-73.3887,-47.1007],[-73.458,-47.105],[-73.5074,-47.1555],[-73.506,-47.1587],[-73.5026,-47.1621],[-73.4983,-47.1646],[-73.4884,-47.1682],[-73.4815,-47.1686],[-73.4624,-47.1767],[-73.4631,-47.1808],[-73.4647,-47.1849],[-73.4657,-47.1921],[-73.4677,-47.1956],[-73.4674,-47.205],[-73.4742,-47.2125],[-73.4702,-47.2258],[-73.4792,-47.2383],[-73.4085,-47.3323],[-73.4617,-47.4272],[-73.394,-47.597],[-73.4137,-47.6442],[-73.3998,-47.6742],[-73.4126,-47.6867],[-73.4104,-47.6995],[-73.4254,-47.7044],[-73.428,-47.7077],[-73.4281,-47.7123],[-73.4271,-47.7153],[-73.4231,-47.7148],[-73.4174,-47.7144],[-73.412,-47.7147],[-73.3794,-47.7225],[-73.3574,-47.7218],[-73.337,-47.7282],[-73.2907,-47.7172],[-73.2691,-47.73],[-73.2557,-47.7274],[-73.2481,-47.7327],[-73.2451,-47.7313],[-73.2391,-47.73],[-73.2359,-47.7297],[-73.2319,-47.731],[-73.2237,-47.7387],[-73.2138,-47.7402],[-73.21,-47.7428],[-73.2083,-47.7449],[-73.2072,-47.748],[-73.2075,-47.7517],[-73.2269,-47.7767],[-73.2529,-47.7866],[-73.2531,-47.7914],[-73.2582,-47.797],[-73.2588,-47.8001],[-73.2585,-47.8021],[-73.2561,-47.8036],[-73.2446,-47.8063],[-73.2247,-47.821],[-73.2058,-47.8232],[-73.1932,-47.8317],[-73.0965,-47.8354],[-73.0507,-47.8465],[-73.0507,-47.8506],[-73.0588,-47.8579],[-73.0612,-47.8608],[-73.0616,-47.8635],[-73.0607,-47.8639],[-73.0554,-47.8654],[-73.0442,-47.8645],[-73.0285,-47.851],[-72.9974,-47.8447],[-72.9361,-47.8604],[-72.9491,-47.7501],[-72.9089,-47.7347],[-72.8482,-47.7598],[-72.8692,-47.8005],[-72.8146,-47.8212],[-72.7609,-47.93],[-72.7106,-47.9347],[-72.6769,-47.8933],[-72.6461,-47.9078],[-72.679,-47.8433],[-72.6346,-47.8409],[-72.6369,-47.7979],[-72.5131,-47.7601],[-72.5222,-47.7413],[-72.4432,-47.746],[-72.42,-47.6607],[-72.3127,-47.5957],[-72.2921,-47.5122],[-72.3421,-47.4558],[-72.245,-47.4047],[-72.1976,-47.4165],[-72.1611,-47.395],[-72.1268,-47.328],[-72.0465,-47.3391],[-71.9968,-47.295],[-72.0185,-47.1998],[-71.8648,-47.231],[-71.8926,-47.2138],[-71.8599,-47.1321],[-71.9552,-47.0769],[-71.8807,-47.0091],[-71.9579,-46.9739],[-71.9997,-46.9684],[-71.9994,-46.9623],[-72.113,-46.9252],[-72.1646,-46.8598],[-72.2843,-46.8864],[-72.39,-46.951],[-72.5154,-46.9008],[-72.5468,-46.9764]]]}},{"type":"Feature","properties":{"cod_comuna":11302,"codregion":11,"Comuna":"O'Higgins","Provincia":"Capitán Prat","Region":"Región de Aysén del Gral.Ibañez del Campo"},"geometry":{"type":"Polygon","coordinates":[[[-72.5131,-47.7601],[-72.6369,-47.7979],[-72.6346,-47.8409],[-72.679,-47.8433],[-72.6461,-47.9078],[-72.6769,-47.8933],[-72.7106,-47.9347],[-72.7609,-47.93],[-72.8146,-47.8212],[-72.8692,-47.8005],[-72.8482,-47.7598],[-72.9089,-47.7347],[-72.9491,-47.7501],[-72.9361,-47.8604],[-72.9974,-47.8447],[-73.0285,-47.851],[-73.0442,-47.8645],[-73.0554,-47.8654],[-73.0607,-47.8639],[-73.0616,-47.8635],[-73.0643,-47.8694],[-73.0643,-47.8726],[-73.0635,-47.8748],[-73.0617,-47.8776],[-73.06,-47.8789],[-73.0577,-47.8797],[-73.0547,-47.8814],[-73.0536,-47.8848],[-73.0435,-47.893],[-73.0427,-47.8984],[-73.0665,-47.9075],[-73.0571,-47.9255],[-73.0749,-47.9328],[-73.0722,-47.9708],[-73.083,-47.9847],[-73.0799,-48.0093],[-73.0781,-48.0102],[-73.0695,-48.012],[-73.0567,-48.0074],[-73.0336,-48.016],[-73.0222,-48.032],[-73.08,-48.0103],[-73.0818,-48.0173],[-73.0726,-48.0485],[-73.0837,-48.0733],[-73.0413,-48.1408],[-73.0573,-48.1495],[-73.0625,-48.1507],[-73.0777,-48.1494],[-73.0853,-48.1468],[-73.0841,-48.1705],[-73.1166,-48.1595],[-73.5901,-48.9421],[-73.5591,-48.9605],[-73.1428,-49.2117],[-73.0045,-49.0635],[-72.9469,-48.9462],[-72.7954,-48.968],[-72.6884,-48.8648],[-72.6396,-48.8662],[-72.53,-48.7962],[-72.5884,-48.4916],[-72.5355,-48.482],[-72.504,-48.5175],[-72.4431,-48.5132],[-72.3745,-48.4497],[-72.4051,-48.4143],[-72.3472,-48.389],[-72.3804,-48.3496],[-72.28,-48.361],[-72.2296,-48.324],[-72.3254,-48.2146],[-72.3053,-48.1393],[-72.3608,-48.0721],[-72.4435,-48.0635],[-72.425,-47.9664],[-72.5278,-47.9369],[-72.4691,-47.8167],[-72.5131,-47.7601]]]}},{"type":"Feature","properties":{"cod_comuna":11303,"codregion":11,"Comuna":"Tortel","Provincia":"Capitán Prat","Region":"Región de Aysén del Gral.Ibañez del Campo"},"geometry":{"type":"MultiPolygon","coordinates":[[[[-74.3482,-47.5996],[-74.3662,-47.5439],[-74.4254,-47.5219],[-74.454,-47.6057],[-74.4639,-47.5202],[-74.5038,-47.5144],[-74.605,-47.5863],[-74.5265,-47.627],[-74.6127,-47.6469],[-74.5587,-47.6219],[-74.6204,-47.6169],[-74.6796,-47.7183],[-74.6453,-47.7312],[-74.5598,-47.6833],[-74.6199,-47.7253],[-74.5832,-47.7454],[-74.6364,-47.7404],[-74.5125,-47.7651],[-74.4084,-47.6985],[-74.4328,-47.6941],[-74.4992,-47.7422],[-74.4339,-47.6886],[-74.4042,-47.6974],[-74.4074,-47.7045],[-74.5055,-47.7693],[-74.3132,-47.7263],[-74.2602,-47.7519],[-74.3656,-47.7507],[-74.3143,-47.7782],[-74.2439,-47.7459],[-74.1486,-47.7815],[-74.0061,-47.7492],[-73.9955,-47.8058],[-73.8833,-47.8302],[-73.7116,-47.7686],[-73.7347,-47.6945],[-73.6622,-47.6357],[-73.6792,-47.6249],[-73.6796,-47.6012],[-73.673,-47.5742],[-73.6587,-47.5583],[-73.6337,-47.5493],[-73.6403,-47.5397],[-73.6571,-47.5441],[-73.6725,-47.5393],[-73.7102,-47.555],[-73.7047,-47.5256],[-73.699,-47.5442],[-73.67,-47.5371],[-73.639,-47.539],[-73.6282,-47.5454],[-73.6365,-47.5528],[-73.6537,-47.5572],[-73.6718,-47.5751],[-73.6781,-47.6233],[-73.5927,-47.6132],[-73.6898,-47.6673],[-73.681,-47.7598],[-73.5662,-47.8086],[-73.5325,-47.7976],[-73.4764,-47.862],[-73.4443,-47.8418],[-73.4584,-47.8955],[-73.4949,-47.9049],[-73.4305,-47.9437],[-73.2755,-47.9336],[-73.2033,-47.9584],[-73.1766,-47.9574],[-73.1608,-47.9626],[-73.0799,-48.0093],[-73.0799,-47.9939],[-73.0791,-47.9906],[-73.083,-47.9847],[-73.0722,-47.9709],[-73.0749,-47.9328],[-73.0571,-47.9255],[-73.0665,-47.9075],[-73.0427,-47.8984],[-73.0434,-47.8931],[-73.0546,-47.8815],[-73.0577,-47.8797],[-73.06,-47.8789],[-73.0617,-47.8777],[-73.0635,-47.8748],[-73.0643,-47.8726],[-73.0643,-47.8694],[-73.0615,-47.8635],[-73.0612,-47.8608],[-73.0506,-47.8506],[-73.0507,-47.8465],[-73.0965,-47.8354],[-73.1931,-47.8318],[-73.2058,-47.8232],[-73.2246,-47.8211],[-73.2446,-47.8063],[-73.256,-47.8037],[-73.2585,-47.8021],[-73.2588,-47.8002],[-73.2582,-47.7971],[-73.253,-47.7915],[-73.2529,-47.7866],[-73.2269,-47.7767],[-73.2075,-47.7518],[-73.2072,-47.748],[-73.2083,-47.7449],[-73.21,-47.7428],[-73.2138,-47.7402],[-73.2237,-47.7387],[-73.2318,-47.731],[-73.2334,-47.7303],[-73.2398,-47.7302],[-73.2448,-47.7312],[-73.2481,-47.7328],[-73.2557,-47.7275],[-73.2691,-47.73],[-73.2907,-47.7172],[-73.337,-47.7282],[-73.3574,-47.7218],[-73.3794,-47.7226],[-73.4119,-47.7148],[-73.427,-47.7153],[-73.428,-47.7123],[-73.428,-47.7077],[-73.4254,-47.7044],[-73.4104,-47.6995],[-73.4126,-47.6867],[-73.3998,-47.6743],[-73.4137,-47.6442],[-73.394,-47.597],[-73.4616,-47.4272],[-73.4085,-47.3323],[-73.4791,-47.2383],[-73.4701,-47.2258],[-73.4741,-47.2126],[-73.4673,-47.205],[-73.4624,-47.1767],[-73.4651,-47.1757],[-73.474,-47.1731],[-73.4814,-47.1687],[-73.4883,-47.1682],[-73.4983,-47.1646],[-73.5026,-47.1621],[-73.506,-47.1587],[-73.5074,-47.1555],[-73.4579,-47.1051],[-73.3887,-47.1007],[-73.3901,-47.0827],[-73.3963,-47.0683],[-73.3996,-47.0651],[-73.4015,-47.0643],[-73.6308,-47.0679],[-73.6583,-47.063],[-73.8146,-47.0383],[-73.8706,-47.054],[-73.8799,-47.0518],[-73.9187,-47.0066],[-74.0143,-46.9814],[-74.0555,-47.0492],[-74.0693,-47.0029],[-74.1255,-46.9932],[-74.1929,-47.0843],[-74.1442,-47.1631],[-74.0999,-47.1457],[-74.0921,-47.1685],[-74.0151,-47.1169],[-74.0145,-47.1372],[-73.9092,-47.0316],[-74.0083,-47.1454],[-73.9944,-47.1559],[-73.9735,-47.1446],[-73.9703,-47.1441],[-73.9642,-47.1482],[-73.9261,-47.2164],[-73.8911,-47.1942],[-73.9261,-47.2176],[-73.8975,-47.2341],[-73.9323,-47.2241],[-73.954,-47.1931],[-73.9599,-47.1573],[-73.9708,-47.1448],[-73.9754,-47.1463],[-73.9746,-47.1493],[-73.9892,-47.1559],[-73.9975,-47.156],[-74.0058,-47.1498],[-74.0173,-47.1565],[-74.0088,-47.2219],[-74.0227,-47.159],[-74.0933,-47.1922],[-74.0345,-47.3749],[-74.083,-47.3047],[-74.1213,-47.3045],[-74.0809,-47.282],[-74.104,-47.197],[-74.1457,-47.1858],[-74.1931,-47.1982],[-74.108,-47.2795],[-74.1656,-47.2558],[-74.1888,-47.3336],[-74.1391,-47.3608],[-74.1937,-47.3519],[-74.1806,-47.2149],[-74.2407,-47.1865],[-74.2046,-47.2101],[-74.2344,-47.2225],[-74.2606,-47.1918],[-74.3452,-47.2819],[-74.3805,-47.2798],[-74.4881,-47.4131],[-74.458,-47.4627],[-74.4191,-47.3921],[-74.4106,-47.4319],[-74.3176,-47.4432],[-74.2083,-47.3888],[-74.3063,-47.4516],[-74.4181,-47.4529],[-74.4241,-47.477],[-74.3286,-47.5311],[-74.3127,-47.5152],[-74.3741,-47.5014],[-74.3446,-47.4873],[-74.2957,-47.5086],[-74.1393,-47.4858],[-74.0585,-47.4276],[-74.1264,-47.4917],[-74.2807,-47.5132],[-74.3012,-47.5447],[-74.2562,-47.5892],[-74.1848,-47.5648],[-74.1128,-47.5792],[-74.0256,-47.5137],[-73.9692,-47.4948],[-73.9024,-47.4918],[-73.9296,-47.4653],[-73.8978,-47.4907],[-73.8993,-47.4987],[-74.004,-47.5156],[-74.0974,-47.5875],[-73.9391,-47.5868],[-74.0205,-47.61],[-74.2397,-47.6084],[-74.2033,-47.6235],[-74.2529,-47.6283],[-74.1917,-47.6372],[-74.0252,-47.6314],[-74.0969,-47.6562],[-74.2504,-47.6393],[-74.2565,-47.6972],[-74.2145,-47.7227],[-74.0642,-47.7237],[-74.1421,-47.7306],[-74.1523,-47.7536],[-74.264,-47.7082],[-74.2811,-47.6339],[-74.4774,-47.6855],[-74.5425,-47.6773],[-74.5178,-47.6431],[-74.5668,-47.6391],[-74.5039,-47.6246],[-74.5217,-47.6599],[-74.4629,-47.6758],[-74.3482,-47.5996]],[[-74.0648,-47.7117],[-74.0043,-47.7167],[-74.0896,-47.7173],[-74.0648,-47.7117]]],[[[-73.9592,-48.722],[-73.5902,-48.9423],[-73.1166,-48.1595],[-73.1181,-48.1606],[-73.1223,-48.1615],[-73.1352,-48.1627],[-73.1411,-48.1679],[-73.1715,-48.2318],[-73.2666,-48.2436],[-73.3324,-48.2255],[-73.3826,-48.1763],[-73.4368,-48.1653],[-73.4902,-48.2121],[-73.4467,-48.248],[-73.5155,-48.2422],[-73.5375,-48.1882],[-73.5904,-48.2511],[-73.5369,-48.1835],[-73.5448,-48.1351],[-73.6847,-48.0846],[-73.7462,-48.1101],[-73.7458,-48.1463],[-73.7525,-48.1001],[-73.7086,-48.0687],[-73.7112,-48.0242],[-73.7979,-48.0556],[-73.8355,-48.1081],[-73.8223,-48.0202],[-73.9108,-48.0396],[-73.9653,-48.0063],[-73.9851,-48.0252],[-74.0183,-48.0021],[-73.9805,-48.0093],[-73.9764,-47.9775],[-74.0706,-47.9663],[-74.1073,-47.9801],[-74.0787,-48.006],[-74.1427,-47.9824],[-74.1137,-48.0755],[-74.1489,-47.9818],[-74.2063,-47.9929],[-74.1958,-48.0193],[-74.2196,-47.9909],[-74.2593,-48.0001],[-74.1465,-48.2229],[-74.0559,-48.1918],[-74.1362,-48.2347],[-74.1934,-48.1784],[-74.2156,-48.2552],[-74.2048,-48.1585],[-74.2867,-48.0005],[-74.4907,-47.9282],[-74.6063,-47.9913],[-74.5989,-48.0567],[-74.5361,-48.0907],[-74.4408,-48.0497],[-74.4853,-48.0861],[-74.4244,-48.0524],[-74.3985,-48.0032],[-74.3583,-48.0005],[-74.418,-48.0573],[-74.3772,-48.0538],[-74.47,-48.0857],[-74.3682,-48.1874],[-74.2738,-48.213],[-74.2576,-48.1922],[-74.265,-48.2324],[-74.1868,-48.281],[-74.2262,-48.3328],[-74.0984,-48.303],[-73.9095,-48.3124],[-74.147,-48.3172],[-74.2053,-48.3522],[-74.1074,-48.3456],[-73.976,-48.4067],[-73.944,-48.3974],[-73.9069,-48.413],[-73.8441,-48.3902],[-73.7748,-48.3963],[-73.7868,-48.4155],[-73.832,-48.3946],[-73.8824,-48.4236],[-73.9803,-48.429],[-73.9774,-48.4914],[-74.0019,-48.5134],[-73.9122,-48.5601],[-73.8977,-48.6123],[-74.1458,-48.4661],[-74.2261,-48.5053],[-74.1726,-48.5351],[-74.2352,-48.5158],[-74.3598,-48.5869],[-74.3012,-48.6759],[-74.2519,-48.6243],[-74.2363,-48.675],[-74.1754,-48.6397],[-74.1947,-48.6653],[-74.2627,-48.682],[-74.2435,-48.7179],[-74.1597,-48.6885],[-73.9763,-48.716],[-73.9592,-48.722]]]]}},{"type":"Feature","properties":{"cod_comuna":11401,"codregion":11,"Comuna":"Chile Chico","Provincia":"General Carrera","Region":"Región de Aysén del Gral.Ibañez del Campo"},"geometry":{"type":"Polygon","coordinates":[[[-71.9579,-46.9739],[-71.9701,-46.9038],[-71.9308,-46.8453],[-71.9558,-46.8152],[-71.8338,-46.7963],[-71.6459,-46.6859],[-71.7035,-46.4572],[-71.7137,-46.4579],[-71.7478,-46.4579],[-71.8164,-46.4501],[-71.829,-46.4448],[-71.8458,-46.4373],[-71.8804,-46.4361],[-71.948,-46.4535],[-72.0179,-46.4847],[-72.03,-46.4955],[-72.0436,-46.5089],[-72.0442,-46.509],[-72.0645,-46.5151],[-72.0678,-46.516],[-72.0971,-46.5254],[-72.1332,-46.5369],[-72.1467,-46.5393],[-72.1596,-46.5361],[-72.1804,-46.5356],[-72.1921,-46.5356],[-72.2017,-46.5353],[-72.2164,-46.5324],[-72.233,-46.5319],[-72.2483,-46.5402],[-72.2583,-46.5434],[-72.273,-46.5511],[-72.2897,-46.5564],[-72.3043,-46.5587],[-72.3146,-46.5608],[-72.3597,-46.5828],[-72.3675,-46.5906],[-72.3694,-46.5977],[-72.3759,-46.6098],[-72.3867,-46.6177],[-72.4038,-46.6285],[-72.4203,-46.6361],[-72.433,-46.6382],[-72.442,-46.6421],[-72.4585,-46.6479],[-72.4632,-46.649],[-72.4906,-46.6558],[-72.5229,-46.6584],[-72.533,-46.6578],[-72.5459,-46.6602],[-72.5518,-46.6601],[-72.6701,-46.6274],[-72.6781,-46.6717],[-72.8358,-46.6785],[-72.9692,-46.5711],[-73.0754,-46.5607],[-73.0833,-46.4863],[-73.3454,-46.5958],[-73.3292,-46.6632],[-73.3897,-46.6844],[-73.3916,-46.9094],[-73.3863,-46.9143],[-73.3851,-46.9159],[-73.3806,-46.9207],[-73.391,-47.0348],[-73.3899,-47.0382],[-73.3857,-47.0512],[-73.3839,-47.0503],[-73.2951,-47.0325],[-73.212,-47.0625],[-73.211,-47.0658],[-73.1455,-47.0599],[-73.1,-47.0941],[-73.0531,-47.0363],[-72.9968,-47.0532],[-72.8802,-47.0283],[-72.8489,-47.065],[-72.8512,-47.0775],[-72.6048,-47.0338],[-72.5467,-46.978],[-72.5468,-46.9764],[-72.5154,-46.9008],[-72.39,-46.951],[-72.2843,-46.8864],[-72.1646,-46.8598],[-72.113,-46.9252],[-71.9994,-46.9623],[-71.9997,-46.9684],[-71.9579,-46.9739]]]}},{"type":"Feature","properties":{"cod_comuna":11402,"codregion":11,"Comuna":"Río Ibáñez","Provincia":"General Carrera","Region":"Región de Aysén del Gral.Ibañez del Campo"},"geometry":{"type":"Polygon","coordinates":[[[-72.6701,-46.6274],[-72.5519,-46.66],[-72.5461,-46.6602],[-72.5323,-46.6577],[-72.5228,-46.6584],[-72.4905,-46.6558],[-72.4659,-46.6496],[-72.4579,-46.6477],[-72.4417,-46.642],[-72.433,-46.6383],[-72.4203,-46.6361],[-72.404,-46.6286],[-72.3958,-46.6231],[-72.3865,-46.6175],[-72.376,-46.6099],[-72.3694,-46.5977],[-72.3674,-46.5905],[-72.3596,-46.5828],[-72.3146,-46.5609],[-72.3039,-46.5587],[-72.2896,-46.5563],[-72.273,-46.551],[-72.2583,-46.5435],[-72.2481,-46.5401],[-72.2329,-46.5318],[-72.2167,-46.5323],[-72.2016,-46.5353],[-72.1916,-46.5355],[-72.1753,-46.5356],[-72.1596,-46.5361],[-72.1466,-46.5393],[-72.1328,-46.5368],[-72.0659,-46.5154],[-72.0435,-46.5088],[-71.948,-46.4536],[-71.8805,-46.4361],[-71.8167,-46.45],[-71.7483,-46.4578],[-71.7137,-46.4579],[-71.7035,-46.4572],[-71.7568,-46.3462],[-71.7239,-46.2848],[-71.7531,-46.2281],[-71.7903,-46.1927],[-71.8601,-46.1939],[-71.9154,-46.1382],[-72.1514,-46.0283],[-72.3113,-46.0657],[-72.3024,-46.0293],[-72.3559,-46.0168],[-72.3926,-46.0492],[-72.4698,-46.0583],[-72.486,-45.9813],[-72.5786,-45.9216],[-72.6418,-45.9445],[-72.9286,-45.9214],[-72.965,-46.0288],[-72.9534,-46.033],[-72.9387,-46.0711],[-73.0246,-46.1013],[-73.028,-46.096],[-73.0493,-46.1256],[-73.1371,-46.1285],[-73.0474,-46.282],[-73.0453,-46.2875],[-73.0146,-46.3175],[-73.0153,-46.3216],[-73.0374,-46.3477],[-72.9906,-46.3454],[-72.9648,-46.3985],[-73.0099,-46.4829],[-73.0145,-46.4767],[-73.0833,-46.4863],[-73.0754,-46.5607],[-72.9692,-46.5711],[-72.8358,-46.6785],[-72.6781,-46.6717],[-72.6701,-46.6274]]]}},{"type":"Feature","properties":{"cod_comuna":12101,"codregion":12,"Comuna":"Punta Arenas","Provincia":"Magallanes","Region":"Región de Magallanes y Antártica Chilena"},"geometry":{"type":"MultiPolygon","coordinates":[[[[-71.1946,-52.8112],[-71.1469,-52.8285],[-71.1147,-52.9081],[-71.2447,-52.9883],[-71.3478,-53.1182],[-71.5896,-53.1648],[-71.6147,-53.2041],[-71.7424,-53.2105],[-71.7476,-53.3158],[-71.7839,-53.3052],[-71.7481,-53.4472],[-71.8038,-53.5162],[-71.9717,-53.5656],[-72.0049,-53.5667],[-72.0041,-53.5511],[-72.0408,-53.5405],[-72.1206,-53.5575],[-72.0355,-53.532],[-72.0092,-53.5392],[-71.9901,-53.5204],[-71.9157,-53.5155],[-71.7662,-53.4376],[-71.8696,-53.2259],[-72.0211,-53.2337],[-72.0179,-53.3783],[-72.1794,-53.4402],[-72.2842,-53.428],[-72.2012,-53.4312],[-72.1536,-53.3849],[-72.1136,-53.3875],[-72.1205,-53.2529],[-72.1767,-53.2736],[-72.1708,-53.2575],[-72.3054,-53.2536],[-72.4431,-53.3247],[-72.4202,-53.3707],[-72.4782,-53.3969],[-72.3495,-53.5454],[-72.3133,-53.5612],[-72.264,-53.5334],[-72.3002,-53.5752],[-72.11,-53.6837],[-72.0315,-53.7068],[-72.0001,-53.6833],[-71.9412,-53.7195],[-71.9371,-53.7035],[-71.8746,-53.6826],[-71.9248,-53.7003],[-71.8511,-53.7483],[-71.2937,-53.8961],[-70.9733,-53.7865],[-70.9524,-53.6226],[-70.9125,-53.6338],[-70.9884,-53.39],[-70.9359,-53.3177],[-70.9354,-53.1997],[-70.8544,-53.1312],[-70.8786,-53.1015],[-70.8259,-52.9625],[-70.7815,-52.9371],[-70.8927,-52.9169],[-70.8471,-52.9104],[-70.8033,-52.8504],[-70.8197,-52.8111],[-70.7592,-52.8122],[-70.7354,-52.7833],[-70.8017,-52.7871],[-70.8336,-52.7753],[-70.7884,-52.7602],[-70.8668,-52.7606],[-70.8996,-52.7293],[-70.9187,-52.7102],[-70.9207,-52.7102],[-70.9957,-52.7475],[-71.0026,-52.7456],[-71.0343,-52.7259],[-71.0387,-52.7218],[-71.0964,-52.7545],[-71.1879,-52.6987],[-71.1946,-52.8112]]],[[[-73.041,-53.3756],[-73.1709,-53.4002],[-73.1142,-53.4052],[-73.1602,-53.4311],[-73.0972,-53.4565],[-73.1264,-53.4877],[-73.0334,-53.5383],[-73.1878,-53.4789],[-73.2175,-53.492],[-73.1681,-53.5088],[-73.2275,-53.5349],[-73.2264,-53.5035],[-73.2974,-53.4756],[-73.4324,-53.4667],[-73.3191,-53.5617],[-73.2114,-53.5626],[-73.2705,-53.5879],[-73.2578,-53.6157],[-73.2281,-53.6056],[-73.2462,-53.6329],[-73.1269,-53.6182],[-73.1511,-53.6422],[-73.1134,-53.6449],[-73.0148,-53.5673],[-72.9985,-53.5841],[-73.0954,-53.6521],[-72.9961,-53.6306],[-73.0091,-53.6506],[-72.9673,-53.6468],[-72.9747,-53.6141],[-72.929,-53.6228],[-72.9527,-53.6696],[-73.1791,-53.6707],[-73.165,-53.6841],[-73.1738,-53.7063],[-73.2137,-53.7266],[-73.1326,-53.7064],[-73.1477,-53.6832],[-72.8666,-53.7344],[-72.8746,-53.7068],[-72.8549,-53.7328],[-72.8134,-53.7052],[-72.8431,-53.7376],[-72.8014,-53.7454],[-72.8677,-53.7433],[-72.8858,-53.7689],[-72.9931,-53.7897],[-72.9341,-53.8031],[-73.0147,-53.7983],[-73.0617,-53.8232],[-72.9128,-53.8408],[-73.0206,-53.8515],[-72.9717,-53.8603],[-73.0409,-53.8671],[-72.9994,-53.8653],[-73.0442,-53.9085],[-72.9397,-53.866],[-72.9677,-53.8971],[-72.9085,-53.8991],[-72.8373,-53.8159],[-72.8946,-53.8092],[-72.834,-53.8072],[-72.8332,-53.7606],[-72.808,-53.805],[-72.7315,-53.76],[-72.8538,-53.8835],[-72.7526,-53.8346],[-72.754,-53.8527],[-72.716,-53.8414],[-72.7808,-53.8682],[-72.7937,-53.9165],[-72.7062,-53.858],[-72.6899,-53.8819],[-72.6533,-53.8741],[-72.8047,-53.9426],[-72.6946,-53.9825],[-72.8078,-53.955],[-72.8784,-53.9759],[-72.8001,-53.9915],[-72.83,-54.0047],[-72.7779,-53.9978],[-72.8694,-54.0213],[-72.7908,-54.0184],[-72.8145,-54.0318],[-72.7553,-54.0358],[-72.7589,-54.0641],[-72.7833,-54.0404],[-72.9684,-54.0247],[-72.9691,-54.0527],[-72.844,-54.0758],[-73.0374,-54.0706],[-73.0765,-54.0908],[-72.9885,-54.1082],[-72.9008,-54.084],[-72.8697,-54.0916],[-72.9271,-54.1089],[-72.8822,-54.1162],[-72.9645,-54.1249],[-72.8275,-54.1365],[-72.8163,-54.0949],[-72.7599,-54.1214],[-72.7109,-54.1104],[-72.7582,-54.0951],[-72.6859,-54.0917],[-72.6266,-54.0188],[-72.6697,-54.0909],[-72.6008,-54.0347],[-72.6288,-54.0971],[-72.6044,-54.0825],[-72.55,-54.1103],[-72.5538,-53.9952],[-72.4866,-54.0252],[-72.4745,-54.0664],[-72.337,-54.0343],[-72.3774,-53.9709],[-72.4779,-53.9609],[-72.3617,-53.959],[-72.4731,-53.8899],[-72.3306,-53.9241],[-72.3517,-53.8498],[-72.4677,-53.8252],[-72.3608,-53.8345],[-72.3705,-53.8079],[-72.3113,-53.8499],[-72.2252,-53.8587],[-72.1949,-53.8274],[-72.2929,-53.8047],[-72.2099,-53.8157],[-72.1513,-53.7874],[-72.2235,-53.7447],[-72.3451,-53.7577],[-72.2365,-53.7267],[-72.3093,-53.7017],[-72.3553,-53.7173],[-72.3444,-53.686],[-72.3879,-53.6776],[-72.4602,-53.7548],[-72.4618,-53.6751],[-72.5998,-53.676],[-72.612,-53.7158],[-72.5245,-53.704],[-72.621,-53.7232],[-72.6202,-53.6708],[-72.3848,-53.6386],[-72.4237,-53.6114],[-72.4845,-53.6347],[-72.4496,-53.6091],[-72.4967,-53.5891],[-72.4595,-53.5792],[-72.6445,-53.5584],[-72.6655,-53.5237],[-72.6395,-53.5914],[-72.6761,-53.6505],[-72.7153,-53.6154],[-72.6708,-53.5946],[-72.734,-53.5704],[-72.7245,-53.509],[-72.8587,-53.4504],[-72.8111,-53.6094],[-72.8594,-53.6128],[-72.8555,-53.6651],[-72.8804,-53.6381],[-72.9223,-53.6478],[-72.8685,-53.6333],[-72.8623,-53.5688],[-72.893,-53.5717],[-72.8496,-53.5322],[-72.9234,-53.5523],[-72.8506,-53.5141],[-72.8994,-53.4951],[-72.9327,-53.5366],[-72.9038,-53.4414],[-72.9499,-53.4415],[-72.9285,-53.4209],[-72.9896,-53.3968],[-73.0031,-53.4943],[-73.0027,-53.4149],[-73.0426,-53.4556],[-73.0464,-53.4314],[-73.002,-53.3905],[-73.041,-53.3756]]]]}},{"type":"Feature","properties":{"cod_comuna":12102,"codregion":12,"Comuna":"Laguna Blanca","Provincia":"Magallanes","Region":"Región de Magallanes y Antártica Chilena"},"geometry":{"type":"Polygon","coordinates":[[[-70.8764,-52.0002],[-71.6942,-52.0078],[-71.6891,-52.0538],[-71.6356,-52.0565],[-71.6349,-52.3634],[-71.6357,-52.4376],[-71.4412,-52.4402],[-71.4397,-52.5313],[-71.3393,-52.5347],[-71.3341,-52.8055],[-71.3215,-52.8058],[-71.3123,-52.8018],[-71.3069,-52.8034],[-71.2595,-52.792],[-71.1946,-52.8112],[-71.1879,-52.6987],[-71.0964,-52.7545],[-71.0387,-52.7218],[-71.0343,-52.7259],[-71.0026,-52.7456],[-70.9957,-52.7475],[-70.9207,-52.7102],[-70.9193,-52.7101],[-70.9181,-52.6067],[-70.9187,-52.3373],[-70.9191,-52.2469],[-70.92,-52.0745],[-70.874,-52.0756],[-70.8764,-52.0002]]]}},{"type":"Feature","properties":{"cod_comuna":12103,"codregion":12,"Comuna":"Río Verde","Provincia":"Magallanes","Region":"Región de Magallanes y Antártica Chilena"},"geometry":{"type":"MultiPolygon","coordinates":[[[[-71.4685,-52.6577],[-71.7768,-52.7033],[-71.9201,-52.6866],[-71.9672,-52.6475],[-72.0481,-52.6832],[-72.1659,-52.6486],[-72.2017,-52.7032],[-72.4321,-52.821],[-72.4216,-52.8817],[-72.489,-52.8253],[-72.6003,-52.8688],[-72.5522,-52.8267],[-72.6389,-52.8779],[-72.5486,-52.8155],[-72.5475,-52.8244],[-72.523,-52.8131],[-72.5693,-52.8035],[-72.7165,-52.9045],[-72.7197,-52.8695],[-72.6179,-52.8122],[-72.6024,-52.77],[-72.6821,-52.7233],[-72.8029,-52.8263],[-72.784,-52.7851],[-72.9054,-52.8451],[-72.9491,-52.8376],[-73.0108,-52.8561],[-72.9035,-52.9216],[-72.963,-52.9403],[-72.9168,-53.0538],[-72.8471,-53.0377],[-72.9723,-53.11],[-72.846,-53.1574],[-72.7919,-53.1121],[-72.7391,-53.1386],[-72.7337,-53.1099],[-72.7316,-53.1497],[-72.6616,-53.1535],[-72.7041,-53.1699],[-72.7865,-53.1471],[-72.8037,-53.1657],[-72.7501,-53.1635],[-72.7195,-53.2079],[-72.8513,-53.1877],[-72.6843,-53.2591],[-72.7338,-53.2617],[-72.7155,-53.3027],[-72.7502,-53.3135],[-72.7531,-53.243],[-72.8845,-53.1977],[-72.9249,-53.2121],[-72.9054,-53.1903],[-72.9424,-53.1731],[-72.9693,-53.2026],[-73.0151,-53.1703],[-73.0232,-53.1992],[-73.0847,-53.1757],[-73.1226,-53.2112],[-73.1563,-53.1969],[-73.1283,-53.1894],[-73.313,-53.1648],[-73.2021,-53.2212],[-73.2593,-53.2086],[-73.1934,-53.2549],[-73.1625,-53.2378],[-73.156,-53.2741],[-73.0441,-53.3093],[-73.0487,-53.2831],[-72.9378,-53.3644],[-72.8771,-53.3537],[-72.9068,-53.385],[-72.8192,-53.398],[-72.8035,-53.3754],[-72.795,-53.4353],[-72.7666,-53.3983],[-72.7207,-53.461],[-72.6581,-53.4805],[-72.6038,-53.464],[-72.6537,-53.4848],[-72.5767,-53.5203],[-72.5328,-53.4999],[-72.5565,-53.5392],[-72.3921,-53.5345],[-72.5187,-53.4037],[-72.554,-53.3936],[-72.602,-53.4342],[-72.5812,-53.4002],[-72.6758,-53.3476],[-72.611,-53.3804],[-72.5426,-53.378],[-72.5074,-53.352],[-72.5578,-53.2722],[-72.4852,-53.3095],[-72.4213,-53.2594],[-72.6206,-53.1999],[-72.5314,-53.1959],[-72.5436,-53.2161],[-72.4489,-53.2391],[-72.521,-53.188],[-72.4427,-53.1921],[-72.4277,-53.2286],[-72.3596,-53.2408],[-72.3181,-53.2239],[-72.4033,-53.2025],[-72.3706,-53.182],[-72.2777,-53.2149],[-72.204,-53.1946],[-72.246,-53.1446],[-72.2714,-53.1595],[-72.3515,-53.1348],[-72.3274,-53.1199],[-72.3835,-53.0859],[-72.604,-53.074],[-72.405,-53.0678],[-72.4025,-53.0412],[-72.2345,-53.1258],[-72.2894,-53.0949],[-72.2363,-53.0988],[-72.2539,-53.0803],[-72.3552,-53.0373],[-72.237,-53.0614],[-72.1304,-53.1456],[-72.0225,-53.1314],[-71.9087,-53.003],[-71.4871,-52.837],[-71.4091,-52.8331],[-71.3882,-52.7961],[-71.4307,-52.7393],[-71.3953,-52.7222],[-71.4685,-52.6577]]],[[[-73.2418,-52.6982],[-73.3014,-52.7761],[-73.2436,-52.7619],[-73.2312,-52.8085],[-73.2982,-52.8014],[-73.3908,-52.8465],[-73.3577,-52.8118],[-73.3902,-52.7943],[-73.4131,-52.8256],[-73.4735,-52.8442],[-73.4214,-52.8198],[-73.4766,-52.7964],[-73.5725,-52.8147],[-73.4393,-52.8789],[-73.3591,-52.874],[-73.3336,-52.9191],[-73.2761,-52.8948],[-73.3077,-52.9188],[-73.2698,-52.9393],[-73.2359,-52.9129],[-73.1654,-52.9054],[-73.1452,-52.9236],[-73.2222,-52.9197],[-73.2299,-52.9502],[-73.274,-52.9529],[-73.2349,-52.9806],[-73.32,-52.953],[-73.386,-52.9796],[-73.2866,-53.0117],[-73.3734,-53.0002],[-73.4482,-53.0212],[-73.3815,-53.0601],[-73.3442,-53.0449],[-73.3741,-53.0705],[-73.3273,-53.0627],[-73.2124,-53.1129],[-73.1673,-53.0918],[-73.2079,-53.0194],[-73.1451,-53.023],[-73.1825,-53.0617],[-73.1333,-53.1151],[-73.0266,-53.0739],[-73.0426,-53.0415],[-72.989,-53.076],[-72.9404,-53.0038],[-72.975,-52.945],[-72.944,-52.9048],[-73.0679,-52.8548],[-73.0183,-52.8615],[-73.0089,-52.8481],[-72.9199,-52.8134],[-72.9397,-52.7927],[-72.8708,-52.8172],[-72.6723,-52.6804],[-72.739,-52.6372],[-72.7742,-52.6498],[-72.7573,-52.6231],[-72.8108,-52.6478],[-72.7877,-52.6213],[-72.855,-52.6181],[-72.9908,-52.7588],[-72.8699,-52.613],[-72.925,-52.59],[-72.8671,-52.6089],[-72.8245,-52.5926],[-72.8864,-52.5868],[-72.843,-52.574],[-72.8653,-52.543],[-72.7637,-52.5776],[-72.6073,-52.5235],[-72.6583,-52.5584],[-72.5718,-52.5894],[-72.4025,-52.508],[-72.381,-52.5568],[-72.4895,-52.5556],[-72.5628,-52.6027],[-72.4301,-52.6752],[-72.3992,-52.6274],[-72.4446,-52.6311],[-72.3227,-52.5326],[-72.2392,-52.5514],[-72.1585,-52.5209],[-72.1398,-52.5445],[-72.1208,-52.5175],[-72.107,-52.5559],[-72.1069,-52.5293],[-72.0355,-52.5627],[-71.9222,-52.5432],[-71.6377,-52.5773],[-71.5596,-52.5627],[-71.384,-52.7196],[-71.3952,-52.7598],[-71.3407,-52.8102],[-71.3335,-52.8066],[-71.335,-52.7012],[-71.3375,-52.533],[-71.4396,-52.5313],[-71.4412,-52.4402],[-71.6357,-52.4376],[-71.6349,-52.3634],[-71.8562,-52.361],[-71.8557,-52.3287],[-72.0469,-52.3267],[-72.0473,-52.3641],[-72.2929,-52.3645],[-72.3389,-52.3641],[-72.4501,-52.3607],[-72.5009,-52.3618],[-72.5531,-52.3618],[-72.5704,-52.3899],[-72.59,-52.3754],[-72.6248,-52.418],[-72.6354,-52.3991],[-72.6902,-52.4149],[-72.5198,-52.4501],[-72.5572,-52.4872],[-72.6357,-52.4375],[-72.6718,-52.4371],[-72.6184,-52.4598],[-72.7369,-52.434],[-72.9376,-52.4949],[-72.9436,-52.4986],[-72.9508,-52.5021],[-72.961,-52.5086],[-72.9882,-52.5286],[-72.9945,-52.5281],[-72.9976,-52.5272],[-73.0036,-52.5265],[-73.0192,-52.5252],[-73.0386,-52.5257],[-73.1289,-52.539],[-73.1332,-52.6067],[-73.1669,-52.6295],[-73.179,-52.6374],[-73.1792,-52.6376],[-73.179,-52.6374],[-73.2038,-52.6526],[-73.2088,-52.6557],[-73.2405,-52.676],[-73.2418,-52.6839],[-73.2371,-52.69],[-73.2418,-52.6982]]]]}},{"type":"Feature","properties":{"cod_comuna":12104,"codregion":12,"Comuna":"San Gregorio","Provincia":"Magallanes","Region":"Región de Magallanes y Antártica Chilena"},"geometry":{"type":"Polygon","coordinates":[[[-70.8996,-52.7293],[-70.8408,-52.7213],[-70.8195,-52.7601],[-70.7468,-52.7106],[-70.7128,-52.7589],[-70.509,-52.6586],[-70.5652,-52.7114],[-70.5263,-52.7257],[-70.3201,-52.6411],[-70.2121,-52.6526],[-70.1642,-52.5884],[-69.8531,-52.4873],[-69.7694,-52.5296],[-69.6706,-52.5384],[-69.5439,-52.456],[-69.5572,-52.4053],[-69.4839,-52.3878],[-69.4507,-52.261],[-69.2215,-52.1975],[-69.0814,-52.2181],[-68.9643,-52.2928],[-68.4914,-52.3376],[-68.4343,-52.3976],[-68.4177,-52.3631],[-68.4186,-52.3325],[-68.838,-52.2777],[-68.9869,-52.2036],[-69.1901,-52.15],[-69.4861,-52.1516],[-69.9955,-52.0007],[-70.8764,-52.0002],[-70.874,-52.0756],[-70.92,-52.0745],[-70.9191,-52.2469],[-70.9187,-52.3373],[-70.9181,-52.6067],[-70.9193,-52.7101],[-70.9187,-52.7102],[-70.8996,-52.7293]]]}},{"type":"Feature","properties":{"cod_comuna":12201,"codregion":12,"Comuna":"Cabo de Hornos","Provincia":"Antártica Chilena","Region":"Región de Magallanes y Antártica Chilena"},"geometry":{"type":"MultiPolygon","coordinates":[[[[-71.3511,-54.3699],[-71.4239,-54.401],[-71.36,-54.4327],[-71.3115,-54.4224],[-71.3656,-54.462],[-71.3805,-54.431],[-71.466,-54.4372],[-71.5025,-54.3956],[-71.5388,-54.4086],[-71.4958,-54.4366],[-71.6133,-54.3952],[-71.5844,-54.4573],[-71.4271,-54.4918],[-71.5261,-54.4797],[-71.5244,-54.5161],[-71.7287,-54.4266],[-71.7217,-54.3981],[-71.8745,-54.418],[-71.8212,-54.4268],[-71.8557,-54.4482],[-71.707,-54.4701],[-71.5175,-54.5473],[-71.7525,-54.4885],[-71.6626,-54.573],[-71.8111,-54.5397],[-71.8433,-54.4658],[-71.8839,-54.4623],[-71.8836,-54.5056],[-71.902,-54.4447],[-71.9885,-54.451],[-71.922,-54.5146],[-71.9938,-54.49],[-71.9473,-54.5324],[-72.0173,-54.5167],[-71.9582,-54.5664],[-71.9063,-54.5403],[-71.9412,-54.5665],[-71.8675,-54.6065],[-71.9451,-54.591],[-71.9632,-54.6172],[-71.912,-54.6464],[-71.8693,-54.6245],[-71.8232,-54.6478],[-71.7864,-54.6216],[-71.8585,-54.5884],[-71.7614,-54.6245],[-71.7122,-54.6013],[-71.7919,-54.5715],[-71.6964,-54.6023],[-71.6363,-54.5816],[-71.6849,-54.6074],[-71.662,-54.6595],[-71.6239,-54.5711],[-71.6057,-54.6036],[-71.5602,-54.5825],[-71.6277,-54.6331],[-71.5712,-54.6093],[-71.5966,-54.6441],[-71.5381,-54.6577],[-71.5233,-54.5973],[-71.4761,-54.5818],[-71.5173,-54.6328],[-71.4774,-54.6851],[-71.4799,-54.6444],[-71.4389,-54.6504],[-71.464,-54.6342],[-71.4001,-54.6531],[-71.4105,-54.6038],[-71.3448,-54.5922],[-71.3737,-54.6262],[-71.3315,-54.6218],[-71.3436,-54.5862],[-71.4204,-54.5696],[-71.3812,-54.5505],[-71.3238,-54.5821],[-71.3404,-54.5185],[-71.2955,-54.5896],[-71.2496,-54.5708],[-71.2504,-54.6185],[-71.2074,-54.6232],[-71.198,-54.599],[-71.1996,-54.6335],[-71.1399,-54.6242],[-71.2157,-54.6453],[-71.2491,-54.6287],[-71.301,-54.6431],[-71.2672,-54.6795],[-71.2108,-54.6649],[-71.2166,-54.6961],[-71.1476,-54.6959],[-71.1113,-54.648],[-71.0564,-54.6593],[-71.0436,-54.6124],[-70.9755,-54.6343],[-70.9249,-54.6168],[-71.0254,-54.7035],[-70.9666,-54.6759],[-70.9933,-54.7112],[-70.9621,-54.7213],[-71.0009,-54.7184],[-71.0301,-54.7555],[-70.9934,-54.7962],[-70.9173,-54.6711],[-70.851,-54.7023],[-70.7645,-54.6872],[-70.8992,-54.7136],[-70.9474,-54.7525],[-70.7651,-54.7612],[-70.7312,-54.7345],[-70.7263,-54.7667],[-70.822,-54.773],[-70.8033,-54.7986],[-70.8518,-54.826],[-70.7137,-54.8414],[-70.7304,-54.8815],[-70.6868,-54.8775],[-70.6708,-54.91],[-70.6593,-54.8894],[-70.6127,-54.9109],[-70.3678,-54.8712],[-70.4871,-54.8249],[-70.5564,-54.85],[-70.6456,-54.8264],[-70.5966,-54.8055],[-70.6214,-54.7852],[-70.581,-54.7758],[-70.3502,-54.845],[-70.3136,-54.7525],[-70.2296,-54.6873],[-70.1713,-54.6966],[-70.2265,-54.7074],[-70.3324,-54.8087],[-70.3208,-54.8603],[-70.168,-54.8741],[-70.2318,-54.8395],[-70.1512,-54.8618],[-70.099,-54.8385],[-70.1565,-54.7928],[-70.0911,-54.8209],[-70.0686,-54.7938],[-70.0921,-54.8633],[-69.9512,-54.8504],[-69.9877,-54.7261],[-69.9379,-54.6791],[-69.9762,-54.729],[-69.9203,-54.8462],[-69.7698,-54.8344],[-69.736,-54.7719],[-69.7834,-54.7269],[-69.7276,-54.7655],[-69.7642,-54.8347],[-69.6885,-54.8364],[-69.7067,-54.7037],[-69.6655,-54.8011],[-69.612,-54.774],[-69.6188,-54.7317],[-69.5845,-54.7741],[-69.6485,-54.8031],[-69.6526,-54.8457],[-69.4605,-54.8918],[-69.3818,-54.8735],[-69.4053,-54.8985],[-69.2308,-54.9164],[-69.0846,-54.9649],[-68.7273,-54.9251],[-68.7022,-54.9041],[-68.829,-54.8326],[-68.706,-54.8572],[-68.659,-54.8963],[-68.5964,-54.873],[-68.5954,-54.8091],[-68.6028,-54.6436],[-68.605,-54.594],[-68.6665,-54.5892],[-68.6827,-54.5907],[-68.7879,-54.6326],[-69.0222,-54.5824],[-69.2098,-54.7268],[-69.3626,-54.7479],[-69.5017,-54.7429],[-69.5803,-54.6668],[-69.7199,-54.6553],[-69.836,-54.6135],[-70.0595,-54.6385],[-70.4354,-54.5721],[-70.7572,-54.6418],[-70.7944,-54.6298],[-70.8235,-54.6282],[-70.8403,-54.6201],[-70.8425,-54.6172],[-70.8437,-54.614],[-70.844,-54.6118],[-70.8434,-54.6086],[-70.8418,-54.6055],[-70.8382,-54.6017],[-70.8268,-54.5963],[-70.8215,-54.5952],[-70.8123,-54.5948],[-70.8118,-54.5917],[-70.8132,-54.5879],[-70.8206,-54.5824],[-70.9711,-54.5688],[-70.9961,-54.5301],[-71.0345,-54.5048],[-71.0622,-54.4699],[-71.0978,-54.4431],[-71.108,-54.4326],[-71.1106,-54.4259],[-71.1856,-54.4336],[-71.2384,-54.3894],[-71.3511,-54.3699]]],[[[-68.5138,-54.9257],[-69.0207,-55.0144],[-69.167,-54.9967],[-69.1965,-55.0065],[-69.1677,-55.0376],[-69.2162,-55.0011],[-69.2819,-55.0066],[-69.375,-55.0298],[-69.32,-55.0741],[-69.3859,-55.0538],[-69.4559,-55.0803],[-69.4078,-55.0334],[-69.5438,-55.049],[-69.517,-55.165],[-69.5417,-55.1859],[-69.5827,-55.185],[-69.5282,-55.1578],[-69.5647,-55.0534],[-69.6718,-55.0845],[-69.6204,-55.122],[-69.6451,-55.1052],[-69.6881,-55.1214],[-69.6587,-55.1036],[-69.7047,-55.0727],[-69.8101,-55.0807],[-69.8214,-55.1055],[-69.8397,-55.0842],[-69.9138,-55.0941],[-70.0317,-55.1492],[-70.0351,-55.1872],[-69.9982,-55.2094],[-69.9332,-55.1794],[-69.9044,-55.2022],[-69.8016,-55.197],[-69.8894,-55.2185],[-69.9682,-55.2021],[-69.9295,-55.211],[-69.9544,-55.2372],[-69.8458,-55.2401],[-69.9719,-55.2572],[-69.8391,-55.2653],[-69.8977,-55.2892],[-69.8526,-55.3056],[-69.6654,-55.2644],[-69.6818,-55.2328],[-69.635,-55.2495],[-69.5611,-55.2074],[-69.4709,-55.1994],[-69.6679,-55.2823],[-69.5256,-55.3051],[-69.7422,-55.3088],[-69.6688,-55.3369],[-69.7699,-55.3251],[-69.7522,-55.3429],[-69.7871,-55.3461],[-69.6884,-55.3626],[-69.6142,-55.3374],[-69.6672,-55.357],[-69.6113,-55.3816],[-69.5025,-55.3593],[-69.611,-55.3917],[-69.5209,-55.4183],[-69.4517,-55.3713],[-69.4203,-55.3706],[-69.4788,-55.41],[-69.3518,-55.4007],[-69.4842,-55.4408],[-69.3936,-55.4344],[-69.4261,-55.4533],[-69.3696,-55.4866],[-69.3941,-55.5235],[-69.3526,-55.5567],[-69.3294,-55.4218],[-69.2883,-55.5175],[-69.2062,-55.5208],[-69.1816,-55.4911],[-69.1795,-55.5172],[-69.1579,-55.4989],[-69.095,-55.5382],[-69.0704,-55.5098],[-69.1472,-55.4803],[-69.0727,-55.4756],[-69.2558,-55.4682],[-69.2035,-55.4502],[-69.2446,-55.4582],[-69.2473,-55.4322],[-69.1803,-55.4314],[-69.2264,-55.4182],[-69.1973,-55.4006],[-69.2775,-55.3888],[-69.2531,-55.3504],[-69.3205,-55.3459],[-69.291,-55.3236],[-69.3445,-55.3284],[-69.3348,-55.3083],[-69.4583,-55.309],[-69.4029,-55.264],[-69.4858,-55.266],[-69.3887,-55.2553],[-69.385,-55.2801],[-69.3028,-55.2604],[-69.3281,-55.2458],[-69.2258,-55.2538],[-69.2822,-55.1891],[-69.2269,-55.1901],[-69.0965,-55.264],[-69.129,-55.2043],[-69.0846,-55.161],[-69.1036,-55.2093],[-69.0493,-55.2779],[-68.9531,-55.2841],[-68.9512,-55.2313],[-68.8878,-55.2351],[-68.7745,-55.187],[-68.8569,-55.2338],[-68.8084,-55.2463],[-68.8699,-55.2847],[-68.8372,-55.3227],[-68.9332,-55.4044],[-68.7522,-55.3444],[-68.7212,-55.3528],[-68.7642,-55.384],[-68.6869,-55.3872],[-68.7632,-55.4058],[-68.8497,-55.39],[-68.9299,-55.4285],[-68.9168,-55.4623],[-68.8375,-55.4601],[-68.8781,-55.4819],[-68.7778,-55.5133],[-68.7257,-55.4981],[-68.7842,-55.4739],[-68.7327,-55.4709],[-68.775,-55.4419],[-68.7489,-55.4309],[-68.7007,-55.4717],[-68.6048,-55.4519],[-68.5645,-55.4695],[-68.5967,-55.3992],[-68.5521,-55.4372],[-68.5317,-55.407],[-68.5309,-55.463],[-68.4398,-55.4938],[-68.3412,-55.4591],[-68.3333,-55.4926],[-68.2158,-55.5324],[-68.2727,-55.624],[-68.1238,-55.5923],[-68.1309,-55.6662],[-68.0673,-55.7159],[-67.9834,-55.6764],[-68.0292,-55.6486],[-67.9832,-55.6372],[-67.9779,-55.6099],[-68.0227,-55.6134],[-67.9752,-55.5889],[-68.039,-55.5799],[-68.0413,-55.5491],[-68.1159,-55.5249],[-68.0311,-55.4897],[-68.0429,-55.4652],[-68.1707,-55.4782],[-68.111,-55.422],[-68.1385,-55.3903],[-68.3183,-55.4064],[-68.2657,-55.3741],[-68.3812,-55.341],[-68.4928,-55.3403],[-68.5737,-55.3753],[-68.5243,-55.3359],[-68.6121,-55.349],[-68.6008,-55.3054],[-68.66,-55.2921],[-68.6315,-55.2734],[-68.7235,-55.2819],[-68.6465,-55.255],[-68.534,-55.322],[-68.447,-55.3063],[-68.4876,-55.2834],[-68.3842,-55.3091],[-68.1757,-55.2946],[-68.3276,-55.2348],[-68.2465,-55.2257],[-68.3442,-55.2109],[-68.345,-55.1825],[-68.5002,-55.1957],[-68.7875,-55.1523],[-68.7478,-55.1792],[-68.6966,-55.1696],[-68.7356,-55.1872],[-68.9704,-55.1166],[-68.9658,-55.0757],[-69.0683,-55.0796],[-69.0103,-55.0256],[-68.7504,-55.1433],[-68.5853,-55.1584],[-68.5478,-55.1086],[-68.6395,-55.0979],[-68.5581,-55.085],[-68.5191,-55.1138],[-68.4483,-55.1106],[-68.4053,-55.0801],[-68.4454,-55.0232],[-68.4106,-55.0629],[-68.3314,-55.081],[-68.3037,-55.0326],[-68.4012,-54.9506],[-68.5138,-54.9257]]]]}},{"type":"Feature","properties":{"cod_comuna":12301,"codregion":12,"Comuna":"Porvenir","Provincia":"Tierra del Fuego","Region":"Región de Magallanes y Antártica Chilena"},"geometry":{"type":"Polygon","coordinates":[[[-68.7055,-53.0028],[-68.9287,-53.0058],[-69.0926,-52.9998],[-69.1036,-53.0333],[-69.3378,-53.036],[-69.5,-53.0769],[-69.568,-53.005],[-69.9367,-53.0245],[-69.942,-52.9734],[-70.1126,-52.9807],[-70.2523,-53.0631],[-70.3424,-53.0647],[-70.3212,-52.9679],[-70.4177,-53.0126],[-70.4644,-53.3039],[-70.366,-53.3018],[-70.4401,-53.3133],[-70.4479,-53.3743],[-70.3272,-53.3958],[-70.2136,-53.4772],[-69.8812,-53.3785],[-69.5741,-53.3463],[-69.375,-53.3565],[-69.3107,-53.4843],[-69.358,-53.5239],[-69.5693,-53.5954],[-69.5811,-53.6044],[-69.5872,-53.6051],[-69.5893,-53.6072],[-69.6001,-53.6127],[-69.6047,-53.6142],[-69.519,-53.6688],[-69.3803,-53.7206],[-69.3356,-53.6486],[-69.2488,-53.6253],[-69.0826,-53.7113],[-69.0237,-53.7007],[-69.0021,-53.7342],[-68.9754,-53.7421],[-69.0111,-53.7534],[-68.9937,-53.7603],[-68.8956,-53.7942],[-68.6066,-53.8077],[-68.6065,-53.0012],[-68.7055,-53.0028]]]}},{"type":"Feature","properties":{"cod_comuna":12302,"codregion":12,"Comuna":"Primavera","Provincia":"Tierra del Fuego","Region":"Región de Magallanes y Antártica Chilena"},"geometry":{"type":"Polygon","coordinates":[[[-68.6065,-53.0012],[-68.6067,-52.659],[-68.7506,-52.548],[-68.776,-52.6003],[-68.7957,-52.5821],[-69.1249,-52.6995],[-69.2097,-52.6667],[-69.4303,-52.453],[-69.6024,-52.545],[-69.5901,-52.6452],[-69.6998,-52.7523],[-69.8365,-52.7858],[-69.9202,-52.845],[-70.0428,-52.8178],[-70.1423,-52.7307],[-70.4235,-52.7672],[-70.4332,-52.7831],[-70.3271,-52.7811],[-70.2757,-52.8085],[-70.2596,-52.8666],[-70.2983,-52.9123],[-70.2335,-52.8815],[-70.1086,-52.8926],[-70.1126,-52.9807],[-69.942,-52.9734],[-69.9367,-53.0245],[-69.568,-53.005],[-69.5,-53.0769],[-69.3378,-53.036],[-69.1036,-53.0333],[-69.0926,-52.9998],[-68.7055,-53.0028],[-68.6065,-53.0012]]]}},{"type":"Feature","properties":{"cod_comuna":12303,"codregion":12,"Comuna":"Timaukel","Provincia":"Tierra del Fuego","Region":"Región de Magallanes y Antártica Chilena"},"geometry":{"type":"Polygon","coordinates":[[[-70.705,-54.3524],[-70.733,-54.3703],[-70.7339,-54.3337],[-70.8786,-54.3358],[-70.9356,-54.3696],[-70.9152,-54.4291],[-70.9842,-54.431],[-70.9968,-54.4556],[-71.0666,-54.4252],[-71.0907,-54.424],[-71.0981,-54.4303],[-71.105,-54.4291],[-71.1084,-54.4268],[-71.1106,-54.4259],[-71.108,-54.4326],[-71.0978,-54.4431],[-71.0622,-54.4699],[-71.0345,-54.5049],[-70.9961,-54.5301],[-70.9711,-54.5688],[-70.8206,-54.5824],[-70.8132,-54.5879],[-70.8118,-54.5917],[-70.8123,-54.5948],[-70.8382,-54.6017],[-70.8418,-54.6055],[-70.8434,-54.6086],[-70.844,-54.6119],[-70.8437,-54.614],[-70.8425,-54.6172],[-70.8403,-54.6202],[-70.8235,-54.6283],[-70.7944,-54.6298],[-70.7572,-54.6418],[-70.4354,-54.5721],[-70.0595,-54.6385],[-69.836,-54.6136],[-69.7199,-54.6553],[-69.5803,-54.6668],[-69.5017,-54.7429],[-69.3626,-54.7479],[-69.2098,-54.7268],[-69.0222,-54.5825],[-68.7879,-54.6326],[-68.6827,-54.5907],[-68.6665,-54.5893],[-68.6366,-54.5935],[-68.6048,-54.594],[-68.6067,-53.8078],[-68.8956,-53.7941],[-68.9937,-53.7602],[-69.0111,-53.7533],[-68.9754,-53.742],[-69.0237,-53.7006],[-69.0826,-53.7112],[-69.2488,-53.6252],[-69.3355,-53.6485],[-69.3802,-53.7205],[-69.519,-53.6686],[-69.6046,-53.6141],[-69.7813,-53.6664],[-69.9069,-53.6613],[-69.9594,-53.7106],[-70.1708,-53.7738],[-70.137,-53.9373],[-70.0432,-54.0526],[-70.0752,-54.0685],[-70.0217,-54.0948],[-70.0505,-54.0911],[-69.9211,-54.1631],[-69.5347,-54.2491],[-68.9628,-54.4467],[-68.9787,-54.4814],[-69.1299,-54.4523],[-69.1741,-54.5079],[-69.1317,-54.5709],[-69.2011,-54.5245],[-69.2608,-54.5438],[-69.3283,-54.6281],[-69.3768,-54.6391],[-69.3417,-54.7232],[-69.3833,-54.6464],[-69.4664,-54.6869],[-69.5147,-54.6751],[-69.4048,-54.647],[-69.4055,-54.6121],[-69.2067,-54.4904],[-69.1994,-54.4513],[-69.3928,-54.394],[-69.4556,-54.3461],[-69.5489,-54.3416],[-69.5539,-54.4055],[-69.4928,-54.4418],[-69.6012,-54.4034],[-69.5675,-54.4253],[-69.5859,-54.4992],[-69.6424,-54.4443],[-69.6108,-54.3655],[-69.8458,-54.2876],[-69.869,-54.321],[-69.7122,-54.5041],[-69.7488,-54.5441],[-69.7222,-54.5884],[-69.7666,-54.6046],[-69.7301,-54.5811],[-69.7722,-54.5441],[-69.864,-54.5837],[-69.7464,-54.5185],[-69.8013,-54.4684],[-69.9103,-54.5177],[-69.816,-54.4498],[-69.8562,-54.419],[-69.9097,-54.436],[-69.8768,-54.4062],[-69.9023,-54.377],[-69.9552,-54.3962],[-69.9308,-54.3623],[-69.98,-54.3314],[-69.9345,-54.3092],[-69.9863,-54.2693],[-70.0823,-54.2545],[-70.119,-54.3016],[-70.198,-54.3155],[-70.1464,-54.3688],[-70.0373,-54.3831],[-70.1478,-54.3863],[-70.1372,-54.4345],[-70.2176,-54.3981],[-70.2038,-54.3744],[-70.3016,-54.3595],[-70.2779,-54.3427],[-70.9383,-54.1179],[-70.8585,-54.1674],[-70.9136,-54.1696],[-70.8736,-54.2559],[-70.5288,-54.302],[-70.4897,-54.348],[-70.5103,-54.3907],[-70.4337,-54.3936],[-70.4537,-54.4164],[-70.407,-54.4518],[-70.1043,-54.5562],[-70.2996,-54.5015],[-70.2693,-54.5573],[-70.1905,-54.5845],[-70.233,-54.5884],[-70.3315,-54.5092],[-70.4667,-54.4834],[-70.4383,-54.4752],[-70.5576,-54.4015],[-70.644,-54.4465],[-70.7059,-54.5367],[-70.6206,-54.607],[-70.6707,-54.6057],[-70.7171,-54.5514],[-70.766,-54.6226],[-70.7823,-54.5802],[-70.6832,-54.462],[-70.7073,-54.4343],[-70.6779,-54.4408],[-70.5753,-54.3547],[-70.705,-54.3524]]]}},{"type":"Feature","properties":{"cod_comuna":12401,"codregion":12,"Comuna":"Natales","Provincia":"Ultima Esperanza","Region":"Región de Magallanes y Antártica Chilena"},"geometry":{"type":"MultiPolygon","coordinates":[[[[-73.9763,-48.716],[-74.0252,-48.7386],[-74.1537,-48.7014],[-74.2843,-48.7383],[-74.2714,-48.7618],[-74.2906,-48.7465],[-74.2783,-48.7257],[-74.3387,-48.7117],[-74.3262,-48.7454],[-74.4047,-48.8042],[-74.3914,-48.855],[-74.3411,-48.8627],[-74.405,-48.8754],[-74.2978,-48.9323],[-74.3785,-48.9225],[-74.3572,-48.9825],[-74.4132,-48.9771],[-74.4244,-49.0211],[-74.396,-49.0867],[-74.3432,-49.0631],[-74.37,-49.1059],[-74.3336,-49.1728],[-74.3667,-49.1929],[-74.3445,-49.3225],[-74.3909,-49.3886],[-74.3273,-49.4286],[-74.2841,-49.4071],[-74.3067,-49.4352],[-74.2148,-49.5351],[-74.1495,-49.5337],[-74.1471,-49.4177],[-74.1055,-49.3534],[-74.0967,-49.2459],[-74.1541,-49.1975],[-74.1169,-49.213],[-74.1136,-49.1927],[-74.0672,-49.2477],[-74.0142,-49.2098],[-73.9168,-49.3133],[-73.9175,-49.2838],[-73.9001,-49.3161],[-73.7858,-49.3468],[-73.7539,-49.4132],[-73.7941,-49.3531],[-73.9213,-49.3272],[-73.9749,-49.2635],[-74.0369,-49.2697],[-74.0728,-49.5057],[-73.8607,-49.534],[-73.8074,-49.6462],[-73.7334,-49.6546],[-73.7924,-49.6577],[-73.7829,-49.714],[-73.7994,-49.6685],[-73.8607,-49.649],[-73.8958,-49.5525],[-73.964,-49.5603],[-74.032,-49.6518],[-73.9775,-49.5762],[-74.0736,-49.5396],[-74.1498,-49.5913],[-74.1363,-49.5626],[-74.2099,-49.5798],[-74.2254,-49.615],[-74.3075,-49.646],[-74.2809,-49.7664],[-74.2501,-49.7356],[-74.0613,-49.7397],[-74.0196,-49.7197],[-74.0341,-49.7685],[-74.0615,-49.7441],[-74.1445,-49.767],[-74.1682,-49.7464],[-74.266,-49.8005],[-74.3038,-49.8087],[-74.3204,-49.7849],[-74.3269,-49.8827],[-74.2764,-49.9069],[-74.1785,-49.9176],[-74.1617,-49.897],[-74.0954,-49.9685],[-74.0225,-49.9834],[-73.9759,-49.908],[-73.9123,-49.9173],[-73.8822,-49.8601],[-73.813,-49.8315],[-73.8998,-49.9112],[-73.8051,-49.9168],[-73.9437,-49.9247],[-74.0135,-49.9991],[-73.8702,-50.0044],[-73.8582,-50.0393],[-73.9796,-50.0338],[-73.9757,-50.0746],[-73.9903,-50.0279],[-74.0331,-50.0587],[-74.0288,-50.0193],[-74.0849,-49.9951],[-74.1145,-50.0148],[-74.1581,-49.9679],[-74.1895,-49.9864],[-74.2125,-49.9425],[-74.296,-49.9736],[-74.3135,-49.924],[-74.3564,-49.9744],[-74.3226,-50.0265],[-74.2848,-50.0212],[-74.3166,-50.0327],[-74.2818,-50.0709],[-74.2317,-50.0637],[-74.2024,-50.1454],[-74.1546,-50.127],[-74.2072,-50.1574],[-74.1637,-50.2077],[-74.0664,-50.1968],[-73.9599,-50.2689],[-74.0018,-50.2772],[-74.0967,-50.2221],[-74.166,-50.2472],[-74.1648,-50.2832],[-74.2093,-50.2012],[-74.2595,-50.1947],[-74.2443,-50.1492],[-74.3376,-50.1839],[-74.2593,-50.1278],[-74.3456,-50.0793],[-74.3583,-50.1291],[-74.3597,-50.0606],[-74.4323,-50.0156],[-74.5573,-50.0627],[-74.6123,-50.1026],[-74.5557,-50.0701],[-74.4819,-50.0675],[-74.4576,-50.0892],[-74.4155,-50.0812],[-74.387,-50.0843],[-74.4071,-50.108],[-74.4094,-50.0833],[-74.4375,-50.0896],[-74.4588,-50.1099],[-74.4666,-50.0812],[-74.525,-50.0791],[-74.5001,-50.1429],[-74.5595,-50.1525],[-74.5185,-50.118],[-74.572,-50.1033],[-74.7053,-50.2028],[-74.6415,-50.2215],[-74.5756,-50.1735],[-74.6368,-50.2337],[-74.5349,-50.2288],[-74.5437,-50.2664],[-74.4642,-50.2661],[-74.5162,-50.2774],[-74.4886,-50.2904],[-74.5467,-50.2873],[-74.5407,-50.3081],[-74.4819,-50.3372],[-74.4225,-50.3143],[-74.4738,-50.3443],[-74.3567,-50.4049],[-74.3788,-50.3622],[-74.3314,-50.3818],[-74.2908,-50.2403],[-74.2812,-50.3124],[-74.2722,-50.2949],[-74.2479,-50.317],[-74.3257,-50.4048],[-74.2589,-50.4183],[-74.3089,-50.4253],[-74.2459,-50.447],[-74.2003,-50.4411],[-74.1976,-50.4245],[-74.2591,-50.4367],[-74.2112,-50.4122],[-74.1717,-50.4313],[-74.1576,-50.4061],[-74.1024,-50.413],[-74.0628,-50.364],[-73.9667,-50.3658],[-74.052,-50.3778],[-74.0883,-50.4178],[-74.1583,-50.432],[-74.0444,-50.4949],[-74.0145,-50.4537],[-74.0074,-50.5135],[-73.8643,-50.5504],[-73.9708,-50.5325],[-73.9868,-50.5986],[-73.9958,-50.5318],[-74.1635,-50.4804],[-74.1478,-50.5155],[-74.1058,-50.5099],[-74.1462,-50.5358],[-74.1759,-50.4681],[-74.2985,-50.4687],[-74.2315,-50.5578],[-74.1319,-50.5422],[-74.086,-50.5823],[-74.092,-50.6048],[-74.1605,-50.5487],[-74.2286,-50.5874],[-74.13,-50.7574],[-74.1267,-50.6892],[-74.0512,-50.692],[-74.0462,-50.7264],[-74.1265,-50.7663],[-74.03,-50.8506],[-74.0112,-50.8224],[-73.9343,-50.8463],[-73.903,-50.7932],[-73.822,-50.7746],[-73.8304,-50.6774],[-73.7684,-50.5239],[-73.7105,-50.4888],[-73.6319,-50.491],[-73.5465,-50.3795],[-73.5753,-50.4726],[-73.6268,-50.5021],[-73.7047,-50.4922],[-73.7467,-50.5431],[-73.6521,-50.6169],[-73.5794,-50.6251],[-73.5697,-50.6061],[-73.5644,-50.642],[-73.4674,-50.6764],[-73.5333,-50.6651],[-73.5437,-50.7015],[-73.5569,-50.662],[-73.5931,-50.6535],[-73.6086,-50.6756],[-73.6384,-50.6341],[-73.7618,-50.6561],[-73.8015,-50.6901],[-73.7884,-50.7983],[-73.718,-50.8274],[-73.8239,-50.7982],[-73.8764,-50.8366],[-73.7886,-50.9217],[-73.6746,-50.9378],[-73.766,-50.9633],[-73.8713,-50.9387],[-73.8721,-50.8721],[-73.9428,-50.8779],[-73.9229,-50.9058],[-74.1097,-50.8695],[-74.1957,-50.889],[-74.2452,-50.9627],[-74.193,-51.0574],[-74.0974,-50.9918],[-74.0966,-50.9562],[-74.0725,-50.967],[-74.0645,-50.9348],[-74.0382,-50.9499],[-74.0768,-50.9822],[-74.0346,-51.0008],[-74.0793,-50.9995],[-74.145,-51.0648],[-74.1289,-51.055],[-74.1116,-51.0999],[-74.0757,-51.0632],[-74.1024,-51.0992],[-74.1298,-51.1057],[-74.1247,-51.183],[-74.0763,-51.2073],[-74.0016,-51.2056],[-74.0024,-51.1042],[-73.9005,-51.2573],[-73.7668,-51.1878],[-73.7548,-51.1505],[-73.8267,-51.0633],[-73.7182,-51.1645],[-73.7085,-51.134],[-73.7046,-51.1534],[-73.6748,-51.1414],[-73.7089,-51.1763],[-73.6535,-51.2055],[-73.6904,-51.2113],[-73.6626,-51.2803],[-73.7207,-51.1879],[-73.7745,-51.2274],[-73.683,-51.2957],[-73.7147,-51.317],[-73.6765,-51.433],[-73.5597,-51.4497],[-73.6354,-51.4595],[-73.637,-51.5081],[-73.576,-51.514],[-73.5802,-51.5416],[-73.5962,-51.5227],[-73.6524,-51.5225],[-73.6802,-51.4779],[-73.6209,-51.5945],[-73.585,-51.6183],[-73.6206,-51.6321],[-73.6538,-51.6046],[-73.6545,-51.544],[-73.8108,-51.3919],[-73.8548,-51.4044],[-73.9006,-51.3687],[-73.9593,-51.4152],[-73.9043,-51.4131],[-73.9386,-51.4396],[-73.8863,-51.4693],[-73.9777,-51.4984],[-73.9364,-51.5112],[-73.916,-51.4806],[-73.9055,-51.5486],[-73.7717,-51.54],[-73.8581,-51.5489],[-73.8656,-51.5774],[-73.8144,-51.5916],[-73.9088,-51.5701],[-73.926,-51.6061],[-73.7386,-51.6468],[-73.7374,-51.6632],[-73.8125,-51.6511],[-73.823,-51.6744],[-73.779,-51.6763],[-73.8146,-51.7055],[-73.7396,-51.707],[-73.7553,-51.738],[-73.707,-51.7939],[-73.6281,-51.6476],[-73.6032,-51.7182],[-73.5582,-51.7147],[-73.5539,-51.6798],[-73.5492,-51.7144],[-73.4439,-51.6756],[-73.5043,-51.7246],[-73.5951,-51.7447],[-73.5448,-51.8021],[-73.4936,-51.7996],[-73.5421,-51.8091],[-73.4807,-51.8919],[-73.4143,-51.9065],[-73.4801,-51.8991],[-73.41,-51.9615],[-73.4192,-51.9981],[-73.5287,-51.9419],[-73.4913,-51.9413],[-73.5953,-51.8005],[-73.644,-51.8202],[-73.6423,-51.8655],[-73.5464,-51.935],[-73.6009,-51.9409],[-73.5657,-52.0178],[-73.5106,-52.029],[-73.5228,-52.0643],[-73.4736,-52.0749],[-73.4707,-52.0467],[-73.38,-52.1332],[-73.2744,-52.1616],[-73.3088,-51.8671],[-73.3457,-51.8351],[-73.3061,-51.847],[-73.3994,-51.6384],[-73.3347,-51.698],[-73.2605,-51.8835],[-73.2947,-51.8761],[-73.2264,-52.1002],[-73.1625,-52.1045],[-73.1305,-52.0803],[-73.1605,-52.0131],[-73.1246,-51.9383],[-72.9708,-51.8854],[-72.9366,-51.8922],[-72.9117,-51.8526],[-72.9833,-51.7994],[-73.0969,-51.8857],[-73.2084,-51.8934],[-73.2191,-51.8767],[-73.1117,-51.8708],[-73.1047,-51.8503],[-73.0753,-51.8629],[-73.0353,-51.8219],[-73.0716,-51.7555],[-73.1454,-51.7871],[-73.1646,-51.7696],[-73.0715,-51.751],[-73.0297,-51.8038],[-73.0007,-51.7818],[-73.091,-51.6963],[-73.1391,-51.7199],[-73.2244,-51.6818],[-73.2854,-51.6908],[-73.2214,-51.6469],[-73.2909,-51.6106],[-73.2923,-51.5718],[-73.2327,-51.6244],[-73.2028,-51.5997],[-73.194,-51.6819],[-73.1473,-51.6696],[-73.1312,-51.7023],[-73.089,-51.6758],[-72.9666,-51.7731],[-72.921,-51.741],[-72.9073,-51.7691],[-72.8882,-51.7494],[-72.818,-51.76],[-72.7318,-51.8414],[-72.7142,-51.813],[-72.6071,-51.815],[-72.5263,-51.7359],[-72.6454,-51.68],[-72.6886,-51.6958],[-72.7485,-51.6038],[-72.9296,-51.5634],[-72.9988,-51.5106],[-73.1119,-51.6058],[-73.0333,-51.5301],[-73.0566,-51.493],[-73.1317,-51.4776],[-73.205,-51.5117],[-73.2706,-51.4786],[-73.1773,-51.4666],[-73.0792,-51.4079],[-73.1093,-51.3334],[-73.4549,-51.3392],[-73.4893,-51.1835],[-73.4268,-50.8916],[-73.2816,-50.7726],[-73.1821,-50.7475],[-73.1456,-50.6509],[-73.3316,-50.5703],[-73.3702,-50.3724],[-73.4361,-50.3628],[-73.3626,-50.3011],[-73.4519,-50.2412],[-73.4313,-50.1811],[-73.5215,-50.1536],[-73.4758,-50.0885],[-73.4968,-50.0505],[-73.4631,-50.0546],[-73.4362,-50.0112],[-73.446,-49.9642],[-73.5606,-49.9421],[-73.4874,-49.8124],[-73.2415,-49.6897],[-73.0455,-49.4508],[-73.0821,-49.2832],[-73.0395,-49.2769],[-73.0897,-49.253],[-73.1352,-49.2655],[-73.1428,-49.2117],[-73.5591,-48.9605],[-73.5901,-48.9421],[-73.9592,-48.722],[-73.9763,-48.716]]],[[[-75.2532,-49.6182],[-75.2335,-49.6323],[-75.1403,-49.5752],[-75.233,-49.6389],[-75.1304,-49.6407],[-75.2529,-49.656],[-75.2117,-49.6554],[-75.2328,-49.6772],[-75.1479,-49.6712],[-75.2277,-49.6859],[-75.1877,-49.7568],[-75.1225,-49.7477],[-75.1763,-49.7704],[-75.1275,-49.8531],[-75.0617,-49.8685],[-75.0345,-49.8342],[-75.0612,-49.9047],[-74.9969,-49.899],[-74.9741,-49.8645],[-75.0117,-49.8605],[-74.9566,-49.8022],[-74.9349,-49.8139],[-74.9163,-49.7502],[-74.9506,-49.7488],[-74.9628,-49.7091],[-75.0031,-49.7922],[-75.015,-49.7196],[-74.9244,-49.6241],[-74.9664,-49.6132],[-75.0115,-49.6991],[-74.9796,-49.6326],[-75.0255,-49.6235],[-74.9726,-49.6079],[-75.0885,-49.5347],[-74.9745,-49.5932],[-75.0061,-49.5535],[-74.9698,-49.5737],[-74.962,-49.5498],[-75.0192,-49.5122],[-74.9612,-49.5408],[-74.9521,-49.4967],[-74.9975,-49.4782],[-74.9528,-49.4932],[-74.9399,-49.4296],[-74.9348,-49.5398],[-74.8679,-49.5002],[-74.8561,-49.3875],[-74.8606,-49.504],[-74.7169,-49.4129],[-74.8051,-49.332],[-74.7096,-49.4034],[-74.5878,-49.3059],[-74.7059,-49.4141],[-74.6283,-49.4151],[-74.6066,-49.4311],[-74.6633,-49.42],[-74.7443,-49.4557],[-74.701,-49.5165],[-74.7476,-49.4611],[-74.8734,-49.5304],[-74.8672,-49.5821],[-74.7854,-49.6123],[-74.7241,-49.5494],[-74.7703,-49.6165],[-74.6755,-49.6325],[-74.7519,-49.6358],[-74.873,-49.5963],[-74.8785,-49.6387],[-74.8098,-49.6777],[-74.8816,-49.645],[-74.912,-49.6736],[-74.9025,-49.6928],[-74.8884,-49.66],[-74.876,-49.7087],[-74.8271,-49.7196],[-74.8857,-49.7385],[-74.886,-49.7826],[-74.8357,-49.8148],[-74.8063,-49.7701],[-74.7076,-49.7217],[-74.7565,-49.7632],[-74.7232,-49.7647],[-74.8001,-49.7776],[-74.8138,-49.8501],[-74.7771,-49.8597],[-74.6113,-49.7935],[-74.7723,-49.874],[-74.8661,-49.8484],[-74.9133,-49.9359],[-74.8681,-49.973],[-74.7089,-49.8957],[-74.6636,-49.9253],[-74.651,-49.905],[-74.6167,-49.9522],[-74.7142,-49.9092],[-74.8807,-49.9916],[-74.8673,-50.0287],[-74.8351,-50.0416],[-74.818,-50.0131],[-74.8267,-50.0436],[-74.7961,-50.0548],[-74.8151,-50.0237],[-74.7896,-49.9902],[-74.7534,-49.9888],[-74.7926,-49.9976],[-74.8031,-50.0338],[-74.7538,-50.0475],[-74.6372,-49.9887],[-74.6889,-50.04],[-74.6428,-50.028],[-74.6353,-50.059],[-74.5124,-49.9845],[-74.6311,-49.8765],[-74.5023,-49.9791],[-74.4344,-49.9188],[-74.4793,-49.841],[-74.4067,-49.9024],[-74.4041,-49.783],[-74.5447,-49.7365],[-74.3976,-49.772],[-74.3893,-49.6786],[-74.4399,-49.6241],[-74.5096,-49.6225],[-74.5033,-49.6731],[-74.5361,-49.6899],[-74.5163,-49.6639],[-74.5564,-49.6361],[-74.5292,-49.6436],[-74.5048,-49.6031],[-74.4445,-49.6087],[-74.4795,-49.514],[-74.5205,-49.532],[-74.5165,-49.5052],[-74.5494,-49.5126],[-74.5294,-49.4909],[-74.4715,-49.508],[-74.4466,-49.4809],[-74.4255,-49.3378],[-74.3872,-49.3009],[-74.4304,-49.1274],[-74.4044,-49.0916],[-74.4499,-49.0182],[-74.514,-49.0162],[-74.4323,-48.9952],[-74.4073,-48.9474],[-74.4627,-48.8842],[-74.5744,-48.953],[-74.4648,-48.8735],[-74.4698,-48.6961],[-74.5435,-48.7239],[-74.5632,-48.8293],[-74.6256,-48.8637],[-74.5737,-48.8212],[-74.5659,-48.7319],[-74.5798,-48.7098],[-74.625,-48.7323],[-74.5866,-48.702],[-74.6825,-48.653],[-74.7519,-48.6777],[-74.7326,-48.6975],[-74.7398,-48.7238],[-74.7252,-48.741],[-74.7735,-48.7469],[-74.7464,-48.7909],[-74.7985,-48.7529],[-74.8026,-48.7137],[-74.766,-48.7373],[-74.7395,-48.7053],[-74.7669,-48.6686],[-74.7803,-48.704],[-74.8153,-48.6855],[-74.9698,-48.7552],[-74.9372,-48.7752],[-74.8896,-48.7486],[-74.9326,-48.781],[-74.8419,-48.8142],[-74.8511,-48.8235],[-74.9974,-48.7676],[-75.0152,-48.8225],[-74.9792,-48.868],[-74.8858,-48.8437],[-74.7931,-48.8002],[-74.8303,-48.8235],[-74.7963,-48.8321],[-74.9822,-48.8803],[-74.9581,-48.9124],[-74.8237,-48.8771],[-74.9522,-48.9261],[-74.9377,-48.9499],[-74.8749,-48.9343],[-74.9374,-48.976],[-74.7643,-48.915],[-74.7732,-48.9692],[-74.7042,-49.0243],[-74.7474,-49.012],[-74.7912,-48.9431],[-74.815,-48.9824],[-74.8298,-48.9619],[-74.9035,-48.9878],[-74.7244,-49.0882],[-74.8077,-49.1012],[-74.8091,-49.1202],[-74.7783,-49.1134],[-74.8112,-49.1511],[-74.747,-49.1903],[-74.8104,-49.1562],[-74.8407,-49.177],[-74.8472,-49.2042],[-74.7668,-49.2375],[-74.8478,-49.2137],[-74.8564,-49.3696],[-74.8669,-49.3028],[-75.0622,-49.1697],[-74.9978,-49.2199],[-75.0396,-49.2201],[-74.9734,-49.2441],[-75.0243,-49.2364],[-74.9671,-49.2924],[-75.0335,-49.2391],[-75.0488,-49.2684],[-75.0877,-49.2525],[-75.0034,-49.3325],[-75.0998,-49.262],[-75.1719,-49.2538],[-75.1414,-49.2913],[-75.0837,-49.287],[-75.1362,-49.2953],[-75.1154,-49.3379],[-75.0239,-49.3471],[-75.1066,-49.3662],[-75.2089,-49.2459],[-75.188,-49.2787],[-75.2168,-49.282],[-75.2124,-49.2312],[-75.3053,-49.2484],[-75.2416,-49.2638],[-75.3044,-49.2572],[-75.2747,-49.309],[-75.1995,-49.3256],[-75.2742,-49.3155],[-75.2415,-49.3673],[-75.2182,-49.3568],[-75.2383,-49.3765],[-75.1428,-49.391],[-75.2074,-49.3913],[-75.2059,-49.4092],[-74.951,-49.3953],[-75.1967,-49.4145],[-75.0953,-49.4805],[-75.2011,-49.4212],[-75.2236,-49.4333],[-75.2825,-49.3334],[-75.3081,-49.3399],[-75.2922,-49.3155],[-75.3325,-49.3146],[-75.3199,-49.2766],[-75.4151,-49.3263],[-75.3244,-49.2527],[-75.4494,-49.2738],[-75.4043,-49.4405],[-75.3057,-49.3822],[-75.3989,-49.4523],[-75.3922,-49.4812],[-75.2858,-49.4229],[-75.3386,-49.4637],[-75.313,-49.5157],[-75.1988,-49.4379],[-75.234,-49.48],[-75.1848,-49.4755],[-75.3017,-49.5331],[-75.2376,-49.5338],[-75.2515,-49.5566],[-75.1427,-49.504],[-75.2268,-49.5523],[-75.1566,-49.5467],[-75.2974,-49.6037],[-75.2781,-49.631],[-75.2532,-49.6182]]]]}},{"type":"Feature","properties":{"cod_comuna":12402,"codregion":12,"Comuna":"Torres del Paine","Provincia":"Ultima Esperanza","Region":"Región de Magallanes y Antártica Chilena"},"geometry":{"type":"Polygon","coordinates":[[[-72.3767,-51.3692],[-72.3095,-51.3657],[-72.312,-51.3644],[-72.3176,-51.3529],[-72.326,-51.3457],[-72.3715,-51.3367],[-72.2589,-51.2493],[-72.3047,-51.2008],[-72.3481,-51.204],[-72.4085,-51.1076],[-72.3731,-51.0224],[-72.2651,-51.0328],[-72.2468,-50.8782],[-72.3494,-50.7531],[-72.2883,-50.6572],[-72.3533,-50.6178],[-72.4045,-50.6369],[-72.4896,-50.6007],[-72.5952,-50.6818],[-72.7305,-50.6144],[-72.8898,-50.6692],[-73.0031,-50.7636],[-73.0696,-50.7892],[-73.1455,-50.7819],[-73.201,-50.8204],[-73.1497,-50.7678],[-73.1821,-50.7475],[-73.2816,-50.7726],[-73.4268,-50.8916],[-73.4893,-51.1835],[-73.4549,-51.3392],[-73.1093,-51.3334],[-73.0753,-51.3647],[-73.0767,-51.4722],[-72.9441,-51.5037],[-72.906,-51.5446],[-72.7701,-51.5642],[-72.7731,-51.5403],[-72.7943,-51.37],[-72.6548,-51.3654],[-72.5719,-51.3313],[-72.4969,-51.3652],[-72.3767,-51.3692]]]}},{"type":"Feature","properties":{"cod_comuna":13101,"codregion":13,"Comuna":"Santiago","Provincia":"Santiago","Region":"Región Metropolitana de Santiago"},"geometry":{"type":"Polygon","coordinates":[[[-70.6518,-33.4321],[-70.6613,-33.4299],[-70.6714,-33.4265],[-70.6715,-33.4269],[-70.6916,-33.4419],[-70.6918,-33.4445],[-70.6796,-33.4439],[-70.672,-33.4765],[-70.6808,-33.4765],[-70.6809,-33.4785],[-70.6717,-33.4785],[-70.6551,-33.4767],[-70.6421,-33.4769],[-70.6418,-33.4769],[-70.6279,-33.4724],[-70.6246,-33.47],[-70.6251,-33.4696],[-70.6314,-33.4501],[-70.6329,-33.4454],[-70.6354,-33.4362],[-70.6354,-33.4359],[-70.6455,-33.4336],[-70.6518,-33.4321]]]}},{"type":"Feature","properties":{"cod_comuna":13102,"codregion":13,"Comuna":"Cerrillos","Provincia":"Santiago","Region":"Región Metropolitana de Santiago"},"geometry":{"type":"Polygon","coordinates":[[[-70.6857,-33.4781],[-70.7119,-33.4827],[-70.7201,-33.4749],[-70.7224,-33.4734],[-70.7237,-33.4805],[-70.7247,-33.4827],[-70.7315,-33.4828],[-70.7401,-33.5101],[-70.7239,-33.5208],[-70.7264,-33.5239],[-70.7067,-33.5312],[-70.7062,-33.5254],[-70.6954,-33.5024],[-70.6856,-33.4786],[-70.6857,-33.4781]]]}},{"type":"Feature","properties":{"cod_comuna":13103,"codregion":13,"Comuna":"Cerro Navia","Provincia":"Santiago","Region":"Región Metropolitana de Santiago"},"geometry":{"type":"Polygon","coordinates":[[[-70.7215,-33.4366],[-70.7225,-33.4117],[-70.7228,-33.4119],[-70.7444,-33.4124],[-70.7519,-33.4122],[-70.7823,-33.4137],[-70.7822,-33.4139],[-70.7409,-33.4364],[-70.7377,-33.4364],[-70.7215,-33.4366]]]}},{"type":"Feature","properties":{"cod_comuna":13104,"codregion":13,"Comuna":"Conchalí","Provincia":"Santiago","Region":"Región Metropolitana de Santiago"},"geometry":{"type":"Polygon","coordinates":[[[-70.6819,-33.403],[-70.6581,-33.3991],[-70.658,-33.3986],[-70.6568,-33.3765],[-70.6576,-33.3762],[-70.6892,-33.3662],[-70.6895,-33.3662],[-70.6945,-33.3791],[-70.6933,-33.3819],[-70.6819,-33.403]]]}},{"type":"Feature","properties":{"cod_comuna":13105,"codregion":13,"Comuna":"El Bosque","Provincia":"Santiago","Region":"Región Metropolitana de Santiago"},"geometry":{"type":"Polygon","coordinates":[[[-70.6632,-33.5852],[-70.6628,-33.5839],[-70.6549,-33.555],[-70.6547,-33.555],[-70.6535,-33.55],[-70.6532,-33.5488],[-70.6535,-33.5488],[-70.6547,-33.5486],[-70.6568,-33.548],[-70.6667,-33.5464],[-70.6854,-33.5391],[-70.6855,-33.5394],[-70.7008,-33.573],[-70.6767,-33.5824],[-70.6632,-33.5852]]]}},{"type":"Feature","properties":{"cod_comuna":13106,"codregion":13,"Comuna":"Estación Central","Provincia":"Santiago","Region":"Región Metropolitana de Santiago"},"geometry":{"type":"Polygon","coordinates":[[[-70.6809,-33.4785],[-70.6808,-33.4765],[-70.672,-33.4765],[-70.6796,-33.4439],[-70.6918,-33.4445],[-70.6919,-33.4447],[-70.7062,-33.4488],[-70.7071,-33.4488],[-70.7062,-33.4524],[-70.7056,-33.4572],[-70.7287,-33.4554],[-70.7313,-33.4549],[-70.7314,-33.4681],[-70.7338,-33.4696],[-70.7226,-33.4733],[-70.7224,-33.4734],[-70.7201,-33.4749],[-70.7119,-33.4827],[-70.6857,-33.4781],[-70.6812,-33.4785],[-70.6809,-33.4785]]]}},{"type":"Feature","properties":{"cod_comuna":13107,"codregion":13,"Comuna":"Huechuraba","Provincia":"Santiago","Region":"Región Metropolitana de Santiago"},"geometry":{"type":"Polygon","coordinates":[[[-70.6893,-33.3662],[-70.6892,-33.3662],[-70.6576,-33.3762],[-70.6562,-33.3768],[-70.6106,-33.405],[-70.5825,-33.351],[-70.5961,-33.3371],[-70.6813,-33.331],[-70.6893,-33.3662]]]}},{"type":"Feature","properties":{"cod_comuna":13108,"codregion":13,"Comuna":"Independencia","Provincia":"Santiago","Region":"Región Metropolitana de Santiago"},"geometry":{"type":"Polygon","coordinates":[[[-70.6582,-33.3991],[-70.6581,-33.3991],[-70.6819,-33.403],[-70.6712,-33.426],[-70.6714,-33.4265],[-70.6613,-33.4299],[-70.6518,-33.4321],[-70.6516,-33.4322],[-70.6517,-33.4312],[-70.651,-33.4234],[-70.6501,-33.4177],[-70.6582,-33.3991]]]}},{"type":"Feature","properties":{"cod_comuna":13109,"codregion":13,"Comuna":"La Cisterna","Provincia":"Santiago","Region":"Región Metropolitana de Santiago"},"geometry":{"type":"Polygon","coordinates":[[[-70.6529,-33.5476],[-70.6446,-33.5174],[-70.6581,-33.5147],[-70.6712,-33.5107],[-70.6713,-33.5109],[-70.6827,-33.5335],[-70.6858,-33.539],[-70.6854,-33.5391],[-70.6667,-33.5464],[-70.6568,-33.548],[-70.6547,-33.5486],[-70.6535,-33.5488],[-70.6532,-33.5488],[-70.6529,-33.5476]]]}},{"type":"Feature","properties":{"cod_comuna":13110,"codregion":13,"Comuna":"La Florida","Provincia":"Santiago","Region":"Región Metropolitana de Santiago"},"geometry":{"type":"Polygon","coordinates":[[[-70.4379,-33.4922],[-70.59,-33.5102],[-70.592,-33.5098],[-70.6106,-33.5084],[-70.6137,-33.5084],[-70.6136,-33.5084],[-70.6113,-33.5127],[-70.611,-33.5152],[-70.6122,-33.5556],[-70.6104,-33.562],[-70.6125,-33.5622],[-70.6113,-33.5706],[-70.6111,-33.5705],[-70.4875,-33.5434],[-70.4379,-33.4922]]]}},{"type":"Feature","properties":{"cod_comuna":13111,"codregion":13,"Comuna":"La Granja","Provincia":"Santiago","Region":"Región Metropolitana de Santiago"},"geometry":{"type":"Polygon","coordinates":[[[-70.6366,-33.5187],[-70.631,-33.5581],[-70.6122,-33.5556],[-70.611,-33.5152],[-70.6113,-33.5131],[-70.6361,-33.5187],[-70.6366,-33.5187]]]}},{"type":"Feature","properties":{"cod_comuna":13112,"codregion":13,"Comuna":"La Pintana","Provincia":"Santiago","Region":"Región Metropolitana de Santiago"},"geometry":{"type":"Polygon","coordinates":[[[-70.631,-33.5581],[-70.6538,-33.5551],[-70.6549,-33.555],[-70.6628,-33.5839],[-70.6632,-33.5852],[-70.6706,-33.6075],[-70.6291,-33.6278],[-70.6287,-33.6278],[-70.6113,-33.5706],[-70.6125,-33.5622],[-70.6104,-33.562],[-70.6122,-33.5556],[-70.631,-33.5581]]]}},{"type":"Feature","properties":{"cod_comuna":13113,"codregion":13,"Comuna":"La Reina","Provincia":"Santiago","Region":"Región Metropolitana de Santiago"},"geometry":{"type":"Polygon","coordinates":[[[-70.4869,-33.4618],[-70.5095,-33.4357],[-70.5391,-33.4289],[-70.5541,-33.4304],[-70.5786,-33.4314],[-70.5844,-33.4318],[-70.5827,-33.4335],[-70.5818,-33.4341],[-70.5723,-33.459],[-70.5721,-33.4591],[-70.4869,-33.4618]]]}},{"type":"Feature","properties":{"cod_comuna":13114,"codregion":13,"Comuna":"Las Condes","Provincia":"Santiago","Region":"Región Metropolitana de Santiago"},"geometry":{"type":"Polygon","coordinates":[[[-70.5176,-33.3728],[-70.6059,-33.4093],[-70.5844,-33.4318],[-70.5786,-33.4314],[-70.5541,-33.4304],[-70.5391,-33.4289],[-70.5095,-33.4357],[-70.4869,-33.4618],[-70.4392,-33.4866],[-70.4344,-33.481],[-70.4765,-33.3674],[-70.5176,-33.3727],[-70.5176,-33.3728]]]}},{"type":"Feature","properties":{"cod_comuna":13115,"codregion":13,"Comuna":"Lo Barnechea","Provincia":"Santiago","Region":"Región Metropolitana de Santiago"},"geometry":{"type":"Polygon","coordinates":[[[-70.4344,-33.481],[-70.3482,-33.4899],[-70.2442,-33.4358],[-70.1773,-33.3565],[-70.2437,-33.187],[-70.2487,-33.1869],[-70.2542,-33.1851],[-70.2606,-33.1847],[-70.2642,-33.1835],[-70.2669,-33.1815],[-70.2668,-33.1799],[-70.2654,-33.1763],[-70.2651,-33.1739],[-70.2652,-33.1669],[-70.2713,-33.1519],[-70.2697,-33.1355],[-70.2714,-33.132],[-70.2729,-33.1311],[-70.2879,-33.1318],[-70.2923,-33.1297],[-70.2954,-33.1266],[-70.297,-33.1231],[-70.2968,-33.12],[-70.2982,-33.1179],[-70.2981,-33.1162],[-70.3001,-33.1128],[-70.3037,-33.113],[-70.3111,-33.1084],[-70.3177,-33.1098],[-70.3388,-33.0964],[-70.3428,-33.097],[-70.3433,-33.1019],[-70.345,-33.1033],[-70.3504,-33.105],[-70.3535,-33.1051],[-70.3613,-33.107],[-70.3654,-33.1072],[-70.3691,-33.1067],[-70.3715,-33.1057],[-70.3736,-33.1057],[-70.4283,-33.1304],[-70.4732,-33.2196],[-70.5583,-33.2419],[-70.5961,-33.3371],[-70.5825,-33.351],[-70.5177,-33.3726],[-70.5176,-33.3727],[-70.4765,-33.3674],[-70.4344,-33.481]]]}},{"type":"Feature","properties":{"cod_comuna":13116,"codregion":13,"Comuna":"Lo Espejo","Provincia":"Santiago","Region":"Región Metropolitana de Santiago"},"geometry":{"type":"Polygon","coordinates":[[[-70.6712,-33.5107],[-70.6767,-33.5084],[-70.6954,-33.5024],[-70.7062,-33.5254],[-70.7067,-33.5312],[-70.6858,-33.539],[-70.6827,-33.5335],[-70.6713,-33.5109],[-70.6712,-33.5107]]]}},{"type":"Feature","properties":{"cod_comuna":13117,"codregion":13,"Comuna":"Lo Prado","Provincia":"Santiago","Region":"Región Metropolitana de Santiago"},"geometry":{"type":"Polygon","coordinates":[[[-70.7287,-33.4554],[-70.7056,-33.4572],[-70.7062,-33.4524],[-70.7071,-33.4488],[-70.7215,-33.4366],[-70.7377,-33.4364],[-70.7408,-33.4364],[-70.7316,-33.4549],[-70.7287,-33.4554]]]}},{"type":"Feature","properties":{"cod_comuna":13118,"codregion":13,"Comuna":"Macul","Provincia":"Santiago","Region":"Región Metropolitana de Santiago"},"geometry":{"type":"Polygon","coordinates":[[[-70.5768,-33.4703],[-70.5768,-33.4702],[-70.5878,-33.4744],[-70.5988,-33.4737],[-70.623,-33.4749],[-70.6229,-33.4752],[-70.6137,-33.5083],[-70.6137,-33.5084],[-70.6106,-33.5084],[-70.592,-33.5098],[-70.59,-33.5102],[-70.5768,-33.4703]]]}},{"type":"Feature","properties":{"cod_comuna":13119,"codregion":13,"Comuna":"Maipú","Provincia":"Santiago","Region":"Región Metropolitana de Santiago"},"geometry":{"type":"Polygon","coordinates":[[[-70.7344,-33.47],[-70.9214,-33.4883],[-70.9197,-33.5113],[-70.8052,-33.5301],[-70.7787,-33.5692],[-70.7676,-33.5719],[-70.7674,-33.572],[-70.7634,-33.5664],[-70.7265,-33.5241],[-70.7239,-33.5208],[-70.7401,-33.5101],[-70.7315,-33.4828],[-70.7247,-33.4827],[-70.7237,-33.4805],[-70.7224,-33.4734],[-70.7226,-33.4733],[-70.7338,-33.4696],[-70.7344,-33.47]]]}},{"type":"Feature","properties":{"cod_comuna":13120,"codregion":13,"Comuna":"Ñuñoa","Provincia":"Santiago","Region":"Región Metropolitana de Santiago"},"geometry":{"type":"Polygon","coordinates":[[[-70.5768,-33.4702],[-70.5763,-33.4688],[-70.5723,-33.459],[-70.5818,-33.4341],[-70.5822,-33.4338],[-70.5928,-33.4478],[-70.5992,-33.4447],[-70.6088,-33.4457],[-70.6184,-33.4484],[-70.6188,-33.4473],[-70.6315,-33.4498],[-70.6314,-33.4501],[-70.6251,-33.4696],[-70.6245,-33.47],[-70.6234,-33.4734],[-70.623,-33.4749],[-70.5988,-33.4737],[-70.5878,-33.4744],[-70.5768,-33.4702]]]}},{"type":"Feature","properties":{"cod_comuna":13121,"codregion":13,"Comuna":"Pedro Aguirre Cerda","Provincia":"Santiago","Region":"Región Metropolitana de Santiago"},"geometry":{"type":"Polygon","coordinates":[[[-70.6712,-33.5107],[-70.6704,-33.5089],[-70.6551,-33.4767],[-70.6717,-33.4785],[-70.6812,-33.4785],[-70.6857,-33.4781],[-70.6856,-33.4786],[-70.6954,-33.5024],[-70.6767,-33.5084],[-70.6712,-33.5107]]]}},{"type":"Feature","properties":{"cod_comuna":13122,"codregion":13,"Comuna":"Peñalolén","Provincia":"Santiago","Region":"Región Metropolitana de Santiago"},"geometry":{"type":"Polygon","coordinates":[[[-70.59,-33.5102],[-70.4379,-33.4922],[-70.4392,-33.4866],[-70.4869,-33.4618],[-70.5721,-33.4591],[-70.5723,-33.459],[-70.5763,-33.4688],[-70.5768,-33.4703],[-70.59,-33.5102]]]}},{"type":"Feature","properties":{"cod_comuna":13123,"codregion":13,"Comuna":"Providencia","Provincia":"Santiago","Region":"Región Metropolitana de Santiago"},"geometry":{"type":"Polygon","coordinates":[[[-70.5844,-33.4318],[-70.6059,-33.4093],[-70.6145,-33.4092],[-70.6354,-33.4357],[-70.6354,-33.4362],[-70.6329,-33.4454],[-70.6315,-33.4498],[-70.6188,-33.4473],[-70.6184,-33.4484],[-70.6088,-33.4457],[-70.5992,-33.4447],[-70.5928,-33.4478],[-70.5822,-33.4338],[-70.5827,-33.4335],[-70.5844,-33.4318]]]}},{"type":"Feature","properties":{"cod_comuna":13124,"codregion":13,"Comuna":"Pudahuel","Provincia":"Santiago","Region":"Región Metropolitana de Santiago"},"geometry":{"type":"Polygon","coordinates":[[[-70.7566,-33.3838],[-70.8036,-33.3505],[-70.8037,-33.3506],[-70.8392,-33.3853],[-70.9103,-33.3684],[-70.9467,-33.3849],[-70.9549,-33.448],[-70.9214,-33.4883],[-70.7344,-33.47],[-70.7314,-33.4681],[-70.7313,-33.4549],[-70.7316,-33.4549],[-70.7408,-33.4364],[-70.7409,-33.4364],[-70.7822,-33.4139],[-70.7823,-33.4128],[-70.7566,-33.3838]]]}},{"type":"Feature","properties":{"cod_comuna":13125,"codregion":13,"Comuna":"Quilicura","Provincia":"Santiago","Region":"Región Metropolitana de Santiago"},"geometry":{"type":"Polygon","coordinates":[[[-70.7566,-33.3838],[-70.6936,-33.3813],[-70.6945,-33.3791],[-70.6895,-33.3662],[-70.6893,-33.3662],[-70.6813,-33.331],[-70.7183,-33.3259],[-70.7188,-33.3246],[-70.8036,-33.3504],[-70.8036,-33.3505],[-70.7566,-33.3838]]]}},{"type":"Feature","properties":{"cod_comuna":13126,"codregion":13,"Comuna":"Quinta Normal","Provincia":"Santiago","Region":"Región Metropolitana de Santiago"},"geometry":{"type":"Polygon","coordinates":[[[-70.6714,-33.4265],[-70.6741,-33.4256],[-70.6777,-33.4238],[-70.6866,-33.4203],[-70.6911,-33.418],[-70.704,-33.408],[-70.7182,-33.41],[-70.7227,-33.4114],[-70.7226,-33.4118],[-70.7225,-33.4117],[-70.7215,-33.4366],[-70.7071,-33.4488],[-70.7062,-33.4488],[-70.6919,-33.4447],[-70.6916,-33.4419],[-70.6715,-33.4269],[-70.6714,-33.4265]]]}},{"type":"Feature","properties":{"cod_comuna":13127,"codregion":13,"Comuna":"Recoleta","Provincia":"Santiago","Region":"Región Metropolitana de Santiago"},"geometry":{"type":"Polygon","coordinates":[[[-70.6516,-33.4322],[-70.6455,-33.4336],[-70.6354,-33.4359],[-70.6354,-33.4357],[-70.6145,-33.4092],[-70.6106,-33.405],[-70.6562,-33.3768],[-70.6568,-33.3765],[-70.658,-33.3986],[-70.6582,-33.3991],[-70.6501,-33.4177],[-70.651,-33.4234],[-70.6517,-33.4312],[-70.6516,-33.4322]]]}},{"type":"Feature","properties":{"cod_comuna":13128,"codregion":13,"Comuna":"Renca","Provincia":"Santiago","Region":"Región Metropolitana de Santiago"},"geometry":{"type":"Polygon","coordinates":[[[-70.6936,-33.3813],[-70.7566,-33.3838],[-70.7823,-33.4128],[-70.7823,-33.4137],[-70.7519,-33.4122],[-70.7444,-33.4124],[-70.7228,-33.4119],[-70.7226,-33.4118],[-70.7227,-33.4114],[-70.7182,-33.41],[-70.704,-33.408],[-70.6911,-33.418],[-70.6866,-33.4203],[-70.6777,-33.4238],[-70.6741,-33.4256],[-70.6714,-33.4265],[-70.6712,-33.426],[-70.6819,-33.403],[-70.6933,-33.3819],[-70.6936,-33.3813]]]}},{"type":"Feature","properties":{"cod_comuna":13129,"codregion":13,"Comuna":"San Joaquín","Provincia":"Santiago","Region":"Región Metropolitana de Santiago"},"geometry":{"type":"Polygon","coordinates":[[[-70.6234,-33.4734],[-70.6245,-33.47],[-70.6246,-33.47],[-70.6279,-33.4724],[-70.6418,-33.4769],[-70.6419,-33.4769],[-70.6417,-33.4809],[-70.6398,-33.4953],[-70.6386,-33.5073],[-70.6372,-33.5131],[-70.6366,-33.5187],[-70.6361,-33.5187],[-70.6113,-33.5131],[-70.6113,-33.5127],[-70.6136,-33.5084],[-70.6137,-33.5083],[-70.6229,-33.4752],[-70.6234,-33.4734]]]}},{"type":"Feature","properties":{"cod_comuna":13130,"codregion":13,"Comuna":"San Miguel","Provincia":"Santiago","Region":"Región Metropolitana de Santiago"},"geometry":{"type":"Polygon","coordinates":[[[-70.6366,-33.5187],[-70.6372,-33.5131],[-70.6386,-33.5073],[-70.6398,-33.4953],[-70.6417,-33.4809],[-70.6419,-33.4769],[-70.6421,-33.4769],[-70.6551,-33.4767],[-70.6704,-33.5089],[-70.6712,-33.5107],[-70.6581,-33.5147],[-70.6446,-33.5174],[-70.6366,-33.5187]]]}},{"type":"Feature","properties":{"cod_comuna":13131,"codregion":13,"Comuna":"San Ramón","Provincia":"Santiago","Region":"Región Metropolitana de Santiago"},"geometry":{"type":"Polygon","coordinates":[[[-70.6366,-33.5187],[-70.6446,-33.5174],[-70.6529,-33.5476],[-70.6535,-33.55],[-70.6547,-33.555],[-70.6538,-33.5551],[-70.631,-33.5581],[-70.6366,-33.5187]]]}},{"type":"Feature","properties":{"cod_comuna":13132,"codregion":13,"Comuna":"Vitacura","Provincia":"Santiago","Region":"Región Metropolitana de Santiago"},"geometry":{"type":"Polygon","coordinates":[[[-70.5177,-33.3726],[-70.5825,-33.351],[-70.6106,-33.405],[-70.6145,-33.4092],[-70.6059,-33.4093],[-70.5176,-33.3728],[-70.5177,-33.3726]]]}},{"type":"Feature","properties":{"cod_comuna":13201,"codregion":13,"Comuna":"Puente Alto","Provincia":"Cordillera","Region":"Región Metropolitana de Santiago"},"geometry":{"type":"Polygon","coordinates":[[[-70.4875,-33.5434],[-70.6111,-33.5705],[-70.6113,-33.5706],[-70.6287,-33.6278],[-70.6312,-33.6428],[-70.4954,-33.5999],[-70.4875,-33.5434]]]}},{"type":"Feature","properties":{"cod_comuna":13202,"codregion":13,"Comuna":"Pirque","Provincia":"Cordillera","Region":"Región Metropolitana de Santiago"},"geometry":{"type":"Polygon","coordinates":[[[-70.4338,-33.8536],[-70.4078,-33.8319],[-70.4005,-33.7119],[-70.4409,-33.6834],[-70.4072,-33.6466],[-70.4438,-33.5787],[-70.4954,-33.5999],[-70.6312,-33.6428],[-70.6559,-33.6757],[-70.6144,-33.7385],[-70.5947,-33.7822],[-70.5358,-33.8002],[-70.5251,-33.8322],[-70.4872,-33.8305],[-70.4753,-33.8607],[-70.4338,-33.8536]]]}},{"type":"Feature","properties":{"cod_comuna":13203,"codregion":13,"Comuna":"San José de Maipo","Provincia":"Cordillera","Region":"Región Metropolitana de Santiago"},"geometry":{"type":"Polygon","coordinates":[[[-70.0306,-34.2886],[-69.9735,-34.2498],[-69.9094,-34.2907],[-69.8956,-34.2653],[-69.8055,-34.2463],[-69.8016,-34.193],[-69.8729,-34.1339],[-69.8216,-34.0156],[-69.8556,-33.9638],[-69.9059,-33.9635],[-69.8554,-33.8922],[-69.8983,-33.8476],[-69.9042,-33.7741],[-69.8646,-33.7172],[-69.8715,-33.5395],[-69.8354,-33.5154],[-69.796,-33.423],[-69.8157,-33.3911],[-69.7848,-33.3911],[-69.7698,-33.3432],[-69.7999,-33.2881],[-69.9043,-33.2729],[-69.918,-33.2447],[-70.0036,-33.3223],[-70.0387,-33.2702],[-70.0266,-33.2349],[-70.0642,-33.2058],[-70.0523,-33.135],[-70.0937,-33.0514],[-70.1559,-33.1131],[-70.1837,-33.102],[-70.2362,-33.1404],[-70.227,-33.1507],[-70.2392,-33.1647],[-70.2377,-33.1758],[-70.2437,-33.187],[-70.1773,-33.3565],[-70.2442,-33.4358],[-70.3482,-33.4899],[-70.4344,-33.481],[-70.4392,-33.4866],[-70.4379,-33.4922],[-70.4875,-33.5434],[-70.4954,-33.5999],[-70.4438,-33.5787],[-70.4072,-33.6466],[-70.4409,-33.6834],[-70.4005,-33.7119],[-70.4078,-33.8319],[-70.4338,-33.8536],[-70.3749,-33.8837],[-70.3786,-33.9188],[-70.3277,-34.0103],[-70.3403,-34.0532],[-70.3092,-34.0664],[-70.2614,-34.0712],[-70.2409,-34.0328],[-70.1702,-34.0444],[-70.1419,-34.1205],[-70.1643,-34.1592],[-70.072,-34.202],[-70.0306,-34.2886]]]}},{"type":"Feature","properties":{"cod_comuna":13301,"codregion":13,"Comuna":"Colina","Provincia":"Chacabuco","Region":"Región Metropolitana de Santiago"},"geometry":{"type":"Polygon","coordinates":[[[-70.792,-33.173],[-70.7196,-33.323],[-70.7183,-33.3259],[-70.6813,-33.331],[-70.5961,-33.3371],[-70.5583,-33.2419],[-70.4732,-33.2196],[-70.4283,-33.1304],[-70.3736,-33.1057],[-70.3751,-33.1037],[-70.3772,-33.1024],[-70.3776,-33.0997],[-70.3805,-33.0963],[-70.3886,-33.089],[-70.3864,-33.0829],[-70.4066,-33.066],[-70.4018,-33.055],[-70.3967,-33.051],[-70.3966,-33.0494],[-70.4013,-33.043],[-70.3988,-33.0403],[-70.399,-33.0359],[-70.3995,-33.0342],[-70.4021,-33.0324],[-70.407,-33.0298],[-70.4166,-33.0251],[-70.4232,-33.0257],[-70.4234,-33.0239],[-70.4247,-33.0216],[-70.4272,-33.021],[-70.4347,-33.0214],[-70.4823,-33.0811],[-70.4894,-33.0824],[-70.4976,-33.0864],[-70.5021,-33.0869],[-70.5074,-33.0892],[-70.5091,-33.0892],[-70.5114,-33.0865],[-70.5128,-33.0835],[-70.5192,-33.0786],[-70.5272,-33.0524],[-70.5531,-33.0348],[-70.5469,-33.0142],[-70.5923,-32.97],[-70.5919,-32.9594],[-70.5976,-32.953],[-70.5943,-32.9486],[-70.5957,-32.9467],[-70.6038,-32.9423],[-70.6076,-32.9426],[-70.6136,-32.9515],[-70.6367,-32.9475],[-70.6442,-32.9523],[-70.6468,-32.953],[-70.6489,-32.9526],[-70.6531,-32.9543],[-70.6587,-32.9539],[-70.6596,-32.9536],[-70.72,-32.953],[-70.7704,-32.9837],[-70.7344,-33.1644],[-70.792,-33.173]]]}},{"type":"Feature","properties":{"cod_comuna":13302,"codregion":13,"Comuna":"Lampa","Provincia":"Chacabuco","Region":"Región Metropolitana de Santiago"},"geometry":{"type":"Polygon","coordinates":[[[-70.792,-33.173],[-70.8572,-33.1814],[-70.883,-33.2289],[-70.8929,-33.1811],[-70.9934,-33.1777],[-70.9975,-33.1984],[-70.9685,-33.29],[-71.0035,-33.3291],[-70.9467,-33.3849],[-70.9103,-33.3684],[-70.8392,-33.3853],[-70.8037,-33.3506],[-70.8036,-33.3504],[-70.7188,-33.3246],[-70.7196,-33.323],[-70.792,-33.173]]]}},{"type":"Feature","properties":{"cod_comuna":13303,"codregion":13,"Comuna":"Tiltil","Provincia":"Chacabuco","Region":"Región Metropolitana de Santiago"},"geometry":{"type":"Polygon","coordinates":[[[-70.7282,-32.9246],[-70.842,-32.9225],[-70.9072,-32.9365],[-70.9397,-32.973],[-71.0142,-32.9768],[-71.0278,-32.9891],[-71.0009,-33.0504],[-71.0292,-33.084],[-70.9934,-33.1777],[-70.8929,-33.1811],[-70.883,-33.2289],[-70.8572,-33.1814],[-70.792,-33.173],[-70.7344,-33.1644],[-70.7704,-32.9837],[-70.72,-32.953],[-70.7282,-32.9246]]]}},{"type":"Feature","properties":{"cod_comuna":13401,"codregion":13,"Comuna":"San Bernardo","Provincia":"Maipo","Region":"Región Metropolitana de Santiago"},"geometry":{"type":"Polygon","coordinates":[[[-70.7667,-33.5722],[-70.7379,-33.6564],[-70.8025,-33.6684],[-70.7918,-33.6981],[-70.8244,-33.721],[-70.8211,-33.7542],[-70.71,-33.6655],[-70.6312,-33.6428],[-70.6287,-33.6278],[-70.6291,-33.6278],[-70.6706,-33.6075],[-70.6632,-33.5852],[-70.6767,-33.5824],[-70.7008,-33.573],[-70.6855,-33.5394],[-70.6854,-33.5391],[-70.6858,-33.539],[-70.7067,-33.5312],[-70.7264,-33.5239],[-70.7265,-33.5241],[-70.7634,-33.5664],[-70.7674,-33.572],[-70.7667,-33.5722]]]}},{"type":"Feature","properties":{"cod_comuna":13402,"codregion":13,"Comuna":"Buin","Provincia":"Maipo","Region":"Región Metropolitana de Santiago"},"geometry":{"type":"Polygon","coordinates":[[[-70.6144,-33.7385],[-70.6559,-33.6757],[-70.6312,-33.6428],[-70.71,-33.6655],[-70.8211,-33.7542],[-70.8928,-33.8021],[-70.7847,-33.8346],[-70.751,-33.7729],[-70.6907,-33.7911],[-70.6882,-33.7592],[-70.6144,-33.7385]]]}},{"type":"Feature","properties":{"cod_comuna":13403,"codregion":13,"Comuna":"Calera de Tango","Provincia":"Maipo","Region":"Región Metropolitana de Santiago"},"geometry":{"type":"Polygon","coordinates":[[[-70.8025,-33.6684],[-70.7379,-33.6564],[-70.7667,-33.5722],[-70.7676,-33.5719],[-70.7787,-33.5692],[-70.8191,-33.5986],[-70.8495,-33.6362],[-70.8671,-33.6506],[-70.8152,-33.6428],[-70.8025,-33.6684]]]}},{"type":"Feature","properties":{"cod_comuna":13404,"codregion":13,"Comuna":"Paine","Provincia":"Maipo","Region":"Región Metropolitana de Santiago"},"geometry":{"type":"Polygon","coordinates":[[[-70.6144,-33.7385],[-70.6882,-33.7592],[-70.6907,-33.7911],[-70.751,-33.7729],[-70.7847,-33.8346],[-70.8928,-33.8021],[-70.9122,-33.7677],[-70.9231,-33.801],[-70.9807,-33.7995],[-70.9663,-33.9178],[-70.9645,-33.9695],[-70.8953,-33.9887],[-70.8249,-33.9534],[-70.7089,-33.9055],[-70.654,-33.9369],[-70.5577,-33.8843],[-70.5172,-33.8877],[-70.4753,-33.8607],[-70.4872,-33.8305],[-70.5251,-33.8322],[-70.5358,-33.8002],[-70.5947,-33.7822],[-70.6144,-33.7385]]]}},{"type":"Feature","properties":{"cod_comuna":13501,"codregion":13,"Comuna":"Melipilla","Provincia":"Melipilla","Region":"Región Metropolitana de Santiago"},"geometry":{"type":"Polygon","coordinates":[[[-71.3291,-33.5835],[-71.4376,-33.6793],[-71.3591,-33.7468],[-71.394,-33.7668],[-71.3971,-33.767],[-71.4334,-33.7889],[-71.3735,-33.8893],[-71.3008,-33.8639],[-71.2907,-33.9081],[-71.2072,-33.9607],[-71.1094,-33.9435],[-71.0693,-33.8907],[-70.9663,-33.9178],[-70.9807,-33.7995],[-70.9832,-33.7747],[-71.1193,-33.7399],[-71.1027,-33.7054],[-71.0979,-33.6342],[-70.9679,-33.6241],[-70.9354,-33.5881],[-70.9484,-33.5606],[-71.0134,-33.5402],[-71.2092,-33.5415],[-71.2523,-33.5828],[-71.3291,-33.5835]]]}},{"type":"Feature","properties":{"cod_comuna":13502,"codregion":13,"Comuna":"Alhué","Provincia":"Melipilla","Region":"Región Metropolitana de Santiago"},"geometry":{"type":"Polygon","coordinates":[[[-70.9663,-33.9178],[-71.0693,-33.8907],[-71.1094,-33.9435],[-71.2072,-33.9607],[-71.2311,-34.0123],[-71.3008,-34.0304],[-71.1849,-34.1584],[-71.0717,-34.1842],[-70.9688,-34.172],[-70.9143,-34.1447],[-70.935,-34.0867],[-70.8937,-34.0765],[-70.8882,-34.0387],[-70.8177,-34.0355],[-70.7934,-33.997],[-70.8249,-33.9534],[-70.8953,-33.9887],[-70.9645,-33.9695],[-70.9663,-33.9178]]]}},{"type":"Feature","properties":{"cod_comuna":13503,"codregion":13,"Comuna":"Curacaví","Provincia":"Melipilla","Region":"Región Metropolitana de Santiago"},"geometry":{"type":"Polygon","coordinates":[[[-70.9975,-33.1984],[-71.2257,-33.2465],[-71.196,-33.3117],[-71.223,-33.3732],[-71.2764,-33.4043],[-71.1865,-33.4521],[-71.0592,-33.4307],[-71.0637,-33.493],[-71.0134,-33.5402],[-70.9484,-33.5606],[-70.9197,-33.5113],[-70.9214,-33.4883],[-70.9549,-33.448],[-70.9467,-33.3849],[-71.0035,-33.3291],[-70.9685,-33.29],[-70.9975,-33.1984]]]}},{"type":"Feature","properties":{"cod_comuna":13504,"codregion":13,"Comuna":"María Pinto","Provincia":"Melipilla","Region":"Región Metropolitana de Santiago"},"geometry":{"type":"Polygon","coordinates":[[[-71.0134,-33.5402],[-71.0637,-33.493],[-71.0592,-33.4307],[-71.1865,-33.4521],[-71.2764,-33.4043],[-71.3428,-33.4151],[-71.3362,-33.4559],[-71.3291,-33.5819],[-71.3291,-33.5835],[-71.2523,-33.5828],[-71.2092,-33.5415],[-71.0134,-33.5402]]]}},{"type":"Feature","properties":{"cod_comuna":13505,"codregion":13,"Comuna":"San Pedro","Provincia":"Melipilla","Region":"Región Metropolitana de Santiago"},"geometry":{"type":"Polygon","coordinates":[[[-71.5758,-34.0081],[-71.5639,-33.9868],[-71.4721,-34.0109],[-71.4558,-34.0164],[-71.4527,-34.0157],[-71.3893,-34.0739],[-71.3869,-34.0679],[-71.3517,-34.0651],[-71.3468,-34.0609],[-71.3008,-34.0304],[-71.2311,-34.0123],[-71.2072,-33.9607],[-71.2907,-33.9081],[-71.3008,-33.8639],[-71.3735,-33.8893],[-71.4334,-33.7889],[-71.4335,-33.7886],[-71.536,-33.7641],[-71.5564,-33.8723],[-71.7145,-33.9483],[-71.7032,-33.9682],[-71.6922,-33.9749],[-71.689,-33.9723],[-71.6635,-33.9979],[-71.6597,-33.9959],[-71.6491,-33.9973],[-71.6408,-34.0009],[-71.6308,-34.0024],[-71.6147,-34.0034],[-71.5757,-34.0226],[-71.5804,-34.0143],[-71.5807,-34.0115],[-71.5758,-34.0081]]]}},{"type":"Feature","properties":{"cod_comuna":13601,"codregion":13,"Comuna":"Talagante","Provincia":"Talagante","Region":"Región Metropolitana de Santiago"},"geometry":{"type":"Polygon","coordinates":[[[-70.8025,-33.6684],[-70.8152,-33.6428],[-70.8671,-33.6506],[-70.8495,-33.6362],[-70.9608,-33.6428],[-70.9366,-33.663],[-71.0262,-33.7163],[-70.933,-33.7194],[-70.8995,-33.6965],[-70.8244,-33.721],[-70.7918,-33.6981],[-70.8025,-33.6684]]]}},{"type":"Feature","properties":{"cod_comuna":13602,"codregion":13,"Comuna":"El Monte","Provincia":"Talagante","Region":"Región Metropolitana de Santiago"},"geometry":{"type":"Polygon","coordinates":[[[-70.9679,-33.6241],[-71.0979,-33.6342],[-71.1027,-33.7054],[-71.0262,-33.7163],[-70.9366,-33.663],[-70.9608,-33.6428],[-70.9679,-33.6241]]]}},{"type":"Feature","properties":{"cod_comuna":13603,"codregion":13,"Comuna":"Isla de Maipo","Provincia":"Talagante","Region":"Región Metropolitana de Santiago"},"geometry":{"type":"Polygon","coordinates":[[[-70.8928,-33.8021],[-70.8211,-33.7542],[-70.8244,-33.721],[-70.8995,-33.6965],[-70.933,-33.7194],[-71.0262,-33.7163],[-71.1027,-33.7054],[-71.1193,-33.7399],[-70.9832,-33.7747],[-70.9807,-33.7995],[-70.9231,-33.801],[-70.9122,-33.7677],[-70.8928,-33.8021]]]}},{"type":"Feature","properties":{"cod_comuna":13604,"codregion":13,"Comuna":"Padre Hurtado","Provincia":"Talagante","Region":"Región Metropolitana de Santiago"},"geometry":{"type":"Polygon","coordinates":[[[-70.9354,-33.5881],[-70.8564,-33.5757],[-70.8191,-33.5986],[-70.7787,-33.5692],[-70.8052,-33.5301],[-70.9197,-33.5113],[-70.9484,-33.5606],[-70.9354,-33.5881]]]}},{"type":"Feature","properties":{"cod_comuna":13605,"codregion":13,"Comuna":"Peñaflor","Provincia":"Talagante","Region":"Región Metropolitana de Santiago"},"geometry":{"type":"Polygon","coordinates":[[[-70.8191,-33.5986],[-70.8564,-33.5757],[-70.9354,-33.5881],[-70.9679,-33.6241],[-70.9608,-33.6428],[-70.8495,-33.6362],[-70.8191,-33.5986]]]}},{"type":"Feature","properties":{"cod_comuna":14101,"codregion":14,"Comuna":"Valdivia","Provincia":"Valdivia","Region":"Región de Los Ríos"},"geometry":{"type":"MultiPolygon","coordinates":[[[[-73.0997,-39.6955],[-73.2496,-39.7461],[-73.2641,-39.7841],[-73.2254,-39.8195],[-73.2141,-39.814],[-73.2119,-39.7942],[-73.1915,-39.7829],[-73.1627,-39.8034],[-73.1896,-39.785],[-73.2174,-39.8225],[-73.226,-39.8232],[-73.2452,-39.8089],[-73.267,-39.869],[-73.205,-39.8916],[-73.1757,-39.8843],[-73.1879,-39.8563],[-73.1295,-39.9211],[-73.2582,-39.8728],[-73.2218,-39.9379],[-73.1586,-39.9431],[-73.1455,-40.0085],[-73.0805,-40.0315],[-73.0659,-39.9974],[-72.9972,-39.976],[-73.0268,-39.9529],[-73.0066,-39.9329],[-72.9209,-39.9412],[-72.9603,-39.9009],[-72.9818,-39.7851],[-73.0127,-39.786],[-72.9884,-39.7763],[-73.0228,-39.6925],[-73.0997,-39.6955]]],[[[-73.3198,-39.6373],[-73.4049,-39.6939],[-73.3969,-39.8761],[-73.3341,-39.8569],[-73.347,-39.811],[-73.3288,-39.8557],[-73.2699,-39.8408],[-73.2802,-39.7987],[-73.2602,-39.7592],[-73.2982,-39.7468],[-73.2414,-39.7193],[-73.2462,-39.6941],[-73.2257,-39.7201],[-73.2014,-39.6995],[-73.2272,-39.6617],[-73.3198,-39.6373]]]]}},{"type":"Feature","properties":{"cod_comuna":14102,"codregion":14,"Comuna":"Corral","Provincia":"Valdivia","Region":"Región de Los Ríos"},"geometry":{"type":"Polygon","coordinates":[[[-73.2218,-39.9379],[-73.256,-39.9054],[-73.2935,-39.9591],[-73.3192,-39.9566],[-73.3778,-39.8953],[-73.3906,-39.9455],[-73.4248,-39.8696],[-73.4684,-39.8517],[-73.5166,-39.9159],[-73.5922,-39.9314],[-73.5929,-39.9571],[-73.6771,-39.9642],[-73.7062,-40.0063],[-73.6263,-39.9805],[-73.5677,-39.9967],[-73.4865,-40.0443],[-73.4772,-40.1033],[-73.4174,-40.1167],[-73.3498,-40.0655],[-73.2717,-40.0667],[-73.2154,-40.1111],[-73.1433,-40.0963],[-73.1509,-40.0657],[-73.1734,-40.0184],[-73.1455,-40.0085],[-73.1586,-39.9431],[-73.2218,-39.9379]]]}},{"type":"Feature","properties":{"cod_comuna":14103,"codregion":14,"Comuna":"Lanco","Provincia":"Valdivia","Region":"Región de Los Ríos"},"geometry":{"type":"Polygon","coordinates":[[[-72.3323,-39.5096],[-72.5171,-39.477],[-72.5324,-39.4337],[-72.658,-39.4603],[-72.7134,-39.426],[-72.7428,-39.4415],[-72.79,-39.431],[-72.7932,-39.405],[-72.8336,-39.4115],[-72.8465,-39.5098],[-72.7699,-39.5306],[-72.7471,-39.5654],[-72.6402,-39.5835],[-72.6121,-39.625],[-72.5933,-39.646],[-72.5487,-39.5859],[-72.4917,-39.5884],[-72.4615,-39.5449],[-72.4102,-39.5528],[-72.3323,-39.5096]]]}},{"type":"Feature","properties":{"cod_comuna":14104,"codregion":14,"Comuna":"Los Lagos","Provincia":"Valdivia","Region":"Región de Los Ríos"},"geometry":{"type":"Polygon","coordinates":[[[-72.5998,-39.6651],[-72.6603,-39.6821],[-72.7257,-39.665],[-72.6867,-39.7054],[-72.7336,-39.7215],[-72.7197,-39.7596],[-72.7548,-39.7453],[-72.7755,-39.7772],[-72.824,-39.775],[-72.8421,-39.7482],[-72.8699,-39.811],[-72.9338,-39.819],[-72.9818,-39.7851],[-72.9603,-39.9009],[-72.9209,-39.9412],[-72.8439,-39.9534],[-72.7689,-40.0179],[-72.7122,-40.0177],[-72.6926,-39.9934],[-72.637,-40.0428],[-72.583,-39.9733],[-72.5406,-40.0076],[-72.4973,-39.9937],[-72.4057,-40.0322],[-72.2825,-40.0079],[-72.2541,-39.9648],[-72.2377,-39.9947],[-72.1637,-39.9591],[-72.0633,-39.9737],[-72.0283,-39.929],[-72.1224,-39.8961],[-72.1607,-39.9093],[-72.1406,-39.8761],[-72.2165,-39.8338],[-72.2503,-39.8712],[-72.4904,-39.7443],[-72.5273,-39.7517],[-72.5085,-39.7192],[-72.5444,-39.6664],[-72.5998,-39.6651]]]}},{"type":"Feature","properties":{"cod_comuna":14105,"codregion":14,"Comuna":"Máfil","Provincia":"Valdivia","Region":"Región de Los Ríos"},"geometry":{"type":"Polygon","coordinates":[[[-72.6121,-39.625],[-72.7196,-39.6117],[-72.7646,-39.6442],[-72.7857,-39.6104],[-72.9288,-39.6183],[-72.9601,-39.5921],[-73.0869,-39.6875],[-73.0997,-39.6955],[-73.0228,-39.6925],[-72.9884,-39.7763],[-73.0127,-39.786],[-72.9818,-39.7851],[-72.9338,-39.819],[-72.8699,-39.811],[-72.8421,-39.7482],[-72.824,-39.775],[-72.7755,-39.7772],[-72.7548,-39.7453],[-72.7197,-39.7596],[-72.7336,-39.7215],[-72.6867,-39.7054],[-72.7257,-39.665],[-72.6603,-39.6821],[-72.5998,-39.6651],[-72.5933,-39.646],[-72.6121,-39.625]]]}},{"type":"Feature","properties":{"cod_comuna":14106,"codregion":14,"Comuna":"Mariquina","Provincia":"Valdivia","Region":"Región de Los Ríos"},"geometry":{"type":"Polygon","coordinates":[[[-73.2426,-39.3903],[-73.2199,-39.4459],[-73.2651,-39.4566],[-73.2505,-39.5325],[-73.3198,-39.6373],[-73.2272,-39.6617],[-73.1795,-39.6704],[-73.1879,-39.6241],[-73.1284,-39.5951],[-73.1714,-39.6249],[-73.168,-39.6634],[-73.1316,-39.6188],[-73.1613,-39.6604],[-73.1295,-39.6455],[-73.1853,-39.694],[-73.0869,-39.6875],[-72.9601,-39.5921],[-72.9288,-39.6183],[-72.7857,-39.6104],[-72.7646,-39.6442],[-72.7196,-39.6117],[-72.6121,-39.625],[-72.6402,-39.5835],[-72.7471,-39.5654],[-72.7699,-39.5306],[-72.8465,-39.5098],[-72.8336,-39.4115],[-72.8674,-39.3983],[-72.897,-39.4325],[-72.8997,-39.3804],[-72.8336,-39.3158],[-72.8529,-39.2903],[-72.8668,-39.2878],[-72.9452,-39.317],[-73.0231,-39.2979],[-73.087,-39.3891],[-73.16,-39.4159],[-73.2426,-39.3903]]]}},{"type":"Feature","properties":{"cod_comuna":14107,"codregion":14,"Comuna":"Paillaco","Provincia":"Ranco","Region":"Región de Los Ríos"},"geometry":{"type":"Polygon","coordinates":[[[-72.9209,-39.9412],[-73.0066,-39.9329],[-73.0268,-39.9529],[-72.9972,-39.976],[-73.0659,-39.9974],[-73.0805,-40.0315],[-73.1455,-40.0085],[-73.1734,-40.0184],[-73.1509,-40.0657],[-73.0632,-40.102],[-73.012,-40.0863],[-73.0225,-40.1276],[-72.9224,-40.1793],[-72.8443,-40.1557],[-72.8405,-40.2011],[-72.7937,-40.1808],[-72.752,-40.2012],[-72.7031,-40.1612],[-72.6688,-40.1932],[-72.5403,-40.1678],[-72.5662,-40.1559],[-72.553,-40.0998],[-72.637,-40.0428],[-72.6926,-39.9934],[-72.7122,-40.0177],[-72.7689,-40.0179],[-72.8439,-39.9534],[-72.9209,-39.9412]]]}},{"type":"Feature","properties":{"cod_comuna":14108,"codregion":14,"Comuna":"Panguipulli","Provincia":"Valdivia","Region":"Región de Los Ríos"},"geometry":{"type":"Polygon","coordinates":[[[-71.8137,-40.0801],[-71.6744,-40.1054],[-71.689,-40.0356],[-71.5921,-39.9124],[-71.6131,-39.875],[-71.6907,-39.8429],[-71.667,-39.8076],[-71.7118,-39.7241],[-71.6692,-39.6824],[-71.7171,-39.6376],[-71.679,-39.5656],[-71.7188,-39.4936],[-71.7608,-39.5085],[-71.8614,-39.4352],[-71.9393,-39.4202],[-72.1469,-39.5209],[-72.269,-39.513],[-72.2204,-39.4671],[-72.2996,-39.497],[-72.3323,-39.5096],[-72.4102,-39.5528],[-72.4615,-39.5449],[-72.4917,-39.5884],[-72.5487,-39.5859],[-72.5933,-39.646],[-72.5998,-39.6651],[-72.5444,-39.6664],[-72.5085,-39.7192],[-72.5273,-39.7517],[-72.4904,-39.7443],[-72.2503,-39.8712],[-72.2165,-39.8338],[-72.1406,-39.8761],[-72.1607,-39.9093],[-72.1224,-39.8961],[-72.0283,-39.929],[-71.8936,-39.8964],[-71.8208,-39.928],[-71.7932,-39.9802],[-71.8295,-40.0007],[-71.8137,-40.0801]]]}},{"type":"Feature","properties":{"cod_comuna":14201,"codregion":14,"Comuna":"La Unión","Provincia":"Ranco","Region":"Región de Los Ríos"},"geometry":{"type":"Polygon","coordinates":[[[-73.7062,-40.0063],[-73.6645,-40.0514],[-73.6531,-40.1336],[-73.724,-40.1997],[-73.7147,-40.2453],[-73.6829,-40.2392],[-73.6718,-40.2769],[-73.6002,-40.3013],[-73.4544,-40.2701],[-73.4438,-40.3062],[-73.4059,-40.3379],[-73.136,-40.3499],[-73.0637,-40.3196],[-72.9112,-40.3365],[-72.8019,-40.273],[-72.6811,-40.264],[-72.6132,-40.2447],[-72.5607,-40.2775],[-72.511,-40.1875],[-72.5403,-40.1678],[-72.6688,-40.1932],[-72.7031,-40.1612],[-72.752,-40.2012],[-72.7937,-40.1808],[-72.8405,-40.2011],[-72.8443,-40.1557],[-72.9224,-40.1793],[-73.0225,-40.1276],[-73.012,-40.0863],[-73.0632,-40.102],[-73.1509,-40.0657],[-73.1433,-40.0963],[-73.2154,-40.1111],[-73.2717,-40.0667],[-73.3498,-40.0655],[-73.4174,-40.1167],[-73.4772,-40.1033],[-73.4865,-40.0443],[-73.5677,-39.9967],[-73.6263,-39.9805],[-73.7062,-40.0063]]]}},{"type":"Feature","properties":{"cod_comuna":14202,"codregion":14,"Comuna":"Futrono","Provincia":"Ranco","Region":"Región de Los Ríos"},"geometry":{"type":"Polygon","coordinates":[[[-71.6572,-40.353],[-71.684,-40.2939],[-71.7162,-40.2787],[-71.747,-40.3067],[-71.8237,-40.2328],[-71.7979,-40.187],[-71.8285,-40.1727],[-71.7992,-40.1377],[-71.8311,-40.1064],[-71.8137,-40.0801],[-71.8295,-40.0007],[-71.7932,-39.9802],[-71.8208,-39.928],[-71.8936,-39.8964],[-72.0283,-39.929],[-72.0633,-39.9737],[-72.1637,-39.9591],[-72.2377,-39.9947],[-72.2541,-39.9648],[-72.2825,-40.0079],[-72.4057,-40.0322],[-72.4973,-39.9937],[-72.5406,-40.0076],[-72.583,-39.9733],[-72.637,-40.0428],[-72.553,-40.0998],[-72.5662,-40.1559],[-72.5403,-40.1678],[-72.511,-40.1875],[-72.4182,-40.2006],[-72.3892,-40.2492],[-72.1852,-40.2093],[-71.9781,-40.3176],[-71.6572,-40.353]]]}},{"type":"Feature","properties":{"cod_comuna":14203,"codregion":14,"Comuna":"Lago Ranco","Provincia":"Ranco","Region":"Región de Los Ríos"},"geometry":{"type":"Polygon","coordinates":[[[-71.8896,-40.551],[-71.8585,-40.5546],[-71.8438,-40.5254],[-71.825,-40.4201],[-71.7946,-40.4072],[-71.741,-40.4373],[-71.6572,-40.353],[-71.9781,-40.3176],[-72.1852,-40.2093],[-72.3892,-40.2492],[-72.4182,-40.2006],[-72.511,-40.1875],[-72.5607,-40.2775],[-72.6132,-40.2447],[-72.6811,-40.264],[-72.6365,-40.2626],[-72.5499,-40.3782],[-72.3195,-40.4273],[-72.2981,-40.4898],[-72.1195,-40.5816],[-72.0778,-40.534],[-71.9846,-40.5152],[-71.8896,-40.551]]]}},{"type":"Feature","properties":{"cod_comuna":14204,"codregion":14,"Comuna":"Río Bueno","Provincia":"Ranco","Region":"Región de Los Ríos"},"geometry":{"type":"Polygon","coordinates":[[[-72.8577,-40.5372],[-72.8145,-40.5456],[-72.7708,-40.6017],[-72.6558,-40.6254],[-72.6073,-40.681],[-72.4375,-40.6542],[-72.3334,-40.6756],[-72.2873,-40.6465],[-72.199,-40.6717],[-72.0793,-40.6605],[-72.0521,-40.6301],[-71.9673,-40.6325],[-71.8764,-40.568],[-71.8896,-40.551],[-71.9846,-40.5152],[-72.0778,-40.534],[-72.1195,-40.5816],[-72.2981,-40.4898],[-72.3195,-40.4273],[-72.5499,-40.3782],[-72.6365,-40.2626],[-72.6811,-40.264],[-72.8019,-40.273],[-72.9112,-40.3365],[-73.0637,-40.3196],[-73.136,-40.3499],[-73.0778,-40.3453],[-73.0318,-40.3836],[-72.9796,-40.3859],[-72.9031,-40.4451],[-72.8577,-40.5372]]]}},{"type":"Feature","properties":{"cod_comuna":15101,"codregion":15,"Comuna":"Arica","Provincia":"Arica","Region":"Región de Arica y Parinacota"},"geometry":{"type":"Polygon","coordinates":[[[-69.7837,-18.0483],[-69.8605,-18.1705],[-69.9659,-18.2622],[-70.0504,-18.2693],[-70.1495,-18.3194],[-70.321,-18.3118],[-70.3791,-18.3501],[-70.3026,-18.4487],[-70.333,-18.4795],[-70.3167,-18.5151],[-70.3499,-18.6492],[-70.3379,-18.7572],[-70.3582,-18.7996],[-70.3385,-18.829],[-70.2945,-18.8152],[-70.0216,-18.9037],[-70.0213,-18.8267],[-69.9396,-18.8277],[-69.9008,-18.8224],[-69.8796,-18.8226],[-69.8613,-18.8231],[-69.8168,-18.8014],[-69.6557,-18.7308],[-69.6492,-18.7288],[-69.6299,-18.7245],[-69.5056,-18.7023],[-69.4966,-18.6822],[-69.5409,-18.6447],[-69.6927,-18.5431],[-69.6258,-18.435],[-69.6795,-18.3511],[-69.6507,-18.3135],[-69.6669,-18.2845],[-69.6953,-18.1911],[-69.6708,-18.1622],[-69.675,-18.1612],[-69.6939,-18.1509],[-69.7564,-18.1348],[-69.7715,-18.1072],[-69.7459,-18.0858],[-69.7837,-18.0483]]]}},{"type":"Feature","properties":{"cod_comuna":15102,"codregion":15,"Comuna":"Camarones","Provincia":"Arica","Region":"Región de Arica y Parinacota"},"geometry":{"type":"Polygon","coordinates":[[[-70.3385,-18.829],[-70.3153,-19.0241],[-70.2692,-19.1457],[-70.2853,-19.2293],[-70.099,-19.1194],[-69.9483,-19.0493],[-69.8865,-19.0347],[-69.8756,-19.0361],[-69.8663,-19.0395],[-69.8601,-19.0394],[-69.846,-19.0436],[-69.8445,-19.0446],[-69.8412,-19.0454],[-69.8264,-19.0473],[-69.8217,-19.0471],[-69.8118,-19.0456],[-69.7948,-19.0462],[-69.7148,-19.0261],[-69.6447,-19.0211],[-69.4255,-19.0247],[-69.4157,-19.0267],[-69.4024,-19.0345],[-69.3961,-19.0614],[-69.3938,-19.0622],[-69.3867,-19.0619],[-69.3149,-19.1031],[-69.3122,-19.1258],[-69.3182,-19.1343],[-69.3169,-19.1353],[-69.3169,-19.1352],[-69.3024,-19.1322],[-69.2955,-19.1272],[-69.2905,-19.1143],[-69.2349,-19.0945],[-69.1534,-19.1027],[-69.0711,-19.0294],[-69.1471,-18.9321],[-69.1527,-18.837],[-69.2691,-18.7823],[-69.3272,-18.7828],[-69.3634,-18.8198],[-69.4292,-18.7246],[-69.4905,-18.6989],[-69.5056,-18.7023],[-69.6299,-18.7245],[-69.6492,-18.7288],[-69.6557,-18.7308],[-69.8168,-18.8014],[-69.8613,-18.8231],[-69.8796,-18.8226],[-69.9008,-18.8224],[-69.9396,-18.8277],[-70.0213,-18.8267],[-70.0216,-18.9037],[-70.2945,-18.8152],[-70.3385,-18.829]]]}},{"type":"Feature","properties":{"cod_comuna":15201,"codregion":15,"Comuna":"Putre","Provincia":"Parinacota","Region":"Región de Arica y Parinacota"},"geometry":{"type":"Polygon","coordinates":[[[-68.9502,-18.9367],[-68.9123,-18.8913],[-68.9842,-18.6786],[-69.0365,-18.6236],[-69.0074,-18.6015],[-69.0028,-18.4824],[-69.0483,-18.4266],[-69.0382,-18.3221],[-69.0744,-18.2866],[-69.0639,-18.231],[-69.1462,-18.1632],[-69.057,-18.0612],[-69.1209,-18.0044],[-69.2312,-17.9888],[-69.2559,-17.9541],[-69.2819,-17.9685],[-69.3957,-18.002],[-69.4655,-17.9801],[-69.6288,-17.9957],[-69.6596,-18.12],[-69.643,-18.1629],[-69.6708,-18.1622],[-69.6953,-18.1911],[-69.6669,-18.2845],[-69.6507,-18.3135],[-69.6795,-18.3511],[-69.6258,-18.435],[-69.6927,-18.5431],[-69.5409,-18.6447],[-69.4966,-18.6822],[-69.4905,-18.6989],[-69.4292,-18.7246],[-69.3634,-18.8198],[-69.3272,-18.7828],[-69.2691,-18.7823],[-69.1527,-18.837],[-69.1471,-18.9321],[-69.0711,-19.0294],[-69.0098,-18.9975],[-69.0202,-18.9537],[-68.9502,-18.9367]]]}},{"type":"Feature","properties":{"cod_comuna":15202,"codregion":15,"Comuna":"General Lagos","Provincia":"Parinacota","Region":"Región de Arica y Parinacota"},"geometry":{"type":"Polygon","coordinates":[[[-69.6708,-18.1622],[-69.643,-18.1629],[-69.6596,-18.12],[-69.6288,-17.9957],[-69.4655,-17.9801],[-69.3957,-18.002],[-69.2819,-17.9685],[-69.3369,-17.732],[-69.4679,-17.6049],[-69.4685,-17.4984],[-69.6664,-17.6603],[-69.7963,-17.6459],[-69.8222,-17.744],[-69.8008,-17.7622],[-69.7991,-17.8658],[-69.7502,-17.9473],[-69.7837,-18.0483],[-69.7459,-18.0858],[-69.7715,-18.1072],[-69.7564,-18.1348],[-69.6939,-18.1509],[-69.675,-18.1612],[-69.6708,-18.1622]]]}},{"type":"Feature","properties":{"cod_comuna":16101,"codregion":16,"Comuna":"Chillán","Provincia":"Ñuble","Region":"Región de Ñuble"},"geometry":{"type":"Polygon","coordinates":[[[-71.8585,-36.5169],[-71.9911,-36.5067],[-72.0931,-36.5511],[-72.1866,-36.5532],[-72.2236,-36.5834],[-72.3952,-36.6173],[-72.4654,-36.6444],[-72.4499,-36.6748],[-72.4417,-36.6882],[-72.3517,-36.6961],[-72.3572,-36.6542],[-72.2898,-36.6264],[-72.143,-36.6139],[-72.104,-36.637],[-72.0989,-36.6385],[-72.0589,-36.7482],[-72.0011,-36.7496],[-71.9826,-36.672],[-71.9507,-36.6852],[-71.9381,-36.6661],[-72.0372,-36.5743],[-72.013,-36.5549],[-71.8772,-36.5648],[-71.8585,-36.5169]]]}},{"type":"Feature","properties":{"cod_comuna":16102,"codregion":16,"Comuna":"Bulnes","Provincia":"Ñuble","Region":"Región de Ñuble"},"geometry":{"type":"Polygon","coordinates":[[[-72.3517,-36.6961],[-72.4417,-36.6882],[-72.4293,-36.8022],[-72.3804,-36.8667],[-72.2173,-36.9013],[-72.2023,-36.8896],[-72.1651,-36.806],[-72.1091,-36.7949],[-72.1343,-36.7342],[-72.218,-36.7384],[-72.3517,-36.6961]]]}},{"type":"Feature","properties":{"cod_comuna":16103,"codregion":16,"Comuna":"Chillán Viejo","Provincia":"Ñuble","Region":"Región de Ñuble"},"geometry":{"type":"Polygon","coordinates":[[[-72.104,-36.637],[-72.143,-36.6139],[-72.2898,-36.6264],[-72.3572,-36.6542],[-72.3517,-36.6961],[-72.218,-36.7384],[-72.1343,-36.7342],[-72.0589,-36.7482],[-72.0989,-36.6385],[-72.104,-36.637]]]}},{"type":"Feature","properties":{"cod_comuna":16104,"codregion":16,"Comuna":"El Carmen","Provincia":"Ñuble","Region":"Región de Ñuble"},"geometry":{"type":"Polygon","coordinates":[[[-71.5937,-36.9901],[-71.6041,-36.9021],[-71.7332,-36.8295],[-71.7736,-36.8339],[-72.0147,-36.8654],[-72.0941,-36.9033],[-72.2023,-36.8896],[-72.2173,-36.9013],[-71.9651,-36.9954],[-71.7113,-37.0147],[-71.638,-36.9684],[-71.5937,-36.9901]]]}},{"type":"Feature","properties":{"cod_comuna":16105,"codregion":16,"Comuna":"Pemuco","Provincia":"Ñuble","Region":"Región de Ñuble"},"geometry":{"type":"Polygon","coordinates":[[[-72.2173,-36.9013],[-72.3804,-36.8667],[-72.3854,-36.9119],[-72.3254,-36.9817],[-72.1947,-37.0273],[-71.8731,-37.0664],[-71.5954,-36.9973],[-71.5937,-36.9901],[-71.638,-36.9684],[-71.7113,-37.0147],[-71.9651,-36.9954],[-72.2173,-36.9013]]]}},{"type":"Feature","properties":{"cod_comuna":16106,"codregion":16,"Comuna":"Pinto","Provincia":"Ñuble","Region":"Región de Ñuble"},"geometry":{"type":"Polygon","coordinates":[[[-71.0962,-37.1096],[-71.1666,-36.9983],[-71.2221,-36.9794],[-71.2607,-36.9148],[-71.3449,-36.9112],[-71.4305,-36.8124],[-71.5617,-36.8459],[-71.6482,-36.8015],[-71.7551,-36.7925],[-71.9381,-36.6661],[-71.9507,-36.6852],[-71.9826,-36.672],[-72.0011,-36.7496],[-71.8309,-36.8315],[-71.7554,-36.8172],[-71.7736,-36.8339],[-71.7332,-36.8295],[-71.6041,-36.9021],[-71.5937,-36.9901],[-71.5954,-36.9973],[-71.5517,-37.0196],[-71.4971,-37.0089],[-71.4089,-37.0905],[-71.3841,-37.0671],[-71.2709,-37.1113],[-71.0962,-37.1096]]]}},{"type":"Feature","properties":{"cod_comuna":16107,"codregion":16,"Comuna":"Quillón","Provincia":"Ñuble","Region":"Región de Ñuble"},"geometry":{"type":"Polygon","coordinates":[[[-72.4417,-36.6882],[-72.4499,-36.6748],[-72.5332,-36.7096],[-72.5764,-36.6975],[-72.5935,-36.7318],[-72.5929,-36.8164],[-72.5384,-36.8496],[-72.5731,-36.8657],[-72.5683,-36.8929],[-72.6453,-36.8837],[-72.6525,-36.9217],[-72.517,-36.9395],[-72.5023,-36.8957],[-72.4514,-36.9083],[-72.4615,-36.9272],[-72.3854,-36.9119],[-72.3804,-36.8667],[-72.4293,-36.8022],[-72.4417,-36.6882]]]}},{"type":"Feature","properties":{"cod_comuna":16108,"codregion":16,"Comuna":"San Ignacio","Provincia":"Ñuble","Region":"Región de Ñuble"},"geometry":{"type":"Polygon","coordinates":[[[-72.0589,-36.7482],[-72.1343,-36.7342],[-72.1091,-36.7949],[-72.1651,-36.806],[-72.2023,-36.8896],[-72.0941,-36.9033],[-72.0147,-36.8654],[-71.7736,-36.8339],[-71.7554,-36.8172],[-71.8309,-36.8315],[-72.0011,-36.7496],[-72.0589,-36.7482]]]}},{"type":"Feature","properties":{"cod_comuna":16109,"codregion":16,"Comuna":"Yungay","Provincia":"Ñuble","Region":"Región de Ñuble"},"geometry":{"type":"Polygon","coordinates":[[[-72.1947,-37.0273],[-72.1872,-37.0531],[-72.2614,-37.0926],[-72.271,-37.1955],[-72.062,-37.1935],[-72.0663,-37.1679],[-72.0358,-37.1656],[-71.9912,-37.1931],[-71.8899,-37.1826],[-71.7971,-37.1087],[-71.6871,-37.1444],[-71.5625,-37.1339],[-71.5403,-37.0637],[-71.5517,-37.0196],[-71.5954,-36.9973],[-71.8731,-37.0664],[-72.1947,-37.0273]]]}},{"type":"Feature","properties":{"cod_comuna":16201,"codregion":16,"Comuna":"Quirihue","Provincia":"Itata","Region":"Región de Ñuble"},"geometry":{"type":"Polygon","coordinates":[[[-72.4122,-36.2078],[-72.3378,-36.2055],[-72.3384,-36.1744],[-72.4934,-36.147],[-72.4912,-36.0736],[-72.593,-36.0651],[-72.5529,-36.1118],[-72.7068,-36.1481],[-72.6442,-36.1909],[-72.6196,-36.2666],[-72.6614,-36.3272],[-72.635,-36.4066],[-72.5856,-36.3871],[-72.5831,-36.4206],[-72.552,-36.4161],[-72.5407,-36.3711],[-72.4569,-36.3547],[-72.4833,-36.2949],[-72.4552,-36.2373],[-72.4126,-36.2233],[-72.4122,-36.2078]]]}},{"type":"Feature","properties":{"cod_comuna":16202,"codregion":16,"Comuna":"Cobquecura","Provincia":"Itata","Region":"Región de Ñuble"},"geometry":{"type":"Polygon","coordinates":[[[-72.7781,-36.014],[-72.8136,-36.0934],[-72.8093,-36.2782],[-72.8522,-36.3594],[-72.7886,-36.3309],[-72.7459,-36.3565],[-72.6614,-36.3272],[-72.6196,-36.2666],[-72.6442,-36.1909],[-72.7068,-36.1481],[-72.5529,-36.1118],[-72.593,-36.0651],[-72.6468,-36.0167],[-72.6553,-36.047],[-72.6878,-36.0185],[-72.7781,-36.014]]]}},{"type":"Feature","properties":{"cod_comuna":16203,"codregion":16,"Comuna":"Coelemu","Provincia":"Itata","Region":"Región de Ñuble"},"geometry":{"type":"Polygon","coordinates":[[[-72.8706,-36.3897],[-72.8825,-36.4454],[-72.8098,-36.4597],[-72.8278,-36.5268],[-72.7983,-36.606],[-72.7337,-36.6173],[-72.6519,-36.5971],[-72.6049,-36.5453],[-72.6275,-36.5259],[-72.6895,-36.4856],[-72.7339,-36.4063],[-72.8706,-36.3897]]]}},{"type":"Feature","properties":{"cod_comuna":16204,"codregion":16,"Comuna":"Ninhue","Provincia":"Itata","Region":"Región de Ñuble"},"geometry":{"type":"Polygon","coordinates":[[[-72.2776,-36.2615],[-72.3156,-36.2327],[-72.3725,-36.2572],[-72.4126,-36.2225],[-72.4126,-36.2233],[-72.4552,-36.2373],[-72.4833,-36.2949],[-72.4569,-36.3547],[-72.5407,-36.3711],[-72.552,-36.4161],[-72.5084,-36.4354],[-72.4718,-36.4702],[-72.3706,-36.4762],[-72.3008,-36.3883],[-72.316,-36.3588],[-72.3198,-36.2823],[-72.2776,-36.2615]]]}},{"type":"Feature","properties":{"cod_comuna":16205,"codregion":16,"Comuna":"Portezuelo","Provincia":"Itata","Region":"Región de Ñuble"},"geometry":{"type":"Polygon","coordinates":[[[-72.3706,-36.4762],[-72.4718,-36.4702],[-72.5084,-36.4354],[-72.5491,-36.5303],[-72.6275,-36.5259],[-72.6049,-36.5453],[-72.4654,-36.6444],[-72.3952,-36.6173],[-72.3613,-36.5621],[-72.3706,-36.4762]]]}},{"type":"Feature","properties":{"cod_comuna":16206,"codregion":16,"Comuna":"Ranquil","Provincia":"Itata","Region":"Región de Ñuble"},"geometry":{"type":"Polygon","coordinates":[[[-72.4654,-36.6444],[-72.6049,-36.5453],[-72.6519,-36.5971],[-72.7337,-36.6173],[-72.7196,-36.6554],[-72.6543,-36.6665],[-72.5935,-36.7318],[-72.5764,-36.6975],[-72.5332,-36.7096],[-72.4499,-36.6748],[-72.4654,-36.6444]]]}},{"type":"Feature","properties":{"cod_comuna":16207,"codregion":16,"Comuna":"Treguaco","Provincia":"Itata","Region":"Región de Ñuble"},"geometry":{"type":"Polygon","coordinates":[[[-72.8522,-36.3594],[-72.8706,-36.3897],[-72.7339,-36.4063],[-72.6895,-36.4856],[-72.6275,-36.5259],[-72.5491,-36.5303],[-72.5084,-36.4354],[-72.552,-36.4161],[-72.5831,-36.4206],[-72.5856,-36.3871],[-72.635,-36.4066],[-72.6614,-36.3272],[-72.7459,-36.3565],[-72.7886,-36.3309],[-72.8522,-36.3594]]]}},{"type":"Feature","properties":{"cod_comuna":16301,"codregion":16,"Comuna":"San Carlos","Provincia":"Punilla","Region":"Región de Ñuble"},"geometry":{"type":"Polygon","coordinates":[[[-72.1391,-36.2459],[-72.2373,-36.207],[-72.2776,-36.2615],[-72.3198,-36.2823],[-72.316,-36.3588],[-72.2495,-36.3502],[-72.0514,-36.4193],[-72.0828,-36.4393],[-72.0494,-36.4537],[-72.0931,-36.5511],[-71.9911,-36.5067],[-71.8585,-36.5169],[-71.7658,-36.4798],[-71.6963,-36.4838],[-71.681,-36.523],[-71.6895,-36.4408],[-71.7933,-36.395],[-71.8476,-36.4089],[-71.9521,-36.2974],[-72.1114,-36.2835],[-72.1391,-36.2459]]]}},{"type":"Feature","properties":{"cod_comuna":16302,"codregion":16,"Comuna":"Coihueco","Provincia":"Punilla","Region":"Región de Ñuble"},"geometry":{"type":"Polygon","coordinates":[[[-71.2221,-36.9794],[-71.1055,-36.9708],[-71.0881,-36.9378],[-71.1542,-36.9408],[-71.2486,-36.8369],[-71.292,-36.6783],[-71.5205,-36.5969],[-71.6049,-36.5189],[-71.681,-36.523],[-71.6963,-36.4838],[-71.7658,-36.4798],[-71.8585,-36.5169],[-71.8772,-36.5648],[-72.013,-36.5549],[-72.0372,-36.5743],[-71.9381,-36.6661],[-71.7551,-36.7925],[-71.6482,-36.8015],[-71.5617,-36.8459],[-71.4305,-36.8124],[-71.3449,-36.9112],[-71.2607,-36.9148],[-71.2221,-36.9794]]]}},{"type":"Feature","properties":{"cod_comuna":16303,"codregion":16,"Comuna":"Ñiquén","Provincia":"Punilla","Region":"Región de Ñuble"},"geometry":{"type":"Polygon","coordinates":[[[-71.6405,-36.3738],[-71.7679,-36.3081],[-71.8115,-36.2548],[-71.9743,-36.2586],[-71.9906,-36.2087],[-72.0235,-36.1744],[-72.0729,-36.1561],[-72.0754,-36.1312],[-72.0991,-36.1371],[-72.0989,-36.125],[-72.1007,-36.1243],[-72.1027,-36.1235],[-72.1032,-36.1233],[-72.1032,-36.1235],[-72.1391,-36.2459],[-72.1114,-36.2835],[-71.9521,-36.2974],[-71.8476,-36.4089],[-71.7933,-36.395],[-71.6895,-36.4408],[-71.6291,-36.3959],[-71.6405,-36.3738]]]}},{"type":"Feature","properties":{"cod_comuna":16304,"codregion":16,"Comuna":"San Fabián","Provincia":"Punilla","Region":"Región de Ñuble"},"geometry":{"type":"Polygon","coordinates":[[[-71.1139,-36.3618],[-71.2249,-36.4627],[-71.2821,-36.4494],[-71.3359,-36.5436],[-71.3528,-36.5125],[-71.4101,-36.5029],[-71.4672,-36.4121],[-71.6405,-36.3738],[-71.6291,-36.3959],[-71.6895,-36.4408],[-71.681,-36.523],[-71.6049,-36.5189],[-71.5205,-36.5969],[-71.292,-36.6783],[-71.2486,-36.8369],[-71.1542,-36.9408],[-71.0881,-36.9378],[-71.1445,-36.9292],[-71.1221,-36.8636],[-71.1797,-36.8413],[-71.132,-36.8135],[-71.1128,-36.6796],[-71.0664,-36.7145],[-71.0095,-36.6915],[-71.0574,-36.6179],[-71.0353,-36.4742],[-71.0681,-36.4479],[-71.0598,-36.3865],[-71.1139,-36.3618]]]}},{"type":"Feature","properties":{"cod_comuna":16305,"codregion":16,"Comuna":"San Nicolás","Provincia":"Punilla","Region":"Región de Ñuble"},"geometry":{"type":"Polygon","coordinates":[[[-72.0931,-36.5511],[-72.0494,-36.4537],[-72.0828,-36.4393],[-72.0514,-36.4193],[-72.2495,-36.3502],[-72.316,-36.3588],[-72.3008,-36.3883],[-72.3706,-36.4762],[-72.3613,-36.5621],[-72.3952,-36.6173],[-72.2236,-36.5834],[-72.1866,-36.5532],[-72.0931,-36.5511]]]}}]}