{
"type": "FeatureCollection",
"name": "Vías_de_Evacuación_Tsunami",
"crs": { "type": "name", "properties": { "name": "urn:ogc:def:crs:OGC:1.3:CRS84" } },
"xy_coordinate_resolution": 1e-05,
"features": [
{"type":"Feature","properties":{"nom_reg":"Tarapacá","nom_prov":"Iquique","nom_com":"Iquique","sector":"Iquique","cine_reg":"01","cine_prov":"011","cine_com":"01101"},"geometry":{"type":"LineString","coordinates":[[-70.13699,-20.25088],[-70.13624,-20.25071],[-70.1364,-20.24982],[-70.13447,-20.24949],[-70.13271,-20.24899]]}},
{"type":"Feature","properties":{"nom_reg":"La Araucanía","nom_prov":"Cautín","nom_com":"Teodoro Schmidt","sector":"Hualpin","cine_reg":"09","cine_prov":"091","cine_com":"09117"},"geometry":{"type":"LineString","coordinates":[[-73.29287,-39.00563],[-73.29114,-39.00592],[-73.28597,-39.00514],[-73.28349,-39.00364],[-73.28167,-39.00353],[-73.27417,-39.00056],[-73.26709,-38.99572],[-73.26595,-38.99564],[-73.26312,-38.99583]]}},
{"type":"Feature","properties":{"nom_reg":"Atacama","nom_prov":"Copiapó","nom_com":"Copiapó","sector":"Caleta Pajonales","cine_reg":"03","cine_prov":"031","cine_com":"03101"},"geometry":{"type":"LineString","coordinates":[[-71.04036,-27.73394],[-71.04103,-27.73486],[-71.0413,-27.73556],[-71.04136,-27.73587],[-71.04083,-27.73642]]}},
{"type":"Feature","properties":{"nom_reg":"La Araucanía","nom_prov":"Cautín","nom_com":"Toltén","sector":"Queule (Tolten)","cine_reg":"09","cine_prov":"091","cine_com":"09118"},"geometry":{"type":"LineString","coordinates":[[-73.2135,-39.39859],[-73.21346,-39.39925],[-73.21403,-39.39943],[-73.21433,-39.4002],[-73.21517,-39.4009]]}},
{"type":"Feature","properties":{"nom_reg":"Tarapacá","nom_prov":"Iquique","nom_com":"Iquique","sector":"Iquique","cine_reg":"01","cine_prov":"011","cine_com":"01101"},"geometry":{"type":"LineString","coordinates":[[-70.13191,-20.28992],[-70.13089,-20.29078],[-70.13081,-20.29121],[-70.128,-20.29129],[-70.12795,-20.28976],[-70.12438,-20.29073]]}},
{"type":"Feature","properties":{"nom_reg":"Atacama","nom_prov":"Copiapó","nom_com":"Caldera","sector":"Bahía Inglesa","cine_reg":"03","cine_prov":"031","cine_com":"03102"},"geometry":{"type":"LineString","coordinates":[[-70.8556,-27.10406],[-70.8554,-27.10361],[-70.85453,-27.10364],[-70.85306,-27.10222],[-70.8524,-27.10106]]}},
{"type":"Feature","properties":{"nom_reg":"La Araucanía","nom_prov":"Cautín","nom_com":"Carahue","sector":"Valle de CoiCoi","cine_reg":"09","cine_prov":"091","cine_com":"09102"},"geometry":{"type":"LineString","coordinates":[[-73.48422,-38.62544],[-73.48384,-38.62569],[-73.48381,-38.62594],[-73.48431,-38.62619]]}},
{"type":"Feature","properties":{"nom_reg":"Tarapacá","nom_prov":"Iquique","nom_com":"Iquique","sector":"Caleta Chipana","cine_reg":"01","cine_prov":"011","cine_com":"01101"},"geometry":{"type":"LineString","coordinates":[[-70.09408,-21.33847],[-70.09364,-21.33877],[-70.09403,-21.33914],[-70.09398,-21.33939],[-70.09204,-21.34088],[-70.09084,-21.34343],[-70.09096,-21.34404]]}},
{"type":"Feature","properties":{"nom_reg":"Aysén del General Carlos Ibáñez del Campo","nom_prov":"Aisén","nom_com":"Cisnes","sector":"Puerto Cisnes","cine_reg":"11","cine_prov":"112","cine_com":"11202"},"geometry":{"type":"LineString","coordinates":[[-72.68549,-44.72419],[-72.68051,-44.72355]]}},
{"type":"Feature","properties":{"nom_reg":"La Araucanía","nom_prov":"Cautín","nom_com":"Saavedra","sector":"Puerto Saavedra-Boca Budi (Saavedra)","cine_reg":"09","cine_prov":"091","cine_com":"09116"},"geometry":{"type":"LineString","coordinates":[[-73.39862,-38.78785],[-73.39442,-38.78738],[-73.38773,-38.78967],[-73.38664,-38.79047],[-73.38548,-38.79053],[-73.38441,-38.78997],[-73.38399,-38.78998],[-73.38354,-38.7903]]}},
{"type":"Feature","properties":{"nom_reg":"Atacama","nom_prov":"Chañaral","nom_com":"Chañaral","sector":"Caleta Caleuche","cine_reg":"03","cine_prov":"032","cine_com":"03201"},"geometry":{"type":"LineString","coordinates":[[-70.67168,-26.39206],[-70.67106,-26.39255],[-70.66969,-26.39316],[-70.66934,-26.39305]]}},
{"type":"Feature","properties":{"nom_reg":"Tarapacá","nom_prov":"Iquique","nom_com":"Iquique","sector":"Iquique","cine_reg":"01","cine_prov":"011","cine_com":"01101"},"geometry":{"type":"LineString","coordinates":[[-70.15296,-20.22129],[-70.13766,-20.22205]]}},
{"type":"Feature","properties":{"nom_reg":"Atacama","nom_prov":"Copiapó","nom_com":"Caldera","sector":"Bahía Inglesa","cine_reg":"03","cine_prov":"031","cine_com":"03102"},"geometry":{"type":"LineString","coordinates":[[-70.85074,-27.1074],[-70.84838,-27.1069],[-70.84685,-27.10493]]}},
{"type":"Feature","properties":{"nom_reg":"Atacama","nom_prov":"Copiapó","nom_com":"Caldera","sector":"Puerto Viejo","cine_reg":"03","cine_prov":"031","cine_com":"03102"},"geometry":{"type":"LineString","coordinates":[[-70.93607,-27.33467],[-70.93455,-27.33596],[-70.93494,-27.33685]]}},
{"type":"Feature","properties":{"nom_reg":"Aysén del General Carlos Ibáñez del Campo","nom_prov":"Aisén","nom_com":"Cisnes","sector":"Puyuhuapi","cine_reg":"11","cine_prov":"112","cine_com":"11202"},"geometry":{"type":"LineString","coordinates":[[-72.56615,-44.32642],[-72.56531,-44.32525]]}},
{"type":"Feature","properties":{"nom_reg":"Tarapacá","nom_prov":"Iquique","nom_com":"Iquique","sector":"Playa Blanca","cine_reg":"01","cine_prov":"011","cine_com":"01101"},"geometry":{"type":"LineString","coordinates":[[-70.14338,-20.3304],[-70.14469,-20.3322],[-70.14353,-20.33149],[-70.14311,-20.3316],[-70.14215,-20.33146]]}},
{"type":"Feature","properties":{"nom_reg":"Atacama","nom_prov":"Copiapó","nom_com":"Caldera","sector":"Barranquilla","cine_reg":"03","cine_prov":"031","cine_com":"03102"},"geometry":{"type":"LineString","coordinates":[[-70.88954,-27.51387],[-70.88719,-27.51045],[-70.88676,-27.51013],[-70.88441,-27.5101],[-70.88401,-27.50986],[-70.88268,-27.50832],[-70.88021,-27.50912]]}},
{"type":"Feature","properties":{"nom_reg":"Atacama","nom_prov":"Copiapó","nom_com":"Caldera","sector":"Puerto Viejo","cine_reg":"03","cine_prov":"031","cine_com":"03102"},"geometry":{"type":"LineString","coordinates":[[-70.93459,-27.33351],[-70.93219,-27.33531],[-70.93273,-27.33638]]}},
{"type":"Feature","properties":{"nom_reg":"La Araucanía","nom_prov":"Cautín","nom_com":"Teodoro Schmidt","sector":"Hualpin (Teodoro Schmidt)","cine_reg":"09","cine_prov":"091","cine_com":"09117"},"geometry":{"type":"LineString","coordinates":[[-73.23848,-39.06134],[-73.23881,-39.06099],[-73.2388,-39.06063],[-73.23844,-39.05999],[-73.23772,-39.05963],[-73.23702,-39.05887],[-73.23652,-39.05757],[-73.2358,-39.05689],[-73.23578,-39.05523],[-73.23614,-39.05424],[-73.23438,-39.05245],[-73.20049,-39.06016]]}},
{"type":"Feature","properties":{"nom_reg":"La Araucanía","nom_prov":"Cautín","nom_com":"Teodoro Schmidt","sector":"Hualpin","cine_reg":"09","cine_prov":"091","cine_com":"09117"},"geometry":{"type":"LineString","coordinates":[[-73.2667,-39.13348],[-73.24299,-39.12897],[-73.24905,-39.10953],[-73.20929,-39.11667],[-73.19086,-39.12096],[-73.18902,-39.12111]]}},
{"type":"Feature","properties":{"nom_reg":"Atacama","nom_prov":"Chañaral","nom_com":"Chañaral","sector":"Caleta Médanos","cine_reg":"03","cine_prov":"032","cine_com":"03201"},"geometry":{"type":"LineString","coordinates":[[-70.68795,-26.47225],[-70.68748,-26.47254],[-70.68684,-26.47413],[-70.68648,-26.47449],[-70.68584,-26.47479]]}},
{"type":"Feature","properties":{"nom_reg":"La Araucanía","nom_prov":"Cautín","nom_com":"Carahue","sector":"Nehuentúe","cine_reg":"09","cine_prov":"091","cine_com":"09102"},"geometry":{"type":"LineString","coordinates":[[-73.41814,-38.73276],[-73.41656,-38.73457],[-73.41466,-38.73458],[-73.41493,-38.73487],[-73.41582,-38.73523],[-73.41609,-38.73615]]}},
{"type":"Feature","properties":{"nom_reg":"Tarapacá","nom_prov":"Iquique","nom_com":"Iquique","sector":"Iquique","cine_reg":"01","cine_prov":"011","cine_com":"01101"},"geometry":{"type":"LineString","coordinates":[[-70.15082,-20.23629],[-70.14868,-20.2369],[-70.14731,-20.23648],[-70.14498,-20.23727],[-70.14411,-20.23813]]}},
{"type":"Feature","properties":{"nom_reg":"Tarapacá","nom_prov":"Iquique","nom_com":"Iquique","sector":"Iquique","cine_reg":"01","cine_prov":"011","cine_com":"01101"},"geometry":{"type":"LineString","coordinates":[[-70.13276,-20.25695],[-70.13171,-20.25624],[-70.13115,-20.25616]]}},
{"type":"Feature","properties":{"nom_reg":"La Araucanía","nom_prov":"Cautín","nom_com":"Saavedra","sector":"Puerto Saavedra-Boca Budi (Saavedra)","cine_reg":"09","cine_prov":"091","cine_com":"09116"},"geometry":{"type":"LineString","coordinates":[[-73.407,-38.80077],[-73.40654,-38.80174],[-73.4056,-38.80267],[-73.40494,-38.8047],[-73.40428,-38.80574],[-73.40441,-38.80678],[-73.40429,-38.8075],[-73.40365,-38.80889],[-73.40152,-38.81155],[-73.40106,-38.8118],[-73.40079,-38.81172],[-73.3987,-38.80974],[-73.39806,-38.80977],[-73.39671,-38.8126],[-73.39708,-38.81351],[-73.39701,-38.81458]]}},
{"type":"Feature","properties":{"nom_reg":"Atacama","nom_prov":"Copiapó","nom_com":"Caldera","sector":"Puerto Viejo","cine_reg":"03","cine_prov":"031","cine_com":"03102"},"geometry":{"type":"LineString","coordinates":[[-70.93374,-27.33273],[-70.93221,-27.33346]]}},
{"type":"Feature","properties":{"nom_reg":"Tarapacá","nom_prov":"Tamarugal","nom_com":"Huara","sector":"Pisagua","cine_reg":"01","cine_prov":"014","cine_com":"01404"},"geometry":{"type":"LineString","coordinates":[[-70.21208,-19.59699],[-70.21117,-19.59678],[-70.2109,-19.59747]]}},
{"type":"Feature","properties":{"nom_reg":"Atacama","nom_prov":"Copiapó","nom_com":"Caldera","sector":"Barranquilla","cine_reg":"03","cine_prov":"031","cine_com":"03102"},"geometry":{"type":"LineString","coordinates":[[-70.88989,-27.51922],[-70.89006,-27.52057],[-70.88968,-27.52142],[-70.88958,-27.52294],[-70.88852,-27.52474],[-70.88833,-27.5259],[-70.88883,-27.52765]]}},
{"type":"Feature","properties":{"nom_reg":"Tarapacá","nom_prov":"Iquique","nom_com":"Iquique","sector":"Iquique","cine_reg":"01","cine_prov":"011","cine_com":"01101"},"geometry":{"type":"LineString","coordinates":[[-70.13026,-20.27738],[-70.13042,-20.27653],[-70.13037,-20.27504],[-70.12999,-20.27495]]}},
{"type":"Feature","properties":{"nom_reg":"Aysén del General Carlos Ibáñez del Campo","nom_prov":"Aisén","nom_com":"Cisnes","sector":"Puerto Raúl Marín Balmaceda","cine_reg":"11","cine_prov":"112","cine_com":"11202"},"geometry":{"type":"LineString","coordinates":[[-72.94947,-43.781],[-72.95464,-43.77843],[-72.95547,-43.77726],[-72.95577,-43.77651],[-72.95653,-43.77288],[-72.95804,-43.77231],[-72.9573,-43.77131],[-72.95959,-43.77025]]}},
{"type":"Feature","properties":{"nom_reg":"Aysén del General Carlos Ibáñez del Campo","nom_prov":"Aisén","nom_com":"Cisnes","sector":"Puyuhuapi","cine_reg":"11","cine_prov":"112","cine_com":"11202"},"geometry":{"type":"LineString","coordinates":[[-72.55858,-44.32318],[-72.55789,-44.32329],[-72.55746,-44.32346],[-72.55736,-44.32372],[-72.55686,-44.32374],[-72.55606,-44.32413]]}},
{"type":"Feature","properties":{"nom_reg":"Los Lagos","nom_prov":"Llanquihue","nom_com":"Maullín","sector":"Maullin","cine_reg":"10","cine_prov":"101","cine_com":"10108"},"geometry":{"type":"LineString","coordinates":[[-73.59786,-41.61585],[-73.59792,-41.61639]]}},
{"type":"Feature","properties":{"nom_reg":"La Araucanía","nom_prov":"Cautín","nom_com":"Teodoro Schmidt","sector":"Hualpin (Teodoro Schmidt)","cine_reg":"09","cine_prov":"091","cine_com":"09117"},"geometry":{"type":"LineString","coordinates":[[-73.26069,-39.06064],[-73.25931,-39.06502],[-73.25783,-39.06786],[-73.25722,-39.06868],[-73.25579,-39.06945],[-73.21696,-39.07867],[-73.18357,-39.08627]]}},
{"type":"Feature","properties":{"nom_reg":"Aysén del General Carlos Ibáñez del Campo","nom_prov":"Aisén","nom_com":"Cisnes","sector":"Puerto Raúl Marín Balmaceda","cine_reg":"11","cine_prov":"112","cine_com":"11202"},"geometry":{"type":"LineString","coordinates":[[-72.95233,-43.76987],[-72.9539,-43.76975],[-72.95441,-43.77014],[-72.9548,-43.77109],[-72.95518,-43.77147],[-72.95711,-43.7714]]}},
{"type":"Feature","properties":{"nom_reg":"Tarapacá","nom_prov":"Iquique","nom_com":"Iquique","sector":"Caramucho","cine_reg":"01","cine_prov":"011","cine_com":"01101"},"geometry":{"type":"LineString","coordinates":[[-70.18497,-20.64647],[-70.18398,-20.64629],[-70.18351,-20.64522],[-70.18363,-20.64429],[-70.18445,-20.64321],[-70.1833,-20.64286],[-70.18306,-20.64275],[-70.18313,-20.64258]]}},
{"type":"Feature","properties":{"nom_reg":"Atacama","nom_prov":"Chañaral","nom_com":"Chañaral","sector":"Pan de Azúcar","cine_reg":"03","cine_prov":"032","cine_com":"03201"},"geometry":{"type":"LineString","coordinates":[[-70.65369,-26.13711],[-70.65373,-26.13827],[-70.6534,-26.1385],[-70.65257,-26.13865]]}},
{"type":"Feature","properties":{"nom_reg":"Tarapacá","nom_prov":"Iquique","nom_com":"Iquique","sector":"Quinteros","cine_reg":"01","cine_prov":"011","cine_com":"01101"},"geometry":{"type":"LineString","coordinates":[[-70.19817,-20.60997],[-70.19577,-20.60743],[-70.192,-20.60505]]}},
{"type":"Feature","properties":{"nom_reg":"Tarapacá","nom_prov":"Iquique","nom_com":"Iquique","sector":"Iquique","cine_reg":"01","cine_prov":"011","cine_com":"01101"},"geometry":{"type":"LineString","coordinates":[[-70.15442,-20.21913],[-70.13875,-20.21996]]}},
{"type":"Feature","properties":{"nom_reg":"La Araucanía","nom_prov":"Cautín","nom_com":"Carahue","sector":"Valle de CoiCoi","cine_reg":"09","cine_prov":"091","cine_com":"09102"},"geometry":{"type":"LineString","coordinates":[[-73.48684,-38.62507],[-73.48552,-38.62514],[-73.48547,-38.62488],[-73.48524,-38.62473],[-73.48125,-38.62519],[-73.48089,-38.62533],[-73.48043,-38.62601]]}},
{"type":"Feature","properties":{"nom_reg":"La Araucanía","nom_prov":"Cautín","nom_com":"Teodoro Schmidt","sector":"Nueva Tolten (Teodoro Schmidt)","cine_reg":"09","cine_prov":"091","cine_com":"09117"},"geometry":{"type":"LineString","coordinates":[[-73.1754,-39.17322],[-73.18094,-39.17206]]}},
{"type":"Feature","properties":{"nom_reg":"La Araucanía","nom_prov":"Cautín","nom_com":"Carahue","sector":"Nehuentúe","cine_reg":"09","cine_prov":"091","cine_com":"09102"},"geometry":{"type":"LineString","coordinates":[[-73.40824,-38.74229],[-73.40821,-38.7412],[-73.4063,-38.74113],[-73.40468,-38.73659],[-73.4051,-38.73593],[-73.40606,-38.73548],[-73.4063,-38.73518],[-73.40685,-38.73507],[-73.40777,-38.7343],[-73.40807,-38.73431],[-73.40977,-38.73338]]}},
{"type":"Feature","properties":{"nom_reg":"Tarapacá","nom_prov":"Iquique","nom_com":"Iquique","sector":"Iquique","cine_reg":"01","cine_prov":"011","cine_com":"01101"},"geometry":{"type":"LineString","coordinates":[[-70.15121,-20.22332],[-70.13779,-20.22384]]}},
{"type":"Feature","properties":{"nom_reg":"Atacama","nom_prov":"Copiapó","nom_com":"Caldera","sector":"Bahía Inglesa","cine_reg":"03","cine_prov":"031","cine_com":"03102"},"geometry":{"type":"LineString","coordinates":[[-70.83838,-27.08107],[-70.83742,-27.08011],[-70.83781,-27.07975],[-70.83581,-27.07785],[-70.83558,-27.077]]}},
{"type":"Feature","properties":{"nom_reg":"Aysén del General Carlos Ibáñez del Campo","nom_prov":"Aisén","nom_com":"Cisnes","sector":"Puerto Raúl Marín Balmaceda","cine_reg":"11","cine_prov":"112","cine_com":"11202"},"geometry":{"type":"LineString","coordinates":[[-72.95422,-43.77647],[-72.95555,-43.77669]]}},
{"type":"Feature","properties":{"nom_reg":"Tarapacá","nom_prov":"Tamarugal","nom_com":"Huara","sector":"Pisagua","cine_reg":"01","cine_prov":"014","cine_com":"01404"},"geometry":{"type":"LineString","coordinates":[[-70.21648,-19.59792],[-70.21619,-19.59866],[-70.21689,-19.59879]]}},
{"type":"Feature","properties":{"nom_reg":"Tarapacá","nom_prov":"Iquique","nom_com":"Iquique","sector":"Iquique","cine_reg":"01","cine_prov":"011","cine_com":"01101"},"geometry":{"type":"LineString","coordinates":[[-70.14954,-20.2253],[-70.13663,-20.22587]]}},
{"type":"Feature","properties":{"nom_reg":"Atacama","nom_prov":"Copiapó","nom_com":"Caldera","sector":"Bahía Inglesa","cine_reg":"03","cine_prov":"031","cine_com":"03102"},"geometry":{"type":"LineString","coordinates":[[-70.8605,-27.0963],[-70.86163,-27.0979],[-70.85932,-27.0997],[-70.85622,-27.1013],[-70.85491,-27.10154],[-70.85391,-27.10147],[-70.85108,-27.10035],[-70.8497,-27.10185],[-70.84866,-27.10367],[-70.83776,-27.11039]]}},
{"type":"Feature","properties":{"nom_reg":"Aysén del General Carlos Ibáñez del Campo","nom_prov":"Aisén","nom_com":"Cisnes","sector":"Puerto Cisnes","cine_reg":"11","cine_prov":"112","cine_com":"11202"},"geometry":{"type":"LineString","coordinates":[[-72.68228,-44.73399],[-72.67292,-44.73268]]}},
{"type":"Feature","properties":{"nom_reg":"La Araucanía","nom_prov":"Cautín","nom_com":"Carahue","sector":"Valle de CoiCoi","cine_reg":"09","cine_prov":"091","cine_com":"09102"},"geometry":{"type":"LineString","coordinates":[[-73.47065,-38.63351],[-73.46992,-38.63443],[-73.46971,-38.63512],[-73.46925,-38.63477]]}},
{"type":"Feature","properties":{"nom_reg":"Los Lagos","nom_prov":"Palena","nom_com":"Chaitén","sector":"Chaiten","cine_reg":"10","cine_prov":"104","cine_com":"10401"},"geometry":{"type":"LineString","coordinates":[[-72.71091,-42.92576],[-72.70937,-42.92593]]}},
{"type":"Feature","properties":{"nom_reg":"Atacama","nom_prov":"Chañaral","nom_com":"Chañaral","sector":"Las Piscinas","cine_reg":"03","cine_prov":"032","cine_com":"03201"},"geometry":{"type":"LineString","coordinates":[[-70.69568,-26.54381],[-70.69486,-26.54425],[-70.69444,-26.54418],[-70.69296,-26.54445],[-70.69244,-26.54429],[-70.69158,-26.54497],[-70.69125,-26.54498],[-70.68995,-26.54453],[-70.68885,-26.54362]]}},
{"type":"Feature","properties":{"nom_reg":"Tarapacá","nom_prov":"Iquique","nom_com":"Iquique","sector":"Caramucho","cine_reg":"01","cine_prov":"011","cine_com":"01101"},"geometry":{"type":"LineString","coordinates":[[-70.19131,-20.67984],[-70.19066,-20.67932],[-70.18945,-20.67926],[-70.18635,-20.67972],[-70.18525,-20.67977],[-70.18416,-20.67961],[-70.18103,-20.67871],[-70.18085,-20.67856],[-70.1808,-20.67801],[-70.17945,-20.67794],[-70.17669,-20.6786],[-70.17525,-20.67928],[-70.16753,-20.6787]]}},
{"type":"Feature","properties":{"nom_reg":"La Araucanía","nom_prov":"Cautín","nom_com":"Carahue","sector":"Valle de CoiCoi","cine_reg":"09","cine_prov":"091","cine_com":"09102"},"geometry":{"type":"LineString","coordinates":[[-73.48532,-38.62398],[-73.48612,-38.62347]]}},
{"type":"Feature","properties":{"nom_reg":"Tarapacá","nom_prov":"Tamarugal","nom_com":"Huara","sector":"Pisagua","cine_reg":"01","cine_prov":"014","cine_com":"01404"},"geometry":{"type":"LineString","coordinates":[[-70.21048,-19.59596],[-70.21027,-19.59607],[-70.21045,-19.59651]]}},
{"type":"Feature","properties":{"nom_reg":"Tarapacá","nom_prov":"Iquique","nom_com":"Iquique","sector":"Iquique","cine_reg":"01","cine_prov":"011","cine_com":"01101"},"geometry":{"type":"LineString","coordinates":[[-70.13984,-20.20912],[-70.13983,-20.21073]]}},
{"type":"Feature","properties":{"nom_reg":"Tarapacá","nom_prov":"Iquique","nom_com":"Iquique","sector":"Caleta Cañamo","cine_reg":"01","cine_prov":"011","cine_com":"01101"},"geometry":{"type":"LineString","coordinates":[[-70.18715,-20.79986],[-70.18604,-20.79884],[-70.18369,-20.79873],[-70.18351,-20.7989],[-70.18355,-20.80032],[-70.18273,-20.79795],[-70.18297,-20.79625],[-70.18267,-20.79364]]}},
{"type":"Feature","properties":{"nom_reg":"Atacama","nom_prov":"Copiapó","nom_com":"Caldera","sector":"Rodillo-Ramada","cine_reg":"03","cine_prov":"031","cine_com":"03102"},"geometry":{"type":"LineString","coordinates":[[-70.78736,-26.99087],[-70.78802,-26.98584],[-70.78639,-26.9862]]}},
{"type":"Feature","properties":{"nom_reg":"Aysén del General Carlos Ibáñez del Campo","nom_prov":"Aisén","nom_com":"Cisnes","sector":"Puerto Raúl Marín Balmaceda","cine_reg":"11","cine_prov":"112","cine_com":"11202"},"geometry":{"type":"LineString","coordinates":[[-72.95142,-43.77829],[-72.95239,-43.77938]]}},
{"type":"Feature","properties":{"nom_reg":"Tarapacá","nom_prov":"Iquique","nom_com":"Iquique","sector":"Iquique","cine_reg":"01","cine_prov":"011","cine_com":"01101"},"geometry":{"type":"LineString","coordinates":[[-70.14316,-20.23617],[-70.13573,-20.23852],[-70.13507,-20.23843]]}},
{"type":"Feature","properties":{"nom_reg":"La Araucanía","nom_prov":"Cautín","nom_com":"Saavedra","sector":"Puerto Saavedra-Boca Budi (Saavedra)","cine_reg":"09","cine_prov":"091","cine_com":"09116"},"geometry":{"type":"LineString","coordinates":[[-73.40067,-38.80158],[-73.39964,-38.80408],[-73.3981,-38.80964]]}},
{"type":"Feature","properties":{"nom_reg":"Tarapacá","nom_prov":"Iquique","nom_com":"Iquique","sector":"Playa Blanca","cine_reg":"01","cine_prov":"011","cine_com":"01101"},"geometry":{"type":"LineString","coordinates":[[-70.14202,-20.32993],[-70.1425,-20.33077],[-70.14197,-20.33126]]}},
{"type":"Feature","properties":{"nom_reg":"La Araucanía","nom_prov":"Cautín","nom_com":"Toltén","sector":"Queule (Tolten)","cine_reg":"09","cine_prov":"091","cine_com":"09118"},"geometry":{"type":"LineString","coordinates":[[-73.20592,-39.39719],[-73.20797,-39.39808],[-73.20837,-39.39844],[-73.20945,-39.39857],[-73.20957,-39.39901]]}},
{"type":"Feature","properties":{"nom_reg":"Los Lagos","nom_prov":"Llanquihue","nom_com":"Maullín","sector":"Maullin","cine_reg":"10","cine_prov":"101","cine_com":"10108"},"geometry":{"type":"LineString","coordinates":[[-73.59328,-41.61835],[-73.59648,-41.61846]]}},
{"type":"Feature","properties":{"nom_reg":"La Araucanía","nom_prov":"Cautín","nom_com":"Carahue","sector":"Valle de CoiCoi","cine_reg":"09","cine_prov":"091","cine_com":"09102"},"geometry":{"type":"LineString","coordinates":[[-73.48094,-38.62282],[-73.48029,-38.62195],[-73.47867,-38.62231],[-73.47631,-38.62233],[-73.47654,-38.62308],[-73.47694,-38.62357],[-73.4761,-38.62341],[-73.47555,-38.62401],[-73.4756,-38.62456],[-73.47532,-38.62474],[-73.47461,-38.62447],[-73.47417,-38.62453],[-73.47385,-38.62487],[-73.47293,-38.62532],[-73.4716,-38.62527]]}},
{"type":"Feature","properties":{"nom_reg":"Tarapacá","nom_prov":"Iquique","nom_com":"Iquique","sector":"Iquique","cine_reg":"01","cine_prov":"011","cine_com":"01101"},"geometry":{"type":"LineString","coordinates":[[-70.13283,-20.25892],[-70.13184,-20.2605],[-70.13141,-20.26031],[-70.13043,-20.26145],[-70.13011,-20.26128],[-70.13062,-20.25992],[-70.13028,-20.25968]]}},
{"type":"Feature","properties":{"nom_reg":"La Araucanía","nom_prov":"Cautín","nom_com":"Carahue","sector":"Valle de CoiCoi","cine_reg":"09","cine_prov":"091","cine_com":"09102"},"geometry":{"type":"LineString","coordinates":[[-73.47732,-38.62934],[-73.47772,-38.62889],[-73.47822,-38.62919]]}},
{"type":"Feature","properties":{"nom_reg":"Tarapacá","nom_prov":"Iquique","nom_com":"Iquique","sector":"Puerto Patache","cine_reg":"01","cine_prov":"011","cine_com":"01101"},"geometry":{"type":"LineString","coordinates":[[-70.19404,-20.80512],[-70.19484,-20.80579],[-70.19495,-20.80616],[-70.1934,-20.80827]]}},
{"type":"Feature","properties":{"nom_reg":"Tarapacá","nom_prov":"Iquique","nom_com":"Iquique","sector":"Caramucho","cine_reg":"01","cine_prov":"011","cine_com":"01101"},"geometry":{"type":"LineString","coordinates":[[-70.18831,-20.67712],[-70.18694,-20.67926],[-70.18637,-20.67969]]}},
{"type":"Feature","properties":{"nom_reg":"Atacama","nom_prov":"Chañaral","nom_com":"Chañaral","sector":"Porto Fino-Villa Alegre","cine_reg":"03","cine_prov":"032","cine_com":"03201"},"geometry":{"type":"LineString","coordinates":[[-70.70426,-26.51157],[-70.70339,-26.51336],[-70.70276,-26.51311],[-70.70163,-26.51302],[-70.70032,-26.51265],[-70.69981,-26.51267],[-70.6995,-26.51303],[-70.69706,-26.51173]]}},
{"type":"Feature","properties":{"nom_reg":"Atacama","nom_prov":"Copiapó","nom_com":"Copiapó","sector":"Caleta Totoral","cine_reg":"03","cine_prov":"031","cine_com":"03101"},"geometry":{"type":"LineString","coordinates":[[-71.09309,-27.83147],[-71.09352,-27.83184],[-71.0942,-27.83181],[-71.09459,-27.83199],[-71.09485,-27.83244],[-71.0945,-27.83275],[-71.09281,-27.83339],[-71.09222,-27.83319],[-71.09152,-27.83326],[-71.09069,-27.83365]]}},
{"type":"Feature","properties":{"nom_reg":"Tarapacá","nom_prov":"Iquique","nom_com":"Iquique","sector":"Iquique","cine_reg":"01","cine_prov":"011","cine_com":"01101"},"geometry":{"type":"LineString","coordinates":[[-70.15398,-20.21255],[-70.14223,-20.21294]]}},
{"type":"Feature","properties":{"nom_reg":"Atacama","nom_prov":"Copiapó","nom_com":"Caldera","sector":"Puerto Viejo","cine_reg":"03","cine_prov":"031","cine_com":"03102"},"geometry":{"type":"LineString","coordinates":[[-70.93492,-27.33381],[-70.93279,-27.33571],[-70.93277,-27.3364],[-70.93295,-27.33678]]}},
{"type":"Feature","properties":{"nom_reg":"Tarapacá","nom_prov":"Iquique","nom_com":"Iquique","sector":"Chanavaya","cine_reg":"01","cine_prov":"011","cine_com":"01101"},"geometry":{"type":"LineString","coordinates":[[-70.139,-20.89767],[-70.13824,-20.89735],[-70.13798,-20.89772],[-70.1374,-20.89807],[-70.13689,-20.89766],[-70.13659,-20.89706],[-70.136,-20.89687],[-70.13473,-20.89538],[-70.13246,-20.8949],[-70.13171,-20.8951]]}},
{"type":"Feature","properties":{"nom_reg":"La Araucanía","nom_prov":"Cautín","nom_com":"Carahue","sector":"Nehuentúe","cine_reg":"09","cine_prov":"091","cine_com":"09102"},"geometry":{"type":"LineString","coordinates":[[-73.41222,-38.74552],[-73.41233,-38.74121],[-73.41583,-38.74123],[-73.41929,-38.742],[-73.42108,-38.74127]]}},
{"type":"Feature","properties":{"nom_reg":"Atacama","nom_prov":"Chañaral","nom_com":"Chañaral","sector":"Caletas Refugio y Pozones","cine_reg":"03","cine_prov":"032","cine_com":"03201"},"geometry":{"type":"LineString","coordinates":[[-70.64565,-26.25562],[-70.64619,-26.25741],[-70.64591,-26.25826],[-70.64346,-26.26012]]}},
{"type":"Feature","properties":{"nom_reg":"Atacama","nom_prov":"Copiapó","nom_com":"Caldera","sector":"Rodillo-Ramada","cine_reg":"03","cine_prov":"031","cine_com":"03102"},"geometry":{"type":"LineString","coordinates":[[-70.80078,-27.01392],[-70.80004,-27.015],[-70.79742,-27.01773],[-70.79669,-27.01807],[-70.7964,-27.01841],[-70.7952,-27.01893]]}},
{"type":"Feature","properties":{"nom_reg":"Atacama","nom_prov":"Chañaral","nom_com":"Chañaral","sector":"Caletas Refugio y Pozones","cine_reg":"03","cine_prov":"032","cine_com":"03201"},"geometry":{"type":"LineString","coordinates":[[-70.64887,-26.2609],[-70.64709,-26.26276],[-70.64589,-26.26354]]}},
{"type":"Feature","properties":{"nom_reg":"La Araucanía","nom_prov":"Cautín","nom_com":"Toltén","sector":"Nueva Tolten (Tolten)","cine_reg":"09","cine_prov":"091","cine_com":"09118"},"geometry":{"type":"LineString","coordinates":[[-73.16406,-39.18004],[-73.15954,-39.17991],[-73.15687,-39.17959],[-73.15368,-39.17943],[-73.15201,-39.17947],[-73.14668,-39.18],[-73.14174,-39.18198],[-73.13674,-39.18542],[-73.13391,-39.18763],[-73.1321,-39.18758],[-73.13126,-39.18794]]}},
{"type":"Feature","properties":{"nom_reg":"Aysén del General Carlos Ibáñez del Campo","nom_prov":"Aisén","nom_com":"Cisnes","sector":"Puyuhuapi","cine_reg":"11","cine_prov":"112","cine_com":"11202"},"geometry":{"type":"LineString","coordinates":[[-72.55887,-44.32411],[-72.55757,-44.32424],[-72.55645,-44.3246]]}},
{"type":"Feature","properties":{"nom_reg":"Atacama","nom_prov":"Chañaral","nom_com":"Chañaral","sector":"Pan de Azúcar","cine_reg":"03","cine_prov":"032","cine_com":"03201"},"geometry":{"type":"LineString","coordinates":[[-70.662,-26.14255],[-70.66251,-26.14289],[-70.66354,-26.14318],[-70.66333,-26.14341],[-70.66331,-26.14377],[-70.66152,-26.1442],[-70.66145,-26.14446],[-70.66206,-26.14497],[-70.66199,-26.14523],[-70.66097,-26.14545],[-70.66038,-26.14532],[-70.6592,-26.14577],[-70.65865,-26.14744]]}},
{"type":"Feature","properties":{"nom_reg":"Atacama","nom_prov":"Copiapó","nom_com":"Caldera","sector":"Puerto Viejo","cine_reg":"03","cine_prov":"031","cine_com":"03102"},"geometry":{"type":"LineString","coordinates":[[-70.93542,-27.33419],[-70.93421,-27.33521],[-70.93449,-27.33587]]}},
{"type":"Feature","properties":{"nom_reg":"Atacama","nom_prov":"Chañaral","nom_com":"Chañaral","sector":"Porto Fino-Villa Alegre","cine_reg":"03","cine_prov":"032","cine_com":"03201"},"geometry":{"type":"LineString","coordinates":[[-70.70474,-26.52769],[-70.70407,-26.52758],[-70.70257,-26.52693],[-70.69965,-26.52598],[-70.69663,-26.52314],[-70.69595,-26.52298]]}},
{"type":"Feature","properties":{"nom_reg":"La Araucanía","nom_prov":"Cautín","nom_com":"Saavedra","sector":"Puerto Dominguez","cine_reg":"09","cine_prov":"091","cine_com":"09116"},"geometry":{"type":"LineString","coordinates":[[-73.25525,-38.89619],[-73.25413,-38.89643],[-73.25359,-38.89596],[-73.25298,-38.89573],[-73.2528,-38.89607],[-73.25283,-38.89688],[-73.25243,-38.89757]]}},
{"type":"Feature","properties":{"nom_reg":"La Araucanía","nom_prov":"Cautín","nom_com":"Carahue","sector":"Valle de CoiCoi","cine_reg":"09","cine_prov":"091","cine_com":"09102"},"geometry":{"type":"LineString","coordinates":[[-73.48645,-38.61935],[-73.48598,-38.61988],[-73.4861,-38.62033],[-73.48638,-38.62044]]}},
{"type":"Feature","properties":{"nom_reg":"La Araucanía","nom_prov":"Cautín","nom_com":"Toltén","sector":"Queule (Tolten)","cine_reg":"09","cine_prov":"091","cine_com":"09118"},"geometry":{"type":"LineString","coordinates":[[-73.19388,-39.39664],[-73.19418,-39.40247]]}},
{"type":"Feature","properties":{"nom_reg":"Tarapacá","nom_prov":"Iquique","nom_com":"Iquique","sector":"Iquique","cine_reg":"01","cine_prov":"011","cine_com":"01101"},"geometry":{"type":"LineString","coordinates":[[-70.13986,-20.24559],[-70.13909,-20.24516],[-70.13866,-20.24581],[-70.13343,-20.24488]]}},
{"type":"Feature","properties":{"nom_reg":"Tarapacá","nom_prov":"Iquique","nom_com":"Iquique","sector":"Caleta Cañamo","cine_reg":"01","cine_prov":"011","cine_com":"01101"},"geometry":{"type":"LineString","coordinates":[[-70.18498,-20.79993],[-70.18442,-20.79963],[-70.18353,-20.79961]]}},
{"type":"Feature","properties":{"nom_reg":"La Araucanía","nom_prov":"Cautín","nom_com":"Teodoro Schmidt","sector":"Hualpin (Teodoro Schmidt)","cine_reg":"09","cine_prov":"091","cine_com":"09117"},"geometry":{"type":"LineString","coordinates":[[-73.23273,-39.20271],[-73.23081,-39.20195],[-73.22862,-39.20144],[-73.2245,-39.20095],[-73.2219,-39.20006],[-73.21919,-39.20009],[-73.21559,-39.20106],[-73.21392,-39.19694],[-73.21232,-39.19128],[-73.21186,-39.19022],[-73.21121,-39.18935],[-73.21025,-39.18863],[-73.20922,-39.18818],[-73.20699,-39.18773],[-73.19689,-39.18622],[-73.18886,-39.18418],[-73.18686,-39.18333],[-73.18576,-39.18237],[-73.1846,-39.18016],[-73.18205,-39.17374],[-73.17498,-39.15766],[-73.17509,-39.15602],[-73.17624,-39.1514],[-73.17906,-39.14331],[-73.18375,-39.13238],[-73.1878,-39.12369],[-73.18888,-39.12064],[-73.1905,-39.11696],[-73.19193,-39.1146],[-73.19231,-39.11217],[-73.19102,-39.10891],[-73.18585,-39.10266],[-73.18192,-39.09328],[-73.18253,-39.09298],[-73.18041,-39.08782],[-73.18089,-39.08762],[-73.18113,-39.08602],[-73.18161,-39.08443],[-73.18318,-39.08163],[-73.18325,-39.08093],[-73.18143,-39.07639],[-73.18722,-39.07329],[-73.18951,-39.07186],[-73.1909,-39.07042],[-73.19335,-39.06696],[-73.19293,-39.06132],[-73.20025,-39.06024],[-73.20246,-39.05512],[-73.20168,-39.05315],[-73.2041,-39.04404]]}},
{"type":"Feature","properties":{"nom_reg":"La Araucanía","nom_prov":"Cautín","nom_com":"Carahue","sector":"Nehuentúe","cine_reg":"09","cine_prov":"091","cine_com":"09102"},"geometry":{"type":"LineString","coordinates":[[-73.42972,-38.74202],[-73.42908,-38.74178],[-73.42885,-38.74114],[-73.4284,-38.74094],[-73.42803,-38.74049]]}},
{"type":"Feature","properties":{"nom_reg":"La Araucanía","nom_prov":"Cautín","nom_com":"Carahue","sector":"Valle de CoiCoi","cine_reg":"09","cine_prov":"091","cine_com":"09102"},"geometry":{"type":"LineString","coordinates":[[-73.48229,-38.6423],[-73.48285,-38.64192],[-73.48294,-38.64147],[-73.48271,-38.64065],[-73.48225,-38.64051]]}},
{"type":"Feature","properties":{"nom_reg":"Atacama","nom_prov":"Chañaral","nom_com":"Chañaral","sector":"Porto Fino-Villa Alegre","cine_reg":"03","cine_prov":"032","cine_com":"03201"},"geometry":{"type":"LineString","coordinates":[[-70.70273,-26.51819],[-70.70307,-26.51738],[-70.70374,-26.51641],[-70.7037,-26.51575],[-70.6995,-26.51304]]}},
{"type":"Feature","properties":{"nom_reg":"Tarapacá","nom_prov":"Iquique","nom_com":"Iquique","sector":"Quinteros","cine_reg":"01","cine_prov":"011","cine_com":"01101"},"geometry":{"type":"LineString","coordinates":[[-70.19874,-20.60959],[-70.19784,-20.60892],[-70.19718,-20.60894]]}},
{"type":"Feature","properties":{"nom_reg":"Atacama","nom_prov":"Copiapó","nom_com":"Caldera","sector":"Rodillo-Ramada","cine_reg":"03","cine_prov":"031","cine_com":"03102"},"geometry":{"type":"LineString","coordinates":[[-70.78735,-26.99324],[-70.78798,-26.9975],[-70.78775,-26.99781],[-70.78711,-26.99804],[-70.78683,-26.99863],[-70.78673,-26.99847],[-70.7863,-26.99854],[-70.78214,-26.99712]]}},
{"type":"Feature","properties":{"nom_reg":"Tarapacá","nom_prov":"Iquique","nom_com":"Iquique","sector":"Caleta Río Seco","cine_reg":"01","cine_prov":"011","cine_com":"01101"},"geometry":{"type":"LineString","coordinates":[[-70.16168,-20.99684],[-70.16103,-20.99574],[-70.15958,-20.99622],[-70.15869,-20.99613],[-70.15695,-20.99627]]}},
{"type":"Feature","properties":{"nom_reg":"Tarapacá","nom_prov":"Tamarugal","nom_com":"Huara","sector":"Pisagua","cine_reg":"01","cine_prov":"014","cine_com":"01404"},"geometry":{"type":"LineString","coordinates":[[-70.21486,-19.59756],[-70.21515,-19.59763],[-70.21493,-19.5978],[-70.21552,-19.59788],[-70.21539,-19.59859]]}},
{"type":"Feature","properties":{"nom_reg":"Tarapacá","nom_prov":"Iquique","nom_com":"Iquique","sector":"Caleta San Marcos","cine_reg":"01","cine_prov":"011","cine_com":"01101"},"geometry":{"type":"LineString","coordinates":[[-70.12395,-21.11518],[-70.12383,-21.11592],[-70.12322,-21.11602],[-70.12322,-21.11554],[-70.12281,-21.11557],[-70.12283,-21.1157],[-70.12093,-21.11505],[-70.12058,-21.11475],[-70.12014,-21.11471],[-70.11974,-21.1151],[-70.11943,-21.11621]]}},
{"type":"Feature","properties":{"nom_reg":"Atacama","nom_prov":"Copiapó","nom_com":"Caldera","sector":"Bahía Inglesa","cine_reg":"03","cine_prov":"031","cine_com":"03102"},"geometry":{"type":"LineString","coordinates":[[-70.85228,-27.10405],[-70.8516,-27.10279],[-70.85236,-27.10097]]}},
{"type":"Feature","properties":{"nom_reg":"Atacama","nom_prov":"Copiapó","nom_com":"Copiapó","sector":"Caleta Totoral","cine_reg":"03","cine_prov":"031","cine_com":"03101"},"geometry":{"type":"LineString","coordinates":[[-71.08985,-27.8298],[-71.09001,-27.83101],[-71.09032,-27.83135],[-71.09016,-27.83167],[-71.09108,-27.83264],[-71.09222,-27.83319]]}},
{"type":"Feature","properties":{"nom_reg":"Tarapacá","nom_prov":"Iquique","nom_com":"Iquique","sector":"Iquique","cine_reg":"01","cine_prov":"011","cine_com":"01101"},"geometry":{"type":"LineString","coordinates":[[-70.1317,-20.26216],[-70.13181,-20.26195],[-70.13123,-20.26165]]}},
{"type":"Feature","properties":{"nom_reg":"Atacama","nom_prov":"Chañaral","nom_com":"Chañaral","sector":"Pan de Azúcar","cine_reg":"03","cine_prov":"032","cine_com":"03201"},"geometry":{"type":"LineString","coordinates":[[-70.65803,-26.14199],[-70.65755,-26.1416],[-70.65702,-26.14185],[-70.65584,-26.14185],[-70.65502,-26.14215],[-70.65477,-26.14253]]}},
{"type":"Feature","properties":{"nom_reg":"La Araucanía","nom_prov":"Cautín","nom_com":"Carahue","sector":"Valle de CoiCoi","cine_reg":"09","cine_prov":"091","cine_com":"09102"},"geometry":{"type":"LineString","coordinates":[[-73.47605,-38.62634],[-73.4755,-38.62696],[-73.47512,-38.62704]]}},
{"type":"Feature","properties":{"nom_reg":"Atacama","nom_prov":"Copiapó","nom_com":"Caldera","sector":"Rodillo-Ramada","cine_reg":"03","cine_prov":"031","cine_com":"03102"},"geometry":{"type":"LineString","coordinates":[[-70.78755,-26.98378],[-70.78733,-26.98084],[-70.78657,-26.98026],[-70.78579,-26.98042]]}},
{"type":"Feature","properties":{"nom_reg":"Aysén del General Carlos Ibáñez del Campo","nom_prov":"Aisén","nom_com":"Cisnes","sector":"Puyuhuapi","cine_reg":"11","cine_prov":"112","cine_com":"11202"},"geometry":{"type":"LineString","coordinates":[[-72.55943,-44.32505],[-72.56069,-44.32516],[-72.56483,-44.32495]]}},
{"type":"Feature","properties":{"nom_reg":"Los Lagos","nom_prov":"Chiloé","nom_com":"Ancud","sector":"Chacao","cine_reg":"10","cine_prov":"102","cine_com":"10202"},"geometry":{"type":"LineString","coordinates":[[-73.52428,-41.8309],[-73.52523,-41.83188],[-73.52597,-41.83142]]}},
{"type":"Feature","properties":{"nom_reg":"La Araucanía","nom_prov":"Cautín","nom_com":"Toltén","sector":"Queule (Tolten)","cine_reg":"09","cine_prov":"091","cine_com":"09118"},"geometry":{"type":"LineString","coordinates":[[-73.1972,-39.38978],[-73.19752,-39.38873],[-73.19779,-39.38846],[-73.2,-39.38683],[-73.20141,-39.38622]]}},
{"type":"Feature","properties":{"nom_reg":"Tarapacá","nom_prov":"Iquique","nom_com":"Iquique","sector":"Iquique","cine_reg":"01","cine_prov":"011","cine_com":"01101"},"geometry":{"type":"LineString","coordinates":[[-70.14601,-20.23371],[-70.14457,-20.23376],[-70.14376,-20.23411],[-70.14273,-20.23431],[-70.14267,-20.23467],[-70.138,-20.23625],[-70.13813,-20.23667],[-70.1373,-20.23693]]}},
{"type":"Feature","properties":{"nom_reg":"Atacama","nom_prov":"Copiapó","nom_com":"Caldera","sector":"Puerto Viejo","cine_reg":"03","cine_prov":"031","cine_com":"03102"},"geometry":{"type":"LineString","coordinates":[[-70.93407,-27.33362],[-70.93289,-27.3342]]}},
{"type":"Feature","properties":{"nom_reg":"Aysén del General Carlos Ibáñez del Campo","nom_prov":"Aisén","nom_com":"Cisnes","sector":"Puyuhuapi","cine_reg":"11","cine_prov":"112","cine_com":"11202"},"geometry":{"type":"LineString","coordinates":[[-72.57105,-44.32618],[-72.56846,-44.32606],[-72.56551,-44.32532],[-72.5649,-44.32493]]}},
{"type":"Feature","properties":{"nom_reg":"La Araucanía","nom_prov":"Cautín","nom_com":"Saavedra","sector":"Puerto Saavedra-Boca Budi (Saavedra)","cine_reg":"09","cine_prov":"091","cine_com":"09116"},"geometry":{"type":"LineString","coordinates":[[-73.40063,-38.79793],[-73.40025,-38.79821],[-73.39975,-38.79898],[-73.39942,-38.79914],[-73.39908,-38.79914],[-73.3977,-38.79856],[-73.39712,-38.79786],[-73.39596,-38.79814],[-73.39564,-38.79806]]}},
{"type":"Feature","properties":{"nom_reg":"Tarapacá","nom_prov":"Iquique","nom_com":"Iquique","sector":"Caleta Chipana","cine_reg":"01","cine_prov":"011","cine_com":"01101"},"geometry":{"type":"LineString","coordinates":[[-70.09191,-21.33968],[-70.09259,-21.33986],[-70.09235,-21.34065]]}},
{"type":"Feature","properties":{"nom_reg":"Tarapacá","nom_prov":"Iquique","nom_com":"Iquique","sector":"Los Verdes","cine_reg":"01","cine_prov":"011","cine_com":"01101"},"geometry":{"type":"LineString","coordinates":[[-70.16284,-20.42527],[-70.16239,-20.42557],[-70.16182,-20.42545],[-70.16113,-20.42567],[-70.15934,-20.42502]]}},
{"type":"Feature","properties":{"nom_reg":"La Araucanía","nom_prov":"Cautín","nom_com":"Saavedra","sector":"Puerto Saavedra-Boca Budi (Saavedra)","cine_reg":"09","cine_prov":"091","cine_com":"09116"},"geometry":{"type":"LineString","coordinates":[[-73.40152,-38.79696],[-73.40146,-38.79732],[-73.40079,-38.79783]]}},
{"type":"Feature","properties":{"nom_reg":"Aysén del General Carlos Ibáñez del Campo","nom_prov":"Aisén","nom_com":"Cisnes","sector":"Puerto Cisnes","cine_reg":"11","cine_prov":"112","cine_com":"11202"},"geometry":{"type":"LineString","coordinates":[[-72.6843,-44.7262],[-72.68009,-44.72568]]}},
{"type":"Feature","properties":{"nom_reg":"La Araucanía","nom_prov":"Cautín","nom_com":"Toltén","sector":"Queule (Tolten)","cine_reg":"09","cine_prov":"091","cine_com":"09118"},"geometry":{"type":"LineString","coordinates":[[-73.19978,-39.39589],[-73.19975,-39.39634],[-73.20009,-39.39698],[-73.20043,-39.39727],[-73.2014,-39.39763]]}},
{"type":"Feature","properties":{"nom_reg":"La Araucanía","nom_prov":"Cautín","nom_com":"Saavedra","sector":"Puerto Saavedra-Boca Budi (Saavedra)","cine_reg":"09","cine_prov":"091","cine_com":"09116"},"geometry":{"type":"LineString","coordinates":[[-73.39516,-38.77509],[-73.38949,-38.78751],[-73.38899,-38.78909]]}},
{"type":"Feature","properties":{"nom_reg":"La Araucanía","nom_prov":"Cautín","nom_com":"Toltén","sector":"Queule (Tolten)","cine_reg":"09","cine_prov":"091","cine_com":"09118"},"geometry":{"type":"LineString","coordinates":[[-73.19776,-39.39572],[-73.198,-39.3963],[-73.19851,-39.39882],[-73.19869,-39.40115],[-73.20039,-39.40238],[-73.19981,-39.40377],[-73.19945,-39.40372],[-73.19952,-39.4041]]}},
{"type":"Feature","properties":{"nom_reg":"Aysén del General Carlos Ibáñez del Campo","nom_prov":"Aisén","nom_com":"Cisnes","sector":"Puyuhuapi","cine_reg":"11","cine_prov":"112","cine_com":"11202"},"geometry":{"type":"LineString","coordinates":[[-72.55958,-44.3261],[-72.56004,-44.32514]]}},
{"type":"Feature","properties":{"nom_reg":"La Araucanía","nom_prov":"Cautín","nom_com":"Teodoro Schmidt","sector":"Hualpin","cine_reg":"09","cine_prov":"091","cine_com":"09117"},"geometry":{"type":"LineString","coordinates":[[-73.27471,-39.08896],[-73.27258,-39.08927],[-73.27272,-39.09018],[-73.27247,-39.09031],[-73.2723,-39.09023],[-73.26968,-39.08852],[-73.26895,-39.08695],[-73.26825,-39.08619],[-73.26854,-39.08562],[-73.26846,-39.08532],[-73.26824,-39.08523],[-73.2664,-39.08548],[-73.26353,-39.08637],[-73.26317,-39.08628],[-73.26237,-39.08558],[-73.26162,-39.08517],[-73.25665,-39.08534],[-73.26146,-39.0697],[-73.25707,-39.06954]]}},
{"type":"Feature","properties":{"nom_reg":"Tarapacá","nom_prov":"Iquique","nom_com":"Iquique","sector":"Iquique","cine_reg":"01","cine_prov":"011","cine_com":"01101"},"geometry":{"type":"LineString","coordinates":[[-70.15028,-20.22447],[-70.14997,-20.22428],[-70.13832,-20.22483]]}},
{"type":"Feature","properties":{"nom_reg":"Tarapacá","nom_prov":"Iquique","nom_com":"Iquique","sector":"Iquique","cine_reg":"01","cine_prov":"011","cine_com":"01101"},"geometry":{"type":"LineString","coordinates":[[-70.14798,-20.22738],[-70.13551,-20.22791]]}},
{"type":"Feature","properties":{"nom_reg":"La Araucanía","nom_prov":"Cautín","nom_com":"Saavedra","sector":"Puerto Saavedra-Boca Budi (Saavedra)","cine_reg":"09","cine_prov":"091","cine_com":"09116"},"geometry":{"type":"LineString","coordinates":[[-73.39686,-38.82235],[-73.39429,-38.82095],[-73.39396,-38.82029],[-73.39427,-38.82006]]}},
{"type":"Feature","properties":{"nom_reg":"Tarapacá","nom_prov":"Iquique","nom_com":"Iquique","sector":"Iquique","cine_reg":"01","cine_prov":"011","cine_com":"01101"},"geometry":{"type":"LineString","coordinates":[[-70.14229,-20.23349],[-70.14103,-20.23391],[-70.14093,-20.23354],[-70.13707,-20.2347]]}},
{"type":"Feature","properties":{"nom_reg":"Atacama","nom_prov":"Copiapó","nom_com":"Caldera","sector":"Bahía Inglesa","cine_reg":"03","cine_prov":"031","cine_com":"03102"},"geometry":{"type":"LineString","coordinates":[[-70.8591,-27.10173],[-70.8585,-27.10081],[-70.85798,-27.10047]]}},
{"type":"Feature","properties":{"nom_reg":"Tarapacá","nom_prov":"Tamarugal","nom_com":"Huara","sector":"Pisagua","cine_reg":"01","cine_prov":"014","cine_com":"01404"},"geometry":{"type":"LineString","coordinates":[[-70.21293,-19.59729],[-70.21265,-19.59781],[-70.21333,-19.5982],[-70.21606,-19.59872]]}},
{"type":"Feature","properties":{"nom_reg":"Antofagasta","nom_prov":"Antofagasta","nom_com":"Taltal","sector":"Taltal","cine_reg":"02","cine_prov":"021","cine_com":"02104"},"geometry":{"type":"LineString","coordinates":[[-70.47909,-25.4036],[-70.47765,-25.40597]]}},
{"type":"Feature","properties":{"nom_reg":"Aysén del General Carlos Ibáñez del Campo","nom_prov":"Aisén","nom_com":"Cisnes","sector":"Puyuhuapi","cine_reg":"11","cine_prov":"112","cine_com":"11202"},"geometry":{"type":"LineString","coordinates":[[-72.5649,-44.32493],[-72.56608,-44.32344],[-72.56598,-44.32269],[-72.56575,-44.3224],[-72.56346,-44.32118],[-72.55974,-44.31989],[-72.55822,-44.31701]]}},
{"type":"Feature","properties":{"nom_reg":"La Araucanía","nom_prov":"Cautín","nom_com":"Teodoro Schmidt","sector":"Hualpin","cine_reg":"09","cine_prov":"091","cine_com":"09117"},"geometry":{"type":"LineString","coordinates":[[-73.30142,-39.02749],[-73.24149,-39.04156],[-73.23916,-39.04161],[-73.23836,-39.04113]]}},
{"type":"Feature","properties":{"nom_reg":"Atacama","nom_prov":"Chañaral","nom_com":"Chañaral","sector":"Las Gaviotas","cine_reg":"03","cine_prov":"032","cine_com":"03201"},"geometry":{"type":"LineString","coordinates":[[-70.69532,-26.43041],[-70.69483,-26.42824],[-70.69447,-26.42787],[-70.69393,-26.42808],[-70.69345,-26.42701],[-70.69114,-26.42608],[-70.6906,-26.42626],[-70.69038,-26.42659]]}},
{"type":"Feature","properties":{"nom_reg":"La Araucanía","nom_prov":"Cautín","nom_com":"Carahue","sector":"Valle de CoiCoi","cine_reg":"09","cine_prov":"091","cine_com":"09102"},"geometry":{"type":"LineString","coordinates":[[-73.47484,-38.62869],[-73.47508,-38.62705],[-73.4739,-38.62655]]}},
{"type":"Feature","properties":{"nom_reg":"Atacama","nom_prov":"Copiapó","nom_com":"Caldera","sector":"Bahía Inglesa","cine_reg":"03","cine_prov":"031","cine_com":"03102"},"geometry":{"type":"LineString","coordinates":[[-70.85705,-27.10307],[-70.85625,-27.10143]]}},
{"type":"Feature","properties":{"nom_reg":"Atacama","nom_prov":"Copiapó","nom_com":"Caldera","sector":"Puerto Viejo","cine_reg":"03","cine_prov":"031","cine_com":"03102"},"geometry":{"type":"LineString","coordinates":[[-70.93289,-27.33171],[-70.93143,-27.33274]]}},
{"type":"Feature","properties":{"nom_reg":"Atacama","nom_prov":"Copiapó","nom_com":"Caldera","sector":"Barranquilla","cine_reg":"03","cine_prov":"031","cine_com":"03102"},"geometry":{"type":"LineString","coordinates":[[-70.89151,-27.52441],[-70.89176,-27.52468],[-70.8918,-27.52539],[-70.89202,-27.52569],[-70.88939,-27.52633],[-70.88868,-27.52712]]}},
{"type":"Feature","properties":{"nom_reg":"La Araucanía","nom_prov":"Cautín","nom_com":"Carahue","sector":"Valle de CoiCoi","cine_reg":"09","cine_prov":"091","cine_com":"09102"},"geometry":{"type":"LineString","coordinates":[[-73.48016,-38.64419],[-73.47862,-38.64466],[-73.4788,-38.64514],[-73.47914,-38.64536]]}},
{"type":"Feature","properties":{"nom_reg":"Aysén del General Carlos Ibáñez del Campo","nom_prov":"Aisén","nom_com":"Cisnes","sector":"Puyuhuapi","cine_reg":"11","cine_prov":"112","cine_com":"11202"},"geometry":{"type":"LineString","coordinates":[[-72.55886,-44.32504],[-72.55779,-44.32513],[-72.55719,-44.32536]]}},
{"type":"Feature","properties":{"nom_reg":"Aysén del General Carlos Ibáñez del Campo","nom_prov":"Aisén","nom_com":"Aisén","sector":"Puerto Chacabuco","cine_reg":"11","cine_prov":"112","cine_com":"11201"},"geometry":{"type":"LineString","coordinates":[[-72.81216,-45.45979],[-72.81214,-45.46028],[-72.81154,-45.46118],[-72.81255,-45.46147]]}},
{"type":"Feature","properties":{"nom_reg":"Tarapacá","nom_prov":"Iquique","nom_com":"Iquique","sector":"Iquique","cine_reg":"01","cine_prov":"011","cine_com":"01101"},"geometry":{"type":"LineString","coordinates":[[-70.13642,-20.24443],[-70.13386,-20.24384]]}},
{"type":"Feature","properties":{"nom_reg":"Aysén del General Carlos Ibáñez del Campo","nom_prov":"Aisén","nom_com":"Aisén","sector":"Puerto Chacabuco","cine_reg":"11","cine_prov":"112","cine_com":"11201"},"geometry":{"type":"LineString","coordinates":[[-72.82093,-45.46342],[-72.81984,-45.46375],[-72.81821,-45.46341]]}},
{"type":"Feature","properties":{"nom_reg":"Atacama","nom_prov":"Chañaral","nom_com":"Chañaral","sector":"Caleta Hippie","cine_reg":"03","cine_prov":"032","cine_com":"03201"},"geometry":{"type":"LineString","coordinates":[[-70.69663,-26.39544],[-70.69454,-26.39499],[-70.6942,-26.39475],[-70.6939,-26.39498],[-70.69359,-26.39568],[-70.69383,-26.39612],[-70.69293,-26.39662],[-70.69276,-26.39697],[-70.69242,-26.39705],[-70.69218,-26.39753],[-70.69173,-26.39734],[-70.69169,-26.39653],[-70.69088,-26.3965]]}},
{"type":"Feature","properties":{"nom_reg":"Tarapacá","nom_prov":"Iquique","nom_com":"Iquique","sector":"Iquique","cine_reg":"01","cine_prov":"011","cine_com":"01101"},"geometry":{"type":"LineString","coordinates":[[-70.14731,-20.22845],[-70.13411,-20.22911]]}},
{"type":"Feature","properties":{"nom_reg":"Tarapacá","nom_prov":"Tamarugal","nom_com":"Huara","sector":"Pisagua","cine_reg":"01","cine_prov":"014","cine_com":"01404"},"geometry":{"type":"LineString","coordinates":[[-70.2123,-19.59759],[-70.21166,-19.59723],[-70.21102,-19.59747]]}},
{"type":"Feature","properties":{"nom_reg":"Tarapacá","nom_prov":"Iquique","nom_com":"Iquique","sector":"Iquique","cine_reg":"01","cine_prov":"011","cine_com":"01101"},"geometry":{"type":"LineString","coordinates":[[-70.13194,-20.2102],[-70.13314,-20.21027],[-70.13636,-20.211],[-70.13655,-20.21148]]}},
{"type":"Feature","properties":{"nom_reg":"Tarapacá","nom_prov":"Iquique","nom_com":"Iquique","sector":"Iquique","cine_reg":"01","cine_prov":"011","cine_com":"01101"},"geometry":{"type":"LineString","coordinates":[[-70.15337,-20.21156],[-70.1528,-20.21174],[-70.15166,-20.21145],[-70.14216,-20.21193]]}},
{"type":"Feature","properties":{"nom_reg":"Los Lagos","nom_prov":"Llanquihue","nom_com":"Maullín","sector":"Maullin","cine_reg":"10","cine_prov":"101","cine_com":"10108"},"geometry":{"type":"LineString","coordinates":[[-73.59292,-41.6281],[-73.59479,-41.6295],[-73.59507,-41.62987],[-73.59508,-41.62944],[-73.59525,-41.62923],[-73.59649,-41.62866],[-73.59683,-41.62864]]}},
{"type":"Feature","properties":{"nom_reg":"La Araucanía","nom_prov":"Cautín","nom_com":"Teodoro Schmidt","sector":"Hualpin","cine_reg":"09","cine_prov":"091","cine_com":"09117"},"geometry":{"type":"LineString","coordinates":[[-73.30204,-39.0023],[-73.29984,-38.9991],[-73.29937,-38.99871],[-73.29867,-38.99848],[-73.29806,-38.99865],[-73.29726,-38.99931],[-73.29648,-38.9996],[-73.2955,-38.99981],[-73.29454,-38.99975],[-73.29334,-39.00038],[-73.29229,-39.00028],[-73.29053,-38.99978],[-73.28999,-38.99997],[-73.28933,-38.99991],[-73.28737,-38.9994],[-73.28481,-38.99788],[-73.28149,-38.99484],[-73.28077,-38.99396],[-73.28013,-38.99159]]}},
{"type":"Feature","properties":{"nom_reg":"Tarapacá","nom_prov":"Iquique","nom_com":"Iquique","sector":"Caramucho","cine_reg":"01","cine_prov":"011","cine_com":"01101"},"geometry":{"type":"LineString","coordinates":[[-70.18446,-20.66231],[-70.1833,-20.66181]]}},
{"type":"Feature","properties":{"nom_reg":"La Araucanía","nom_prov":"Cautín","nom_com":"Carahue","sector":"Valle de CoiCoi","cine_reg":"09","cine_prov":"091","cine_com":"09102"},"geometry":{"type":"LineString","coordinates":[[-73.48182,-38.6321],[-73.48191,-38.63249],[-73.48228,-38.63286],[-73.48212,-38.63322],[-73.48219,-38.63398]]}},
{"type":"Feature","properties":{"nom_reg":"Los Lagos","nom_prov":"Llanquihue","nom_com":"Maullín","sector":"Maullin","cine_reg":"10","cine_prov":"101","cine_com":"10108"},"geometry":{"type":"LineString","coordinates":[[-73.59318,-41.61693],[-73.59404,-41.61692],[-73.59401,-41.61715],[-73.59756,-41.61739]]}},
{"type":"Feature","properties":{"nom_reg":"La Araucanía","nom_prov":"Cautín","nom_com":"Teodoro Schmidt","sector":"Hualpin","cine_reg":"09","cine_prov":"091","cine_com":"09117"},"geometry":{"type":"LineString","coordinates":[[-73.25647,-39.08592],[-73.25303,-39.09674],[-73.25257,-39.09783],[-73.25187,-39.09826],[-73.25159,-39.10235],[-73.24961,-39.1085]]}},
{"type":"Feature","properties":{"nom_reg":"Aysén del General Carlos Ibáñez del Campo","nom_prov":"Aisén","nom_com":"Cisnes","sector":"Puyuhuapi","cine_reg":"11","cine_prov":"112","cine_com":"11202"},"geometry":{"type":"LineString","coordinates":[[-72.55916,-44.32367],[-72.56116,-44.32438],[-72.56134,-44.32511]]}},
{"type":"Feature","properties":{"nom_reg":"La Araucanía","nom_prov":"Cautín","nom_com":"Teodoro Schmidt","sector":"Hualpin","cine_reg":"09","cine_prov":"091","cine_com":"09117"},"geometry":{"type":"LineString","coordinates":[[-73.26291,-39.05171],[-73.23641,-39.05372]]}},
{"type":"Feature","properties":{"nom_reg":"Atacama","nom_prov":"Copiapó","nom_com":"Caldera","sector":"Obispito","cine_reg":"03","cine_prov":"031","cine_com":"03102"},"geometry":{"type":"LineString","coordinates":[[-70.73876,-26.7388],[-70.73833,-26.73914],[-70.73579,-26.73883],[-70.7354,-26.73907],[-70.7353,-26.73644],[-70.73458,-26.73627],[-70.73385,-26.73642],[-70.73309,-26.73619],[-70.73264,-26.73574],[-70.73253,-26.73531]]}},
{"type":"Feature","properties":{"nom_reg":"Aysén del General Carlos Ibáñez del Campo","nom_prov":"Aisén","nom_com":"Cisnes","sector":"Puyuhuapi","cine_reg":"11","cine_prov":"112","cine_com":"11202"},"geometry":{"type":"LineString","coordinates":[[-72.55498,-44.32491],[-72.55596,-44.3259],[-72.55719,-44.32536]]}},
{"type":"Feature","properties":{"nom_reg":"Atacama","nom_prov":"Copiapó","nom_com":"Caldera","sector":"Puerto Viejo","cine_reg":"03","cine_prov":"031","cine_com":"03102"},"geometry":{"type":"LineString","coordinates":[[-70.93224,-27.33463],[-70.93081,-27.33311],[-70.93096,-27.333],[-70.93057,-27.33264],[-70.93088,-27.33247]]}},
{"type":"Feature","properties":{"nom_reg":"La Araucanía","nom_prov":"Cautín","nom_com":"Carahue","sector":"Valle de CoiCoi","cine_reg":"09","cine_prov":"091","cine_com":"09102"},"geometry":{"type":"LineString","coordinates":[[-73.47723,-38.63965],[-73.47632,-38.63862],[-73.47668,-38.63787],[-73.47714,-38.6378]]}},
{"type":"Feature","properties":{"nom_reg":"Atacama","nom_prov":"Copiapó","nom_com":"Caldera","sector":"Bahía Inglesa","cine_reg":"03","cine_prov":"031","cine_com":"03102"},"geometry":{"type":"LineString","coordinates":[[-70.84054,-27.09062],[-70.84036,-27.09083],[-70.83647,-27.08986],[-70.83065,-27.09019]]}},
{"type":"Feature","properties":{"nom_reg":"La Araucanía","nom_prov":"Cautín","nom_com":"Toltén","sector":"Queule (Tolten)","cine_reg":"09","cine_prov":"091","cine_com":"09118"},"geometry":{"type":"LineString","coordinates":[[-73.21656,-39.39763],[-73.21698,-39.39681],[-73.21717,-39.3966],[-73.21741,-39.3966]]}},
{"type":"Feature","properties":{"nom_reg":"Atacama","nom_prov":"Copiapó","nom_com":"Caldera","sector":"Bahía Inglesa","cine_reg":"03","cine_prov":"031","cine_com":"03102"},"geometry":{"type":"LineString","coordinates":[[-70.84983,-27.09966],[-70.84877,-27.09899],[-70.84611,-27.09993],[-70.84007,-27.10144],[-70.83707,-27.1017]]}},
{"type":"Feature","properties":{"nom_reg":"La Araucanía","nom_prov":"Cautín","nom_com":"Saavedra","sector":"Puerto Dominguez","cine_reg":"09","cine_prov":"091","cine_com":"09116"},"geometry":{"type":"LineString","coordinates":[[-73.25671,-38.89963],[-73.25393,-38.90028]]}},
{"type":"Feature","properties":{"nom_reg":"Tarapacá","nom_prov":"Iquique","nom_com":"Iquique","sector":"Iquique","cine_reg":"01","cine_prov":"011","cine_com":"01101"},"geometry":{"type":"LineString","coordinates":[[-70.13768,-20.24345],[-70.13713,-20.24337],[-70.13704,-20.24377],[-70.13587,-20.24354],[-70.13594,-20.2432],[-70.13439,-20.24217]]}},
{"type":"Feature","properties":{"nom_reg":"Aysén del General Carlos Ibáñez del Campo","nom_prov":"Aisén","nom_com":"Cisnes","sector":"Melimoyu","cine_reg":"11","cine_prov":"112","cine_com":"11202"},"geometry":{"type":"MultiLineString","coordinates":[[[-73.11864,-44.10913],[-73.11821,-44.10964],[-73.11796,-44.11092],[-73.11698,-44.11223],[-73.11687,-44.11322],[-73.11493,-44.11453],[-73.11401,-44.11564],[-73.11237,-44.1164],[-73.11164,-44.11646],[-73.11109,-44.11622],[-73.1109,-44.11591],[-73.11033,-44.11573],[-73.10867,-44.11623],[-73.10726,-44.11705],[-73.10673,-44.11802],[-73.106,-44.11876]],[[-73.11864,-44.10913],[-73.11864,-44.10912]],[[-73.11873,-44.10903],[-73.11864,-44.10913]],[[-73.121,-44.10364],[-73.12282,-44.10605],[-73.1205,-44.10744],[-73.11864,-44.10913]]]}},
{"type":"Feature","properties":{"nom_reg":"Atacama","nom_prov":"Chañaral","nom_com":"Chañaral","sector":"Caleta Hippie","cine_reg":"03","cine_prov":"032","cine_com":"03201"},"geometry":{"type":"LineString","coordinates":[[-70.69561,-26.40504],[-70.69493,-26.40523],[-70.69393,-26.40616],[-70.69359,-26.40627],[-70.69219,-26.40615],[-70.69187,-26.40674],[-70.69131,-26.40728],[-70.69071,-26.40754]]}},
{"type":"Feature","properties":{"nom_reg":"La Araucanía","nom_prov":"Cautín","nom_com":"Carahue","sector":"Nehuentúe","cine_reg":"09","cine_prov":"091","cine_com":"09102"},"geometry":{"type":"LineString","coordinates":[[-73.41083,-38.74553],[-73.41088,-38.74118],[-73.41007,-38.74121]]}},
{"type":"Feature","properties":{"nom_reg":"Atacama","nom_prov":"Copiapó","nom_com":"Copiapó","sector":"Caleta Pajonales","cine_reg":"03","cine_prov":"031","cine_com":"03101"},"geometry":{"type":"LineString","coordinates":[[-71.038,-27.7351],[-71.03581,-27.73568],[-71.03535,-27.73605],[-71.03506,-27.73693],[-71.03485,-27.73861],[-71.03496,-27.73893]]}},
{"type":"Feature","properties":{"nom_reg":"Tarapacá","nom_prov":"Iquique","nom_com":"Iquique","sector":"Iquique","cine_reg":"01","cine_prov":"011","cine_com":"01101"},"geometry":{"type":"LineString","coordinates":[[-70.13142,-20.26122],[-70.1306,-20.26247],[-70.129,-20.26166]]}},
{"type":"Feature","properties":{"nom_reg":"La Araucanía","nom_prov":"Cautín","nom_com":"Toltén","sector":"Queule (Tolten)","cine_reg":"09","cine_prov":"091","cine_com":"09118"},"geometry":{"type":"LineString","coordinates":[[-73.21212,-39.39831],[-73.21224,-39.39901],[-73.21214,-39.39912],[-73.21155,-39.39888],[-73.21139,-39.39927]]}},
{"type":"Feature","properties":{"nom_reg":"Atacama","nom_prov":"Copiapó","nom_com":"Caldera","sector":"Puerto Viejo","cine_reg":"03","cine_prov":"031","cine_com":"03102"},"geometry":{"type":"LineString","coordinates":[[-70.93237,-27.33117],[-70.93109,-27.33205],[-70.93081,-27.33179],[-70.93052,-27.33203]]}},
{"type":"Feature","properties":{"nom_reg":"Aysén del General Carlos Ibáñez del Campo","nom_prov":"Aisén","nom_com":"Cisnes","sector":"Puerto Raúl Marín Balmaceda","cine_reg":"11","cine_prov":"112","cine_com":"11202"},"geometry":{"type":"LineString","coordinates":[[-72.95267,-43.77561],[-72.9537,-43.77625]]}},
{"type":"Feature","properties":{"nom_reg":"Atacama","nom_prov":"Chañaral","nom_com":"Chañaral","sector":"Flamenco","cine_reg":"03","cine_prov":"032","cine_com":"03201"},"geometry":{"type":"LineString","coordinates":[[-70.6807,-26.55829],[-70.67986,-26.55909],[-70.67832,-26.55899],[-70.67806,-26.55859],[-70.67756,-26.55827],[-70.67675,-26.55817],[-70.67409,-26.55912]]}},
{"type":"Feature","properties":{"nom_reg":"Aysén del General Carlos Ibáñez del Campo","nom_prov":"Aisén","nom_com":"Cisnes","sector":"Puerto Cisnes","cine_reg":"11","cine_prov":"112","cine_com":"11202"},"geometry":{"type":"LineString","coordinates":[[-72.68223,-44.73286],[-72.67457,-44.73187],[-72.67275,-44.73229],[-72.67239,-44.73286]]}},
{"type":"Feature","properties":{"nom_reg":"La Araucanía","nom_prov":"Cautín","nom_com":"Saavedra","sector":"Puerto Dominguez","cine_reg":"09","cine_prov":"091","cine_com":"09116"},"geometry":{"type":"LineString","coordinates":[[-73.25719,-38.90046],[-73.25429,-38.90117]]}},
{"type":"Feature","properties":{"nom_reg":"Tarapacá","nom_prov":"Iquique","nom_com":"Iquique","sector":"Iquique","cine_reg":"01","cine_prov":"011","cine_com":"01101"},"geometry":{"type":"LineString","coordinates":[[-70.13404,-20.25563],[-70.13143,-20.25434]]}},
{"type":"Feature","properties":{"nom_reg":"La Araucanía","nom_prov":"Cautín","nom_com":"Carahue","sector":"Valle de CoiCoi","cine_reg":"09","cine_prov":"091","cine_com":"09102"},"geometry":{"type":"LineString","coordinates":[[-73.48144,-38.6202],[-73.47973,-38.62021]]}},
{"type":"Feature","properties":{"nom_reg":"La Araucanía","nom_prov":"Cautín","nom_com":"Teodoro Schmidt","sector":"Hualpin","cine_reg":"09","cine_prov":"091","cine_com":"09117"},"geometry":{"type":"LineString","coordinates":[[-73.26766,-39.12704],[-73.26128,-39.12581],[-73.25976,-39.12416],[-73.2573,-39.12314],[-73.25446,-39.12111],[-73.2545,-39.12064],[-73.25422,-39.12046],[-73.25383,-39.1205],[-73.25235,-39.11744],[-73.25167,-39.11739],[-73.25049,-39.1159],[-73.25201,-39.11448],[-73.25279,-39.11338],[-73.25392,-39.11298],[-73.25457,-39.11255],[-73.24946,-39.10956]]}},
{"type":"Feature","properties":{"nom_reg":"Atacama","nom_prov":"Chañaral","nom_com":"Chañaral","sector":"Porto Fino-Villa Alegre","cine_reg":"03","cine_prov":"032","cine_com":"03201"},"geometry":{"type":"LineString","coordinates":[[-70.70057,-26.52152],[-70.70218,-26.51974],[-70.70251,-26.5189],[-70.69806,-26.51719],[-70.69925,-26.51284]]}},
{"type":"Feature","properties":{"nom_reg":"Atacama","nom_prov":"Chañaral","nom_com":"Chañaral","sector":"Flamenco","cine_reg":"03","cine_prov":"032","cine_com":"03201"},"geometry":{"type":"LineString","coordinates":[[-70.68508,-26.57403],[-70.68382,-26.57384],[-70.68396,-26.57421],[-70.68424,-26.57438],[-70.68493,-26.57449],[-70.68417,-26.57567],[-70.68318,-26.57543],[-70.68282,-26.5746],[-70.68188,-26.57468],[-70.68007,-26.57417],[-70.67829,-26.57474],[-70.67705,-26.5744]]}},
{"type":"Feature","properties":{"nom_reg":"Tarapacá","nom_prov":"Iquique","nom_com":"Iquique","sector":"Iquique","cine_reg":"01","cine_prov":"011","cine_com":"01101"},"geometry":{"type":"LineString","coordinates":[[-70.15373,-20.22025],[-70.13764,-20.22114]]}},
{"type":"Feature","properties":{"nom_reg":"Tarapacá","nom_prov":"Iquique","nom_com":"Iquique","sector":"Iquique","cine_reg":"01","cine_prov":"011","cine_com":"01101"},"geometry":{"type":"LineString","coordinates":[[-70.14494,-20.2408],[-70.14404,-20.23821],[-70.13443,-20.2414]]}},
{"type":"Feature","properties":{"nom_reg":"Tarapacá","nom_prov":"Iquique","nom_com":"Iquique","sector":"Iquique","cine_reg":"01","cine_prov":"011","cine_com":"01101"},"geometry":{"type":"LineString","coordinates":[[-70.13555,-20.25278],[-70.13208,-20.2515]]}},
{"type":"Feature","properties":{"nom_reg":"La Araucanía","nom_prov":"Cautín","nom_com":"Teodoro Schmidt","sector":"Hualpin","cine_reg":"09","cine_prov":"091","cine_com":"09117"},"geometry":{"type":"LineString","coordinates":[[-73.30023,-38.99899],[-73.30155,-38.9978],[-73.30294,-38.99608],[-73.30359,-38.9955],[-73.30416,-38.99394],[-73.30474,-38.99297],[-73.30943,-38.98922],[-73.30986,-38.98844],[-73.3099,-38.9879],[-73.30955,-38.98736],[-73.30869,-38.98697],[-73.3081,-38.98651],[-73.30781,-38.98488],[-73.30694,-38.98482]]}},
{"type":"Feature","properties":{"nom_reg":"Atacama","nom_prov":"Copiapó","nom_com":"Caldera","sector":"Barranquilla","cine_reg":"03","cine_prov":"031","cine_com":"03102"},"geometry":{"type":"LineString","coordinates":[[-70.88958,-27.51476],[-70.88924,-27.51571],[-70.88894,-27.516],[-70.88894,-27.51647],[-70.88777,-27.52053],[-70.88754,-27.52089],[-70.8852,-27.52124],[-70.88458,-27.52149]]}},
{"type":"Feature","properties":{"nom_reg":"La Araucanía","nom_prov":"Cautín","nom_com":"Teodoro Schmidt","sector":"Hualpin","cine_reg":"09","cine_prov":"091","cine_com":"09117"},"geometry":{"type":"LineString","coordinates":[[-73.27202,-39.05708],[-73.26885,-39.05796],[-73.26779,-39.05846],[-73.26772,-39.0588],[-73.26865,-39.05925],[-73.26886,-39.05972],[-73.26888,-39.06028],[-73.26851,-39.06136],[-73.26631,-39.06114],[-73.26108,-39.05999],[-73.26363,-39.05167],[-73.26569,-39.04544],[-73.26628,-39.04418],[-73.26636,-39.04352],[-73.26754,-39.03979],[-73.26848,-39.03699],[-73.26898,-39.03602]]}},
{"type":"Feature","properties":{"nom_reg":"Atacama","nom_prov":"Copiapó","nom_com":"Caldera","sector":"Puerto Viejo","cine_reg":"03","cine_prov":"031","cine_com":"03102"},"geometry":{"type":"LineString","coordinates":[[-70.93151,-27.33474],[-70.93251,-27.33677]]}},
{"type":"Feature","properties":{"nom_reg":"Tarapacá","nom_prov":"Iquique","nom_com":"Iquique","sector":"Puerto Patache","cine_reg":"01","cine_prov":"011","cine_com":"01101"},"geometry":{"type":"LineString","coordinates":[[-70.19906,-20.80859],[-70.19614,-20.80752],[-70.19565,-20.80746],[-70.19339,-20.80828],[-70.19251,-20.809]]}},
{"type":"Feature","properties":{"nom_reg":"Atacama","nom_prov":"Chañaral","nom_com":"Chañaral","sector":"Flamenco","cine_reg":"03","cine_prov":"032","cine_com":"03201"},"geometry":{"type":"LineString","coordinates":[[-70.68785,-26.5763],[-70.68707,-26.57723],[-70.68569,-26.57843],[-70.68461,-26.57739],[-70.684,-26.57806],[-70.68403,-26.57851],[-70.68361,-26.5796]]}},
{"type":"Feature","properties":{"nom_reg":"Aysén del General Carlos Ibáñez del Campo","nom_prov":"Aisén","nom_com":"Cisnes","sector":"Puerto Raúl Marín Balmaceda","cine_reg":"11","cine_prov":"112","cine_com":"11202"},"geometry":{"type":"LineString","coordinates":[[-72.94958,-43.77878],[-72.95244,-43.77724],[-72.95596,-43.77486]]}},
{"type":"Feature","properties":{"nom_reg":"Atacama","nom_prov":"Chañaral","nom_com":"Chañaral","sector":"Pan de Azúcar","cine_reg":"03","cine_prov":"032","cine_com":"03201"},"geometry":{"type":"LineString","coordinates":[[-70.666,-26.14598],[-70.66457,-26.1456],[-70.66324,-26.14574],[-70.66285,-26.14516],[-70.66211,-26.14514]]}},
{"type":"Feature","properties":{"nom_reg":"Atacama","nom_prov":"Copiapó","nom_com":"Caldera","sector":"Puerto Viejo","cine_reg":"03","cine_prov":"031","cine_com":"03102"},"geometry":{"type":"LineString","coordinates":[[-70.93328,-27.33212],[-70.93187,-27.33313]]}},
{"type":"Feature","properties":{"nom_reg":"Tarapacá","nom_prov":"Iquique","nom_com":"Iquique","sector":"Iquique","cine_reg":"01","cine_prov":"011","cine_com":"01101"},"geometry":{"type":"LineString","coordinates":[[-70.14605,-20.22928],[-70.14386,-20.22934],[-70.1399,-20.23054],[-70.13375,-20.23074]]}},
{"type":"Feature","properties":{"nom_reg":"Tarapacá","nom_prov":"Iquique","nom_com":"Iquique","sector":"Iquique","cine_reg":"01","cine_prov":"011","cine_com":"01101"},"geometry":{"type":"LineString","coordinates":[[-70.15218,-20.21094],[-70.15021,-20.2109],[-70.14983,-20.21075],[-70.14201,-20.21115]]}},
{"type":"Feature","properties":{"nom_reg":"Aysén del General Carlos Ibáñez del Campo","nom_prov":"Aisén","nom_com":"Cisnes","sector":"Puerto Cisnes","cine_reg":"11","cine_prov":"112","cine_com":"11202"},"geometry":{"type":"LineString","coordinates":[[-72.68234,-44.73181],[-72.67562,-44.73084],[-72.67533,-44.73185]]}},
{"type":"Feature","properties":{"nom_reg":"Tarapacá","nom_prov":"Iquique","nom_com":"Iquique","sector":"Caleta Río Seco","cine_reg":"01","cine_prov":"011","cine_com":"01101"},"geometry":{"type":"LineString","coordinates":[[-70.16195,-21.00135],[-70.1606,-20.99922]]}},
{"type":"Feature","properties":{"nom_reg":"Tarapacá","nom_prov":"Tamarugal","nom_com":"Huara","sector":"Pisagua","cine_reg":"01","cine_prov":"014","cine_com":"01404"},"geometry":{"type":"LineString","coordinates":[[-70.21025,-19.59477],[-70.2111,-19.59575],[-70.211,-19.59591],[-70.21152,-19.59683]]}},
{"type":"Feature","properties":{"nom_reg":"La Araucanía","nom_prov":"Cautín","nom_com":"Carahue","sector":"Valle de CoiCoi","cine_reg":"09","cine_prov":"091","cine_com":"09102"},"geometry":{"type":"LineString","coordinates":[[-73.48508,-38.61767],[-73.48442,-38.61703]]}},
{"type":"Feature","properties":{"nom_reg":"Tarapacá","nom_prov":"Tamarugal","nom_com":"Huara","sector":"Pisagua","cine_reg":"01","cine_prov":"014","cine_com":"01404"},"geometry":{"type":"LineString","coordinates":[[-70.21415,-19.59745],[-70.21399,-19.59822]]}},
{"type":"Feature","properties":{"nom_reg":"Aysén del General Carlos Ibáñez del Campo","nom_prov":"Aisén","nom_com":"Cisnes","sector":"Puerto Raúl Marín Balmaceda","cine_reg":"11","cine_prov":"112","cine_com":"11202"},"geometry":{"type":"LineString","coordinates":[[-72.95455,-43.77362],[-72.95615,-43.77398]]}},
{"type":"Feature","properties":{"nom_reg":"Atacama","nom_prov":"Copiapó","nom_com":"Caldera","sector":"Bahía Inglesa","cine_reg":"03","cine_prov":"031","cine_com":"03102"},"geometry":{"type":"LineString","coordinates":[[-70.83941,-27.07949],[-70.83677,-27.07702],[-70.83593,-27.07665]]}},
{"type":"Feature","properties":{"nom_reg":"Tarapacá","nom_prov":"Iquique","nom_com":"Iquique","sector":"Iquique","cine_reg":"01","cine_prov":"011","cine_com":"01101"},"geometry":{"type":"LineString","coordinates":[[-70.15504,-20.21719],[-70.13889,-20.21803]]}},
{"type":"Feature","properties":{"nom_reg":"Los Lagos","nom_prov":"Chiloé","nom_com":"Ancud","sector":"Chacao","cine_reg":"10","cine_prov":"102","cine_com":"10202"},"geometry":{"type":"LineString","coordinates":[[-73.50121,-41.83213],[-73.50258,-41.83219]]}},
{"type":"Feature","properties":{"nom_reg":"Tarapacá","nom_prov":"Iquique","nom_com":"Iquique","sector":"Iquique","cine_reg":"01","cine_prov":"011","cine_com":"01101"},"geometry":{"type":"LineString","coordinates":[[-70.15517,-20.21817],[-70.13909,-20.21909]]}},
{"type":"Feature","properties":{"nom_reg":"Atacama","nom_prov":"Copiapó","nom_com":"Caldera","sector":"Bahía Inglesa","cine_reg":"03","cine_prov":"031","cine_com":"03102"},"geometry":{"type":"LineString","coordinates":[[-70.84404,-27.09396],[-70.8411,-27.09119],[-70.83938,-27.0926],[-70.83434,-27.09435],[-70.83336,-27.09502]]}},
{"type":"Feature","properties":{"nom_reg":"La Araucanía","nom_prov":"Cautín","nom_com":"Carahue","sector":"Valle de CoiCoi","cine_reg":"09","cine_prov":"091","cine_com":"09102"},"geometry":{"type":"LineString","coordinates":[[-73.47413,-38.63915],[-73.47447,-38.64004],[-73.47486,-38.64018],[-73.47522,-38.63991],[-73.47537,-38.63892],[-73.47628,-38.6389]]}},
{"type":"Feature","properties":{"nom_reg":"La Araucanía","nom_prov":"Cautín","nom_com":"Saavedra","sector":"Puerto Saavedra-Boca Budi (Saavedra)","cine_reg":"09","cine_prov":"091","cine_com":"09116"},"geometry":{"type":"LineString","coordinates":[[-73.40149,-38.78259],[-73.39635,-38.77938]]}},
{"type":"Feature","properties":{"nom_reg":"Tarapacá","nom_prov":"Iquique","nom_com":"Iquique","sector":"Caramucho","cine_reg":"01","cine_prov":"011","cine_com":"01101"},"geometry":{"type":"LineString","coordinates":[[-70.18243,-20.66084],[-70.18321,-20.66171],[-70.18322,-20.66194],[-70.18197,-20.66312],[-70.1804,-20.66372],[-70.17134,-20.66264],[-70.16737,-20.66076]]}},
{"type":"Feature","properties":{"nom_reg":"La Araucanía","nom_prov":"Cautín","nom_com":"Carahue","sector":"Valle de CoiCoi","cine_reg":"09","cine_prov":"091","cine_com":"09102"},"geometry":{"type":"LineString","coordinates":[[-73.4876,-38.61786],[-73.48894,-38.61776]]}},
{"type":"Feature","properties":{"nom_reg":"La Araucanía","nom_prov":"Cautín","nom_com":"Saavedra","sector":"Puerto Saavedra-Boca Budi (Saavedra)","cine_reg":"09","cine_prov":"091","cine_com":"09116"},"geometry":{"type":"LineString","coordinates":[[-73.39706,-38.78883],[-73.39601,-38.79402],[-73.39598,-38.79729],[-73.39574,-38.79787],[-73.3956,-38.79805],[-73.39521,-38.79814],[-73.39259,-38.79779],[-73.39246,-38.79787],[-73.39266,-38.79834],[-73.39237,-38.79856]]}},
{"type":"Feature","properties":{"nom_reg":"La Araucanía","nom_prov":"Cautín","nom_com":"Carahue","sector":"Nehuentúe","cine_reg":"09","cine_prov":"091","cine_com":"09102"},"geometry":{"type":"LineString","coordinates":[[-73.41369,-38.74554],[-73.41372,-38.74227],[-73.41629,-38.74226],[-73.41806,-38.74295],[-73.41936,-38.74318],[-73.42018,-38.74303],[-73.4207,-38.74249]]}},
{"type":"Feature","properties":{"nom_reg":"Tarapacá","nom_prov":"Iquique","nom_com":"Iquique","sector":"Los Verdes","cine_reg":"01","cine_prov":"011","cine_com":"01101"},"geometry":{"type":"LineString","coordinates":[[-70.16199,-20.42698],[-70.16111,-20.42662],[-70.16031,-20.4258],[-70.15913,-20.42507]]}},
{"type":"Feature","properties":{"nom_reg":"La Araucanía","nom_prov":"Cautín","nom_com":"Toltén","sector":"La Barra (Tolten)","cine_reg":"09","cine_prov":"091","cine_com":"09118"},"geometry":{"type":"LineString","coordinates":[[-73.16056,-39.22647],[-73.13473,-39.22565],[-73.13233,-39.226]]}},
{"type":"Feature","properties":{"nom_reg":"La Araucanía","nom_prov":"Cautín","nom_com":"Carahue","sector":"Valle de CoiCoi","cine_reg":"09","cine_prov":"091","cine_com":"09102"},"geometry":{"type":"LineString","coordinates":[[-73.47797,-38.62809],[-73.47824,-38.62752],[-73.47886,-38.62777]]}},
{"type":"Feature","properties":{"nom_reg":"La Araucanía","nom_prov":"Cautín","nom_com":"Carahue","sector":"Valle de CoiCoi","cine_reg":"09","cine_prov":"091","cine_com":"09102"},"geometry":{"type":"LineString","coordinates":[[-73.48272,-38.62544],[-73.48355,-38.62548],[-73.48376,-38.62587]]}},
{"type":"Feature","properties":{"nom_reg":"La Araucanía","nom_prov":"Cautín","nom_com":"Carahue","sector":"Nehuentúe","cine_reg":"09","cine_prov":"091","cine_com":"09102"},"geometry":{"type":"LineString","coordinates":[[-73.40952,-38.74549],[-73.4096,-38.74122],[-73.40998,-38.74122],[-73.41088,-38.73738],[-73.41201,-38.73636],[-73.41266,-38.73628],[-73.41332,-38.73595],[-73.41492,-38.73623],[-73.41549,-38.73619]]}},
{"type":"Feature","properties":{"nom_reg":"Atacama","nom_prov":"Copiapó","nom_com":"Caldera","sector":"Rodillo-Ramada","cine_reg":"03","cine_prov":"031","cine_com":"03102"},"geometry":{"type":"LineString","coordinates":[[-70.80004,-27.01193],[-70.79662,-27.01373],[-70.79513,-27.0142],[-70.78737,-27.01581],[-70.78727,-27.01814]]}},
{"type":"Feature","properties":{"nom_reg":"Atacama","nom_prov":"Chañaral","nom_com":"Chañaral","sector":"Flamenco","cine_reg":"03","cine_prov":"032","cine_com":"03201"},"geometry":{"type":"LineString","coordinates":[[-70.68005,-26.5651],[-70.67978,-26.56556],[-70.6799,-26.56651],[-70.6813,-26.56992],[-70.68115,-26.57008],[-70.67834,-26.57066],[-70.67766,-26.57146],[-70.67683,-26.57139],[-70.67653,-26.57117]]}},
{"type":"Feature","properties":{"nom_reg":"Atacama","nom_prov":"Chañaral","nom_com":"Chañaral","sector":"Playa Las Pocitas","cine_reg":"03","cine_prov":"032","cine_com":"03201"},"geometry":{"type":"LineString","coordinates":[[-70.69108,-26.48152],[-70.68935,-26.48095],[-70.68834,-26.48093],[-70.68789,-26.48114],[-70.68678,-26.48255],[-70.6859,-26.48265],[-70.68443,-26.48172],[-70.68351,-26.48151]]}},
{"type":"Feature","properties":{"nom_reg":"La Araucanía","nom_prov":"Cautín","nom_com":"Toltén","sector":"La Barra (Tolten)","cine_reg":"09","cine_prov":"091","cine_com":"09118"},"geometry":{"type":"LineString","coordinates":[[-73.21835,-39.24749],[-73.21202,-39.24704],[-73.21137,-39.24673],[-73.2109,-39.24618],[-73.20316,-39.23148],[-73.20239,-39.22609],[-73.20095,-39.22141],[-73.20092,-39.21756],[-73.19819,-39.2146],[-73.19725,-39.21294],[-73.19312,-39.20939],[-73.18553,-39.21186],[-73.18416,-39.21217],[-73.18105,-39.21207],[-73.17983,-39.21187],[-73.17432,-39.20988],[-73.17339,-39.20965],[-73.17253,-39.20964],[-73.16852,-39.21083],[-73.16684,-39.21151],[-73.16364,-39.21218],[-73.16162,-39.21332],[-73.16089,-39.21402],[-73.15975,-39.21553],[-73.15929,-39.21677],[-73.1592,-39.21772],[-73.15943,-39.21959],[-73.16038,-39.22211],[-73.16082,-39.22278],[-73.16129,-39.22334],[-73.16247,-39.22416],[-73.16183,-39.22495],[-73.16173,-39.22569],[-73.16077,-39.22675],[-73.1606,-39.2272],[-73.16082,-39.23447],[-73.15958,-39.2357],[-73.15921,-39.23628],[-73.15688,-39.24232],[-73.15863,-39.24324]]}},
{"type":"Feature","properties":{"nom_reg":"Atacama","nom_prov":"Copiapó","nom_com":"Caldera","sector":"Puerto Viejo","cine_reg":"03","cine_prov":"031","cine_com":"03102"},"geometry":{"type":"LineString","coordinates":[[-70.93285,-27.3342],[-70.93048,-27.33206],[-70.92977,-27.33167]]}},
{"type":"Feature","properties":{"nom_reg":"Atacama","nom_prov":"Copiapó","nom_com":"Caldera","sector":"Puerto Viejo","cine_reg":"03","cine_prov":"031","cine_com":"03102"},"geometry":{"type":"LineString","coordinates":[[-70.93401,-27.33314],[-70.9326,-27.33381]]}},
{"type":"Feature","properties":{"nom_reg":"Tarapacá","nom_prov":"Iquique","nom_com":"Iquique","sector":"Iquique","cine_reg":"01","cine_prov":"011","cine_com":"01101"},"geometry":{"type":"LineString","coordinates":[[-70.1384,-20.20945],[-70.13839,-20.21106],[-70.13723,-20.21171]]}},
{"type":"Feature","properties":{"nom_reg":"Atacama","nom_prov":"Copiapó","nom_com":"Caldera","sector":"Puerto Viejo","cine_reg":"03","cine_prov":"031","cine_com":"03102"},"geometry":{"type":"LineString","coordinates":[[-70.93987,-27.33573],[-70.9409,-27.33555],[-70.94135,-27.33531],[-70.94162,-27.33535],[-70.94171,-27.33553],[-70.94104,-27.33659],[-70.93989,-27.33695],[-70.93892,-27.33825],[-70.93901,-27.33854],[-70.93956,-27.33841]]}},
{"type":"Feature","properties":{"nom_reg":"La Araucanía","nom_prov":"Cautín","nom_com":"Carahue","sector":"Valle de CoiCoi","cine_reg":"09","cine_prov":"091","cine_com":"09102"},"geometry":{"type":"LineString","coordinates":[[-73.4849,-38.62081],[-73.48589,-38.62013]]}},
{"type":"Feature","properties":{"nom_reg":"La Araucanía","nom_prov":"Cautín","nom_com":"Saavedra","sector":"Puerto Saavedra-Boca Budi (Saavedra)","cine_reg":"09","cine_prov":"091","cine_com":"09116"},"geometry":{"type":"LineString","coordinates":[[-73.39618,-38.77925],[-73.39302,-38.78007]]}},
{"type":"Feature","properties":{"nom_reg":"Atacama","nom_prov":"Chañaral","nom_com":"Chañaral","sector":"Las Torres del Inca","cine_reg":"03","cine_prov":"032","cine_com":"03201"},"geometry":{"type":"LineString","coordinates":[[-70.70363,-26.60607],[-70.70374,-26.60533],[-70.70322,-26.60462],[-70.69901,-26.60508],[-70.69821,-26.60485]]}},
{"type":"Feature","properties":{"nom_reg":"Tarapacá","nom_prov":"Iquique","nom_com":"Iquique","sector":"Iquique","cine_reg":"01","cine_prov":"011","cine_com":"01101"},"geometry":{"type":"LineString","coordinates":[[-70.13499,-20.25411],[-70.13179,-20.25295]]}},
{"type":"Feature","properties":{"nom_reg":"La Araucanía","nom_prov":"Cautín","nom_com":"Carahue","sector":"Valle de CoiCoi","cine_reg":"09","cine_prov":"091","cine_com":"09102"},"geometry":{"type":"LineString","coordinates":[[-73.47281,-38.6319],[-73.47228,-38.63104],[-73.47228,-38.6305],[-73.47209,-38.63029]]}},
{"type":"Feature","properties":{"nom_reg":"Tarapacá","nom_prov":"Iquique","nom_com":"Iquique","sector":"Iquique","cine_reg":"01","cine_prov":"011","cine_com":"01101"},"geometry":{"type":"LineString","coordinates":[[-70.13612,-20.19404],[-70.12986,-20.20809],[-70.12927,-20.2087],[-70.12942,-20.21203],[-70.12962,-20.21241],[-70.13116,-20.2135],[-70.13287,-20.21299]]}},
{"type":"Feature","properties":{"nom_reg":"La Araucanía","nom_prov":"Cautín","nom_com":"Carahue","sector":"Valle de CoiCoi","cine_reg":"09","cine_prov":"091","cine_com":"09102"},"geometry":{"type":"LineString","coordinates":[[-73.4679,-38.63536],[-73.46781,-38.6351],[-73.46711,-38.63512],[-73.46686,-38.63526]]}},
{"type":"Feature","properties":{"nom_reg":"La Araucanía","nom_prov":"Cautín","nom_com":"Saavedra","sector":"Puerto Dominguez","cine_reg":"09","cine_prov":"091","cine_com":"09116"},"geometry":{"type":"LineString","coordinates":[[-73.25462,-38.89789],[-73.25408,-38.89654]]}},
{"type":"Feature","properties":{"nom_reg":"Aysén del General Carlos Ibáñez del Campo","nom_prov":"Aisén","nom_com":"Cisnes","sector":"Puerto Raúl Marín Balmaceda","cine_reg":"11","cine_prov":"112","cine_com":"11202"},"geometry":{"type":"LineString","coordinates":[[-72.9504,-43.77753],[-72.9511,-43.77794]]}},
{"type":"Feature","properties":{"nom_reg":"Atacama","nom_prov":"Copiapó","nom_com":"Caldera","sector":"Puerto Viejo","cine_reg":"03","cine_prov":"031","cine_com":"03102"},"geometry":{"type":"LineString","coordinates":[[-70.93672,-27.33644],[-70.93523,-27.33684],[-70.92999,-27.33678],[-70.92879,-27.3373]]}},
{"type":"Feature","properties":{"nom_reg":"La Araucanía","nom_prov":"Cautín","nom_com":"Saavedra","sector":"Puerto Dominguez","cine_reg":"09","cine_prov":"091","cine_com":"09116"},"geometry":{"type":"LineString","coordinates":[[-73.25613,-38.89882],[-73.25503,-38.89914],[-73.25374,-38.90019],[-73.25458,-38.90197],[-73.25434,-38.9025],[-73.25334,-38.90369]]}},
{"type":"Feature","properties":{"nom_reg":"Tarapacá","nom_prov":"Iquique","nom_com":"Iquique","sector":"Caleta Chipana","cine_reg":"01","cine_prov":"011","cine_com":"01101"},"geometry":{"type":"LineString","coordinates":[[-70.09455,-21.34033],[-70.09448,-21.33967],[-70.09394,-21.33942]]}},
{"type":"Feature","properties":{"nom_reg":"Tarapacá","nom_prov":"Iquique","nom_com":"Iquique","sector":"Iquique","cine_reg":"01","cine_prov":"011","cine_com":"01101"},"geometry":{"type":"LineString","coordinates":[[-70.13832,-20.24858],[-70.13544,-20.24731],[-70.13326,-20.24692]]}},
{"type":"Feature","properties":{"nom_reg":"Tarapacá","nom_prov":"Iquique","nom_com":"Iquique","sector":"Caleta Chipana","cine_reg":"01","cine_prov":"011","cine_com":"01101"},"geometry":{"type":"LineString","coordinates":[[-70.09123,-21.33958],[-70.09141,-21.34209]]}},
{"type":"Feature","properties":{"nom_reg":"La Araucanía","nom_prov":"Cautín","nom_com":"Saavedra","sector":"Puerto Saavedra-Boca Budi (Saavedra)","cine_reg":"09","cine_prov":"091","cine_com":"09116"},"geometry":{"type":"LineString","coordinates":[[-73.39995,-38.79442],[-73.39626,-38.79405]]}},
{"type":"Feature","properties":{"nom_reg":"La Araucanía","nom_prov":"Cautín","nom_com":"Carahue","sector":"Valle de CoiCoi","cine_reg":"09","cine_prov":"091","cine_com":"09102"},"geometry":{"type":"LineString","coordinates":[[-73.47979,-38.63335],[-73.48109,-38.63297],[-73.48208,-38.63321]]}},
{"type":"Feature","properties":{"nom_reg":"Tarapacá","nom_prov":"Iquique","nom_com":"Iquique","sector":"Caleta Río Seco","cine_reg":"01","cine_prov":"011","cine_com":"01101"},"geometry":{"type":"LineString","coordinates":[[-70.16185,-20.99717],[-70.16201,-20.99745],[-70.16195,-20.99805],[-70.16064,-20.99856]]}},
{"type":"Feature","properties":{"nom_reg":"Tarapacá","nom_prov":"Iquique","nom_com":"Iquique","sector":"Iquique","cine_reg":"01","cine_prov":"011","cine_com":"01101"},"geometry":{"type":"LineString","coordinates":[[-70.15062,-20.21557],[-70.14741,-20.21676],[-70.13934,-20.21736]]}},
{"type":"Feature","properties":{"nom_reg":"Tarapacá","nom_prov":"Iquique","nom_com":"Iquique","sector":"Iquique","cine_reg":"01","cine_prov":"011","cine_com":"01101"},"geometry":{"type":"LineString","coordinates":[[-70.14029,-20.23193],[-70.13946,-20.23217],[-70.13931,-20.23182],[-70.13881,-20.23187],[-70.13875,-20.23163],[-70.13454,-20.23182],[-70.1346,-20.23202],[-70.13328,-20.23228]]}},
{"type":"Feature","properties":{"nom_reg":"Tarapacá","nom_prov":"Tamarugal","nom_com":"Huara","sector":"Pisagua","cine_reg":"01","cine_prov":"014","cine_com":"01404"},"geometry":{"type":"LineString","coordinates":[[-70.211,-19.59672],[-70.20998,-19.59661],[-70.21005,-19.59693],[-70.21068,-19.59749]]}},
{"type":"Feature","properties":{"nom_reg":"Tarapacá","nom_prov":"Iquique","nom_com":"Iquique","sector":"Iquique","cine_reg":"01","cine_prov":"011","cine_com":"01101"},"geometry":{"type":"LineString","coordinates":[[-70.15524,-20.21342],[-70.15288,-20.21454],[-70.14148,-20.21537]]}},
{"type":"Feature","properties":{"nom_reg":"La Araucanía","nom_prov":"Cautín","nom_com":"Toltén","sector":"Queule (Tolten)","cine_reg":"09","cine_prov":"091","cine_com":"09118"},"geometry":{"type":"LineString","coordinates":[[-73.21002,-39.39769],[-73.21001,-39.39807],[-73.21056,-39.39819],[-73.21056,-39.39846],[-73.20952,-39.39858]]}},
{"type":"Feature","properties":{"nom_reg":"Atacama","nom_prov":"Copiapó","nom_com":"Caldera","sector":"Rodillo-Ramada","cine_reg":"03","cine_prov":"031","cine_com":"03102"},"geometry":{"type":"LineString","coordinates":[[-70.78985,-27.00128],[-70.78855,-26.99819],[-70.78798,-26.9975]]}},
{"type":"Feature","properties":{"nom_reg":"Tarapacá","nom_prov":"Iquique","nom_com":"Iquique","sector":"Iquique","cine_reg":"01","cine_prov":"011","cine_com":"01101"},"geometry":{"type":"LineString","coordinates":[[-70.13054,-20.26944],[-70.13033,-20.26904],[-70.1297,-20.26872]]}},
{"type":"Feature","properties":{"nom_reg":"Aysén del General Carlos Ibáñez del Campo","nom_prov":"Aisén","nom_com":"Cisnes","sector":"Puerto Cisnes","cine_reg":"11","cine_prov":"112","cine_com":"11202"},"geometry":{"type":"LineString","coordinates":[[-72.68311,-44.72956],[-72.68294,-44.72915],[-72.68231,-44.72903],[-72.68272,-44.72712],[-72.67975,-44.72678],[-72.68071,-44.72238]]}},
{"type":"Feature","properties":{"nom_reg":"Aysén del General Carlos Ibáñez del Campo","nom_prov":"Aisén","nom_com":"Cisnes","sector":"Puyuhuapi","cine_reg":"11","cine_prov":"112","cine_com":"11202"},"geometry":{"type":"LineString","coordinates":[[-72.55713,-44.32537],[-72.5551,-44.32301],[-72.55374,-44.32293],[-72.55232,-44.32307],[-72.55188,-44.32157],[-72.55212,-44.32072],[-72.55507,-44.31762]]}},
{"type":"Feature","properties":{"nom_reg":"Aysén del General Carlos Ibáñez del Campo","nom_prov":"Aisén","nom_com":"Aisén","sector":"Puerto Aysen","cine_reg":"11","cine_prov":"112","cine_com":"11201"},"geometry":{"type":"LineString","coordinates":[[-72.69209,-45.39374],[-72.69175,-45.39392],[-72.69071,-45.39513],[-72.68952,-45.39591]]}},
{"type":"Feature","properties":{"nom_reg":"Aysén del General Carlos Ibáñez del Campo","nom_prov":"Aisén","nom_com":"Cisnes","sector":"Puerto Cisnes","cine_reg":"11","cine_prov":"112","cine_com":"11202"},"geometry":{"type":"LineString","coordinates":[[-72.68234,-44.73101],[-72.68023,-44.73104],[-72.67979,-44.73034],[-72.67588,-44.72976],[-72.67567,-44.73072]]}},
{"type":"Feature","properties":{"nom_reg":"Aysén del General Carlos Ibáñez del Campo","nom_prov":"Aisén","nom_com":"Cisnes","sector":"Puerto Cisnes","cine_reg":"11","cine_prov":"112","cine_com":"11202"},"geometry":{"type":"LineString","coordinates":[[-72.68473,-44.72517],[-72.68028,-44.72462]]}},
{"type":"Feature","properties":{"nom_reg":"La Araucanía","nom_prov":"Cautín","nom_com":"Toltén","sector":"Nueva Tolten (Tolten)","cine_reg":"09","cine_prov":"091","cine_com":"09118"},"geometry":{"type":"LineString","coordinates":[[-73.16416,-39.1786],[-73.15905,-39.17847],[-73.15902,-39.17784],[-73.14316,-39.16527],[-73.14143,-39.16345],[-73.133,-39.15355],[-73.1321,-39.15121],[-73.13251,-39.14892],[-73.12566,-39.15052],[-73.12446,-39.15099],[-73.11387,-39.15648],[-73.11106,-39.15841],[-73.11036,-39.15861],[-73.10759,-39.15882],[-73.10522,-39.15785],[-73.10361,-39.15773],[-73.10132,-39.15798],[-73.10097,-39.15943]]}},
{"type":"Feature","properties":{"nom_reg":"La Araucanía","nom_prov":"Cautín","nom_com":"Carahue","sector":"Nehuentúe","cine_reg":"09","cine_prov":"091","cine_com":"09102"},"geometry":{"type":"LineString","coordinates":[[-73.43023,-38.73965],[-73.42983,-38.73881],[-73.42923,-38.73834],[-73.42876,-38.73817],[-73.42786,-38.73827]]}},
{"type":"Feature","properties":{"nom_reg":"Tarapacá","nom_prov":"Iquique","nom_com":"Iquique","sector":"Caleta San Marcos","cine_reg":"01","cine_prov":"011","cine_com":"01101"},"geometry":{"type":"LineString","coordinates":[[-70.11982,-21.10999],[-70.12011,-21.11123],[-70.12018,-21.11243],[-70.1206,-21.11321],[-70.12039,-21.11341],[-70.12032,-21.11398],[-70.11989,-21.11483]]}},
{"type":"Feature","properties":{"nom_reg":"Atacama","nom_prov":"Huasco","nom_com":"Freirina","sector":"Chañaral de Aceituno","cine_reg":"03","cine_prov":"033","cine_com":"03303"},"geometry":{"type":"LineString","coordinates":[[-71.49229,-29.07817],[-71.49107,-29.07819],[-71.48936,-29.07859],[-71.48867,-29.07756]]}},
{"type":"Feature","properties":{"nom_reg":"Atacama","nom_prov":"Huasco","nom_com":"Freirina","sector":"Chañaral de Aceituno","cine_reg":"03","cine_prov":"033","cine_com":"03303"},"geometry":{"type":"LineString","coordinates":[[-71.49061,-29.07637],[-71.48875,-29.07642],[-71.48765,-29.07587],[-71.48154,-29.07522],[-71.48016,-29.07439]]}},
{"type":"Feature","properties":{"nom_reg":"Atacama","nom_prov":"Huasco","nom_com":"Freirina","sector":"Chañaral de Aceituno","cine_reg":"03","cine_prov":"033","cine_com":"03303"},"geometry":{"type":"LineString","coordinates":[[-71.49062,-29.07774],[-71.4892,-29.07753],[-71.48625,-29.07785],[-71.48345,-29.07862],[-71.47995,-29.07988]]}},
{"type":"Feature","properties":{"nom_reg":"Atacama","nom_prov":"Huasco","nom_com":"Freirina","sector":"Chañaral de Aceituno","cine_reg":"03","cine_prov":"033","cine_com":"03303"},"geometry":{"type":"LineString","coordinates":[[-71.49044,-29.07488],[-71.48841,-29.07515],[-71.48834,-29.07421],[-71.48806,-29.07417],[-71.48596,-29.07449],[-71.48444,-29.07231],[-71.48363,-29.07233]]}},
{"type":"Feature","properties":{"nom_reg":"Los Ríos","nom_prov":"Valdivia","nom_com":"Corral","sector":"Caleta San Juan","cine_reg":"14","cine_prov":"141","cine_com":"14102"},"geometry":{"type":"LineString","coordinates":[[-73.41354,-39.93314],[-73.413,-39.93338],[-73.41343,-39.93411],[-73.41316,-39.93383],[-73.41286,-39.93384],[-73.41286,-39.93402]]}},
{"type":"Feature","properties":{"nom_reg":"Los Ríos","nom_prov":"Valdivia","nom_com":"Corral","sector":"Sector Catrilelfu","cine_reg":"14","cine_prov":"141","cine_com":"14102"},"geometry":{"type":"LineString","coordinates":[[-73.40031,-39.95286],[-73.40092,-39.95377],[-73.40138,-39.95412],[-73.40235,-39.95433]]}},
{"type":"Feature","properties":{"nom_reg":"Los Ríos","nom_prov":"Valdivia","nom_com":"Corral","sector":"Huiro","cine_reg":"14","cine_prov":"141","cine_com":"14102"},"geometry":{"type":"LineString","coordinates":[[-73.66783,-39.96474],[-73.66794,-39.96509],[-73.66734,-39.96579],[-73.66729,-39.96654],[-73.66753,-39.9668],[-73.66712,-39.96763],[-73.66628,-39.96714],[-73.66525,-39.96724],[-73.66426,-39.968],[-73.66243,-39.96773],[-73.66137,-39.96896],[-73.6611,-39.96904]]}},
{"type":"Feature","properties":{"nom_reg":"Los Ríos","nom_prov":"Valdivia","nom_com":"Corral","sector":"Huiro","cine_reg":"14","cine_prov":"141","cine_com":"14102"},"geometry":{"type":"LineString","coordinates":[[-73.65906,-39.9622],[-73.65869,-39.96274],[-73.65954,-39.96353],[-73.65962,-39.96387],[-73.65835,-39.96373],[-73.65783,-39.96524],[-73.65685,-39.96509],[-73.65613,-39.96476],[-73.6565,-39.96445]]}},
{"type":"Feature","properties":{"nom_reg":"Los Ríos","nom_prov":"Valdivia","nom_com":"Corral","sector":"Huape","cine_reg":"14","cine_prov":"141","cine_com":"14102"},"geometry":{"type":"LineString","coordinates":[[-73.53438,-39.92388],[-73.5343,-39.9243],[-73.53387,-39.92476],[-73.53318,-39.92525],[-73.53216,-39.92567],[-73.53138,-39.92651]]}},
{"type":"Feature","properties":{"nom_reg":"Los Ríos","nom_prov":"Valdivia","nom_com":"Corral","sector":"Huape","cine_reg":"14","cine_prov":"141","cine_com":"14102"},"geometry":{"type":"LineString","coordinates":[[-73.52762,-39.91876],[-73.52688,-39.91974],[-73.52535,-39.91945],[-73.52337,-39.91846]]}},
{"type":"Feature","properties":{"nom_reg":"Los Ríos","nom_prov":"Valdivia","nom_com":"Corral","sector":"Huape","cine_reg":"14","cine_prov":"141","cine_com":"14102"},"geometry":{"type":"LineString","coordinates":[[-73.51228,-39.91406],[-73.51215,-39.91442],[-73.51223,-39.91524],[-73.51175,-39.91501],[-73.5106,-39.91508],[-73.51015,-39.91532],[-73.51056,-39.91628],[-73.5107,-39.91737],[-73.51024,-39.91766]]}},
{"type":"Feature","properties":{"nom_reg":"Los Ríos","nom_prov":"Valdivia","nom_com":"Corral","sector":"Chaihuin","cine_reg":"14","cine_prov":"141","cine_com":"14102"},"geometry":{"type":"LineString","coordinates":[[-73.5781,-39.94379],[-73.57831,-39.94367],[-73.57828,-39.94335],[-73.57753,-39.94345],[-73.57741,-39.94298]]}},
{"type":"Feature","properties":{"nom_reg":"Los Ríos","nom_prov":"Valdivia","nom_com":"Corral","sector":"Los Liles","cine_reg":"14","cine_prov":"141","cine_com":"14102"},"geometry":{"type":"LineString","coordinates":[[-73.47317,-39.87206],[-73.47172,-39.86922],[-73.46976,-39.86839]]}},
{"type":"Feature","properties":{"nom_reg":"Los Ríos","nom_prov":"Valdivia","nom_com":"Corral","sector":"Amargos","cine_reg":"14","cine_prov":"141","cine_com":"14102"},"geometry":{"type":"LineString","coordinates":[[-73.42689,-39.8754],[-73.42608,-39.87449],[-73.42526,-39.87415],[-73.42522,-39.87357],[-73.42549,-39.87363],[-73.42681,-39.87324],[-73.4271,-39.87292]]}},
{"type":"Feature","properties":{"nom_reg":"Los Ríos","nom_prov":"Valdivia","nom_com":"Corral","sector":"Chaihuin","cine_reg":"14","cine_prov":"141","cine_com":"14102"},"geometry":{"type":"LineString","coordinates":[[-73.57615,-39.94443],[-73.57531,-39.94424],[-73.57528,-39.94384],[-73.57478,-39.94352]]}},
{"type":"Feature","properties":{"nom_reg":"Los Ríos","nom_prov":"Valdivia","nom_com":"Corral","sector":"Isla Mancera","cine_reg":"14","cine_prov":"141","cine_com":"14102"},"geometry":{"type":"LineString","coordinates":[[-73.39254,-39.89346],[-73.39283,-39.89336],[-73.39286,-39.89312]]}},
{"type":"Feature","properties":{"nom_reg":"Los Ríos","nom_prov":"Valdivia","nom_com":"Corral","sector":"Corral","cine_reg":"14","cine_prov":"141","cine_com":"14102"},"geometry":{"type":"LineString","coordinates":[[-73.43473,-39.89011],[-73.43494,-39.89053],[-73.43659,-39.89113],[-73.43669,-39.89097],[-73.43618,-39.89054]]}},
{"type":"Feature","properties":{"nom_reg":"Los Ríos","nom_prov":"Valdivia","nom_com":"Corral","sector":"Corral","cine_reg":"14","cine_prov":"141","cine_com":"14102"},"geometry":{"type":"LineString","coordinates":[[-73.42508,-39.89097],[-73.42555,-39.89127],[-73.4251,-39.89163],[-73.42526,-39.89181],[-73.42473,-39.89199],[-73.42468,-39.8922]]}},
{"type":"Feature","properties":{"nom_reg":"Los Ríos","nom_prov":"Valdivia","nom_com":"Corral","sector":"Chaihuin","cine_reg":"14","cine_prov":"141","cine_com":"14102"},"geometry":{"type":"LineString","coordinates":[[-73.58875,-39.9387],[-73.58598,-39.9392],[-73.5858,-39.93855],[-73.58481,-39.93807]]}},
{"type":"Feature","properties":{"nom_reg":"Los Ríos","nom_prov":"Valdivia","nom_com":"Corral","sector":"Corral","cine_reg":"14","cine_prov":"141","cine_com":"14102"},"geometry":{"type":"LineString","coordinates":[[-73.42691,-39.88943],[-73.428,-39.89017],[-73.42812,-39.89043]]}},
{"type":"Feature","properties":{"nom_reg":"Los Ríos","nom_prov":"Valdivia","nom_com":"Corral","sector":"Corral","cine_reg":"14","cine_prov":"141","cine_com":"14102"},"geometry":{"type":"LineString","coordinates":[[-73.42195,-39.89831],[-73.42206,-39.89919],[-73.42258,-39.9004],[-73.42253,-39.8999],[-73.42288,-39.89951]]}},
{"type":"Feature","properties":{"nom_reg":"Los Ríos","nom_prov":"Valdivia","nom_com":"Valdivia","sector":"Los Molinos-Niebla","cine_reg":"14","cine_prov":"141","cine_com":"14101"},"geometry":{"type":"LineString","coordinates":[[-73.38077,-39.87046],[-73.38103,-39.87012],[-73.3822,-39.87053]]}},
{"type":"Feature","properties":{"nom_reg":"Los Ríos","nom_prov":"Valdivia","nom_com":"Valdivia","sector":"Pilolcura","cine_reg":"14","cine_prov":"141","cine_com":"14101"},"geometry":{"type":"LineString","coordinates":[[-73.34871,-39.66822],[-73.34678,-39.66864],[-73.34634,-39.66843],[-73.34565,-39.6685],[-73.34342,-39.66933]]}},
{"type":"Feature","properties":{"nom_reg":"Los Ríos","nom_prov":"Valdivia","nom_com":"Valdivia","sector":"Los Molinos-Niebla","cine_reg":"14","cine_prov":"141","cine_com":"14101"},"geometry":{"type":"LineString","coordinates":[[-73.37567,-39.86773],[-73.37298,-39.86617],[-73.3723,-39.86559],[-73.37291,-39.86551],[-73.37353,-39.86582],[-73.37421,-39.86591],[-73.37457,-39.86541],[-73.37515,-39.86556]]}},
{"type":"Feature","properties":{"nom_reg":"Los Ríos","nom_prov":"Valdivia","nom_com":"Valdivia","sector":"Los Molinos-Niebla","cine_reg":"14","cine_prov":"141","cine_com":"14101"},"geometry":{"type":"LineString","coordinates":[[-73.37369,-39.8665],[-73.37468,-39.86675],[-73.37537,-39.86615]]}},
{"type":"Feature","properties":{"nom_reg":"Los Ríos","nom_prov":"Valdivia","nom_com":"Valdivia","sector":"Los Molinos-Niebla","cine_reg":"14","cine_prov":"141","cine_com":"14101"},"geometry":{"type":"LineString","coordinates":[[-73.39492,-39.84491],[-73.39417,-39.84478],[-73.39258,-39.84565]]}},
{"type":"Feature","properties":{"nom_reg":"Los Ríos","nom_prov":"Valdivia","nom_com":"Valdivia","sector":"Curiñanco","cine_reg":"14","cine_prov":"141","cine_com":"14101"},"geometry":{"type":"LineString","coordinates":[[-73.38716,-39.74101],[-73.3879,-39.73823],[-73.38541,-39.73798],[-73.38519,-39.73834],[-73.38333,-39.73846],[-73.38103,-39.73828],[-73.37973,-39.738],[-73.37806,-39.73692]]}},
{"type":"Feature","properties":{"nom_reg":"Los Ríos","nom_prov":"Valdivia","nom_com":"Valdivia","sector":"Los Molinos-Niebla","cine_reg":"14","cine_prov":"141","cine_com":"14101"},"geometry":{"type":"LineString","coordinates":[[-73.39316,-39.8461],[-73.39235,-39.84587],[-73.3925,-39.84566],[-73.39154,-39.84584]]}},
{"type":"Feature","properties":{"nom_reg":"Los Ríos","nom_prov":"Valdivia","nom_com":"Valdivia","sector":"Pilolcura","cine_reg":"14","cine_prov":"141","cine_com":"14101"},"geometry":{"type":"LineString","coordinates":[[-73.35058,-39.67139],[-73.35095,-39.67205],[-73.35212,-39.67257],[-73.35221,-39.67388],[-73.35187,-39.67463]]}},
{"type":"Feature","properties":{"nom_reg":"Los Ríos","nom_prov":"Valdivia","nom_com":"Valdivia","sector":"Pilolcura","cine_reg":"14","cine_prov":"141","cine_com":"14101"},"geometry":{"type":"LineString","coordinates":[[-73.34973,-39.66993],[-73.34722,-39.66924],[-73.34633,-39.6704]]}},
{"type":"Feature","properties":{"nom_reg":"Los Ríos","nom_prov":"Valdivia","nom_com":"Valdivia","sector":"Curiñanco","cine_reg":"14","cine_prov":"141","cine_com":"14101"},"geometry":{"type":"LineString","coordinates":[[-73.39262,-39.72899],[-73.39047,-39.73148],[-73.39026,-39.73219]]}},
{"type":"Feature","properties":{"nom_reg":"Los Ríos","nom_prov":"Valdivia","nom_com":"Valdivia","sector":"Curiñanco","cine_reg":"14","cine_prov":"141","cine_com":"14101"},"geometry":{"type":"LineString","coordinates":[[-73.38898,-39.76003],[-73.38842,-39.76033],[-73.38849,-39.76167],[-73.388,-39.76163]]}},
{"type":"Feature","properties":{"nom_reg":"Los Ríos","nom_prov":"Valdivia","nom_com":"Valdivia","sector":"Curiñanco","cine_reg":"14","cine_prov":"141","cine_com":"14101"},"geometry":{"type":"LineString","coordinates":[[-73.39483,-39.72598],[-73.3942,-39.72596],[-73.39364,-39.72685],[-73.39183,-39.72677],[-73.3916,-39.72662],[-73.39157,-39.72633],[-73.38838,-39.72644],[-73.38805,-39.72621]]}},
{"type":"Feature","properties":{"nom_reg":"Los Ríos","nom_prov":"Valdivia","nom_com":"Valdivia","sector":"Curiñanco","cine_reg":"14","cine_prov":"141","cine_com":"14101"},"geometry":{"type":"LineString","coordinates":[[-73.40435,-39.71973],[-73.40425,-39.71986],[-73.4038,-39.71984],[-73.40327,-39.71911]]}},
{"type":"Feature","properties":{"nom_reg":"Los Ríos","nom_prov":"Valdivia","nom_com":"Valdivia","sector":"Curiñanco","cine_reg":"14","cine_prov":"141","cine_com":"14101"},"geometry":{"type":"LineString","coordinates":[[-73.39189,-39.73432],[-73.38986,-39.73405],[-73.39026,-39.73224],[-73.3851,-39.73165]]}},
{"type":"Feature","properties":{"nom_reg":"Los Ríos","nom_prov":"Valdivia","nom_com":"Valdivia","sector":"Curiñanco","cine_reg":"14","cine_prov":"141","cine_com":"14101"},"geometry":{"type":"LineString","coordinates":[[-73.38683,-39.74232],[-73.38618,-39.74389],[-73.38549,-39.74494],[-73.38396,-39.74493],[-73.38283,-39.74455],[-73.38067,-39.74462],[-73.38027,-39.74438],[-73.38056,-39.74364]]}},
{"type":"Feature","properties":{"nom_reg":"Los Ríos","nom_prov":"Valdivia","nom_com":"Valdivia","sector":"Los Molinos-Niebla","cine_reg":"14","cine_prov":"141","cine_com":"14101"},"geometry":{"type":"LineString","coordinates":[[-73.39805,-39.86654],[-73.39616,-39.86582],[-73.39399,-39.86475],[-73.39408,-39.8652],[-73.39295,-39.86548],[-73.39303,-39.8656],[-73.39168,-39.86607]]}},
{"type":"Feature","properties":{"nom_reg":"Los Ríos","nom_prov":"Valdivia","nom_com":"Valdivia","sector":"Los Molinos-Niebla","cine_reg":"14","cine_prov":"141","cine_com":"14101"},"geometry":{"type":"LineString","coordinates":[[-73.3839,-39.87325],[-73.38412,-39.87293],[-73.38354,-39.87159],[-73.38239,-39.87056],[-73.38281,-39.87055],[-73.38355,-39.87096]]}},
{"type":"Feature","properties":{"nom_reg":"Los Ríos","nom_prov":"Valdivia","nom_com":"Valdivia","sector":"Los Molinos-Niebla","cine_reg":"14","cine_prov":"141","cine_com":"14101"},"geometry":{"type":"LineString","coordinates":[[-73.3868,-39.87598],[-73.38692,-39.87565],[-73.38825,-39.87544],[-73.38871,-39.8752],[-73.38971,-39.87404],[-73.39009,-39.87386],[-73.39002,-39.87349]]}},
{"type":"Feature","properties":{"nom_reg":"Los Ríos","nom_prov":"Valdivia","nom_com":"Valdivia","sector":"Los Molinos-Niebla","cine_reg":"14","cine_prov":"141","cine_com":"14101"},"geometry":{"type":"LineString","coordinates":[[-73.39324,-39.8749],[-73.39376,-39.8746],[-73.39375,-39.87419],[-73.39405,-39.87393],[-73.39538,-39.87399],[-73.395,-39.87323],[-73.39516,-39.87277]]}},
{"type":"Feature","properties":{"nom_reg":"Los Ríos","nom_prov":"Valdivia","nom_com":"Valdivia","sector":"Los Molinos-Niebla","cine_reg":"14","cine_prov":"141","cine_com":"14101"},"geometry":{"type":"LineString","coordinates":[[-73.40055,-39.87074],[-73.39675,-39.86962],[-73.39603,-39.86951],[-73.39532,-39.86968],[-73.39504,-39.8703],[-73.39511,-39.87208]]}},
{"type":"Feature","properties":{"nom_reg":"Los Ríos","nom_prov":"Valdivia","nom_com":"Valdivia","sector":"Los Molinos-Niebla","cine_reg":"14","cine_prov":"141","cine_com":"14101"},"geometry":{"type":"LineString","coordinates":[[-73.39493,-39.86298],[-73.39321,-39.86374],[-73.39242,-39.86257],[-73.39287,-39.86074]]}},
{"type":"Feature","properties":{"nom_reg":"Los Ríos","nom_prov":"Valdivia","nom_com":"Valdivia","sector":"Los Molinos-Niebla","cine_reg":"14","cine_prov":"141","cine_com":"14101"},"geometry":{"type":"LineString","coordinates":[[-73.39172,-39.85827],[-73.3918,-39.85839],[-73.39161,-39.85849],[-73.39175,-39.8587],[-73.39157,-39.85914],[-73.39238,-39.86027]]}},
{"type":"Feature","properties":{"nom_reg":"Los Ríos","nom_prov":"Valdivia","nom_com":"Mariquina","sector":"Queule","cine_reg":"14","cine_prov":"141","cine_com":"14106"},"geometry":{"type":"LineString","coordinates":[[-73.22858,-39.39381],[-73.22859,-39.39345],[-73.22826,-39.39327],[-73.22815,-39.39288],[-73.22792,-39.39266],[-73.2275,-39.39258]]}},
{"type":"Feature","properties":{"nom_reg":"Los Ríos","nom_prov":"Valdivia","nom_com":"Mariquina","sector":"Chan Chan","cine_reg":"14","cine_prov":"141","cine_com":"14106"},"geometry":{"type":"LineString","coordinates":[[-73.25233,-39.53847],[-73.25174,-39.53957],[-73.25181,-39.54139],[-73.25142,-39.54198],[-73.25015,-39.54242]]}},
{"type":"Feature","properties":{"nom_reg":"Los Ríos","nom_prov":"Valdivia","nom_com":"Mariquina","sector":"Chan Chan","cine_reg":"14","cine_prov":"141","cine_com":"14106"},"geometry":{"type":"LineString","coordinates":[[-73.24189,-39.53878],[-73.24067,-39.53839],[-73.24045,-39.53779],[-73.23988,-39.53705],[-73.23987,-39.53652]]}},
{"type":"Feature","properties":{"nom_reg":"Los Ríos","nom_prov":"Valdivia","nom_com":"Mariquina","sector":"Chan Chan","cine_reg":"14","cine_prov":"141","cine_com":"14106"},"geometry":{"type":"LineString","coordinates":[[-73.24341,-39.50584],[-73.24335,-39.50659],[-73.24396,-39.50899],[-73.24392,-39.50986],[-73.24374,-39.51029],[-73.24349,-39.51059],[-73.24256,-39.51061],[-73.24234,-39.51029],[-73.24237,-39.50996],[-73.24216,-39.50993],[-73.24134,-39.51061],[-73.24031,-39.51103]]}},
{"type":"Feature","properties":{"nom_reg":"Los Ríos","nom_prov":"Valdivia","nom_com":"Mariquina","sector":"Mehuin-Pichicullin","cine_reg":"14","cine_prov":"141","cine_com":"14106"},"geometry":{"type":"LineString","coordinates":[[-73.21527,-39.42225],[-73.21482,-39.42225],[-73.21459,-39.42196],[-73.21424,-39.42195],[-73.21446,-39.42265]]}},
{"type":"Feature","properties":{"nom_reg":"Los Ríos","nom_prov":"Valdivia","nom_com":"Mariquina","sector":"Cheuque","cine_reg":"14","cine_prov":"141","cine_com":"14106"},"geometry":{"type":"LineString","coordinates":[[-73.22034,-39.40507],[-73.22001,-39.40475],[-73.2201,-39.40395],[-73.21984,-39.40347],[-73.21856,-39.4033],[-73.21758,-39.40357]]}},
{"type":"Feature","properties":{"nom_reg":"Los Ríos","nom_prov":"Valdivia","nom_com":"Mariquina","sector":"Mehuin-Mississipi","cine_reg":"14","cine_prov":"141","cine_com":"14106"},"geometry":{"type":"LineString","coordinates":[[-73.21498,-39.43193],[-73.2129,-39.43197],[-73.21214,-39.43127],[-73.21083,-39.43116],[-73.21091,-39.43089],[-73.21069,-39.43085]]}},
{"type":"Feature","properties":{"nom_reg":"Los Ríos","nom_prov":"Valdivia","nom_com":"Mariquina","sector":"Mehuin-Mississipi","cine_reg":"14","cine_prov":"141","cine_com":"14106"},"geometry":{"type":"LineString","coordinates":[[-73.20679,-39.43781],[-73.20659,-39.43695],[-73.20601,-39.43634],[-73.20613,-39.43593],[-73.20601,-39.43535],[-73.20519,-39.43547],[-73.20518,-39.43456],[-73.20488,-39.43453]]}},
{"type":"Feature","properties":{"nom_reg":"Los Ríos","nom_prov":"Valdivia","nom_com":"Corral","sector":"Isla Mancera","cine_reg":"14","cine_prov":"141","cine_com":"14102"},"geometry":{"type":"LineString","coordinates":[[-73.38898,-39.89361],[-73.38921,-39.89377],[-73.39022,-39.89373],[-73.39138,-39.89259],[-73.39102,-39.89135],[-73.39177,-39.89101],[-73.39233,-39.89101]]}},
{"type":"Feature","properties":{"nom_reg":"Los Ríos","nom_prov":"Valdivia","nom_com":"Corral","sector":"Corral","cine_reg":"14","cine_prov":"141","cine_com":"14102"},"geometry":{"type":"LineString","coordinates":[[-73.43364,-39.88925],[-73.43178,-39.89044],[-73.43148,-39.8908]]}},
{"type":"Feature","properties":{"nom_reg":"Los Ríos","nom_prov":"Valdivia","nom_com":"Mariquina","sector":"Mehuin-Mississipi","cine_reg":"14","cine_prov":"141","cine_com":"14106"},"geometry":{"type":"LineString","coordinates":[[-73.21158,-39.43756],[-73.21134,-39.43761],[-73.21111,-39.4369],[-73.21115,-39.43588],[-73.21025,-39.4357],[-73.20853,-39.43484]]}},
{"type":"Feature","properties":{"nom_reg":"Los Ríos","nom_prov":"Valdivia","nom_com":"Corral","sector":"Huiro","cine_reg":"14","cine_prov":"141","cine_com":"14102"},"geometry":{"type":"LineString","coordinates":[[-73.64226,-39.95754],[-73.64158,-39.95724],[-73.64102,-39.95739],[-73.64018,-39.9581],[-73.64027,-39.95879],[-73.63908,-39.9598]]}},
{"type":"Feature","properties":{"nom_reg":"Los Ríos","nom_prov":"Valdivia","nom_com":"Mariquina","sector":"Mehuin-Mississipi","cine_reg":"14","cine_prov":"141","cine_com":"14106"},"geometry":{"type":"LineString","coordinates":[[-73.21882,-39.44672],[-73.21893,-39.44748],[-73.21813,-39.44755],[-73.21729,-39.4481],[-73.21592,-39.44834]]}},
{"type":"Feature","properties":{"nom_reg":"Los Ríos","nom_prov":"Valdivia","nom_com":"Corral","sector":"Isla Mancera","cine_reg":"14","cine_prov":"141","cine_com":"14102"},"geometry":{"type":"LineString","coordinates":[[-73.39105,-39.88839],[-73.39062,-39.88862],[-73.39037,-39.8893],[-73.39043,-39.88956],[-73.39115,-39.89033],[-73.39101,-39.89129]]}},
{"type":"Feature","properties":{"nom_reg":"Los Ríos","nom_prov":"Valdivia","nom_com":"Corral","sector":"Chaihuin","cine_reg":"14","cine_prov":"141","cine_com":"14102"},"geometry":{"type":"LineString","coordinates":[[-73.57448,-39.949],[-73.57199,-39.94843],[-73.57169,-39.94809],[-73.57144,-39.94804]]}},
{"type":"Feature","properties":{"nom_reg":"Los Ríos","nom_prov":"Valdivia","nom_com":"Valdivia","sector":"Los Molinos-Niebla","cine_reg":"14","cine_prov":"141","cine_com":"14101"},"geometry":{"type":"LineString","coordinates":[[-73.3909,-39.85059],[-73.39076,-39.85141],[-73.39053,-39.85179],[-73.39025,-39.85119]]}},
{"type":"Feature","properties":{"nom_reg":"Los Ríos","nom_prov":"Valdivia","nom_com":"Valdivia","sector":"San Ignacio","cine_reg":"14","cine_prov":"141","cine_com":"14101"},"geometry":{"type":"LineString","coordinates":[[-73.40416,-39.8325],[-73.40479,-39.83226],[-73.40338,-39.8319],[-73.40342,-39.831],[-73.40272,-39.83059],[-73.40218,-39.8305]]}},
{"type":"Feature","properties":{"nom_reg":"Los Ríos","nom_prov":"Valdivia","nom_com":"Valdivia","sector":"San Ignacio","cine_reg":"14","cine_prov":"141","cine_com":"14101"},"geometry":{"type":"LineString","coordinates":[[-73.4012,-39.83622],[-73.4009,-39.83635],[-73.4006,-39.8368],[-73.39997,-39.83638],[-73.39957,-39.83637]]}},
{"type":"Feature","properties":{"nom_reg":"Los Ríos","nom_prov":"Valdivia","nom_com":"Valdivia","sector":"San Ignacio","cine_reg":"14","cine_prov":"141","cine_com":"14101"},"geometry":{"type":"LineString","coordinates":[[-73.40134,-39.83806],[-73.39985,-39.83836],[-73.39957,-39.83798],[-73.39941,-39.83862]]}},
{"type":"Feature","properties":{"nom_reg":"Los Ríos","nom_prov":"Ranco","nom_com":"La Unión","sector":"Hueicolla","cine_reg":"14","cine_prov":"142","cine_com":"14201"},"geometry":{"type":"LineString","coordinates":[[-73.66078,-40.15995],[-73.66009,-40.16014],[-73.65946,-40.16072]]}},
{"type":"Feature","properties":{"nom_reg":"Los Ríos","nom_prov":"Ranco","nom_com":"La Unión","sector":"Hueicolla","cine_reg":"14","cine_prov":"142","cine_com":"14201"},"geometry":{"type":"LineString","coordinates":[[-73.65741,-40.15798],[-73.65765,-40.15838],[-73.65847,-40.1587],[-73.65873,-40.15901],[-73.65876,-40.15923],[-73.65836,-40.15916],[-73.6578,-40.15956]]}},
{"type":"Feature","properties":{"nom_reg":"Los Ríos","nom_prov":"Valdivia","nom_com":"Valdivia","sector":"Curiñanco","cine_reg":"14","cine_prov":"141","cine_com":"14101"},"geometry":{"type":"LineString","coordinates":[[-73.38959,-39.7565],[-73.38938,-39.75732],[-73.3893,-39.75717],[-73.38885,-39.75733],[-73.3888,-39.75705],[-73.38813,-39.75706]]}},
{"type":"Feature","properties":{"nom_reg":"Los Ríos","nom_prov":"Valdivia","nom_com":"Corral","sector":"Corral","cine_reg":"14","cine_prov":"141","cine_com":"14102"},"geometry":{"type":"LineString","coordinates":[[-73.42955,-39.88417],[-73.42833,-39.8829],[-73.42779,-39.88254]]}},
{"type":"Feature","properties":{"nom_reg":"Los Ríos","nom_prov":"Valdivia","nom_com":"Corral","sector":"Corral","cine_reg":"14","cine_prov":"141","cine_com":"14102"},"geometry":{"type":"LineString","coordinates":[[-73.42118,-39.89748],[-73.42119,-39.89804],[-73.42138,-39.89838],[-73.42124,-39.89888]]}},
{"type":"Feature","properties":{"nom_reg":"Los Ríos","nom_prov":"Valdivia","nom_com":"Corral","sector":"Corral","cine_reg":"14","cine_prov":"141","cine_com":"14102"},"geometry":{"type":"LineString","coordinates":[[-73.42662,-39.88958],[-73.42753,-39.89055]]}},
{"type":"Feature","properties":{"nom_reg":"Los Ríos","nom_prov":"Valdivia","nom_com":"Corral","sector":"Corral","cine_reg":"14","cine_prov":"141","cine_com":"14102"},"geometry":{"type":"LineString","coordinates":[[-73.42912,-39.88744],[-73.42842,-39.88806],[-73.42805,-39.88813],[-73.42859,-39.88857],[-73.42841,-39.88897]]}},
{"type":"Feature","properties":{"nom_reg":"Los Ríos","nom_prov":"Valdivia","nom_com":"Corral","sector":"Corral","cine_reg":"14","cine_prov":"141","cine_com":"14102"},"geometry":{"type":"LineString","coordinates":[[-73.42856,-39.88382],[-73.42771,-39.88323],[-73.42687,-39.88295],[-73.42652,-39.88264],[-73.42657,-39.88248]]}},
{"type":"Feature","properties":{"nom_reg":"Los Ríos","nom_prov":"Valdivia","nom_com":"Corral","sector":"Corral","cine_reg":"14","cine_prov":"141","cine_com":"14102"},"geometry":{"type":"LineString","coordinates":[[-73.4248,-39.88229],[-73.42492,-39.88217],[-73.42461,-39.88143],[-73.42478,-39.88126]]}},
{"type":"Feature","properties":{"nom_reg":"Los Ríos","nom_prov":"Valdivia","nom_com":"Corral","sector":"San Carlos","cine_reg":"14","cine_prov":"141","cine_com":"14102"},"geometry":{"type":"LineString","coordinates":[[-73.43741,-39.86313],[-73.43737,-39.86436],[-73.43754,-39.86442]]}},
{"type":"Feature","properties":{"nom_reg":"Los Ríos","nom_prov":"Valdivia","nom_com":"Corral","sector":"San Carlos","cine_reg":"14","cine_prov":"141","cine_com":"14102"},"geometry":{"type":"LineString","coordinates":[[-73.43412,-39.86246],[-73.43366,-39.8624],[-73.43348,-39.8629],[-73.43277,-39.86347],[-73.43296,-39.86358]]}},
{"type":"Feature","properties":{"nom_reg":"Los Ríos","nom_prov":"Valdivia","nom_com":"Corral","sector":"Corral","cine_reg":"14","cine_prov":"141","cine_com":"14102"},"geometry":{"type":"LineString","coordinates":[[-73.43319,-39.88792],[-73.43382,-39.88736],[-73.43445,-39.88769],[-73.43476,-39.88749],[-73.43456,-39.88703]]}},
{"type":"Feature","properties":{"nom_reg":"Los Ríos","nom_prov":"Valdivia","nom_com":"Corral","sector":"Corral","cine_reg":"14","cine_prov":"141","cine_com":"14102"},"geometry":{"type":"LineString","coordinates":[[-73.43073,-39.88507],[-73.43104,-39.88481],[-73.43101,-39.88433],[-73.4307,-39.88434],[-73.4302,-39.88391]]}},
{"type":"Feature","properties":{"nom_reg":"Los Ríos","nom_prov":"Valdivia","nom_com":"Corral","sector":"Corral","cine_reg":"14","cine_prov":"141","cine_com":"14102"},"geometry":{"type":"LineString","coordinates":[[-73.43137,-39.88605],[-73.43173,-39.88543],[-73.4322,-39.88525],[-73.43247,-39.88472]]}},
{"type":"Feature","properties":{"nom_reg":"Los Ríos","nom_prov":"Valdivia","nom_com":"Corral","sector":"Corral","cine_reg":"14","cine_prov":"141","cine_com":"14102"},"geometry":{"type":"LineString","coordinates":[[-73.432,-39.88883],[-73.4319,-39.88909],[-73.43136,-39.88917],[-73.43081,-39.88994]]}},
{"type":"Feature","properties":{"nom_reg":"Los Ríos","nom_prov":"Valdivia","nom_com":"Corral","sector":"Corral","cine_reg":"14","cine_prov":"141","cine_com":"14102"},"geometry":{"type":"LineString","coordinates":[[-73.41961,-39.89592],[-73.41972,-39.8966],[-73.42068,-39.89788],[-73.42047,-39.89858]]}},
{"type":"Feature","properties":{"nom_reg":"Los Ríos","nom_prov":"Valdivia","nom_com":"Valdivia","sector":"Caleta Bonifacio","cine_reg":"14","cine_prov":"141","cine_com":"14101"},"geometry":{"type":"LineString","coordinates":[[-73.38211,-39.69381],[-73.38246,-39.69406],[-73.3825,-39.69432],[-73.38194,-39.69466]]}},
{"type":"Feature","properties":{"nom_reg":"Los Ríos","nom_prov":"Valdivia","nom_com":"Mariquina","sector":"Mehuin-Mississipi","cine_reg":"14","cine_prov":"141","cine_com":"14106"},"geometry":{"type":"LineString","coordinates":[[-73.22474,-39.44844],[-73.22555,-39.44884],[-73.2265,-39.44828],[-73.22678,-39.44786],[-73.22698,-39.44787]]}},
{"type":"Feature","properties":{"nom_reg":"Los Ríos","nom_prov":"Valdivia","nom_com":"Mariquina","sector":"Mehuin-Mississipi","cine_reg":"14","cine_prov":"141","cine_com":"14106"},"geometry":{"type":"LineString","coordinates":[[-73.22445,-39.44865],[-73.22386,-39.44954],[-73.22466,-39.45022],[-73.22495,-39.4507]]}},
{"type":"Feature","properties":{"nom_reg":"Los Ríos","nom_prov":"Valdivia","nom_com":"Corral","sector":"Isla del Rey","cine_reg":"14","cine_prov":"141","cine_com":"14102"},"geometry":{"type":"LineString","coordinates":[[-73.37083,-39.87515],[-73.37002,-39.87657],[-73.36841,-39.87791]]}},
{"type":"Feature","properties":{"nom_reg":"Los Ríos","nom_prov":"Valdivia","nom_com":"Corral","sector":"Isla del Rey","cine_reg":"14","cine_prov":"141","cine_com":"14102"},"geometry":{"type":"LineString","coordinates":[[-73.36882,-39.88407],[-73.36795,-39.88326],[-73.36851,-39.88293],[-73.36926,-39.88168],[-73.36726,-39.88208],[-73.36644,-39.88178]]}},
{"type":"Feature","properties":{"nom_reg":"Los Ríos","nom_prov":"Valdivia","nom_com":"Corral","sector":"Isla del Rey","cine_reg":"14","cine_prov":"141","cine_com":"14102"},"geometry":{"type":"LineString","coordinates":[[-73.36643,-39.88427],[-73.36511,-39.88542],[-73.36408,-39.88542],[-73.36372,-39.88539],[-73.36351,-39.88494],[-73.36264,-39.8846],[-73.36212,-39.88412],[-73.36184,-39.88428],[-73.36097,-39.88404]]}},
{"type":"Feature","properties":{"nom_reg":"Los Ríos","nom_prov":"Valdivia","nom_com":"Corral","sector":"Isla del Rey","cine_reg":"14","cine_prov":"141","cine_com":"14102"},"geometry":{"type":"LineString","coordinates":[[-73.35509,-39.88983],[-73.35403,-39.88909],[-73.35258,-39.88837],[-73.3523,-39.88809],[-73.3526,-39.88788],[-73.35256,-39.88769],[-73.35147,-39.88726]]}},
{"type":"Feature","properties":{"nom_reg":"Los Ríos","nom_prov":"Valdivia","nom_com":"Corral","sector":"Isla del Rey","cine_reg":"14","cine_prov":"141","cine_com":"14102"},"geometry":{"type":"LineString","coordinates":[[-73.35029,-39.89212],[-73.34966,-39.89163],[-73.3478,-39.89126],[-73.34774,-39.89151],[-73.34701,-39.89165],[-73.34702,-39.89235],[-73.34669,-39.8926],[-73.34535,-39.89248]]}},
{"type":"Feature","properties":{"nom_reg":"Los Ríos","nom_prov":"Valdivia","nom_com":"Corral","sector":"Amargos","cine_reg":"14","cine_prov":"141","cine_com":"14102"},"geometry":{"type":"LineString","coordinates":[[-73.43166,-39.86653],[-73.43209,-39.86667]]}},
{"type":"Feature","properties":{"nom_reg":"Los Ríos","nom_prov":"Valdivia","nom_com":"Corral","sector":"Amargos","cine_reg":"14","cine_prov":"141","cine_com":"14102"},"geometry":{"type":"LineString","coordinates":[[-73.4263,-39.87002],[-73.42706,-39.87022]]}},
{"type":"Feature","properties":{"nom_reg":"Los Ríos","nom_prov":"Valdivia","nom_com":"Corral","sector":"Amargos","cine_reg":"14","cine_prov":"141","cine_com":"14102"},"geometry":{"type":"LineString","coordinates":[[-73.42661,-39.87742],[-73.42635,-39.8779],[-73.42612,-39.87792],[-73.42618,-39.87802],[-73.42862,-39.88018]]}},
{"type":"Feature","properties":{"nom_reg":"Los Ríos","nom_prov":"Valdivia","nom_com":"Valdivia","sector":"Los Molinos-Niebla","cine_reg":"14","cine_prov":"141","cine_com":"14101"},"geometry":{"type":"LineString","coordinates":[[-73.3918,-39.84787],[-73.39127,-39.84777],[-73.39089,-39.8488],[-73.39076,-39.84847],[-73.39025,-39.84877]]}},
{"type":"Feature","properties":{"nom_reg":"Los Ríos","nom_prov":"Valdivia","nom_com":"Corral","sector":"Amargos","cine_reg":"14","cine_prov":"141","cine_com":"14102"},"geometry":{"type":"LineString","coordinates":[[-73.42527,-39.87334],[-73.42559,-39.8721],[-73.42536,-39.87171],[-73.42536,-39.87136],[-73.42576,-39.87152],[-73.42582,-39.87133],[-73.42605,-39.87136]]}},
{"type":"Feature","properties":{"nom_reg":"Los Ríos","nom_prov":"Valdivia","nom_com":"Valdivia","sector":"Los Molinos-Niebla","cine_reg":"14","cine_prov":"141","cine_com":"14101"},"geometry":{"type":"LineString","coordinates":[[-73.39915,-39.84649],[-73.39965,-39.84603],[-73.39929,-39.84526]]}},
{"type":"Feature","properties":{"nom_reg":"Los Ríos","nom_prov":"Valdivia","nom_com":"Corral","sector":"Isla del Rey","cine_reg":"14","cine_prov":"141","cine_com":"14102"},"geometry":{"type":"LineString","coordinates":[[-73.36022,-39.88765],[-73.35983,-39.88744],[-73.35935,-39.88747],[-73.35911,-39.88726],[-73.35914,-39.88638],[-73.35865,-39.88599],[-73.3582,-39.88593],[-73.35703,-39.88539],[-73.35646,-39.88536],[-73.35613,-39.8856],[-73.35574,-39.88551],[-73.35508,-39.88494]]}},
{"type":"Feature","properties":{"nom_reg":"Los Ríos","nom_prov":"Valdivia","nom_com":"Valdivia","sector":"Curiñanco","cine_reg":"14","cine_prov":"141","cine_com":"14101"},"geometry":{"type":"LineString","coordinates":[[-73.39051,-39.75206],[-73.38992,-39.75244],[-73.38955,-39.75232],[-73.38913,-39.75331],[-73.3885,-39.754],[-73.38842,-39.75435],[-73.38767,-39.75372]]}},
{"type":"Feature","properties":{"nom_reg":"Los Ríos","nom_prov":"Valdivia","nom_com":"Corral","sector":"Chaihuin","cine_reg":"14","cine_prov":"141","cine_com":"14102"},"geometry":{"type":"LineString","coordinates":[[-73.58013,-39.95299],[-73.58158,-39.9539],[-73.58222,-39.95465],[-73.58233,-39.95514],[-73.58272,-39.95561],[-73.58332,-39.95572],[-73.58433,-39.95665],[-73.58565,-39.95698],[-73.58507,-39.95733],[-73.58361,-39.95767]]}},
{"type":"Feature","properties":{"nom_reg":"Los Ríos","nom_prov":"Valdivia","nom_com":"Corral","sector":"Chaihuin","cine_reg":"14","cine_prov":"141","cine_com":"14102"},"geometry":{"type":"LineString","coordinates":[[-73.57635,-39.95212],[-73.57634,-39.9528],[-73.57551,-39.95286],[-73.57397,-39.95256],[-73.57386,-39.9523],[-73.57192,-39.9519],[-73.57029,-39.95187]]}},
{"type":"Feature","properties":{"nom_reg":"Los Ríos","nom_prov":"Valdivia","nom_com":"Valdivia","sector":"Curiñanco","cine_reg":"14","cine_prov":"141","cine_com":"14101"},"geometry":{"type":"LineString","coordinates":[[-73.39181,-39.74742],[-73.39173,-39.74763],[-73.39104,-39.74797],[-73.39091,-39.74826],[-73.3906,-39.74808],[-73.3911,-39.74552],[-73.38556,-39.74498]]}},
{"type":"Feature","properties":{"nom_reg":"Los Ríos","nom_prov":"Valdivia","nom_com":"Corral","sector":"Corral","cine_reg":"14","cine_prov":"141","cine_com":"14102"},"geometry":{"type":"LineString","coordinates":[[-73.42496,-39.89132],[-73.42478,-39.89173],[-73.42491,-39.89195]]}},
{"type":"Feature","properties":{"nom_reg":"Los Ríos","nom_prov":"Valdivia","nom_com":"Valdivia","sector":"Los Molinos-Niebla","cine_reg":"14","cine_prov":"141","cine_com":"14101"},"geometry":{"type":"LineString","coordinates":[[-73.39947,-39.87426],[-73.39895,-39.87495],[-73.39864,-39.87512],[-73.39721,-39.87541],[-73.39596,-39.87478],[-73.39539,-39.87398]]}},
{"type":"Feature","properties":{"nom_reg":"Los Ríos","nom_prov":"Valdivia","nom_com":"Corral","sector":"Isla del Rey","cine_reg":"14","cine_prov":"141","cine_com":"14102"},"geometry":{"type":"LineString","coordinates":[[-73.37259,-39.87723],[-73.37008,-39.88038],[-73.36941,-39.88156]]}},
{"type":"Feature","properties":{"nom_reg":"Los Ríos","nom_prov":"Valdivia","nom_com":"Valdivia","sector":"Curiñanco","cine_reg":"14","cine_prov":"141","cine_com":"14101"},"geometry":{"type":"LineString","coordinates":[[-73.39742,-39.7245],[-73.3946,-39.72464],[-73.39419,-39.7259]]}},
{"type":"Feature","properties":{"nom_reg":"Los Ríos","nom_prov":"Valdivia","nom_com":"Valdivia","sector":"Curiñanco","cine_reg":"14","cine_prov":"141","cine_com":"14101"},"geometry":{"type":"LineString","coordinates":[[-73.39224,-39.74449],[-73.39036,-39.74437],[-73.39034,-39.7454]]}},
{"type":"Feature","properties":{"nom_reg":"Los Ríos","nom_prov":"Valdivia","nom_com":"Corral","sector":"Huiro","cine_reg":"14","cine_prov":"141","cine_com":"14102"},"geometry":{"type":"LineString","coordinates":[[-73.61885,-39.95977],[-73.61923,-39.96072],[-73.61921,-39.96143],[-73.61964,-39.96183],[-73.62001,-39.96274]]}},
{"type":"Feature","properties":{"nom_reg":"Tarapacá","nom_prov":"Iquique","nom_com":"Iquique","sector":"Iquique","cine_reg":"01","cine_prov":"011","cine_com":"01101"},"geometry":{"type":"LineString","coordinates":[[-70.15215,-20.2223],[-70.13895,-20.22281],[-70.13896,-20.22296],[-70.13816,-20.22303]]}},
{"type":"Feature","properties":{"nom_reg":"Tarapacá","nom_prov":"Iquique","nom_com":"Iquique","sector":"Chanavayita","cine_reg":"01","cine_prov":"011","cine_com":"01101"},"geometry":{"type":"LineString","coordinates":[[-70.19122,-20.70433],[-70.19038,-20.70506],[-70.18935,-20.70523],[-70.18901,-20.70498],[-70.18783,-20.7031],[-70.18704,-20.70272],[-70.18625,-20.70268]]}},
{"type":"Feature","properties":{"nom_reg":"Tarapacá","nom_prov":"Iquique","nom_com":"Iquique","sector":"Chanavayita","cine_reg":"01","cine_prov":"011","cine_com":"01101"},"geometry":{"type":"LineString","coordinates":[[-70.1876,-20.69968],[-70.1869,-20.7022],[-70.18702,-20.70254],[-70.18385,-20.70315],[-70.18179,-20.70337],[-70.18131,-20.70327],[-70.18093,-20.70285],[-70.17588,-20.7028]]}},
{"type":"Feature","properties":{"nom_reg":"Tarapacá","nom_prov":"Iquique","nom_com":"Iquique","sector":"Los Verdes","cine_reg":"01","cine_prov":"011","cine_com":"01101"},"geometry":{"type":"LineString","coordinates":[[-70.15972,-20.43441],[-70.1569,-20.43364],[-70.15689,-20.4331],[-70.15621,-20.43311],[-70.15616,-20.43244]]}},
{"type":"Feature","properties":{"nom_reg":"Tarapacá","nom_prov":"Iquique","nom_com":"Iquique","sector":"Puerto Patilos","cine_reg":"01","cine_prov":"011","cine_com":"01101"},"geometry":{"type":"LineString","coordinates":[[-70.19106,-20.74811],[-70.19011,-20.74812],[-70.18938,-20.74794],[-70.18676,-20.74651],[-70.18064,-20.74525],[-70.17609,-20.74253],[-70.17424,-20.74579]]}},
{"type":"Feature","properties":{"nom_reg":"Tarapacá","nom_prov":"Iquique","nom_com":"Iquique","sector":"Aduana","cine_reg":"01","cine_prov":"011","cine_com":"01101"},"geometry":{"type":"LineString","coordinates":[[-70.05182,-21.41983],[-70.05004,-21.41667]]}},
{"type":"Feature","properties":{"nom_reg":"Tarapacá","nom_prov":"Iquique","nom_com":"Iquique","sector":"Aduana","cine_reg":"01","cine_prov":"011","cine_com":"01101"},"geometry":{"type":"LineString","coordinates":[[-70.05649,-21.42377],[-70.05282,-21.42065],[-70.04839,-21.41752]]}},
{"type":"Feature","properties":{"nom_reg":"Atacama","nom_prov":"Copiapó","nom_com":"Caldera","sector":"Caldera","cine_reg":"03","cine_prov":"031","cine_com":"03102"},"geometry":{"type":"LineString","coordinates":[[-70.82404,-27.06593],[-70.82127,-27.0699],[-70.82159,-27.07009],[-70.82111,-27.07079]]}},
{"type":"Feature","properties":{"nom_reg":"Atacama","nom_prov":"Copiapó","nom_com":"Caldera","sector":"Caldera","cine_reg":"03","cine_prov":"031","cine_com":"03102"},"geometry":{"type":"LineString","coordinates":[[-70.80763,-27.05],[-70.80773,-27.04941],[-70.80854,-27.04868],[-70.80974,-27.04706],[-70.80984,-27.04487],[-70.81022,-27.04423],[-70.80872,-27.04261]]}},
{"type":"Feature","properties":{"nom_reg":"Atacama","nom_prov":"Copiapó","nom_com":"Caldera","sector":"Caldera","cine_reg":"03","cine_prov":"031","cine_com":"03102"},"geometry":{"type":"LineString","coordinates":[[-70.82743,-27.06784],[-70.82698,-27.0685],[-70.82826,-27.0693],[-70.82931,-27.06973]]}},
{"type":"Feature","properties":{"nom_reg":"Atacama","nom_prov":"Copiapó","nom_com":"Caldera","sector":"Caldera","cine_reg":"03","cine_prov":"031","cine_com":"03102"},"geometry":{"type":"LineString","coordinates":[[-70.82578,-27.06681],[-70.8233,-27.07041],[-70.82395,-27.07077]]}},
{"type":"Feature","properties":{"nom_reg":"Atacama","nom_prov":"Copiapó","nom_com":"Caldera","sector":"Caldera","cine_reg":"03","cine_prov":"031","cine_com":"03102"},"geometry":{"type":"LineString","coordinates":[[-70.82488,-27.06639],[-70.82169,-27.07095]]}},
{"type":"Feature","properties":{"nom_reg":"Atacama","nom_prov":"Copiapó","nom_com":"Caldera","sector":"Caldera","cine_reg":"03","cine_prov":"031","cine_com":"03102"},"geometry":{"type":"LineString","coordinates":[[-70.82314,-27.06544],[-70.82036,-27.06934],[-70.82076,-27.06961],[-70.82024,-27.07034],[-70.82058,-27.07058]]}},
{"type":"Feature","properties":{"nom_reg":"Atacama","nom_prov":"Copiapó","nom_com":"Caldera","sector":"Caldera","cine_reg":"03","cine_prov":"031","cine_com":"03102"},"geometry":{"type":"LineString","coordinates":[[-70.82063,-27.06503],[-70.82034,-27.06503],[-70.81953,-27.06544],[-70.81876,-27.06663],[-70.8185,-27.06668],[-70.81847,-27.0703],[-70.819,-27.07028],[-70.81898,-27.07087]]}},
{"type":"Feature","properties":{"nom_reg":"Atacama","nom_prov":"Copiapó","nom_com":"Caldera","sector":"Caldera","cine_reg":"03","cine_prov":"031","cine_com":"03102"},"geometry":{"type":"LineString","coordinates":[[-70.82664,-27.06732],[-70.82367,-27.07154]]}},
{"type":"Feature","properties":{"nom_reg":"Atacama","nom_prov":"Copiapó","nom_com":"Caldera","sector":"Caldera","cine_reg":"03","cine_prov":"031","cine_com":"03102"},"geometry":{"type":"LineString","coordinates":[[-70.82911,-27.06597],[-70.82925,-27.06641],[-70.82836,-27.06759],[-70.8295,-27.06804]]}},
{"type":"Feature","properties":{"nom_reg":"Atacama","nom_prov":"Copiapó","nom_com":"Caldera","sector":"Caldera","cine_reg":"03","cine_prov":"031","cine_com":"03102"},"geometry":{"type":"LineString","coordinates":[[-70.81457,-27.06528],[-70.8144,-27.06981],[-70.81468,-27.06976]]}},
{"type":"Feature","properties":{"nom_reg":"Atacama","nom_prov":"Copiapó","nom_com":"Caldera","sector":"Caldera","cine_reg":"03","cine_prov":"031","cine_com":"03102"},"geometry":{"type":"LineString","coordinates":[[-70.81222,-27.06558],[-70.81205,-27.0697],[-70.81151,-27.0697],[-70.81139,-27.07147],[-70.81188,-27.07152],[-70.81177,-27.0736],[-70.81304,-27.07463]]}},
{"type":"Feature","properties":{"nom_reg":"Atacama","nom_prov":"Copiapó","nom_com":"Caldera","sector":"Caldera","cine_reg":"03","cine_prov":"031","cine_com":"03102"},"geometry":{"type":"LineString","coordinates":[[-70.81628,-27.06535],[-70.81616,-27.06883],[-70.81627,-27.06887],[-70.81626,-27.06974],[-70.81577,-27.07014],[-70.81637,-27.07079],[-70.8161,-27.07101]]}},
{"type":"Feature","properties":{"nom_reg":"Atacama","nom_prov":"Copiapó","nom_com":"Caldera","sector":"Caldera","cine_reg":"03","cine_prov":"031","cine_com":"03102"},"geometry":{"type":"LineString","coordinates":[[-70.81042,-27.06966],[-70.81044,-27.07012],[-70.80993,-27.07008],[-70.80988,-27.07184],[-70.8085,-27.0731]]}},
{"type":"Feature","properties":{"nom_reg":"Atacama","nom_prov":"Copiapó","nom_com":"Caldera","sector":"Caldera","cine_reg":"03","cine_prov":"031","cine_com":"03102"},"geometry":{"type":"LineString","coordinates":[[-70.80841,-27.06662],[-70.80797,-27.06745],[-70.80796,-27.06916],[-70.80828,-27.07005],[-70.8096,-27.07179]]}},
{"type":"Feature","properties":{"nom_reg":"Atacama","nom_prov":"Copiapó","nom_com":"Caldera","sector":"Caldera","cine_reg":"03","cine_prov":"031","cine_com":"03102"},"geometry":{"type":"LineString","coordinates":[[-70.80652,-27.06035],[-70.80387,-27.06147],[-70.80374,-27.06135],[-70.80029,-27.06287],[-70.79937,-27.0664],[-70.79996,-27.067]]}},
{"type":"Feature","properties":{"nom_reg":"Atacama","nom_prov":"Copiapó","nom_com":"Caldera","sector":"Caldera","cine_reg":"03","cine_prov":"031","cine_com":"03102"},"geometry":{"type":"LineString","coordinates":[[-70.79725,-27.05907],[-70.79938,-27.06248]]}},
{"type":"Feature","properties":{"nom_reg":"Atacama","nom_prov":"Copiapó","nom_com":"Caldera","sector":"Caldera","cine_reg":"03","cine_prov":"031","cine_com":"03102"},"geometry":{"type":"LineString","coordinates":[[-70.80545,-27.05897],[-70.79958,-27.06233],[-70.79963,-27.06248],[-70.80021,-27.06259]]}},
{"type":"Feature","properties":{"nom_reg":"Atacama","nom_prov":"Copiapó","nom_com":"Caldera","sector":"Caldera","cine_reg":"03","cine_prov":"031","cine_com":"03102"},"geometry":{"type":"LineString","coordinates":[[-70.80202,-27.05351],[-70.80132,-27.05394],[-70.80103,-27.05378],[-70.79902,-27.0541],[-70.79842,-27.05453]]}},
{"type":"Feature","properties":{"nom_reg":"Atacama","nom_prov":"Copiapó","nom_com":"Caldera","sector":"Caldera","cine_reg":"03","cine_prov":"031","cine_com":"03102"},"geometry":{"type":"LineString","coordinates":[[-70.81679,-27.06539],[-70.81668,-27.06885],[-70.8168,-27.06883],[-70.8168,-27.06979],[-70.81735,-27.06984],[-70.81731,-27.07103]]}},
{"type":"Feature","properties":{"nom_reg":"Atacama","nom_prov":"Copiapó","nom_com":"Caldera","sector":"Caldera","cine_reg":"03","cine_prov":"031","cine_com":"03102"},"geometry":{"type":"LineString","coordinates":[[-70.80401,-27.06714],[-70.80119,-27.06702],[-70.80009,-27.06759]]}},
{"type":"Feature","properties":{"nom_reg":"Atacama","nom_prov":"Copiapó","nom_com":"Caldera","sector":"Caldera","cine_reg":"03","cine_prov":"031","cine_com":"03102"},"geometry":{"type":"LineString","coordinates":[[-70.8101,-27.06642],[-70.80998,-27.06868],[-70.81067,-27.06869]]}},
{"type":"Feature","properties":{"nom_reg":"Atacama","nom_prov":"Copiapó","nom_com":"Caldera","sector":"Caldera","cine_reg":"03","cine_prov":"031","cine_com":"03102"},"geometry":{"type":"LineString","coordinates":[[-70.80588,-27.06724],[-70.80432,-27.0672],[-70.80308,-27.07204]]}},
{"type":"Feature","properties":{"nom_reg":"Atacama","nom_prov":"Copiapó","nom_com":"Caldera","sector":"Caldera","cine_reg":"03","cine_prov":"031","cine_com":"03102"},"geometry":{"type":"LineString","coordinates":[[-70.80699,-27.06104],[-70.80763,-27.06245],[-70.80779,-27.0634],[-70.80775,-27.06448],[-70.80546,-27.07344],[-70.80306,-27.07295]]}},
{"type":"Feature","properties":{"nom_reg":"Atacama","nom_prov":"Copiapó","nom_com":"Caldera","sector":"Caldera","cine_reg":"03","cine_prov":"031","cine_com":"03102"},"geometry":{"type":"LineString","coordinates":[[-70.80828,-27.06498],[-70.80642,-27.07326]]}},
{"type":"Feature","properties":{"nom_reg":"Atacama","nom_prov":"Copiapó","nom_com":"Caldera","sector":"Caldera","cine_reg":"03","cine_prov":"031","cine_com":"03102"},"geometry":{"type":"LineString","coordinates":[[-70.81075,-27.04733],[-70.80997,-27.04705]]}},
{"type":"Feature","properties":{"nom_reg":"Atacama","nom_prov":"Copiapó","nom_com":"Caldera","sector":"Caldera","cine_reg":"03","cine_prov":"031","cine_com":"03102"},"geometry":{"type":"LineString","coordinates":[[-70.81569,-27.06526],[-70.81575,-27.0695],[-70.81541,-27.06976],[-70.81559,-27.07001]]}},
{"type":"Feature","properties":{"nom_reg":"Atacama","nom_prov":"Copiapó","nom_com":"Caldera","sector":"Caldera","cine_reg":"03","cine_prov":"031","cine_com":"03102"},"geometry":{"type":"LineString","coordinates":[[-70.80957,-27.0665],[-70.80941,-27.07004],[-70.80973,-27.0701]]}},
{"type":"Feature","properties":{"nom_reg":"Atacama","nom_prov":"Copiapó","nom_com":"Caldera","sector":"Caldera","cine_reg":"03","cine_prov":"031","cine_com":"03102"},"geometry":{"type":"LineString","coordinates":[[-70.83028,-27.0655],[-70.83068,-27.06605],[-70.83152,-27.06635],[-70.83109,-27.06732]]}},
{"type":"Feature","properties":{"nom_reg":"Atacama","nom_prov":"Copiapó","nom_com":"Caldera","sector":"Caldera","cine_reg":"03","cine_prov":"031","cine_com":"03102"},"geometry":{"type":"LineString","coordinates":[[-70.83009,-27.06625],[-70.82966,-27.06701],[-70.83095,-27.06748]]}},
{"type":"Feature","properties":{"nom_reg":"Atacama","nom_prov":"Copiapó","nom_com":"Caldera","sector":"Caldera","cine_reg":"03","cine_prov":"031","cine_com":"03102"},"geometry":{"type":"LineString","coordinates":[[-70.83311,-27.06463],[-70.83377,-27.06493]]}},
{"type":"Feature","properties":{"nom_reg":"Atacama","nom_prov":"Copiapó","nom_com":"Caldera","sector":"Caldera","cine_reg":"03","cine_prov":"031","cine_com":"03102"},"geometry":{"type":"LineString","coordinates":[[-70.83423,-27.05661],[-70.83358,-27.05759],[-70.83451,-27.05803]]}},
{"type":"Feature","properties":{"nom_reg":"Atacama","nom_prov":"Copiapó","nom_com":"Caldera","sector":"Caldera","cine_reg":"03","cine_prov":"031","cine_com":"03102"},"geometry":{"type":"LineString","coordinates":[[-70.81334,-27.06527],[-70.81318,-27.06971],[-70.81305,-27.06972],[-70.81293,-27.07203],[-70.81332,-27.07201]]}},
{"type":"Feature","properties":{"nom_reg":"Atacama","nom_prov":"Copiapó","nom_com":"Caldera","sector":"Caldera","cine_reg":"03","cine_prov":"031","cine_com":"03102"},"geometry":{"type":"LineString","coordinates":[[-70.83338,-27.06403],[-70.83445,-27.06237],[-70.83464,-27.06235],[-70.83484,-27.06277],[-70.83478,-27.0631]]}},
{"type":"Feature","properties":{"nom_reg":"Atacama","nom_prov":"Copiapó","nom_com":"Caldera","sector":"Caldera","cine_reg":"03","cine_prov":"031","cine_com":"03102"},"geometry":{"type":"LineString","coordinates":[[-70.83323,-27.05807],[-70.83454,-27.05834]]}},
{"type":"Feature","properties":{"nom_reg":"Atacama","nom_prov":"Copiapó","nom_com":"Caldera","sector":"Caldera","cine_reg":"03","cine_prov":"031","cine_com":"03102"},"geometry":{"type":"LineString","coordinates":[[-70.80627,-27.06316],[-70.80328,-27.06255],[-70.80212,-27.06685]]}},
{"type":"Feature","properties":{"nom_reg":"Atacama","nom_prov":"Copiapó","nom_com":"Caldera","sector":"Caldera","cine_reg":"03","cine_prov":"031","cine_com":"03102"},"geometry":{"type":"LineString","coordinates":[[-70.81515,-27.06527],[-70.8151,-27.06881],[-70.81492,-27.06884],[-70.81489,-27.06976],[-70.81517,-27.06978]]}},
{"type":"Feature","properties":{"nom_reg":"Atacama","nom_prov":"Copiapó","nom_com":"Caldera","sector":"Caldera","cine_reg":"03","cine_prov":"031","cine_com":"03102"},"geometry":{"type":"LineString","coordinates":[[-70.82856,-27.06615],[-70.82824,-27.06677]]}},
{"type":"Feature","properties":{"nom_reg":"Atacama","nom_prov":"Copiapó","nom_com":"Caldera","sector":"Caldera","cine_reg":"03","cine_prov":"031","cine_com":"03102"},"geometry":{"type":"LineString","coordinates":[[-70.82747,-27.06646],[-70.82758,-27.06679],[-70.82801,-27.06678],[-70.82868,-27.06715]]}},
{"type":"Feature","properties":{"nom_reg":"Atacama","nom_prov":"Copiapó","nom_com":"Caldera","sector":"Caldera","cine_reg":"03","cine_prov":"031","cine_com":"03102"},"geometry":{"type":"LineString","coordinates":[[-70.81111,-27.06646],[-70.81084,-27.072],[-70.80999,-27.07196]]}},
{"type":"Feature","properties":{"nom_reg":"Atacama","nom_prov":"Copiapó","nom_com":"Caldera","sector":"Caldera","cine_reg":"03","cine_prov":"031","cine_com":"03102"},"geometry":{"type":"LineString","coordinates":[[-70.82181,-27.06565],[-70.82015,-27.06797],[-70.82095,-27.06843]]}},
{"type":"Feature","properties":{"nom_reg":"Atacama","nom_prov":"Copiapó","nom_com":"Caldera","sector":"Caldera","cine_reg":"03","cine_prov":"031","cine_com":"03102"},"geometry":{"type":"LineString","coordinates":[[-70.82089,-27.06525],[-70.81985,-27.06669],[-70.81956,-27.06772],[-70.81855,-27.06771]]}},
{"type":"Feature","properties":{"nom_reg":"Atacama","nom_prov":"Chañaral","nom_com":"Chañaral","sector":"Chañaral","cine_reg":"03","cine_prov":"032","cine_com":"03201"},"geometry":{"type":"LineString","coordinates":[[-70.62457,-26.34709],[-70.62399,-26.34896]]}},
{"type":"Feature","properties":{"nom_reg":"Atacama","nom_prov":"Chañaral","nom_com":"Chañaral","sector":"Chañaral","cine_reg":"03","cine_prov":"032","cine_com":"03201"},"geometry":{"type":"LineString","coordinates":[[-70.61815,-26.33658],[-70.61576,-26.33674],[-70.61431,-26.3371],[-70.60605,-26.33463]]}},
{"type":"Feature","properties":{"nom_reg":"Atacama","nom_prov":"Chañaral","nom_com":"Chañaral","sector":"Chañaral","cine_reg":"03","cine_prov":"032","cine_com":"03201"},"geometry":{"type":"LineString","coordinates":[[-70.62733,-26.34903],[-70.62517,-26.34866]]}},
{"type":"Feature","properties":{"nom_reg":"Atacama","nom_prov":"Chañaral","nom_com":"Chañaral","sector":"Chañaral","cine_reg":"03","cine_prov":"032","cine_com":"03201"},"geometry":{"type":"LineString","coordinates":[[-70.61762,-26.33521],[-70.61386,-26.33533],[-70.61262,-26.33575],[-70.60801,-26.33435]]}},
{"type":"Feature","properties":{"nom_reg":"Atacama","nom_prov":"Chañaral","nom_com":"Chañaral","sector":"Chañaral","cine_reg":"03","cine_prov":"032","cine_com":"03201"},"geometry":{"type":"LineString","coordinates":[[-70.61942,-26.3426],[-70.61846,-26.34268],[-70.6185,-26.34314],[-70.61627,-26.34328],[-70.61519,-26.34452],[-70.61527,-26.34487]]}},
{"type":"Feature","properties":{"nom_reg":"Atacama","nom_prov":"Chañaral","nom_com":"Chañaral","sector":"Chañaral","cine_reg":"03","cine_prov":"032","cine_com":"03201"},"geometry":{"type":"LineString","coordinates":[[-70.62012,-26.34464],[-70.61888,-26.34562],[-70.61713,-26.34622]]}},
{"type":"Feature","properties":{"nom_reg":"Atacama","nom_prov":"Chañaral","nom_com":"Chañaral","sector":"Chañaral","cine_reg":"03","cine_prov":"032","cine_com":"03201"},"geometry":{"type":"LineString","coordinates":[[-70.62546,-26.34729],[-70.62488,-26.349],[-70.62418,-26.34893]]}},
{"type":"Feature","properties":{"nom_reg":"Atacama","nom_prov":"Chañaral","nom_com":"Chañaral","sector":"Chañaral","cine_reg":"03","cine_prov":"032","cine_com":"03201"},"geometry":{"type":"LineString","coordinates":[[-70.63046,-26.3512],[-70.62933,-26.35035],[-70.62886,-26.3505],[-70.6286,-26.35101],[-70.62841,-26.35092]]}},
{"type":"Feature","properties":{"nom_reg":"Atacama","nom_prov":"Chañaral","nom_com":"Chañaral","sector":"Chañaral","cine_reg":"03","cine_prov":"032","cine_com":"03201"},"geometry":{"type":"LineString","coordinates":[[-70.62872,-26.34922],[-70.62915,-26.35],[-70.62821,-26.34949],[-70.62806,-26.34997],[-70.62784,-26.35014]]}},
{"type":"Feature","properties":{"nom_reg":"Atacama","nom_prov":"Chañaral","nom_com":"Chañaral","sector":"El Barquito","cine_reg":"03","cine_prov":"032","cine_com":"03201"},"geometry":{"type":"LineString","coordinates":[[-70.64442,-26.3587],[-70.64379,-26.35983],[-70.64352,-26.36193]]}},
{"type":"Feature","properties":{"nom_reg":"Atacama","nom_prov":"Chañaral","nom_com":"Chañaral","sector":"Chañaral","cine_reg":"03","cine_prov":"032","cine_com":"03201"},"geometry":{"type":"LineString","coordinates":[[-70.62375,-26.34687],[-70.623,-26.34887]]}},
{"type":"Feature","properties":{"nom_reg":"Atacama","nom_prov":"Chañaral","nom_com":"Chañaral","sector":"Chañaral","cine_reg":"03","cine_prov":"032","cine_com":"03201"},"geometry":{"type":"LineString","coordinates":[[-70.61746,-26.33375],[-70.61658,-26.33377],[-70.61606,-26.33341],[-70.605,-26.33464],[-70.60388,-26.33492],[-70.60235,-26.33494],[-70.60208,-26.33478]]}},
{"type":"Feature","properties":{"nom_reg":"Atacama","nom_prov":"Chañaral","nom_com":"Chañaral","sector":"Chañaral","cine_reg":"03","cine_prov":"032","cine_com":"03201"},"geometry":{"type":"LineString","coordinates":[[-70.61546,-26.34105],[-70.61461,-26.34087],[-70.61396,-26.34155],[-70.61212,-26.34031],[-70.61123,-26.34007],[-70.61121,-26.34029],[-70.61185,-26.34081],[-70.61214,-26.34128],[-70.60851,-26.34124],[-70.60735,-26.34089],[-70.60539,-26.34074],[-70.6023,-26.34008],[-70.60207,-26.34005],[-70.60183,-26.34029]]}},
{"type":"Feature","properties":{"nom_reg":"Atacama","nom_prov":"Chañaral","nom_com":"Chañaral","sector":"Chañaral","cine_reg":"03","cine_prov":"032","cine_com":"03201"},"geometry":{"type":"LineString","coordinates":[[-70.61894,-26.34161],[-70.61691,-26.34094],[-70.61664,-26.34102],[-70.61644,-26.34157],[-70.61656,-26.34307]]}},
{"type":"Feature","properties":{"nom_reg":"Atacama","nom_prov":"Chañaral","nom_com":"Chañaral","sector":"Chañaral","cine_reg":"03","cine_prov":"032","cine_com":"03201"},"geometry":{"type":"LineString","coordinates":[[-70.62079,-26.34344],[-70.62006,-26.34348],[-70.61345,-26.3459]]}},
{"type":"Feature","properties":{"nom_reg":"Atacama","nom_prov":"Chañaral","nom_com":"Chañaral","sector":"Chañaral","cine_reg":"03","cine_prov":"032","cine_com":"03201"},"geometry":{"type":"LineString","coordinates":[[-70.62077,-26.34449],[-70.6203,-26.34477],[-70.61808,-26.34718],[-70.61772,-26.34806],[-70.61746,-26.34822],[-70.61734,-26.34805],[-70.61678,-26.34821],[-70.61657,-26.34797]]}},
{"type":"Feature","properties":{"nom_reg":"Atacama","nom_prov":"Chañaral","nom_com":"Chañaral","sector":"Chañaral","cine_reg":"03","cine_prov":"032","cine_com":"03201"},"geometry":{"type":"LineString","coordinates":[[-70.62183,-26.34556],[-70.62016,-26.34658],[-70.61929,-26.34777],[-70.61917,-26.34858],[-70.61895,-26.34872],[-70.61821,-26.34868],[-70.61813,-26.34889]]}},
{"type":"Feature","properties":{"nom_reg":"Atacama","nom_prov":"Chañaral","nom_com":"Chañaral","sector":"Chañaral","cine_reg":"03","cine_prov":"032","cine_com":"03201"},"geometry":{"type":"LineString","coordinates":[[-70.62257,-26.34647],[-70.62229,-26.3471],[-70.62349,-26.34766]]}},
{"type":"Feature","properties":{"nom_reg":"Atacama","nom_prov":"Chañaral","nom_com":"Chañaral","sector":"Chañaral","cine_reg":"03","cine_prov":"032","cine_com":"03201"},"geometry":{"type":"LineString","coordinates":[[-70.62067,-26.3473],[-70.62216,-26.34766],[-70.62184,-26.34882]]}},
{"type":"Feature","properties":{"nom_reg":"Atacama","nom_prov":"Chañaral","nom_com":"Chañaral","sector":"Chañaral","cine_reg":"03","cine_prov":"032","cine_com":"03201"},"geometry":{"type":"LineString","coordinates":[[-70.61711,-26.34728],[-70.61702,-26.34627],[-70.61676,-26.34631],[-70.6168,-26.34696],[-70.61618,-26.34702],[-70.61625,-26.34764]]}},
{"type":"Feature","properties":{"nom_reg":"Atacama","nom_prov":"Huasco","nom_com":"Huasco","sector":"Carizal Bajo","cine_reg":"03","cine_prov":"033","cine_com":"03304"},"geometry":{"type":"LineString","coordinates":[[-71.14974,-28.08113],[-71.14681,-28.08445]]}},
{"type":"Feature","properties":{"nom_reg":"Atacama","nom_prov":"Huasco","nom_com":"Huasco","sector":"Los Toyos","cine_reg":"03","cine_prov":"033","cine_com":"03304"},"geometry":{"type":"LineString","coordinates":[[-71.17691,-28.37962],[-71.17762,-28.38026],[-71.17822,-28.38108],[-71.17828,-28.38128],[-71.17788,-28.38168],[-71.17791,-28.38189],[-71.17953,-28.38284],[-71.17932,-28.38324],[-71.17766,-28.38381]]}},
{"type":"Feature","properties":{"nom_reg":"Atacama","nom_prov":"Huasco","nom_com":"Huasco","sector":"Los Toyos","cine_reg":"03","cine_prov":"033","cine_com":"03304"},"geometry":{"type":"LineString","coordinates":[[-71.17383,-28.37453],[-71.17204,-28.37596],[-71.17134,-28.3763],[-71.17116,-28.37657]]}},
{"type":"Feature","properties":{"nom_reg":"Atacama","nom_prov":"Huasco","nom_com":"Huasco","sector":"Los Toyos","cine_reg":"03","cine_prov":"033","cine_com":"03304"},"geometry":{"type":"LineString","coordinates":[[-71.17317,-28.37337],[-71.17312,-28.37274],[-71.17086,-28.37334],[-71.1692,-28.37356]]}},
{"type":"Feature","properties":{"nom_reg":"Atacama","nom_prov":"Huasco","nom_com":"Huasco","sector":"Los Toyos","cine_reg":"03","cine_prov":"033","cine_com":"03304"},"geometry":{"type":"LineString","coordinates":[[-71.17455,-28.37559],[-71.17491,-28.37699],[-71.172,-28.37796],[-71.17151,-28.37832],[-71.17175,-28.37878]]}},
{"type":"Feature","properties":{"nom_reg":"Atacama","nom_prov":"Huasco","nom_com":"Huasco","sector":"Los Toyos","cine_reg":"03","cine_prov":"033","cine_com":"03304"},"geometry":{"type":"LineString","coordinates":[[-71.17527,-28.37773],[-71.17189,-28.37896]]}},
{"type":"Feature","properties":{"nom_reg":"Atacama","nom_prov":"Huasco","nom_com":"Huasco","sector":"Los Toyos","cine_reg":"03","cine_prov":"033","cine_com":"03304"},"geometry":{"type":"LineString","coordinates":[[-71.18176,-28.38149],[-71.18105,-28.38387],[-71.18155,-28.38421],[-71.18163,-28.38449]]}},
{"type":"Feature","properties":{"nom_reg":"Atacama","nom_prov":"Huasco","nom_com":"Huasco","sector":"Huasco","cine_reg":"03","cine_prov":"033","cine_com":"03304"},"geometry":{"type":"LineString","coordinates":[[-71.20852,-28.46515],[-71.20883,-28.46652],[-71.2091,-28.46649]]}},
{"type":"Feature","properties":{"nom_reg":"Atacama","nom_prov":"Huasco","nom_com":"Huasco","sector":"Huasco","cine_reg":"03","cine_prov":"033","cine_com":"03304"},"geometry":{"type":"LineString","coordinates":[[-71.20894,-28.46494],[-71.20919,-28.46647],[-71.20997,-28.46638]]}},
{"type":"Feature","properties":{"nom_reg":"Atacama","nom_prov":"Huasco","nom_com":"Huasco","sector":"Huasco","cine_reg":"03","cine_prov":"033","cine_com":"03304"},"geometry":{"type":"LineString","coordinates":[[-71.21377,-28.46402],[-71.21186,-28.46424],[-71.21216,-28.46596],[-71.21027,-28.46649]]}},
{"type":"Feature","properties":{"nom_reg":"Atacama","nom_prov":"Huasco","nom_com":"Huasco","sector":"Huasco","cine_reg":"03","cine_prov":"033","cine_com":"03304"},"geometry":{"type":"LineString","coordinates":[[-71.21055,-28.46442],[-71.21128,-28.46431],[-71.21155,-28.46598]]}},
{"type":"Feature","properties":{"nom_reg":"Atacama","nom_prov":"Huasco","nom_com":"Huasco","sector":"Huasco","cine_reg":"03","cine_prov":"033","cine_com":"03304"},"geometry":{"type":"LineString","coordinates":[[-71.20767,-28.46558],[-71.20791,-28.46547],[-71.20805,-28.46639],[-71.20862,-28.46651]]}},
{"type":"Feature","properties":{"nom_reg":"Atacama","nom_prov":"Huasco","nom_com":"Huasco","sector":"Huasco","cine_reg":"03","cine_prov":"033","cine_com":"03304"},"geometry":{"type":"LineString","coordinates":[[-71.2151,-28.46387],[-71.2167,-28.46405]]}},
{"type":"Feature","properties":{"nom_reg":"Atacama","nom_prov":"Huasco","nom_com":"Huasco","sector":"Los Toyos","cine_reg":"03","cine_prov":"033","cine_com":"03304"},"geometry":{"type":"LineString","coordinates":[[-71.18874,-28.39083],[-71.18715,-28.38976]]}},
{"type":"Feature","properties":{"nom_reg":"Atacama","nom_prov":"Huasco","nom_com":"Huasco","sector":"Los Toyos","cine_reg":"03","cine_prov":"033","cine_com":"03304"},"geometry":{"type":"LineString","coordinates":[[-71.18408,-28.3833],[-71.1826,-28.38279],[-71.182,-28.38435],[-71.18165,-28.38467],[-71.18214,-28.38596]]}},
{"type":"Feature","properties":{"nom_reg":"Atacama","nom_prov":"Huasco","nom_com":"Huasco","sector":"Los Toyos","cine_reg":"03","cine_prov":"033","cine_com":"03304"},"geometry":{"type":"LineString","coordinates":[[-71.18454,-28.38193],[-71.18533,-28.38368],[-71.18613,-28.38395],[-71.1849,-28.38646],[-71.18469,-28.3872]]}},
{"type":"Feature","properties":{"nom_reg":"Atacama","nom_prov":"Huasco","nom_com":"Huasco","sector":"Huasco","cine_reg":"03","cine_prov":"033","cine_com":"03304"},"geometry":{"type":"LineString","coordinates":[[-71.17577,-28.47347],[-71.17613,-28.47385],[-71.17537,-28.47441],[-71.17583,-28.47492],[-71.17726,-28.47453]]}},
{"type":"Feature","properties":{"nom_reg":"Atacama","nom_prov":"Huasco","nom_com":"Huasco","sector":"Huasco","cine_reg":"03","cine_prov":"033","cine_com":"03304"},"geometry":{"type":"LineString","coordinates":[[-71.17161,-28.46314],[-71.17043,-28.46363],[-71.17015,-28.46313],[-71.1699,-28.46208]]}},
{"type":"Feature","properties":{"nom_reg":"Atacama","nom_prov":"Huasco","nom_com":"Huasco","sector":"Huasco","cine_reg":"03","cine_prov":"033","cine_com":"03304"},"geometry":{"type":"LineString","coordinates":[[-71.21727,-28.46284],[-71.21838,-28.46358],[-71.22023,-28.46514],[-71.22215,-28.46764]]}},
{"type":"Feature","properties":{"nom_reg":"Atacama","nom_prov":"Huasco","nom_com":"Huasco","sector":"Huasco","cine_reg":"03","cine_prov":"033","cine_com":"03304"},"geometry":{"type":"LineString","coordinates":[[-71.22982,-28.46576],[-71.23066,-28.46634],[-71.22986,-28.4672],[-71.22966,-28.46771]]}},
{"type":"Feature","properties":{"nom_reg":"Atacama","nom_prov":"Huasco","nom_com":"Huasco","sector":"Huasco","cine_reg":"03","cine_prov":"033","cine_com":"03304"},"geometry":{"type":"LineString","coordinates":[[-71.22115,-28.46483],[-71.22316,-28.46725]]}},
{"type":"Feature","properties":{"nom_reg":"Atacama","nom_prov":"Huasco","nom_com":"Huasco","sector":"Huasco","cine_reg":"03","cine_prov":"033","cine_com":"03304"},"geometry":{"type":"LineString","coordinates":[[-71.21665,-28.46268],[-71.21679,-28.46403],[-71.21694,-28.46405],[-71.21727,-28.46553],[-71.21768,-28.46595],[-71.21713,-28.46615],[-71.2174,-28.46635],[-71.21714,-28.46686]]}},
{"type":"Feature","properties":{"nom_reg":"Atacama","nom_prov":"Huasco","nom_com":"Huasco","sector":"Huasco","cine_reg":"03","cine_prov":"033","cine_com":"03304"},"geometry":{"type":"LineString","coordinates":[[-71.22188,-28.46431],[-71.22433,-28.46672]]}},
{"type":"Feature","properties":{"nom_reg":"Atacama","nom_prov":"Huasco","nom_com":"Huasco","sector":"Huasco","cine_reg":"03","cine_prov":"033","cine_com":"03304"},"geometry":{"type":"LineString","coordinates":[[-71.22228,-28.46394],[-71.22481,-28.46636]]}},
{"type":"Feature","properties":{"nom_reg":"Atacama","nom_prov":"Huasco","nom_com":"Huasco","sector":"Huasco","cine_reg":"03","cine_prov":"033","cine_com":"03304"},"geometry":{"type":"LineString","coordinates":[[-71.22889,-28.46385],[-71.22699,-28.46595]]}},
{"type":"Feature","properties":{"nom_reg":"Atacama","nom_prov":"Huasco","nom_com":"Huasco","sector":"Los Toyos","cine_reg":"03","cine_prov":"033","cine_com":"03304"},"geometry":{"type":"LineString","coordinates":[[-71.18936,-28.38782],[-71.18683,-28.3901],[-71.18585,-28.39013]]}},
{"type":"Feature","properties":{"nom_reg":"Atacama","nom_prov":"Huasco","nom_com":"Huasco","sector":"Huasco","cine_reg":"03","cine_prov":"033","cine_com":"03304"},"geometry":{"type":"LineString","coordinates":[[-71.22884,-28.46259],[-71.22828,-28.46306],[-71.22796,-28.46312],[-71.22656,-28.46443]]}},
{"type":"Feature","properties":{"nom_reg":"Atacama","nom_prov":"Huasco","nom_com":"Huasco","sector":"Huasco","cine_reg":"03","cine_prov":"033","cine_com":"03304"},"geometry":{"type":"LineString","coordinates":[[-71.22278,-28.46299],[-71.22306,-28.46327],[-71.22317,-28.46317],[-71.22551,-28.46534],[-71.22577,-28.4651]]}},
{"type":"Feature","properties":{"nom_reg":"Atacama","nom_prov":"Huasco","nom_com":"Huasco","sector":"Carizal Bajo","cine_reg":"03","cine_prov":"033","cine_com":"03304"},"geometry":{"type":"LineString","coordinates":[[-71.14892,-28.08428],[-71.14949,-28.08465],[-71.14941,-28.08483],[-71.14972,-28.08519],[-71.15008,-28.08533],[-71.15058,-28.0861],[-71.15049,-28.0872],[-71.1501,-28.08855]]}},
{"type":"Feature","properties":{"nom_reg":"Atacama","nom_prov":"Huasco","nom_com":"Huasco","sector":"Carizal Bajo","cine_reg":"03","cine_prov":"033","cine_com":"03304"},"geometry":{"type":"LineString","coordinates":[[-71.14876,-28.08057],[-71.14671,-28.08317],[-71.1466,-28.08415],[-71.14675,-28.08569],[-71.14658,-28.08603]]}},
{"type":"Feature","properties":{"nom_reg":"Atacama","nom_prov":"Huasco","nom_com":"Huasco","sector":"Huasco","cine_reg":"03","cine_prov":"033","cine_com":"03304"},"geometry":{"type":"LineString","coordinates":[[-71.20995,-28.46711],[-71.20963,-28.46719]]}},
{"type":"Feature","properties":{"nom_reg":"Atacama","nom_prov":"Huasco","nom_com":"Huasco","sector":"Huasco","cine_reg":"03","cine_prov":"033","cine_com":"03304"},"geometry":{"type":"LineString","coordinates":[[-71.17789,-28.47115],[-71.17861,-28.47206],[-71.17957,-28.47135],[-71.18013,-28.47199],[-71.18044,-28.47212]]}},
{"type":"Feature","properties":{"nom_reg":"Atacama","nom_prov":"Huasco","nom_com":"Huasco","sector":"Huasco","cine_reg":"03","cine_prov":"033","cine_com":"03304"},"geometry":{"type":"LineString","coordinates":[[-71.21,-28.46451],[-71.21028,-28.46631],[-71.20997,-28.46659],[-71.21019,-28.46739]]}},
{"type":"Feature","properties":{"nom_reg":"Atacama","nom_prov":"Huasco","nom_com":"Huasco","sector":"Huasco","cine_reg":"03","cine_prov":"033","cine_com":"03304"},"geometry":{"type":"LineString","coordinates":[[-71.20761,-28.46471],[-71.20806,-28.46536],[-71.20821,-28.4653],[-71.20842,-28.46637]]}},
{"type":"Feature","properties":{"nom_reg":"Atacama","nom_prov":"Huasco","nom_com":"Huasco","sector":"Huasco","cine_reg":"03","cine_prov":"033","cine_com":"03304"},"geometry":{"type":"LineString","coordinates":[[-71.16974,-28.47163],[-71.16506,-28.46661],[-71.16469,-28.46686],[-71.16337,-28.46581]]}},
{"type":"Feature","properties":{"nom_reg":"Atacama","nom_prov":"Huasco","nom_com":"Huasco","sector":"Huasco","cine_reg":"03","cine_prov":"033","cine_com":"03304"},"geometry":{"type":"LineString","coordinates":[[-71.17218,-28.47],[-71.16773,-28.4647],[-71.16904,-28.46415],[-71.16794,-28.46435],[-71.16751,-28.46424]]}},
{"type":"Feature","properties":{"nom_reg":"Atacama","nom_prov":"Huasco","nom_com":"Huasco","sector":"Huasco","cine_reg":"03","cine_prov":"033","cine_com":"03304"},"geometry":{"type":"LineString","coordinates":[[-71.18095,-28.46584],[-71.1805,-28.4631],[-71.17918,-28.4607],[-71.17897,-28.46003],[-71.17933,-28.45938],[-71.18176,-28.45827],[-71.18283,-28.45755],[-71.18311,-28.45679],[-71.18281,-28.45606]]}},
{"type":"Feature","properties":{"nom_reg":"Arica y Parinacota","nom_prov":"Arica","nom_com":"Arica","sector":"Arica","cine_reg":"15","cine_prov":"151","cine_com":"15101"},"geometry":{"type":"LineString","coordinates":[[-70.30629,-18.43526],[-70.30269,-18.43407],[-70.3022,-18.43411],[-70.30181,-18.43426],[-70.29974,-18.43697],[-70.28638,-18.43882]]}},
{"type":"Feature","properties":{"nom_reg":"Arica y Parinacota","nom_prov":"Arica","nom_com":"Arica","sector":"Arica","cine_reg":"15","cine_prov":"151","cine_com":"15101"},"geometry":{"type":"LineString","coordinates":[[-70.30409,-18.46182],[-70.30311,-18.46318],[-70.30314,-18.46382],[-70.3049,-18.46607],[-70.30369,-18.4675],[-70.30268,-18.46829],[-70.30286,-18.46853],[-70.29798,-18.47242],[-70.29825,-18.47311]]}},
{"type":"Feature","properties":{"nom_reg":"Arica y Parinacota","nom_prov":"Arica","nom_com":"Arica","sector":"Arica","cine_reg":"15","cine_prov":"151","cine_com":"15101"},"geometry":{"type":"LineString","coordinates":[[-70.30185,-18.451],[-70.30153,-18.45135],[-70.30088,-18.45161],[-70.29509,-18.45307],[-70.29513,-18.45267],[-70.29405,-18.45196],[-70.29358,-18.45236],[-70.29292,-18.45223],[-70.29263,-18.45257],[-70.2902,-18.45256],[-70.29012,-18.45371],[-70.28982,-18.45419],[-70.28525,-18.45775],[-70.28462,-18.45706],[-70.28401,-18.45704]]}},
{"type":"Feature","properties":{"nom_reg":"Arica y Parinacota","nom_prov":"Arica","nom_com":"Arica","sector":"Arica","cine_reg":"15","cine_prov":"151","cine_com":"15101"},"geometry":{"type":"LineString","coordinates":[[-70.3144,-18.47421],[-70.30446,-18.48323],[-70.30366,-18.48245]]}},
{"type":"Feature","properties":{"nom_reg":"Arica y Parinacota","nom_prov":"Arica","nom_com":"Arica","sector":"Caleta Vitor","cine_reg":"15","cine_prov":"151","cine_com":"15101"},"geometry":{"type":"LineString","coordinates":[[-70.33752,-18.7483],[-70.33712,-18.74806],[-70.33677,-18.74804],[-70.33655,-18.74822],[-70.33632,-18.74903],[-70.3357,-18.74955],[-70.3353,-18.75044],[-70.33434,-18.75117],[-70.3328,-18.75129],[-70.33184,-18.75162],[-70.32976,-18.75176],[-70.32752,-18.75252],[-70.32427,-18.75403],[-70.32137,-18.75636],[-70.31988,-18.75796],[-70.31966,-18.75781],[-70.31961,-18.75717],[-70.31951,-18.75725]]}},
{"type":"Feature","properties":{"nom_reg":"Arica y Parinacota","nom_prov":"Arica","nom_com":"Arica","sector":"Arica","cine_reg":"15","cine_prov":"151","cine_com":"15101"},"geometry":{"type":"LineString","coordinates":[[-70.29972,-18.44999],[-70.29777,-18.45],[-70.29667,-18.44972],[-70.29513,-18.44975],[-70.29511,-18.44921],[-70.29464,-18.44922],[-70.29413,-18.44976],[-70.29068,-18.44713],[-70.2885,-18.44966],[-70.28841,-18.44995],[-70.28393,-18.4497]]}},
{"type":"Feature","properties":{"nom_reg":"Arica y Parinacota","nom_prov":"Arica","nom_com":"Arica","sector":"Arica","cine_reg":"15","cine_prov":"151","cine_com":"15101"},"geometry":{"type":"LineString","coordinates":[[-70.33284,-18.54092],[-70.33256,-18.54086],[-70.33224,-18.54026]]}},
{"type":"Feature","properties":{"nom_reg":"Arica y Parinacota","nom_prov":"Arica","nom_com":"Arica","sector":"Arica","cine_reg":"15","cine_prov":"151","cine_com":"15101"},"geometry":{"type":"LineString","coordinates":[[-70.29459,-18.42494],[-70.29112,-18.42463],[-70.29121,-18.42396]]}},
{"type":"Feature","properties":{"nom_reg":"Arica y Parinacota","nom_prov":"Arica","nom_com":"Arica","sector":"Arica","cine_reg":"15","cine_prov":"151","cine_com":"15101"},"geometry":{"type":"LineString","coordinates":[[-70.30576,-18.4151],[-70.3021,-18.41384],[-70.3007,-18.41411],[-70.29905,-18.41469],[-70.29838,-18.41451],[-70.29698,-18.41475],[-70.29776,-18.40909],[-70.29703,-18.40817]]}},
{"type":"Feature","properties":{"nom_reg":"Arica y Parinacota","nom_prov":"Arica","nom_com":"Arica","sector":"Arica","cine_reg":"15","cine_prov":"151","cine_com":"15101"},"geometry":{"type":"LineString","coordinates":[[-70.32128,-18.47791],[-70.31697,-18.48356],[-70.31668,-18.48422],[-70.31599,-18.48433],[-70.3155,-18.48464]]}},
{"type":"Feature","properties":{"nom_reg":"Arica y Parinacota","nom_prov":"Arica","nom_com":"Arica","sector":"Arica","cine_reg":"15","cine_prov":"151","cine_com":"15101"},"geometry":{"type":"LineString","coordinates":[[-70.31922,-18.47547],[-70.31759,-18.47732],[-70.31093,-18.48315]]}},
{"type":"Feature","properties":{"nom_reg":"Arica y Parinacota","nom_prov":"Arica","nom_com":"Arica","sector":"Arica","cine_reg":"15","cine_prov":"151","cine_com":"15101"},"geometry":{"type":"LineString","coordinates":[[-70.31724,-18.47387],[-70.31123,-18.48064],[-70.30895,-18.48234],[-70.30845,-18.48185]]}},
{"type":"Feature","properties":{"nom_reg":"Arica y Parinacota","nom_prov":"Arica","nom_com":"Arica","sector":"Arica","cine_reg":"15","cine_prov":"151","cine_com":"15101"},"geometry":{"type":"LineString","coordinates":[[-70.32064,-18.4767],[-70.31518,-18.48197],[-70.31463,-18.48139]]}},
{"type":"Feature","properties":{"nom_reg":"Arica y Parinacota","nom_prov":"Arica","nom_com":"Arica","sector":"Arica","cine_reg":"15","cine_prov":"151","cine_com":"15101"},"geometry":{"type":"LineString","coordinates":[[-70.31976,-18.47597],[-70.31676,-18.47958],[-70.31319,-18.48237],[-70.31029,-18.48368],[-70.30472,-18.48467]]}},
{"type":"Feature","properties":{"nom_reg":"Arica y Parinacota","nom_prov":"Arica","nom_com":"Arica","sector":"Arica","cine_reg":"15","cine_prov":"151","cine_com":"15101"},"geometry":{"type":"LineString","coordinates":[[-70.29467,-18.43326],[-70.2891,-18.43138]]}},
{"type":"Feature","properties":{"nom_reg":"Arica y Parinacota","nom_prov":"Arica","nom_com":"Arica","sector":"Arica","cine_reg":"15","cine_prov":"151","cine_com":"15101"},"geometry":{"type":"LineString","coordinates":[[-70.29499,-18.43552],[-70.29117,-18.43603],[-70.29103,-18.43638],[-70.28744,-18.4352]]}},
{"type":"Feature","properties":{"nom_reg":"Arica y Parinacota","nom_prov":"Arica","nom_com":"Arica","sector":"Arica","cine_reg":"15","cine_prov":"151","cine_com":"15101"},"geometry":{"type":"LineString","coordinates":[[-70.32083,-18.47806],[-70.31474,-18.48361],[-70.31424,-18.48633],[-70.31246,-18.48908],[-70.31228,-18.4896]]}},
{"type":"Feature","properties":{"nom_reg":"Arica y Parinacota","nom_prov":"Arica","nom_com":"Arica","sector":"Arica","cine_reg":"15","cine_prov":"151","cine_com":"15101"},"geometry":{"type":"LineString","coordinates":[[-70.31724,-18.4762],[-70.31632,-18.47739],[-70.30985,-18.48243],[-70.31051,-18.48331]]}},
{"type":"Feature","properties":{"nom_reg":"Arica y Parinacota","nom_prov":"Arica","nom_com":"Arica","sector":"Arica","cine_reg":"15","cine_prov":"151","cine_com":"15101"},"geometry":{"type":"LineString","coordinates":[[-70.31571,-18.47515],[-70.30619,-18.48357],[-70.30558,-18.48294]]}},
{"type":"Feature","properties":{"nom_reg":"Arica y Parinacota","nom_prov":"Arica","nom_com":"Arica","sector":"Arica","cine_reg":"15","cine_prov":"151","cine_com":"15101"},"geometry":{"type":"LineString","coordinates":[[-70.31256,-18.47294],[-70.30888,-18.47553],[-70.308,-18.47452],[-70.30175,-18.48055],[-70.30156,-18.48036]]}},
{"type":"Feature","properties":{"nom_reg":"Arica y Parinacota","nom_prov":"Arica","nom_com":"Arica","sector":"Arica","cine_reg":"15","cine_prov":"151","cine_com":"15101"},"geometry":{"type":"LineString","coordinates":[[-70.31124,-18.47099],[-70.31048,-18.47092],[-70.30828,-18.4724],[-70.30432,-18.47615],[-70.30093,-18.47976],[-70.30107,-18.47992]]}},
{"type":"Feature","properties":{"nom_reg":"Arica y Parinacota","nom_prov":"Arica","nom_com":"Arica","sector":"Arica","cine_reg":"15","cine_prov":"151","cine_com":"15101"},"geometry":{"type":"LineString","coordinates":[[-70.30871,-18.46833],[-70.30657,-18.47072],[-70.30055,-18.47593],[-70.30029,-18.47516]]}},
{"type":"Feature","properties":{"nom_reg":"Arica y Parinacota","nom_prov":"Arica","nom_com":"Arica","sector":"Arica","cine_reg":"15","cine_prov":"151","cine_com":"15101"},"geometry":{"type":"LineString","coordinates":[[-70.30092,-18.46611],[-70.29581,-18.47014]]}},
{"type":"Feature","properties":{"nom_reg":"Arica y Parinacota","nom_prov":"Arica","nom_com":"Arica","sector":"Arica","cine_reg":"15","cine_prov":"151","cine_com":"15101"},"geometry":{"type":"LineString","coordinates":[[-70.29802,-18.46275],[-70.29283,-18.46682]]}},
{"type":"Feature","properties":{"nom_reg":"Arica y Parinacota","nom_prov":"Arica","nom_com":"Arica","sector":"Arica","cine_reg":"15","cine_prov":"151","cine_com":"15101"},"geometry":{"type":"LineString","coordinates":[[-70.30188,-18.45723],[-70.29825,-18.45811],[-70.29643,-18.45883],[-70.29513,-18.45781],[-70.29505,-18.45815],[-70.29521,-18.45909],[-70.2956,-18.46006],[-70.29612,-18.46064],[-70.29106,-18.46462]]}},
{"type":"Feature","properties":{"nom_reg":"Arica y Parinacota","nom_prov":"Arica","nom_com":"Arica","sector":"Arica","cine_reg":"15","cine_prov":"151","cine_com":"15101"},"geometry":{"type":"LineString","coordinates":[[-70.30352,-18.44104],[-70.30141,-18.44019],[-70.30036,-18.44006],[-70.29801,-18.44044],[-70.29701,-18.44134],[-70.29661,-18.44145],[-70.29248,-18.4419],[-70.29105,-18.44152],[-70.29108,-18.44129],[-70.28545,-18.44025]]}},
{"type":"Feature","properties":{"nom_reg":"Arica y Parinacota","nom_prov":"Arica","nom_com":"Arica","sector":"Arica","cine_reg":"15","cine_prov":"151","cine_com":"15101"},"geometry":{"type":"LineString","coordinates":[[-70.2994,-18.44756],[-70.2947,-18.44746],[-70.29252,-18.44584],[-70.29226,-18.44538],[-70.292,-18.44544],[-70.2917,-18.44526],[-70.28474,-18.44414]]}},
{"type":"Feature","properties":{"nom_reg":"Arica y Parinacota","nom_prov":"Arica","nom_com":"Arica","sector":"Arica","cine_reg":"15","cine_prov":"151","cine_com":"15101"},"geometry":{"type":"LineString","coordinates":[[-70.29901,-18.44463],[-70.29519,-18.44458],[-70.29516,-18.44399],[-70.29233,-18.44401],[-70.29066,-18.44366],[-70.29053,-18.44421],[-70.28444,-18.44309]]}},
{"type":"Feature","properties":{"nom_reg":"Arica y Parinacota","nom_prov":"Arica","nom_com":"Arica","sector":"Arica","cine_reg":"15","cine_prov":"151","cine_com":"15101"},"geometry":{"type":"LineString","coordinates":[[-70.29359,-18.43467],[-70.29274,-18.43479],[-70.29045,-18.43409],[-70.28849,-18.43341],[-70.28854,-18.43302]]}},
{"type":"Feature","properties":{"nom_reg":"Arica y Parinacota","nom_prov":"Arica","nom_com":"Arica","sector":"Arica","cine_reg":"15","cine_prov":"151","cine_com":"15101"},"geometry":{"type":"LineString","coordinates":[[-70.29467,-18.43097],[-70.28983,-18.42941]]}},
{"type":"Feature","properties":{"nom_reg":"Arica y Parinacota","nom_prov":"Arica","nom_com":"Arica","sector":"Arica","cine_reg":"15","cine_prov":"151","cine_com":"15101"},"geometry":{"type":"LineString","coordinates":[[-70.29499,-18.42864],[-70.29275,-18.42804],[-70.29056,-18.42768]]}},
{"type":"Feature","properties":{"nom_reg":"Arica y Parinacota","nom_prov":"Arica","nom_com":"Arica","sector":"Arica","cine_reg":"15","cine_prov":"151","cine_com":"15101"},"geometry":{"type":"LineString","coordinates":[[-70.32304,-18.39885],[-70.31653,-18.3947],[-70.31584,-18.3957]]}},
{"type":"Feature","properties":{"nom_reg":"Arica y Parinacota","nom_prov":"Arica","nom_com":"Arica","sector":"Arica","cine_reg":"15","cine_prov":"151","cine_com":"15101"},"geometry":{"type":"LineString","coordinates":[[-70.32096,-18.40129],[-70.31476,-18.39729],[-70.31537,-18.39634]]}},
{"type":"Feature","properties":{"nom_reg":"Arica y Parinacota","nom_prov":"Arica","nom_com":"Arica","sector":"Arica","cine_reg":"15","cine_prov":"151","cine_com":"15101"},"geometry":{"type":"LineString","coordinates":[[-70.3187,-18.40371],[-70.31289,-18.39986],[-70.31237,-18.40061]]}},
{"type":"Feature","properties":{"nom_reg":"Arica y Parinacota","nom_prov":"Arica","nom_com":"Arica","sector":"Arica","cine_reg":"15","cine_prov":"151","cine_com":"15101"},"geometry":{"type":"LineString","coordinates":[[-70.32911,-18.4062],[-70.32511,-18.40739],[-70.32441,-18.40732],[-70.31791,-18.4054],[-70.31641,-18.406],[-70.311,-18.40251],[-70.31174,-18.40146]]}},
{"type":"Feature","properties":{"nom_reg":"Arica y Parinacota","nom_prov":"Arica","nom_com":"Arica","sector":"Caleta Vitor","cine_reg":"15","cine_prov":"151","cine_com":"15101"},"geometry":{"type":"LineString","coordinates":[[-70.33743,-18.75836],[-70.33707,-18.75809],[-70.33521,-18.75739],[-70.33344,-18.7556],[-70.33322,-18.75523],[-70.33337,-18.75426],[-70.33177,-18.75499],[-70.3299,-18.75492],[-70.32929,-18.75509],[-70.32655,-18.75681],[-70.32368,-18.7574],[-70.32252,-18.75846],[-70.32224,-18.75893],[-70.32186,-18.7603],[-70.32022,-18.76273]]}},
{"type":"Feature","properties":{"nom_reg":"Arica y Parinacota","nom_prov":"Arica","nom_com":"Camarones","sector":"Caleta Camarones","cine_reg":"15","cine_prov":"151","cine_com":"15102"},"geometry":{"type":"LineString","coordinates":[[-70.27035,-19.20638],[-70.26954,-19.20603],[-70.2685,-19.20522],[-70.26754,-19.20402],[-70.26758,-19.20289],[-70.26696,-19.20133],[-70.26669,-19.19975],[-70.26664,-19.19869],[-70.26639,-19.19773],[-70.26652,-19.19724],[-70.26605,-19.19632],[-70.26391,-19.19478],[-70.26353,-19.19433],[-70.26335,-19.19344]]}},
{"type":"Feature","properties":{"nom_reg":"Arica y Parinacota","nom_prov":"Arica","nom_com":"Camarones","sector":"Caleta Camarones","cine_reg":"15","cine_prov":"151","cine_com":"15102"},"geometry":{"type":"LineString","coordinates":[[-70.26651,-19.19593],[-70.2654,-19.19493],[-70.26424,-19.19443],[-70.26396,-19.19385],[-70.26377,-19.19241],[-70.26226,-19.19167],[-70.26306,-19.19287]]}},
{"type":"Feature","properties":{"nom_reg":"Arica y Parinacota","nom_prov":"Arica","nom_com":"Arica","sector":"Arica","cine_reg":"15","cine_prov":"151","cine_com":"15101"},"geometry":{"type":"LineString","coordinates":[[-70.29583,-18.42165],[-70.29248,-18.42173],[-70.2921,-18.42238]]}},
{"type":"Feature","properties":{"nom_reg":"Arica y Parinacota","nom_prov":"Arica","nom_com":"Camarones","sector":"Caleta Camarones","cine_reg":"15","cine_prov":"151","cine_com":"15102"},"geometry":{"type":"LineString","coordinates":[[-70.24806,-19.1857],[-70.24447,-19.18406],[-70.24125,-19.18218],[-70.23387,-19.18045],[-70.23303,-19.17967]]}},
{"type":"Feature","properties":{"nom_reg":"Arica y Parinacota","nom_prov":"Arica","nom_com":"Arica","sector":"Arica","cine_reg":"15","cine_prov":"151","cine_com":"15101"},"geometry":{"type":"LineString","coordinates":[[-70.32694,-18.49224],[-70.32688,-18.49184],[-70.32647,-18.49186],[-70.32558,-18.49205],[-70.3251,-18.49248],[-70.32453,-18.49249]]}},
{"type":"Feature","properties":{"nom_reg":"Arica y Parinacota","nom_prov":"Arica","nom_com":"Arica","sector":"Arica","cine_reg":"15","cine_prov":"151","cine_com":"15101"},"geometry":{"type":"LineString","coordinates":[[-70.32567,-18.49245],[-70.32557,-18.49216]]}},
{"type":"Feature","properties":{"nom_reg":"Valparaíso","nom_prov":"Isla de Pascua","nom_com":"Isla de Pascua","sector":"Isla de Pascua","cine_reg":"05","cine_prov":"052","cine_com":"05201"},"geometry":{"type":"LineString","coordinates":[[-109.43574,-27.15049],[-109.43606,-27.15091],[-109.43549,-27.15122],[-109.43484,-27.15112],[-109.43387,-27.15149],[-109.43188,-27.15262],[-109.4327,-27.15424]]}},
{"type":"Feature","properties":{"nom_reg":"Valparaíso","nom_prov":"Isla de Pascua","nom_com":"Isla de Pascua","sector":"Isla de Pascua","cine_reg":"05","cine_prov":"052","cine_com":"05201"},"geometry":{"type":"LineString","coordinates":[[-109.4268,-27.14196],[-109.42687,-27.14355],[-109.42526,-27.14621],[-109.42385,-27.14728],[-109.42463,-27.14887]]}},
{"type":"Feature","properties":{"nom_reg":"Valparaíso","nom_prov":"Isla de Pascua","nom_com":"Isla de Pascua","sector":"Isla de Pascua","cine_reg":"05","cine_prov":"052","cine_com":"05201"},"geometry":{"type":"LineString","coordinates":[[-109.43099,-27.14847],[-109.42914,-27.1497],[-109.4274,-27.14804]]}},
{"type":"Feature","properties":{"nom_reg":"Valparaíso","nom_prov":"San Antonio","nom_com":"El Tabo","sector":"El Tabo","cine_reg":"05","cine_prov":"056","cine_com":"05605"},"geometry":{"type":"LineString","coordinates":[[-71.62448,-33.49867],[-71.62484,-33.49805],[-71.62549,-33.49766],[-71.62568,-33.49699],[-71.6263,-33.49708],[-71.62621,-33.49569],[-71.62695,-33.49414],[-71.62337,-33.49301],[-71.62294,-33.49424]]}},
{"type":"Feature","properties":{"nom_reg":"Valparaíso","nom_prov":"San Antonio","nom_com":"El Tabo","sector":"El Tabo","cine_reg":"05","cine_prov":"056","cine_com":"05605"},"geometry":{"type":"LineString","coordinates":[[-71.59622,-33.49839],[-71.59838,-33.49945],[-71.599,-33.49862],[-71.59943,-33.49836],[-71.59959,-33.49807],[-71.59929,-33.49785],[-71.59956,-33.49743]]}},
{"type":"Feature","properties":{"nom_reg":"Valparaíso","nom_prov":"San Antonio","nom_com":"El Tabo","sector":"El Tabo","cine_reg":"05","cine_prov":"056","cine_com":"05605"},"geometry":{"type":"LineString","coordinates":[[-71.63497,-33.49416],[-71.63344,-33.49436],[-71.62827,-33.49456],[-71.62805,-33.49579]]}},
{"type":"Feature","properties":{"nom_reg":"Valparaíso","nom_prov":"San Antonio","nom_com":"El Tabo","sector":"El Tabo","cine_reg":"05","cine_prov":"056","cine_com":"05605"},"geometry":{"type":"LineString","coordinates":[[-71.62289,-33.50042],[-71.62238,-33.49916],[-71.62058,-33.50004],[-71.62021,-33.49963]]}},
{"type":"Feature","properties":{"nom_reg":"Valparaíso","nom_prov":"San Antonio","nom_com":"El Tabo","sector":"El Tabo","cine_reg":"05","cine_prov":"056","cine_com":"05605"},"geometry":{"type":"LineString","coordinates":[[-71.62094,-33.49793],[-71.62017,-33.49892]]}},
{"type":"Feature","properties":{"nom_reg":"Valparaíso","nom_prov":"San Antonio","nom_com":"El Tabo","sector":"El Tabo","cine_reg":"05","cine_prov":"056","cine_com":"05605"},"geometry":{"type":"LineString","coordinates":[[-71.60146,-33.5012],[-71.59842,-33.4995]]}},
{"type":"Feature","properties":{"nom_reg":"Valparaíso","nom_prov":"San Antonio","nom_com":"El Tabo","sector":"El Tabo","cine_reg":"05","cine_prov":"056","cine_com":"05605"},"geometry":{"type":"LineString","coordinates":[[-71.6092,-33.50661],[-71.60889,-33.5069],[-71.60757,-33.50698],[-71.60712,-33.50748],[-71.60519,-33.50672],[-71.60349,-33.50652],[-71.60277,-33.50951],[-71.60085,-33.50912],[-71.60069,-33.50974],[-71.59778,-33.50947],[-71.59726,-33.50969]]}},
{"type":"Feature","properties":{"nom_reg":"Valparaíso","nom_prov":"San Antonio","nom_com":"El Tabo","sector":"El Tabo","cine_reg":"05","cine_prov":"056","cine_com":"05605"},"geometry":{"type":"LineString","coordinates":[[-71.62397,-33.49986],[-71.62346,-33.50054],[-71.62145,-33.50101],[-71.62098,-33.501],[-71.62098,-33.50052],[-71.61988,-33.50041],[-71.61958,-33.50008]]}},
{"type":"Feature","properties":{"nom_reg":"Valparaíso","nom_prov":"San Antonio","nom_com":"El Tabo","sector":"El Tabo","cine_reg":"05","cine_prov":"056","cine_com":"05605"},"geometry":{"type":"LineString","coordinates":[[-71.65998,-33.4597],[-71.65901,-33.458],[-71.65849,-33.45759],[-71.65811,-33.45779],[-71.65768,-33.45767]]}},
{"type":"Feature","properties":{"nom_reg":"Valparaíso","nom_prov":"San Antonio","nom_com":"El Tabo","sector":"El Tabo","cine_reg":"05","cine_prov":"056","cine_com":"05605"},"geometry":{"type":"LineString","coordinates":[[-71.6643,-33.45847],[-71.66266,-33.45439]]}},
{"type":"Feature","properties":{"nom_reg":"Valparaíso","nom_prov":"San Antonio","nom_com":"El Tabo","sector":"El Tabo","cine_reg":"05","cine_prov":"056","cine_com":"05605"},"geometry":{"type":"LineString","coordinates":[[-71.66786,-33.45599],[-71.66703,-33.45297],[-71.66781,-33.45284]]}},
{"type":"Feature","properties":{"nom_reg":"Valparaíso","nom_prov":"San Antonio","nom_com":"El Tabo","sector":"El Tabo","cine_reg":"05","cine_prov":"056","cine_com":"05605"},"geometry":{"type":"LineString","coordinates":[[-71.66928,-33.45705],[-71.668,-33.45242]]}},
{"type":"Feature","properties":{"nom_reg":"Valparaíso","nom_prov":"San Antonio","nom_com":"El Tabo","sector":"El Tabo","cine_reg":"05","cine_prov":"056","cine_com":"05605"},"geometry":{"type":"LineString","coordinates":[[-71.67115,-33.45493],[-71.6704,-33.45211],[-71.66821,-33.45248]]}},
{"type":"Feature","properties":{"nom_reg":"Valparaíso","nom_prov":"San Antonio","nom_com":"El Tabo","sector":"El Tabo","cine_reg":"05","cine_prov":"056","cine_com":"05605"},"geometry":{"type":"LineString","coordinates":[[-71.64722,-33.47405],[-71.64468,-33.47017],[-71.64368,-33.46925],[-71.6422,-33.46874],[-71.64161,-33.46799]]}},
{"type":"Feature","properties":{"nom_reg":"Valparaíso","nom_prov":"San Antonio","nom_com":"El Tabo","sector":"El Tabo","cine_reg":"05","cine_prov":"056","cine_com":"05605"},"geometry":{"type":"LineString","coordinates":[[-71.63284,-33.49024],[-71.63314,-33.49242],[-71.63233,-33.49248],[-71.63194,-33.49295],[-71.63191,-33.49422]]}},
{"type":"Feature","properties":{"nom_reg":"Valparaíso","nom_prov":"San Antonio","nom_com":"El Tabo","sector":"El Tabo","cine_reg":"05","cine_prov":"056","cine_com":"05605"},"geometry":{"type":"LineString","coordinates":[[-71.60355,-33.50327],[-71.60335,-33.50462],[-71.60346,-33.50632]]}},
{"type":"Feature","properties":{"nom_reg":"Valparaíso","nom_prov":"San Antonio","nom_com":"El Tabo","sector":"El Tabo","cine_reg":"05","cine_prov":"056","cine_com":"05605"},"geometry":{"type":"LineString","coordinates":[[-71.63227,-33.49038],[-71.63247,-33.4924]]}},
{"type":"Feature","properties":{"nom_reg":"Valparaíso","nom_prov":"San Antonio","nom_com":"El Tabo","sector":"El Tabo","cine_reg":"05","cine_prov":"056","cine_com":"05605"},"geometry":{"type":"LineString","coordinates":[[-71.65645,-33.46007],[-71.65657,-33.45987],[-71.65644,-33.45963],[-71.6587,-33.45837]]}},
{"type":"Feature","properties":{"nom_reg":"Valparaíso","nom_prov":"San Antonio","nom_com":"El Tabo","sector":"El Tabo","cine_reg":"05","cine_prov":"056","cine_com":"05605"},"geometry":{"type":"LineString","coordinates":[[-71.67706,-33.44459],[-71.67686,-33.44527],[-71.67704,-33.44625],[-71.67641,-33.44646]]}},
{"type":"Feature","properties":{"nom_reg":"Valparaíso","nom_prov":"San Antonio","nom_com":"El Tabo","sector":"El Tabo","cine_reg":"05","cine_prov":"056","cine_com":"05605"},"geometry":{"type":"LineString","coordinates":[[-71.67399,-33.45296],[-71.67327,-33.45253],[-71.67411,-33.45157],[-71.67053,-33.45207]]}},
{"type":"Feature","properties":{"nom_reg":"Valparaíso","nom_prov":"San Antonio","nom_com":"El Tabo","sector":"El Tabo","cine_reg":"05","cine_prov":"056","cine_com":"05605"},"geometry":{"type":"LineString","coordinates":[[-71.66506,-33.45731],[-71.66462,-33.45618]]}},
{"type":"Feature","properties":{"nom_reg":"Valparaíso","nom_prov":"San Antonio","nom_com":"El Tabo","sector":"El Tabo","cine_reg":"05","cine_prov":"056","cine_com":"05605"},"geometry":{"type":"LineString","coordinates":[[-71.61218,-33.50429],[-71.612,-33.50297],[-71.61236,-33.50244],[-71.61212,-33.50163],[-71.61096,-33.50014],[-71.60917,-33.50059],[-71.6086,-33.49957]]}},
{"type":"Feature","properties":{"nom_reg":"Valparaíso","nom_prov":"San Antonio","nom_com":"El Tabo","sector":"El Tabo","cine_reg":"05","cine_prov":"056","cine_com":"05605"},"geometry":{"type":"LineString","coordinates":[[-71.66629,-33.45764],[-71.6656,-33.45579],[-71.66358,-33.45631]]}},
{"type":"Feature","properties":{"nom_reg":"Valparaíso","nom_prov":"San Antonio","nom_com":"El Tabo","sector":"El Tabo","cine_reg":"05","cine_prov":"056","cine_com":"05605"},"geometry":{"type":"LineString","coordinates":[[-71.60064,-33.49909],[-71.59919,-33.49866]]}},
{"type":"Feature","properties":{"nom_reg":"Valparaíso","nom_prov":"San Antonio","nom_com":"El Tabo","sector":"El Tabo","cine_reg":"05","cine_prov":"056","cine_com":"05605"},"geometry":{"type":"LineString","coordinates":[[-71.6608,-33.45912],[-71.66016,-33.45791],[-71.65991,-33.4577],[-71.65968,-33.45783]]}},
{"type":"Feature","properties":{"nom_reg":"Valparaíso","nom_prov":"San Antonio","nom_com":"El Tabo","sector":"El Tabo","cine_reg":"05","cine_prov":"056","cine_com":"05605"},"geometry":{"type":"LineString","coordinates":[[-71.65561,-33.46384],[-71.65312,-33.46277],[-71.65111,-33.4611],[-71.65055,-33.46154]]}},
{"type":"Feature","properties":{"nom_reg":"Valparaíso","nom_prov":"San Antonio","nom_com":"El Tabo","sector":"El Tabo","cine_reg":"05","cine_prov":"056","cine_com":"05605"},"geometry":{"type":"LineString","coordinates":[[-71.63354,-33.49705],[-71.63253,-33.4943]]}},
{"type":"Feature","properties":{"nom_reg":"Valparaíso","nom_prov":"San Antonio","nom_com":"El Tabo","sector":"El Tabo","cine_reg":"05","cine_prov":"056","cine_com":"05605"},"geometry":{"type":"LineString","coordinates":[[-71.67538,-33.45006],[-71.67628,-33.44898],[-71.67603,-33.44833],[-71.67649,-33.44734],[-71.67613,-33.44597],[-71.67448,-33.44514],[-71.67092,-33.44484],[-71.67082,-33.44574],[-71.66971,-33.44815]]}},
{"type":"Feature","properties":{"nom_reg":"Valparaíso","nom_prov":"San Antonio","nom_com":"El Tabo","sector":"El Tabo","cine_reg":"05","cine_prov":"056","cine_com":"05605"},"geometry":{"type":"LineString","coordinates":[[-71.61853,-33.50213],[-71.61821,-33.50176],[-71.6179,-33.5017],[-71.6176,-33.50129],[-71.61816,-33.5006]]}},
{"type":"Feature","properties":{"nom_reg":"Valparaíso","nom_prov":"San Antonio","nom_com":"El Tabo","sector":"El Tabo","cine_reg":"05","cine_prov":"056","cine_com":"05605"},"geometry":{"type":"LineString","coordinates":[[-71.6532,-33.46658],[-71.64824,-33.4634],[-71.64842,-33.46319],[-71.6473,-33.46184],[-71.64541,-33.46083],[-71.6455,-33.46028],[-71.64531,-33.46013],[-71.6451,-33.46005],[-71.64484,-33.46021]]}},
{"type":"Feature","properties":{"nom_reg":"Valparaíso","nom_prov":"San Antonio","nom_com":"El Tabo","sector":"El Tabo","cine_reg":"05","cine_prov":"056","cine_com":"05605"},"geometry":{"type":"LineString","coordinates":[[-71.61976,-33.50104],[-71.61822,-33.50054],[-71.61454,-33.49889]]}},
{"type":"Feature","properties":{"nom_reg":"Valparaíso","nom_prov":"San Antonio","nom_com":"El Tabo","sector":"El Tabo","cine_reg":"05","cine_prov":"056","cine_com":"05605"},"geometry":{"type":"LineString","coordinates":[[-71.66255,-33.45798],[-71.66196,-33.45685]]}},
{"type":"Feature","properties":{"nom_reg":"Valparaíso","nom_prov":"San Antonio","nom_com":"El Tabo","sector":"El Tabo","cine_reg":"05","cine_prov":"056","cine_com":"05605"},"geometry":{"type":"LineString","coordinates":[[-71.60809,-33.51733],[-71.60123,-33.51573],[-71.6013,-33.51542],[-71.5989,-33.51479]]}},
{"type":"Feature","properties":{"nom_reg":"Valparaíso","nom_prov":"San Antonio","nom_com":"El Tabo","sector":"El Tabo","cine_reg":"05","cine_prov":"056","cine_com":"05605"},"geometry":{"type":"LineString","coordinates":[[-71.60391,-33.51381],[-71.60184,-33.51338],[-71.60269,-33.50975]]}},
{"type":"Feature","properties":{"nom_reg":"Valparaíso","nom_prov":"San Antonio","nom_com":"El Tabo","sector":"El Tabo","cine_reg":"05","cine_prov":"056","cine_com":"05605"},"geometry":{"type":"LineString","coordinates":[[-71.66165,-33.45853],[-71.66086,-33.45711],[-71.66333,-33.45638]]}},
{"type":"Feature","properties":{"nom_reg":"Valparaíso","nom_prov":"San Antonio","nom_com":"El Quisco","sector":"El Quisco (El Tabo)","cine_reg":"05","cine_prov":"056","cine_com":"05604"},"geometry":{"type":"LineString","coordinates":[[-71.69869,-33.41047],[-71.69585,-33.41023]]}},
{"type":"Feature","properties":{"nom_reg":"Valparaíso","nom_prov":"San Antonio","nom_com":"El Quisco","sector":"El Quisco (El Tabo)","cine_reg":"05","cine_prov":"056","cine_com":"05604"},"geometry":{"type":"LineString","coordinates":[[-71.68554,-33.44212],[-71.68494,-33.44144],[-71.68314,-33.44081],[-71.68301,-33.44108]]}},
{"type":"Feature","properties":{"nom_reg":"Valparaíso","nom_prov":"San Antonio","nom_com":"El Quisco","sector":"El Quisco (El Tabo)","cine_reg":"05","cine_prov":"056","cine_com":"05604"},"geometry":{"type":"LineString","coordinates":[[-71.68442,-33.44243],[-71.68385,-33.44206],[-71.68282,-33.4417]]}},
{"type":"Feature","properties":{"nom_reg":"Valparaíso","nom_prov":"San Antonio","nom_com":"El Quisco","sector":"El Quisco (El Tabo)","cine_reg":"05","cine_prov":"056","cine_com":"05604"},"geometry":{"type":"LineString","coordinates":[[-71.68092,-33.4454],[-71.68175,-33.44412],[-71.68116,-33.44369],[-71.68272,-33.4416]]}},
{"type":"Feature","properties":{"nom_reg":"Valparaíso","nom_prov":"San Antonio","nom_com":"El Quisco","sector":"El Quisco (El Tabo)","cine_reg":"05","cine_prov":"056","cine_com":"05604"},"geometry":{"type":"LineString","coordinates":[[-71.68914,-33.43751],[-71.68883,-33.43716],[-71.68901,-33.43639],[-71.68862,-33.43605]]}},
{"type":"Feature","properties":{"nom_reg":"Valparaíso","nom_prov":"San Antonio","nom_com":"El Quisco","sector":"El Quisco (El Tabo)","cine_reg":"05","cine_prov":"056","cine_com":"05604"},"geometry":{"type":"LineString","coordinates":[[-71.69947,-33.41318],[-71.6959,-33.41356]]}},
{"type":"Feature","properties":{"nom_reg":"Valparaíso","nom_prov":"San Antonio","nom_com":"El Quisco","sector":"El Quisco (El Tabo)","cine_reg":"05","cine_prov":"056","cine_com":"05604"},"geometry":{"type":"LineString","coordinates":[[-71.6942,-33.39373],[-71.69133,-33.39454]]}},
{"type":"Feature","properties":{"nom_reg":"Valparaíso","nom_prov":"San Antonio","nom_com":"El Quisco","sector":"El Quisco (El Tabo)","cine_reg":"05","cine_prov":"056","cine_com":"05604"},"geometry":{"type":"LineString","coordinates":[[-71.69325,-33.38503],[-71.68993,-33.38422],[-71.6896,-33.38514]]}},
{"type":"Feature","properties":{"nom_reg":"Valparaíso","nom_prov":"San Antonio","nom_com":"El Quisco","sector":"El Quisco (El Tabo)","cine_reg":"05","cine_prov":"056","cine_com":"05604"},"geometry":{"type":"LineString","coordinates":[[-71.69416,-33.38171],[-71.69392,-33.3815],[-71.69344,-33.38167],[-71.69277,-33.38154],[-71.69195,-33.38202]]}},
{"type":"Feature","properties":{"nom_reg":"Valparaíso","nom_prov":"San Antonio","nom_com":"El Quisco","sector":"El Quisco (El Tabo)","cine_reg":"05","cine_prov":"056","cine_com":"05604"},"geometry":{"type":"LineString","coordinates":[[-71.68836,-33.43793],[-71.68743,-33.43837],[-71.6854,-33.43784]]}},
{"type":"Feature","properties":{"nom_reg":"Valparaíso","nom_prov":"San Antonio","nom_com":"El Quisco","sector":"El Quisco (El Tabo)","cine_reg":"05","cine_prov":"056","cine_com":"05604"},"geometry":{"type":"LineString","coordinates":[[-71.70119,-33.42566],[-71.69993,-33.42427],[-71.69905,-33.42383],[-71.69804,-33.42418],[-71.69705,-33.42539],[-71.69648,-33.42577]]}},
{"type":"Feature","properties":{"nom_reg":"Valparaíso","nom_prov":"San Antonio","nom_com":"El Quisco","sector":"El Quisco (El Tabo)","cine_reg":"05","cine_prov":"056","cine_com":"05604"},"geometry":{"type":"LineString","coordinates":[[-71.7007,-33.42566],[-71.70075,-33.42623],[-71.6993,-33.4263],[-71.69937,-33.42696],[-71.69892,-33.4271],[-71.6982,-33.42565],[-71.69746,-33.4259],[-71.69763,-33.42627],[-71.69668,-33.42594]]}},
{"type":"Feature","properties":{"nom_reg":"Valparaíso","nom_prov":"San Antonio","nom_com":"El Quisco","sector":"El Quisco (El Tabo)","cine_reg":"05","cine_prov":"056","cine_com":"05604"},"geometry":{"type":"LineString","coordinates":[[-71.69849,-33.40778],[-71.69583,-33.40765],[-71.69425,-33.40797],[-71.69409,-33.40785]]}},
{"type":"Feature","properties":{"nom_reg":"Valparaíso","nom_prov":"San Antonio","nom_com":"El Quisco","sector":"El Quisco (El Tabo)","cine_reg":"05","cine_prov":"056","cine_com":"05604"},"geometry":{"type":"LineString","coordinates":[[-71.69864,-33.40824],[-71.6981,-33.40843],[-71.69602,-33.40836],[-71.69438,-33.40876],[-71.69418,-33.40822]]}},
{"type":"Feature","properties":{"nom_reg":"Valparaíso","nom_prov":"San Antonio","nom_com":"El Quisco","sector":"El Quisco (El Tabo)","cine_reg":"05","cine_prov":"056","cine_com":"05604"},"geometry":{"type":"LineString","coordinates":[[-71.69839,-33.40297],[-71.6974,-33.40242],[-71.69594,-33.40214]]}},
{"type":"Feature","properties":{"nom_reg":"Valparaíso","nom_prov":"San Antonio","nom_com":"El Quisco","sector":"El Quisco (El Tabo)","cine_reg":"05","cine_prov":"056","cine_com":"05604"},"geometry":{"type":"LineString","coordinates":[[-71.69914,-33.40554],[-71.69501,-33.40504],[-71.69541,-33.40248]]}},
{"type":"Feature","properties":{"nom_reg":"Valparaíso","nom_prov":"San Antonio","nom_com":"El Quisco","sector":"El Quisco (El Tabo)","cine_reg":"05","cine_prov":"056","cine_com":"05604"},"geometry":{"type":"LineString","coordinates":[[-71.69313,-33.39146],[-71.69264,-33.39143],[-71.6923,-33.39114],[-71.69172,-33.39099]]}},
{"type":"Feature","properties":{"nom_reg":"Valparaíso","nom_prov":"San Antonio","nom_com":"El Quisco","sector":"El Quisco (El Tabo)","cine_reg":"05","cine_prov":"056","cine_com":"05604"},"geometry":{"type":"LineString","coordinates":[[-71.69039,-33.3879],[-71.69091,-33.38788],[-71.68965,-33.38595]]}},
{"type":"Feature","properties":{"nom_reg":"Valparaíso","nom_prov":"San Antonio","nom_com":"El Quisco","sector":"El Quisco (El Tabo)","cine_reg":"05","cine_prov":"056","cine_com":"05604"},"geometry":{"type":"LineString","coordinates":[[-71.69196,-33.38795],[-71.68996,-33.3853],[-71.68979,-33.3854]]}},
{"type":"Feature","properties":{"nom_reg":"Valparaíso","nom_prov":"San Antonio","nom_com":"El Quisco","sector":"El Quisco (El Tabo)","cine_reg":"05","cine_prov":"056","cine_com":"05604"},"geometry":{"type":"LineString","coordinates":[[-71.69521,-33.37699],[-71.69389,-33.37584],[-71.69382,-33.37557],[-71.69397,-33.37527]]}},
{"type":"Feature","properties":{"nom_reg":"Valparaíso","nom_prov":"San Antonio","nom_com":"El Quisco","sector":"El Quisco (El Tabo)","cine_reg":"05","cine_prov":"056","cine_com":"05604"},"geometry":{"type":"LineString","coordinates":[[-71.69359,-33.37584],[-71.69354,-33.37539],[-71.69528,-33.37481],[-71.69572,-33.37335],[-71.69528,-33.37298],[-71.69413,-33.37284],[-71.6936,-33.37377],[-71.69308,-33.37406]]}},
{"type":"Feature","properties":{"nom_reg":"Valparaíso","nom_prov":"San Antonio","nom_com":"El Quisco","sector":"El Quisco (El Tabo)","cine_reg":"05","cine_prov":"056","cine_com":"05604"},"geometry":{"type":"LineString","coordinates":[[-71.70361,-33.3953],[-71.70128,-33.3949],[-71.70033,-33.39434],[-71.69942,-33.39544],[-71.69934,-33.39575],[-71.69957,-33.39644],[-71.69678,-33.39707],[-71.69493,-33.39702]]}},
{"type":"Feature","properties":{"nom_reg":"Valparaíso","nom_prov":"San Antonio","nom_com":"El Quisco","sector":"El Quisco (El Tabo)","cine_reg":"05","cine_prov":"056","cine_com":"05604"},"geometry":{"type":"LineString","coordinates":[[-71.69726,-33.39491],[-71.69778,-33.39682]]}},
{"type":"Feature","properties":{"nom_reg":"Valparaíso","nom_prov":"San Antonio","nom_com":"El Quisco","sector":"El Quisco (El Tabo)","cine_reg":"05","cine_prov":"056","cine_com":"05604"},"geometry":{"type":"LineString","coordinates":[[-71.69877,-33.40157],[-71.69703,-33.4012],[-71.69658,-33.40127],[-71.69611,-33.40093],[-71.69446,-33.40072]]}},
{"type":"Feature","properties":{"nom_reg":"Valparaíso","nom_prov":"San Antonio","nom_com":"El Quisco","sector":"El Quisco (El Tabo)","cine_reg":"05","cine_prov":"056","cine_com":"05604"},"geometry":{"type":"LineString","coordinates":[[-71.69915,-33.3996],[-71.69616,-33.39925],[-71.69604,-33.39959],[-71.69481,-33.39959]]}},
{"type":"Feature","properties":{"nom_reg":"Valparaíso","nom_prov":"San Antonio","nom_com":"El Quisco","sector":"El Quisco (El Tabo)","cine_reg":"05","cine_prov":"056","cine_com":"05604"},"geometry":{"type":"LineString","coordinates":[[-71.70154,-33.39258],[-71.70177,-33.39339],[-71.70132,-33.39486]]}},
{"type":"Feature","properties":{"nom_reg":"Valparaíso","nom_prov":"San Antonio","nom_com":"El Quisco","sector":"El Quisco (El Tabo)","cine_reg":"05","cine_prov":"056","cine_com":"05604"},"geometry":{"type":"LineString","coordinates":[[-71.69897,-33.39845],[-71.69466,-33.39834]]}},
{"type":"Feature","properties":{"nom_reg":"Valparaíso","nom_prov":"Valparaíso","nom_com":"Concón","sector":"Concon","cine_reg":"05","cine_prov":"051","cine_com":"05103"},"geometry":{"type":"LineString","coordinates":[[-71.51254,-32.92053],[-71.51394,-32.92096],[-71.51395,-32.92144]]}},
{"type":"Feature","properties":{"nom_reg":"Valparaíso","nom_prov":"Valparaíso","nom_com":"Concón","sector":"Concon","cine_reg":"05","cine_prov":"051","cine_com":"05103"},"geometry":{"type":"LineString","coordinates":[[-71.51448,-32.92092],[-71.51524,-32.9207],[-71.51524,-32.92161]]}},
{"type":"Feature","properties":{"nom_reg":"Valparaíso","nom_prov":"Valparaíso","nom_com":"Concón","sector":"Concon","cine_reg":"05","cine_prov":"051","cine_com":"05103"},"geometry":{"type":"LineString","coordinates":[[-71.52093,-32.91878],[-71.52079,-32.91947]]}},
{"type":"Feature","properties":{"nom_reg":"Valparaíso","nom_prov":"Valparaíso","nom_com":"Concón","sector":"Concon","cine_reg":"05","cine_prov":"051","cine_com":"05103"},"geometry":{"type":"LineString","coordinates":[[-71.5036,-32.91876],[-71.50525,-32.92006],[-71.50717,-32.92126],[-71.50742,-32.92175],[-71.50913,-32.92134],[-71.51061,-32.9215],[-71.51282,-32.92149]]}},
{"type":"Feature","properties":{"nom_reg":"Valparaíso","nom_prov":"Valparaíso","nom_com":"Concón","sector":"Concon","cine_reg":"05","cine_prov":"051","cine_com":"05103"},"geometry":{"type":"LineString","coordinates":[[-71.51103,-32.9202],[-71.51063,-32.9214]]}},
{"type":"Feature","properties":{"nom_reg":"Valparaíso","nom_prov":"Valparaíso","nom_com":"Concón","sector":"Concon","cine_reg":"05","cine_prov":"051","cine_com":"05103"},"geometry":{"type":"LineString","coordinates":[[-71.52368,-32.92119],[-71.52324,-32.92027],[-71.52247,-32.91977],[-71.51976,-32.91953]]}},
{"type":"Feature","properties":{"nom_reg":"Valparaíso","nom_prov":"Valparaíso","nom_com":"Concón","sector":"Concon","cine_reg":"05","cine_prov":"051","cine_com":"05103"},"geometry":{"type":"LineString","coordinates":[[-71.52148,-32.91829],[-71.52076,-32.91862],[-71.51935,-32.91891],[-71.51932,-32.91933]]}},
{"type":"Feature","properties":{"nom_reg":"Valparaíso","nom_prov":"Valparaíso","nom_com":"Concón","sector":"Concon","cine_reg":"05","cine_prov":"051","cine_com":"05103"},"geometry":{"type":"LineString","coordinates":[[-71.54129,-32.92944],[-71.54214,-32.93018],[-71.54224,-32.93044]]}},
{"type":"Feature","properties":{"nom_reg":"Valparaíso","nom_prov":"Valparaíso","nom_com":"Concón","sector":"Concon","cine_reg":"05","cine_prov":"051","cine_com":"05103"},"geometry":{"type":"LineString","coordinates":[[-71.52644,-32.92457],[-71.52557,-32.925],[-71.52356,-32.92457]]}},
{"type":"Feature","properties":{"nom_reg":"Valparaíso","nom_prov":"Valparaíso","nom_com":"Concón","sector":"Concon","cine_reg":"05","cine_prov":"051","cine_com":"05103"},"geometry":{"type":"LineString","coordinates":[[-71.5069,-32.92257],[-71.5101,-32.92262]]}},
{"type":"Feature","properties":{"nom_reg":"Valparaíso","nom_prov":"Valparaíso","nom_com":"Concón","sector":"Concon","cine_reg":"05","cine_prov":"051","cine_com":"05103"},"geometry":{"type":"LineString","coordinates":[[-71.50658,-32.92481],[-71.51021,-32.92478]]}},
{"type":"Feature","properties":{"nom_reg":"Valparaíso","nom_prov":"Valparaíso","nom_com":"Concón","sector":"Concon","cine_reg":"05","cine_prov":"051","cine_com":"05103"},"geometry":{"type":"LineString","coordinates":[[-71.52151,-32.91865],[-71.52198,-32.91873],[-71.52214,-32.91913]]}},
{"type":"Feature","properties":{"nom_reg":"Valparaíso","nom_prov":"Valparaíso","nom_com":"Concón","sector":"Concon","cine_reg":"05","cine_prov":"051","cine_com":"05103"},"geometry":{"type":"LineString","coordinates":[[-71.52377,-32.92177],[-71.52259,-32.92193]]}},
{"type":"Feature","properties":{"nom_reg":"Valparaíso","nom_prov":"Valparaíso","nom_com":"Concón","sector":"Concon","cine_reg":"05","cine_prov":"051","cine_com":"05103"},"geometry":{"type":"LineString","coordinates":[[-71.50651,-32.92372],[-71.51013,-32.9237]]}},
{"type":"Feature","properties":{"nom_reg":"Valparaíso","nom_prov":"Valparaíso","nom_com":"Concón","sector":"Concon","cine_reg":"05","cine_prov":"051","cine_com":"05103"},"geometry":{"type":"LineString","coordinates":[[-71.51802,-32.91911],[-71.51809,-32.91921],[-71.51658,-32.92028],[-71.51659,-32.92057]]}},
{"type":"Feature","properties":{"nom_reg":"Valparaíso","nom_prov":"Valparaíso","nom_com":"Concón","sector":"Concon","cine_reg":"05","cine_prov":"051","cine_com":"05103"},"geometry":{"type":"LineString","coordinates":[[-71.53897,-32.93016],[-71.5392,-32.93033],[-71.53946,-32.93024],[-71.53999,-32.93076]]}},
{"type":"Feature","properties":{"nom_reg":"Valparaíso","nom_prov":"Valparaíso","nom_com":"Concón","sector":"Concon","cine_reg":"05","cine_prov":"051","cine_com":"05103"},"geometry":{"type":"LineString","coordinates":[[-71.55068,-32.93036],[-71.55089,-32.92977],[-71.55065,-32.92931],[-71.55048,-32.92913],[-71.55009,-32.92912],[-71.54995,-32.92949]]}},
{"type":"Feature","properties":{"nom_reg":"Valparaíso","nom_prov":"Valparaíso","nom_com":"Concón","sector":"Concon","cine_reg":"05","cine_prov":"051","cine_com":"05103"},"geometry":{"type":"LineString","coordinates":[[-71.54504,-32.92761],[-71.54469,-32.92776],[-71.54346,-32.9278],[-71.54294,-32.92805],[-71.54284,-32.92845],[-71.5434,-32.92877]]}},
{"type":"Feature","properties":{"nom_reg":"Valparaíso","nom_prov":"Valparaíso","nom_com":"Concón","sector":"Concon","cine_reg":"05","cine_prov":"051","cine_com":"05103"},"geometry":{"type":"LineString","coordinates":[[-71.52949,-32.92786],[-71.52886,-32.92877]]}},
{"type":"Feature","properties":{"nom_reg":"Valparaíso","nom_prov":"Valparaíso","nom_com":"Concón","sector":"Concon","cine_reg":"05","cine_prov":"051","cine_com":"05103"},"geometry":{"type":"LineString","coordinates":[[-71.53154,-32.92953],[-71.53103,-32.93015]]}},
{"type":"Feature","properties":{"nom_reg":"Valparaíso","nom_prov":"Valparaíso","nom_com":"Concón","sector":"Concon","cine_reg":"05","cine_prov":"051","cine_com":"05103"},"geometry":{"type":"LineString","coordinates":[[-71.53333,-32.93068],[-71.5319,-32.93003],[-71.53105,-32.93019],[-71.53078,-32.9304],[-71.53134,-32.9314]]}},
{"type":"Feature","properties":{"nom_reg":"Valparaíso","nom_prov":"Valparaíso","nom_com":"Concón","sector":"Concon","cine_reg":"05","cine_prov":"051","cine_com":"05103"},"geometry":{"type":"LineString","coordinates":[[-71.52331,-32.91908],[-71.52218,-32.91922],[-71.52227,-32.91965]]}},
{"type":"Feature","properties":{"nom_reg":"Valparaíso","nom_prov":"Valparaíso","nom_com":"Concón","sector":"Colmo","cine_reg":"05","cine_prov":"051","cine_com":"05103"},"geometry":{"type":"LineString","coordinates":[[-71.44185,-32.93358],[-71.44074,-32.93324],[-71.44028,-32.9334],[-71.44042,-32.93399],[-71.4401,-32.93448]]}},
{"type":"Feature","properties":{"nom_reg":"Valparaíso","nom_prov":"Valparaíso","nom_com":"Concón","sector":"Concon","cine_reg":"05","cine_prov":"051","cine_com":"05103"},"geometry":{"type":"LineString","coordinates":[[-71.50721,-32.92584],[-71.51022,-32.92584]]}},
{"type":"Feature","properties":{"nom_reg":"Valparaíso","nom_prov":"Valparaíso","nom_com":"Concón","sector":"Concon","cine_reg":"05","cine_prov":"051","cine_com":"05103"},"geometry":{"type":"LineString","coordinates":[[-71.52513,-32.92445],[-71.52461,-32.92472]]}},
{"type":"Feature","properties":{"nom_reg":"Valparaíso","nom_prov":"Valparaíso","nom_com":"Concón","sector":"Concon","cine_reg":"05","cine_prov":"051","cine_com":"05103"},"geometry":{"type":"LineString","coordinates":[[-71.50927,-32.92043],[-71.50954,-32.92097],[-71.5095,-32.92134]]}},
{"type":"Feature","properties":{"nom_reg":"Valparaíso","nom_prov":"Valparaíso","nom_com":"Concón","sector":"Concon","cine_reg":"05","cine_prov":"051","cine_com":"05103"},"geometry":{"type":"LineString","coordinates":[[-71.53638,-32.9312],[-71.53587,-32.93152],[-71.53455,-32.93138],[-71.53404,-32.93164],[-71.53316,-32.93173]]}},
{"type":"Feature","properties":{"nom_reg":"Valparaíso","nom_prov":"Valparaíso","nom_com":"Concón","sector":"Concon","cine_reg":"05","cine_prov":"051","cine_com":"05103"},"geometry":{"type":"LineString","coordinates":[[-71.53669,-32.93115],[-71.53675,-32.93206]]}},
{"type":"Feature","properties":{"nom_reg":"Valparaíso","nom_prov":"Valparaíso","nom_com":"Concón","sector":"Concon","cine_reg":"05","cine_prov":"051","cine_com":"05103"},"geometry":{"type":"LineString","coordinates":[[-71.52802,-32.92719],[-71.52709,-32.92785]]}},
{"type":"Feature","properties":{"nom_reg":"Valparaíso","nom_prov":"Valparaíso","nom_com":"Casablanca","sector":"Tunquen","cine_reg":"05","cine_prov":"051","cine_com":"05102"},"geometry":{"type":"LineString","coordinates":[[-71.65294,-33.27097],[-71.65431,-33.27002],[-71.65472,-33.26994],[-71.65599,-33.27013],[-71.65641,-33.26999],[-71.65567,-33.26895],[-71.6554,-33.26804],[-71.65462,-33.26716],[-71.65502,-33.26618],[-71.65598,-33.26566],[-71.65622,-33.26501]]}},
{"type":"Feature","properties":{"nom_reg":"Valparaíso","nom_prov":"Valparaíso","nom_com":"Casablanca","sector":"Quintay","cine_reg":"05","cine_prov":"051","cine_com":"05102"},"geometry":{"type":"LineString","coordinates":[[-71.69801,-33.19353],[-71.69741,-33.19367],[-71.69764,-33.19471],[-71.69766,-33.1958]]}},
{"type":"Feature","properties":{"nom_reg":"Valparaíso","nom_prov":"Valparaíso","nom_com":"Casablanca","sector":"Quintay","cine_reg":"05","cine_prov":"051","cine_com":"05102"},"geometry":{"type":"LineString","coordinates":[[-71.69908,-33.19332],[-71.69876,-33.1934],[-71.69877,-33.1929],[-71.6985,-33.1929],[-71.69817,-33.19265],[-71.69732,-33.19323],[-71.69613,-33.19342],[-71.69664,-33.1961]]}},
{"type":"Feature","properties":{"nom_reg":"Valparaíso","nom_prov":"Valparaíso","nom_com":"Casablanca","sector":"Playa Chica","cine_reg":"05","cine_prov":"051","cine_com":"05102"},"geometry":{"type":"LineString","coordinates":[[-71.69902,-33.20712],[-71.69848,-33.20667],[-71.69794,-33.20589],[-71.69797,-33.20425],[-71.69785,-33.2038],[-71.69755,-33.20344],[-71.69723,-33.20206],[-71.69716,-33.20091],[-71.69784,-33.20051],[-71.69805,-33.20017],[-71.6973,-33.1988],[-71.69731,-33.19698],[-71.69716,-33.19614]]}},
{"type":"Feature","properties":{"nom_reg":"Valparaíso","nom_prov":"Valparaíso","nom_com":"Casablanca","sector":"Quintay","cine_reg":"05","cine_prov":"051","cine_com":"05102"},"geometry":{"type":"LineString","coordinates":[[-71.70144,-33.19323],[-71.70092,-33.19375],[-71.69999,-33.19429],[-71.69935,-33.1951],[-71.6985,-33.1955]]}},
{"type":"Feature","properties":{"nom_reg":"Valparaíso","nom_prov":"Valparaíso","nom_com":"Casablanca","sector":"Quintay","cine_reg":"05","cine_prov":"051","cine_com":"05102"},"geometry":{"type":"LineString","coordinates":[[-71.6844,-33.18415],[-71.68376,-33.18539],[-71.68344,-33.18723],[-71.68376,-33.18819],[-71.68451,-33.18899]]}},
{"type":"Feature","properties":{"nom_reg":"Valparaíso","nom_prov":"Valparaíso","nom_com":"Casablanca","sector":"Quintay","cine_reg":"05","cine_prov":"051","cine_com":"05102"},"geometry":{"type":"LineString","coordinates":[[-71.68424,-33.18312],[-71.6861,-33.18321],[-71.68597,-33.1834],[-71.68519,-33.18349],[-71.68475,-33.18406],[-71.68516,-33.18441],[-71.6854,-33.1866],[-71.68482,-33.18894]]}},
{"type":"Feature","properties":{"nom_reg":"Valparaíso","nom_prov":"Valparaíso","nom_com":"Casablanca","sector":"Quintay","cine_reg":"05","cine_prov":"051","cine_com":"05102"},"geometry":{"type":"LineString","coordinates":[[-71.6791,-33.18311],[-71.68027,-33.18323],[-71.68041,-33.18292],[-71.68029,-33.1825]]}},
{"type":"Feature","properties":{"nom_reg":"Valparaíso","nom_prov":"Valparaíso","nom_com":"Casablanca","sector":"Quintay","cine_reg":"05","cine_prov":"051","cine_com":"05102"},"geometry":{"type":"LineString","coordinates":[[-71.68328,-33.1815],[-71.68181,-33.18171],[-71.68023,-33.18242],[-71.67865,-33.1827],[-71.67668,-33.1839],[-71.67607,-33.184],[-71.6753,-33.18389],[-71.67472,-33.18415],[-71.67484,-33.18214],[-71.67463,-33.1821]]}},
{"type":"Feature","properties":{"nom_reg":"Valparaíso","nom_prov":"Valparaíso","nom_com":"Casablanca","sector":"San Augusta","cine_reg":"05","cine_prov":"051","cine_com":"05102"},"geometry":{"type":"LineString","coordinates":[[-71.67869,-33.18015],[-71.6777,-33.18072],[-71.6775,-33.1807],[-71.677,-33.18018],[-71.67789,-33.17947],[-71.67795,-33.17885],[-71.67775,-33.17847]]}},
{"type":"Feature","properties":{"nom_reg":"Valparaíso","nom_prov":"Valparaíso","nom_com":"Casablanca","sector":"San Augusta","cine_reg":"05","cine_prov":"051","cine_com":"05102"},"geometry":{"type":"LineString","coordinates":[[-71.68012,-33.17601],[-71.67981,-33.17599],[-71.67896,-33.17659],[-71.67832,-33.17634],[-71.67787,-33.17635],[-71.67782,-33.17657],[-71.67809,-33.17701],[-71.67741,-33.17778]]}},
{"type":"Feature","properties":{"nom_reg":"Valparaíso","nom_prov":"Valparaíso","nom_com":"Casablanca","sector":"San Augusta","cine_reg":"05","cine_prov":"051","cine_com":"05102"},"geometry":{"type":"LineString","coordinates":[[-71.67907,-33.17907],[-71.67984,-33.17952],[-71.6804,-33.17925],[-71.68049,-33.17889],[-71.68021,-33.17748],[-71.68046,-33.17639]]}},
{"type":"Feature","properties":{"nom_reg":"Valparaíso","nom_prov":"Valparaíso","nom_com":"Casablanca","sector":"Quintay","cine_reg":"05","cine_prov":"051","cine_com":"05102"},"geometry":{"type":"LineString","coordinates":[[-71.7001,-33.19385],[-71.69999,-33.19414],[-71.69961,-33.19443],[-71.69907,-33.19458],[-71.69853,-33.19544],[-71.69656,-33.19623]]}},
{"type":"Feature","properties":{"nom_reg":"Valparaíso","nom_prov":"Valparaíso","nom_com":"Casablanca","sector":"San Augusta","cine_reg":"05","cine_prov":"051","cine_com":"05102"},"geometry":{"type":"LineString","coordinates":[[-71.68268,-33.1763],[-71.68035,-33.17633],[-71.67861,-33.1773],[-71.67806,-33.17834],[-71.67785,-33.17838],[-71.67745,-33.17808]]}},
{"type":"Feature","properties":{"nom_reg":"Valparaíso","nom_prov":"San Antonio","nom_com":"Cartagena","sector":"Cartagena","cine_reg":"05","cine_prov":"056","cine_com":"05603"},"geometry":{"type":"LineString","coordinates":[[-71.61383,-33.55134],[-71.61292,-33.55137],[-71.61302,-33.55186],[-71.61239,-33.55183],[-71.61195,-33.55163],[-71.61103,-33.55186],[-71.61187,-33.55229]]}},
{"type":"Feature","properties":{"nom_reg":"Valparaíso","nom_prov":"San Antonio","nom_com":"Cartagena","sector":"Cartagena","cine_reg":"05","cine_prov":"056","cine_com":"05603"},"geometry":{"type":"LineString","coordinates":[[-71.60553,-33.54938],[-71.60455,-33.54967],[-71.60447,-33.54957],[-71.60315,-33.55004]]}},
{"type":"Feature","properties":{"nom_reg":"Valparaíso","nom_prov":"San Antonio","nom_com":"Cartagena","sector":"Cartagena","cine_reg":"05","cine_prov":"056","cine_com":"05603"},"geometry":{"type":"LineString","coordinates":[[-71.60227,-33.54263],[-71.60051,-33.54187]]}},
{"type":"Feature","properties":{"nom_reg":"Valparaíso","nom_prov":"San Antonio","nom_com":"Cartagena","sector":"Cartagena","cine_reg":"05","cine_prov":"056","cine_com":"05603"},"geometry":{"type":"LineString","coordinates":[[-71.60794,-33.55079],[-71.60781,-33.55217],[-71.60808,-33.55261]]}},
{"type":"Feature","properties":{"nom_reg":"Valparaíso","nom_prov":"San Antonio","nom_com":"Cartagena","sector":"Cartagena","cine_reg":"05","cine_prov":"056","cine_com":"05603"},"geometry":{"type":"LineString","coordinates":[[-71.60534,-33.54901],[-71.60435,-33.54928],[-71.60333,-33.54718]]}},
{"type":"Feature","properties":{"nom_reg":"Valparaíso","nom_prov":"San Antonio","nom_com":"Cartagena","sector":"Cartagena","cine_reg":"05","cine_prov":"056","cine_com":"05603"},"geometry":{"type":"LineString","coordinates":[[-71.59855,-33.5377],[-71.5987,-33.5397],[-71.5993,-33.54161],[-71.59862,-33.54141],[-71.59727,-33.54043],[-71.59641,-33.54034],[-71.59522,-33.53995],[-71.59443,-33.54055],[-71.59516,-33.54073],[-71.59531,-33.54108]]}},
{"type":"Feature","properties":{"nom_reg":"Valparaíso","nom_prov":"San Antonio","nom_com":"Cartagena","sector":"Cartagena","cine_reg":"05","cine_prov":"056","cine_com":"05603"},"geometry":{"type":"LineString","coordinates":[[-71.60221,-33.53799],[-71.59965,-33.53729],[-71.59997,-33.5417],[-71.6005,-33.54187],[-71.59999,-33.54289],[-71.60032,-33.54307],[-71.60039,-33.54348],[-71.59643,-33.54407]]}},
{"type":"Feature","properties":{"nom_reg":"Valparaíso","nom_prov":"San Antonio","nom_com":"Cartagena","sector":"Cartagena","cine_reg":"05","cine_prov":"056","cine_com":"05603"},"geometry":{"type":"LineString","coordinates":[[-71.60534,-33.52435],[-71.60034,-33.52329],[-71.59961,-33.52522],[-71.59703,-33.52475],[-71.59616,-33.52489],[-71.59598,-33.52617],[-71.59405,-33.52573]]}},
{"type":"Feature","properties":{"nom_reg":"Valparaíso","nom_prov":"San Antonio","nom_com":"Cartagena","sector":"Cartagena","cine_reg":"05","cine_prov":"056","cine_com":"05603"},"geometry":{"type":"LineString","coordinates":[[-71.60328,-33.52955],[-71.59568,-33.52791],[-71.59376,-33.5277]]}},
{"type":"Feature","properties":{"nom_reg":"Valparaíso","nom_prov":"San Antonio","nom_com":"Cartagena","sector":"Cartagena","cine_reg":"05","cine_prov":"056","cine_com":"05603"},"geometry":{"type":"LineString","coordinates":[[-71.60276,-33.54345],[-71.60179,-33.54377],[-71.60182,-33.54391],[-71.60056,-33.54414],[-71.59622,-33.54477],[-71.59616,-33.54449]]}},
{"type":"Feature","properties":{"nom_reg":"Valparaíso","nom_prov":"San Antonio","nom_com":"Cartagena","sector":"Cartagena","cine_reg":"05","cine_prov":"056","cine_com":"05603"},"geometry":{"type":"LineString","coordinates":[[-71.60402,-33.5453],[-71.60327,-33.54527],[-71.60233,-33.54552],[-71.60265,-33.54667]]}},
{"type":"Feature","properties":{"nom_reg":"Valparaíso","nom_prov":"San Antonio","nom_com":"Cartagena","sector":"Cartagena","cine_reg":"05","cine_prov":"056","cine_com":"05603"},"geometry":{"type":"LineString","coordinates":[[-71.60425,-33.52624],[-71.59961,-33.52522]]}},
{"type":"Feature","properties":{"nom_reg":"Valparaíso","nom_prov":"San Antonio","nom_com":"Cartagena","sector":"Cartagena","cine_reg":"05","cine_prov":"056","cine_com":"05603"},"geometry":{"type":"LineString","coordinates":[[-71.60463,-33.54576],[-71.60407,-33.5463],[-71.60286,-33.54661]]}},
{"type":"Feature","properties":{"nom_reg":"Valparaíso","nom_prov":"San Antonio","nom_com":"Cartagena","sector":"Cartagena","cine_reg":"05","cine_prov":"056","cine_com":"05603"},"geometry":{"type":"LineString","coordinates":[[-71.60386,-33.52782],[-71.59613,-33.52621]]}},
{"type":"Feature","properties":{"nom_reg":"Valparaíso","nom_prov":"San Antonio","nom_com":"Cartagena","sector":"Cartagena","cine_reg":"05","cine_prov":"056","cine_com":"05603"},"geometry":{"type":"LineString","coordinates":[[-71.60656,-33.52205],[-71.60274,-33.5212],[-71.5968,-33.52113],[-71.59673,-33.52342],[-71.59449,-33.52328]]}},
{"type":"Feature","properties":{"nom_reg":"Valparaíso","nom_prov":"San Antonio","nom_com":"Cartagena","sector":"Cartagena","cine_reg":"05","cine_prov":"056","cine_com":"05603"},"geometry":{"type":"LineString","coordinates":[[-71.59802,-33.53771],[-71.59815,-33.53973],[-71.59888,-33.54151]]}},
{"type":"Feature","properties":{"nom_reg":"Valparaíso","nom_prov":"San Antonio","nom_com":"Cartagena","sector":"Cartagena","cine_reg":"05","cine_prov":"056","cine_com":"05603"},"geometry":{"type":"LineString","coordinates":[[-71.60598,-33.55016],[-71.60589,-33.55091],[-71.60414,-33.55191]]}},
{"type":"Feature","properties":{"nom_reg":"Valparaíso","nom_prov":"San Antonio","nom_com":"Algarrobo","sector":"Algarrobo","cine_reg":"05","cine_prov":"056","cine_com":"05602"},"geometry":{"type":"LineString","coordinates":[[-71.68841,-33.36798],[-71.68753,-33.36941]]}},
{"type":"Feature","properties":{"nom_reg":"Valparaíso","nom_prov":"San Antonio","nom_com":"Algarrobo","sector":"Algarrobo","cine_reg":"05","cine_prov":"056","cine_com":"05602"},"geometry":{"type":"LineString","coordinates":[[-71.68401,-33.36274],[-71.68157,-33.36502],[-71.68097,-33.36541],[-71.67997,-33.3653],[-71.67938,-33.36505],[-71.67883,-33.36578],[-71.67888,-33.36688],[-71.67953,-33.36725],[-71.67927,-33.36761]]}},
{"type":"Feature","properties":{"nom_reg":"Valparaíso","nom_prov":"San Antonio","nom_com":"Algarrobo","sector":"Algarrobo","cine_reg":"05","cine_prov":"056","cine_com":"05602"},"geometry":{"type":"LineString","coordinates":[[-71.6778,-33.36516],[-71.67872,-33.36574]]}},
{"type":"Feature","properties":{"nom_reg":"Valparaíso","nom_prov":"San Antonio","nom_com":"Algarrobo","sector":"Algarrobo","cine_reg":"05","cine_prov":"056","cine_com":"05602"},"geometry":{"type":"LineString","coordinates":[[-71.67201,-33.36304],[-71.67169,-33.3631],[-71.67158,-33.36327],[-71.67177,-33.36377],[-71.67216,-33.36414]]}},
{"type":"Feature","properties":{"nom_reg":"Valparaíso","nom_prov":"San Antonio","nom_com":"Algarrobo","sector":"Algarrobo","cine_reg":"05","cine_prov":"056","cine_com":"05602"},"geometry":{"type":"LineString","coordinates":[[-71.67054,-33.36042],[-71.67131,-33.36068],[-71.67155,-33.36128],[-71.67149,-33.3622],[-71.67037,-33.3639],[-71.67107,-33.3651]]}},
{"type":"Feature","properties":{"nom_reg":"Valparaíso","nom_prov":"San Antonio","nom_com":"Algarrobo","sector":"Algarrobo","cine_reg":"05","cine_prov":"056","cine_com":"05602"},"geometry":{"type":"LineString","coordinates":[[-71.67334,-33.36391],[-71.67324,-33.36434],[-71.67264,-33.36479],[-71.67242,-33.36543],[-71.67253,-33.3666],[-71.67333,-33.36674]]}},
{"type":"Feature","properties":{"nom_reg":"Valparaíso","nom_prov":"San Antonio","nom_com":"Algarrobo","sector":"Algarrobo","cine_reg":"05","cine_prov":"056","cine_com":"05602"},"geometry":{"type":"LineString","coordinates":[[-71.67443,-33.36434],[-71.67391,-33.36513],[-71.67373,-33.36665]]}},
{"type":"Feature","properties":{"nom_reg":"Valparaíso","nom_prov":"San Antonio","nom_com":"Algarrobo","sector":"Algarrobo","cine_reg":"05","cine_prov":"056","cine_com":"05602"},"geometry":{"type":"LineString","coordinates":[[-71.67674,-33.36493],[-71.67663,-33.36539],[-71.67587,-33.36579],[-71.67557,-33.36691],[-71.67409,-33.36681]]}},
{"type":"Feature","properties":{"nom_reg":"Valparaíso","nom_prov":"San Antonio","nom_com":"Algarrobo","sector":"Algarrobo","cine_reg":"05","cine_prov":"056","cine_com":"05602"},"geometry":{"type":"LineString","coordinates":[[-71.67073,-33.36091],[-71.67103,-33.36121],[-71.67079,-33.36238],[-71.67112,-33.36252]]}},
{"type":"Feature","properties":{"nom_reg":"Valparaíso","nom_prov":"San Antonio","nom_com":"Algarrobo","sector":"Algarrobo","cine_reg":"05","cine_prov":"056","cine_com":"05602"},"geometry":{"type":"LineString","coordinates":[[-71.68694,-33.36651],[-71.68692,-33.36669],[-71.68628,-33.36711],[-71.68531,-33.36722],[-71.68492,-33.36765],[-71.68549,-33.36796],[-71.68701,-33.36962]]}},
{"type":"Feature","properties":{"nom_reg":"Valparaíso","nom_prov":"San Antonio","nom_com":"Algarrobo","sector":"Algarrobo","cine_reg":"05","cine_prov":"056","cine_com":"05602"},"geometry":{"type":"LineString","coordinates":[[-71.67281,-33.36356],[-71.67173,-33.36454],[-71.66966,-33.36702]]}},
{"type":"Feature","properties":{"nom_reg":"Valparaíso","nom_prov":"San Antonio","nom_com":"Algarrobo","sector":"Algarrobo","cine_reg":"05","cine_prov":"056","cine_com":"05602"},"geometry":{"type":"LineString","coordinates":[[-71.66744,-33.36105],[-71.66723,-33.3616],[-71.66833,-33.36228],[-71.66858,-33.36284],[-71.66778,-33.36421]]}},
{"type":"Feature","properties":{"nom_reg":"Valparaíso","nom_prov":"San Antonio","nom_com":"Algarrobo","sector":"Algarrobo","cine_reg":"05","cine_prov":"056","cine_com":"05602"},"geometry":{"type":"LineString","coordinates":[[-71.66457,-33.35989],[-71.66404,-33.3594],[-71.66337,-33.35918],[-71.66324,-33.3597],[-71.66378,-33.36009],[-71.6637,-33.36056]]}},
{"type":"Feature","properties":{"nom_reg":"Valparaíso","nom_prov":"San Antonio","nom_com":"Algarrobo","sector":"Algarrobo","cine_reg":"05","cine_prov":"056","cine_com":"05602"},"geometry":{"type":"LineString","coordinates":[[-71.66209,-33.35835],[-71.66326,-33.35896]]}},
{"type":"Feature","properties":{"nom_reg":"Valparaíso","nom_prov":"San Antonio","nom_com":"Algarrobo","sector":"Algarrobo","cine_reg":"05","cine_prov":"056","cine_com":"05602"},"geometry":{"type":"LineString","coordinates":[[-71.66132,-33.35787],[-71.66106,-33.35772],[-71.66073,-33.3581],[-71.66035,-33.3581],[-71.6601,-33.35776],[-71.65914,-33.35753],[-71.65891,-33.3578],[-71.65864,-33.35889],[-71.65748,-33.36011]]}},
{"type":"Feature","properties":{"nom_reg":"Valparaíso","nom_prov":"San Antonio","nom_com":"Algarrobo","sector":"Algarrobo","cine_reg":"05","cine_prov":"056","cine_com":"05602"},"geometry":{"type":"LineString","coordinates":[[-71.65857,-33.3564],[-71.65927,-33.35702],[-71.66089,-33.35757]]}},
{"type":"Feature","properties":{"nom_reg":"Valparaíso","nom_prov":"San Antonio","nom_com":"Algarrobo","sector":"Algarrobo","cine_reg":"05","cine_prov":"056","cine_com":"05602"},"geometry":{"type":"LineString","coordinates":[[-71.6461,-33.35556],[-71.6465,-33.3558],[-71.64702,-33.3556],[-71.6484,-33.3555],[-71.65026,-33.35485],[-71.65156,-33.35517],[-71.65169,-33.35537],[-71.65144,-33.3561],[-71.65082,-33.35592],[-71.6495,-33.35665],[-71.6495,-33.35676],[-71.65053,-33.35675],[-71.65104,-33.35729],[-71.65127,-33.35726]]}},
{"type":"Feature","properties":{"nom_reg":"Valparaíso","nom_prov":"San Antonio","nom_com":"Algarrobo","sector":"Algarrobo","cine_reg":"05","cine_prov":"056","cine_com":"05602"},"geometry":{"type":"LineString","coordinates":[[-71.6547,-33.35558],[-71.65306,-33.35564],[-71.65209,-33.35537]]}},
{"type":"Feature","properties":{"nom_reg":"Valparaíso","nom_prov":"San Antonio","nom_com":"Algarrobo","sector":"Algarrobo","cine_reg":"05","cine_prov":"056","cine_com":"05602"},"geometry":{"type":"LineString","coordinates":[[-71.64828,-33.34019],[-71.64737,-33.34028],[-71.64623,-33.33986],[-71.64572,-33.33938],[-71.64427,-33.3388],[-71.64298,-33.33761]]}},
{"type":"Feature","properties":{"nom_reg":"Valparaíso","nom_prov":"San Antonio","nom_com":"Algarrobo","sector":"Algarrobo","cine_reg":"05","cine_prov":"056","cine_com":"05602"},"geometry":{"type":"LineString","coordinates":[[-71.65002,-33.33159],[-71.64919,-33.33212],[-71.64931,-33.33298],[-71.64835,-33.33444],[-71.64652,-33.33357],[-71.64641,-33.33371],[-71.64514,-33.33201]]}},
{"type":"Feature","properties":{"nom_reg":"Valparaíso","nom_prov":"San Antonio","nom_com":"Algarrobo","sector":"Algarrobo","cine_reg":"05","cine_prov":"056","cine_com":"05602"},"geometry":{"type":"LineString","coordinates":[[-71.65012,-33.32611],[-71.65008,-33.32554],[-71.64895,-33.32521],[-71.64952,-33.32387]]}},
{"type":"Feature","properties":{"nom_reg":"Valparaíso","nom_prov":"San Antonio","nom_com":"Algarrobo","sector":"Algarrobo","cine_reg":"05","cine_prov":"056","cine_com":"05602"},"geometry":{"type":"LineString","coordinates":[[-71.65198,-33.31388],[-71.65176,-33.31391],[-71.65174,-33.31348],[-71.65094,-33.31338],[-71.65143,-33.3132],[-71.65152,-33.31283],[-71.65134,-33.31274],[-71.65151,-33.31244],[-71.65018,-33.3119],[-71.64985,-33.31155]]}},
{"type":"Feature","properties":{"nom_reg":"Valparaíso","nom_prov":"San Antonio","nom_com":"Algarrobo","sector":"Algarrobo","cine_reg":"05","cine_prov":"056","cine_com":"05602"},"geometry":{"type":"LineString","coordinates":[[-71.65297,-33.35383],[-71.65279,-33.35308],[-71.65131,-33.35041],[-71.64964,-33.34969],[-71.64821,-33.35025],[-71.6462,-33.35148]]}},
{"type":"Feature","properties":{"nom_reg":"Valparaíso","nom_prov":"San Antonio","nom_com":"Algarrobo","sector":"Tunquen (Algarrobo)","cine_reg":"05","cine_prov":"056","cine_com":"05602"},"geometry":{"type":"LineString","coordinates":[[-71.65154,-33.27416],[-71.65144,-33.27298],[-71.65064,-33.27075],[-71.64961,-33.26954],[-71.64853,-33.26777],[-71.64789,-33.26717],[-71.64714,-33.26613],[-71.64613,-33.26593],[-71.64481,-33.2661],[-71.64465,-33.26598],[-71.6446,-33.26553],[-71.64442,-33.26546],[-71.64222,-33.26679],[-71.64176,-33.2666],[-71.64067,-33.26742],[-71.6383,-33.26775],[-71.63712,-33.26878]]}},
{"type":"Feature","properties":{"nom_reg":"Valparaíso","nom_prov":"San Antonio","nom_com":"Algarrobo","sector":"Algarrobo","cine_reg":"05","cine_prov":"056","cine_com":"05602"},"geometry":{"type":"LineString","coordinates":[[-71.65123,-33.31562],[-71.6506,-33.31594],[-71.65059,-33.31578],[-71.65027,-33.31586],[-71.64944,-33.31533]]}},
{"type":"Feature","properties":{"nom_reg":"Valparaíso","nom_prov":"San Antonio","nom_com":"Algarrobo","sector":"Algarrobo","cine_reg":"05","cine_prov":"056","cine_com":"05602"},"geometry":{"type":"LineString","coordinates":[[-71.66937,-33.36058],[-71.66953,-33.36103],[-71.66912,-33.36115],[-71.66878,-33.36152],[-71.66821,-33.36128],[-71.66742,-33.36142]]}},
{"type":"Feature","properties":{"nom_reg":"Valparaíso","nom_prov":"San Antonio","nom_com":"Algarrobo","sector":"Algarrobo","cine_reg":"05","cine_prov":"056","cine_com":"05602"},"geometry":{"type":"LineString","coordinates":[[-71.66553,-33.36098],[-71.66698,-33.36142]]}},
{"type":"Feature","properties":{"nom_reg":"Valparaíso","nom_prov":"San Antonio","nom_com":"Algarrobo","sector":"Algarrobo","cine_reg":"05","cine_prov":"056","cine_com":"05602"},"geometry":{"type":"LineString","coordinates":[[-71.65021,-33.33417],[-71.64887,-33.33359]]}},
{"type":"Feature","properties":{"nom_reg":"Valparaíso","nom_prov":"San Antonio","nom_com":"Algarrobo","sector":"Algarrobo","cine_reg":"05","cine_prov":"056","cine_com":"05602"},"geometry":{"type":"LineString","coordinates":[[-71.65031,-33.33531],[-71.64934,-33.33486],[-71.64988,-33.33402]]}},
{"type":"Feature","properties":{"nom_reg":"Valparaíso","nom_prov":"Valparaíso","nom_com":"Juan Fernández","sector":"Juan Fernández","cine_reg":"05","cine_prov":"051","cine_com":"05104"},"geometry":{"type":"LineString","coordinates":[[-78.82913,-33.6323],[-78.82927,-33.63234],[-78.82928,-33.63271],[-78.83101,-33.63323],[-78.83135,-33.63476]]}},
{"type":"Feature","properties":{"nom_reg":"Valparaíso","nom_prov":"Valparaíso","nom_com":"Juan Fernández","sector":"Juan Fernández","cine_reg":"05","cine_prov":"051","cine_com":"05104"},"geometry":{"type":"LineString","coordinates":[[-78.83213,-33.63809],[-78.83272,-33.6382],[-78.83304,-33.63848],[-78.83301,-33.6382],[-78.83247,-33.63768],[-78.8326,-33.63731],[-78.83598,-33.63638]]}},
{"type":"Feature","properties":{"nom_reg":"Valparaíso","nom_prov":"Valparaíso","nom_com":"Juan Fernández","sector":"Juan Fernández","cine_reg":"05","cine_prov":"051","cine_com":"05104"},"geometry":{"type":"LineString","coordinates":[[-78.8312,-33.63811],[-78.83269,-33.63952],[-78.8332,-33.64041],[-78.83455,-33.64102]]}},
{"type":"Feature","properties":{"nom_reg":"Valparaíso","nom_prov":"Valparaíso","nom_com":"Juan Fernández","sector":"Juan Fernández","cine_reg":"05","cine_prov":"051","cine_com":"05104"},"geometry":{"type":"LineString","coordinates":[[-78.83041,-33.63915],[-78.83112,-33.63972],[-78.83116,-33.64032],[-78.83213,-33.6412]]}},
{"type":"Feature","properties":{"nom_reg":"Valparaíso","nom_prov":"Valparaíso","nom_com":"Juan Fernández","sector":"Juan Fernández","cine_reg":"05","cine_prov":"051","cine_com":"05104"},"geometry":{"type":"LineString","coordinates":[[-78.83153,-33.63669],[-78.83163,-33.63597],[-78.83214,-33.63589],[-78.83247,-33.63538],[-78.83338,-33.6357],[-78.83484,-33.63577],[-78.83578,-33.63606]]}},
{"type":"Feature","properties":{"nom_reg":"Valparaíso","nom_prov":"Valparaíso","nom_com":"Juan Fernández","sector":"Juan Fernández","cine_reg":"05","cine_prov":"051","cine_com":"05104"},"geometry":{"type":"LineString","coordinates":[[-78.82986,-33.63497],[-78.83269,-33.63471],[-78.83609,-33.63407]]}},
{"type":"Feature","properties":{"nom_reg":"Valparaíso","nom_prov":"Valparaíso","nom_com":"Juan Fernández","sector":"Juan Fernández","cine_reg":"05","cine_prov":"051","cine_com":"05104"},"geometry":{"type":"LineString","coordinates":[[-78.82822,-33.64139],[-78.82936,-33.64241]]}},
{"type":"Feature","properties":{"nom_reg":"Valparaíso","nom_prov":"Valparaíso","nom_com":"Juan Fernández","sector":"Juan Fernández","cine_reg":"05","cine_prov":"051","cine_com":"05104"},"geometry":{"type":"LineString","coordinates":[[-78.82446,-33.64227],[-78.82479,-33.64324]]}},
{"type":"Feature","properties":{"nom_reg":"Valparaíso","nom_prov":"Valparaíso","nom_com":"Juan Fernández","sector":"Juan Fernández","cine_reg":"05","cine_prov":"051","cine_com":"05104"},"geometry":{"type":"LineString","coordinates":[[-78.83047,-33.64082],[-78.83112,-33.64002]]}},
{"type":"Feature","properties":{"nom_reg":"Valparaíso","nom_prov":"Petorca","nom_com":"La Ligua","sector":"La Ballena - Los Quinquelles","cine_reg":"05","cine_prov":"054","cine_com":"05401"},"geometry":{"type":"LineString","coordinates":[[-71.47094,-32.28496],[-71.46796,-32.28504],[-71.46685,-32.2847],[-71.46802,-32.28158]]}},
{"type":"Feature","properties":{"nom_reg":"Valparaíso","nom_prov":"Petorca","nom_com":"La Ligua","sector":"La Ballena - Los Quinquelles","cine_reg":"05","cine_prov":"054","cine_com":"05401"},"geometry":{"type":"LineString","coordinates":[[-71.47026,-32.27625],[-71.4682,-32.2812]]}},
{"type":"Feature","properties":{"nom_reg":"Valparaíso","nom_prov":"Petorca","nom_com":"La Ligua","sector":"La Ballena - Los Quinquelles","cine_reg":"05","cine_prov":"054","cine_com":"05401"},"geometry":{"type":"LineString","coordinates":[[-71.47048,-32.2843],[-71.46724,-32.28031],[-71.46435,-32.27941],[-71.46205,-32.27914]]}},
{"type":"Feature","properties":{"nom_reg":"Valparaíso","nom_prov":"Petorca","nom_com":"La Ligua","sector":"La Ballena - Los Quinquelles","cine_reg":"05","cine_prov":"054","cine_com":"05401"},"geometry":{"type":"LineString","coordinates":[[-71.47202,-32.28],[-71.46915,-32.2792]]}},
{"type":"Feature","properties":{"nom_reg":"Valparaíso","nom_prov":"Petorca","nom_com":"La Ligua","sector":"La Ballena - Los Quinquelles","cine_reg":"05","cine_prov":"054","cine_com":"05401"},"geometry":{"type":"LineString","coordinates":[[-71.47268,-32.28156],[-71.47201,-32.28147],[-71.46866,-32.28032]]}},
{"type":"Feature","properties":{"nom_reg":"Valparaíso","nom_prov":"Petorca","nom_com":"La Ligua","sector":"La Ballena - Los Quinquelles","cine_reg":"05","cine_prov":"054","cine_com":"05401"},"geometry":{"type":"LineString","coordinates":[[-71.4719,-32.28064],[-71.46886,-32.27987]]}},
{"type":"Feature","properties":{"nom_reg":"Valparaíso","nom_prov":"Petorca","nom_com":"La Ligua","sector":"La Ballena - Los Quinquelles","cine_reg":"05","cine_prov":"054","cine_com":"05401"},"geometry":{"type":"LineString","coordinates":[[-71.47194,-32.27875],[-71.47035,-32.27938]]}},
{"type":"Feature","properties":{"nom_reg":"Valparaíso","nom_prov":"Petorca","nom_com":"La Ligua","sector":"La Ballena - Los Quinquelles","cine_reg":"05","cine_prov":"054","cine_com":"05401"},"geometry":{"type":"LineString","coordinates":[[-71.47097,-32.27731],[-71.4702,-32.27927]]}},
{"type":"Feature","properties":{"nom_reg":"Valparaíso","nom_prov":"Petorca","nom_com":"La Ligua","sector":"Longotoma","cine_reg":"05","cine_prov":"054","cine_com":"05401"},"geometry":{"type":"LineString","coordinates":[[-71.36004,-32.38321],[-71.36225,-32.384]]}},
{"type":"Feature","properties":{"nom_reg":"Valparaíso","nom_prov":"Petorca","nom_com":"La Ligua","sector":"Longotoma","cine_reg":"05","cine_prov":"054","cine_com":"05401"},"geometry":{"type":"LineString","coordinates":[[-71.35205,-32.37312],[-71.35297,-32.37378],[-71.35519,-32.37589],[-71.35512,-32.37772]]}},
{"type":"Feature","properties":{"nom_reg":"Los Lagos","nom_prov":"Palena","nom_com":"Chaitén","sector":"Ayacara","cine_reg":"10","cine_prov":"104","cine_com":"10401"},"geometry":{"type":"LineString","coordinates":[[-72.78341,-42.3052],[-72.78241,-42.30283],[-72.77391,-42.298]]}},
{"type":"Feature","properties":{"nom_reg":"Valparaíso","nom_prov":"Petorca","nom_com":"La Ligua","sector":"Longotoma","cine_reg":"05","cine_prov":"054","cine_com":"05401"},"geometry":{"type":"LineString","coordinates":[[-71.37002,-32.38663],[-71.36916,-32.38648],[-71.36835,-32.38748]]}},
{"type":"Feature","properties":{"nom_reg":"Valparaíso","nom_prov":"Petorca","nom_com":"La Ligua","sector":"Longotoma","cine_reg":"05","cine_prov":"054","cine_com":"05401"},"geometry":{"type":"LineString","coordinates":[[-71.37829,-32.39464],[-71.37841,-32.39503],[-71.37792,-32.39565],[-71.37747,-32.39619],[-71.37698,-32.39628],[-71.37686,-32.39608],[-71.37705,-32.39499],[-71.37669,-32.39455],[-71.37592,-32.39409],[-71.37557,-32.39472]]}},
{"type":"Feature","properties":{"nom_reg":"Valparaíso","nom_prov":"Petorca","nom_com":"La Ligua","sector":"Longotoma","cine_reg":"05","cine_prov":"054","cine_com":"05401"},"geometry":{"type":"LineString","coordinates":[[-71.34927,-32.37095],[-71.34668,-32.36851],[-71.34564,-32.36771],[-71.34259,-32.36628]]}},
{"type":"Feature","properties":{"nom_reg":"Valparaíso","nom_prov":"Petorca","nom_com":"La Ligua","sector":"Longotoma","cine_reg":"05","cine_prov":"054","cine_com":"05401"},"geometry":{"type":"LineString","coordinates":[[-71.3366,-32.35636],[-71.33951,-32.35021],[-71.33952,-32.35001],[-71.33875,-32.34974],[-71.33941,-32.34947],[-71.33935,-32.34924]]}},
{"type":"Feature","properties":{"nom_reg":"Valparaíso","nom_prov":"Petorca","nom_com":"La Ligua","sector":"Longotoma","cine_reg":"05","cine_prov":"054","cine_com":"05401"},"geometry":{"type":"LineString","coordinates":[[-71.34308,-32.35263],[-71.34244,-32.35215],[-71.34054,-32.35017],[-71.33971,-32.35001]]}},
{"type":"Feature","properties":{"nom_reg":"Valparaíso","nom_prov":"Petorca","nom_com":"La Ligua","sector":"Longotoma","cine_reg":"05","cine_prov":"054","cine_com":"05401"},"geometry":{"type":"LineString","coordinates":[[-71.35717,-32.38141],[-71.35637,-32.38086],[-71.35551,-32.37926],[-71.35507,-32.37801],[-71.35336,-32.38106],[-71.35193,-32.38037]]}},
{"type":"Feature","properties":{"nom_reg":"Valparaíso","nom_prov":"Petorca","nom_com":"La Ligua","sector":"Los Molles","cine_reg":"05","cine_prov":"054","cine_com":"05401"},"geometry":{"type":"LineString","coordinates":[[-71.51167,-32.23995],[-71.5127,-32.24004],[-71.51466,-32.23955],[-71.51481,-32.23928],[-71.51542,-32.23931]]}},
{"type":"Feature","properties":{"nom_reg":"Valparaíso","nom_prov":"Petorca","nom_com":"La Ligua","sector":"Los Molles","cine_reg":"05","cine_prov":"054","cine_com":"05401"},"geometry":{"type":"LineString","coordinates":[[-71.51589,-32.24206],[-71.51632,-32.24153],[-71.51658,-32.23905],[-71.51614,-32.23708],[-71.51704,-32.237]]}},
{"type":"Feature","properties":{"nom_reg":"Valparaíso","nom_prov":"Petorca","nom_com":"La Ligua","sector":"Los Molles","cine_reg":"05","cine_prov":"054","cine_com":"05401"},"geometry":{"type":"LineString","coordinates":[[-71.51539,-32.24292],[-71.51499,-32.24225],[-71.51492,-32.24181],[-71.51413,-32.24135],[-71.51495,-32.24073],[-71.51573,-32.24127],[-71.51615,-32.24127]]}},
{"type":"Feature","properties":{"nom_reg":"Valparaíso","nom_prov":"Petorca","nom_com":"La Ligua","sector":"Los Molles","cine_reg":"05","cine_prov":"054","cine_com":"05401"},"geometry":{"type":"LineString","coordinates":[[-71.50714,-32.23192],[-71.50935,-32.23007]]}},
{"type":"Feature","properties":{"nom_reg":"Valparaíso","nom_prov":"Petorca","nom_com":"La Ligua","sector":"Los Molles","cine_reg":"05","cine_prov":"054","cine_com":"05401"},"geometry":{"type":"LineString","coordinates":[[-71.51358,-32.23356],[-71.51417,-32.23528]]}},
{"type":"Feature","properties":{"nom_reg":"Valparaíso","nom_prov":"Petorca","nom_com":"La Ligua","sector":"Los Molles","cine_reg":"05","cine_prov":"054","cine_com":"05401"},"geometry":{"type":"LineString","coordinates":[[-71.51422,-32.23332],[-71.51488,-32.23505]]}},
{"type":"Feature","properties":{"nom_reg":"Valparaíso","nom_prov":"Petorca","nom_com":"La Ligua","sector":"Los Molles","cine_reg":"05","cine_prov":"054","cine_com":"05401"},"geometry":{"type":"LineString","coordinates":[[-71.51428,-32.23712],[-71.51419,-32.23543],[-71.51478,-32.23535]]}},
{"type":"Feature","properties":{"nom_reg":"Valparaíso","nom_prov":"Petorca","nom_com":"La Ligua","sector":"Los Molles","cine_reg":"05","cine_prov":"054","cine_com":"05401"},"geometry":{"type":"LineString","coordinates":[[-71.51738,-32.24102],[-71.51732,-32.23731]]}},
{"type":"Feature","properties":{"nom_reg":"Valparaíso","nom_prov":"Petorca","nom_com":"La Ligua","sector":"Los Molles","cine_reg":"05","cine_prov":"054","cine_com":"05401"},"geometry":{"type":"LineString","coordinates":[[-71.51567,-32.2401],[-71.51573,-32.2389],[-71.51503,-32.23709],[-71.51494,-32.23557]]}},
{"type":"Feature","properties":{"nom_reg":"Valparaíso","nom_prov":"Petorca","nom_com":"La Ligua","sector":"Los Molles","cine_reg":"05","cine_prov":"054","cine_com":"05401"},"geometry":{"type":"LineString","coordinates":[[-71.51064,-32.23307],[-71.51007,-32.2309],[-71.50955,-32.23004],[-71.50923,-32.22908],[-71.50893,-32.22913],[-71.50787,-32.23005],[-71.50747,-32.22995],[-71.50914,-32.22806],[-71.50965,-32.228]]}},
{"type":"Feature","properties":{"nom_reg":"Valparaíso","nom_prov":"Petorca","nom_com":"La Ligua","sector":"Los Molles","cine_reg":"05","cine_prov":"054","cine_com":"05401"},"geometry":{"type":"LineString","coordinates":[[-71.5072,-32.23021],[-71.50658,-32.23068],[-71.5061,-32.23069],[-71.50555,-32.22948],[-71.50471,-32.22872],[-71.50469,-32.22982],[-71.50342,-32.23039],[-71.50301,-32.23008]]}},
{"type":"Feature","properties":{"nom_reg":"Valparaíso","nom_prov":"Petorca","nom_com":"La Ligua","sector":"Longotoma","cine_reg":"05","cine_prov":"054","cine_com":"05401"},"geometry":{"type":"LineString","coordinates":[[-71.3653,-32.3848],[-71.36258,-32.38417],[-71.36252,-32.38436],[-71.36297,-32.3854]]}},
{"type":"Feature","properties":{"nom_reg":"Valparaíso","nom_prov":"Petorca","nom_com":"La Ligua","sector":"La Ballena - Los Quinquelles","cine_reg":"05","cine_prov":"054","cine_com":"05401"},"geometry":{"type":"LineString","coordinates":[[-71.46626,-32.28069],[-71.46568,-32.28104],[-71.46429,-32.28437],[-71.46268,-32.28875],[-71.46319,-32.28894]]}},
{"type":"Feature","properties":{"nom_reg":"Valparaíso","nom_prov":"Petorca","nom_com":"La Ligua","sector":"Los Molles","cine_reg":"05","cine_prov":"054","cine_com":"05401"},"geometry":{"type":"LineString","coordinates":[[-71.50649,-32.22913],[-71.50718,-32.22863],[-71.50725,-32.2283],[-71.50652,-32.2275],[-71.5046,-32.22606],[-71.50453,-32.22557],[-71.50494,-32.22463],[-71.50475,-32.22419],[-71.50431,-32.22409]]}},
{"type":"Feature","properties":{"nom_reg":"Valparaíso","nom_prov":"Petorca","nom_com":"La Ligua","sector":"Pichicuy","cine_reg":"05","cine_prov":"054","cine_com":"05401"},"geometry":{"type":"LineString","coordinates":[[-71.45387,-32.34093],[-71.45517,-32.34077],[-71.45542,-32.34044],[-71.45416,-32.33954],[-71.45239,-32.33944],[-71.4511,-32.33851],[-71.45102,-32.3382]]}},
{"type":"Feature","properties":{"nom_reg":"Valparaíso","nom_prov":"Petorca","nom_com":"La Ligua","sector":"Pichicuy","cine_reg":"05","cine_prov":"054","cine_com":"05401"},"geometry":{"type":"LineString","coordinates":[[-71.46088,-32.34422],[-71.46112,-32.34443],[-71.46148,-32.34442],[-71.46167,-32.34389],[-71.46116,-32.343],[-71.4602,-32.34188],[-71.46012,-32.34137]]}},
{"type":"Feature","properties":{"nom_reg":"Valparaíso","nom_prov":"Petorca","nom_com":"La Ligua","sector":"Pichicuy","cine_reg":"05","cine_prov":"054","cine_com":"05401"},"geometry":{"type":"LineString","coordinates":[[-71.45668,-32.34042],[-71.45687,-32.34021],[-71.45682,-32.33958],[-71.45568,-32.33872],[-71.45578,-32.33837]]}},
{"type":"Feature","properties":{"nom_reg":"Valparaíso","nom_prov":"Petorca","nom_com":"La Ligua","sector":"Longotoma","cine_reg":"05","cine_prov":"054","cine_com":"05401"},"geometry":{"type":"LineString","coordinates":[[-71.38285,-32.39112],[-71.38171,-32.39439],[-71.38035,-32.39426],[-71.3789,-32.39368],[-71.37788,-32.39347],[-71.37735,-32.39316],[-71.37704,-32.39246],[-71.37603,-32.39154],[-71.37492,-32.39119],[-71.3743,-32.3928],[-71.37486,-32.3931],[-71.3749,-32.39337],[-71.37473,-32.39385],[-71.37451,-32.39391],[-71.37423,-32.39478]]}},
{"type":"Feature","properties":{"nom_reg":"Valparaíso","nom_prov":"Petorca","nom_com":"La Ligua","sector":"Los Molles","cine_reg":"05","cine_prov":"054","cine_com":"05401"},"geometry":{"type":"LineString","coordinates":[[-71.50505,-32.22749],[-71.50618,-32.22949],[-71.50563,-32.22951]]}},
{"type":"Feature","properties":{"nom_reg":"Valparaíso","nom_prov":"Petorca","nom_com":"La Ligua","sector":"La Ballena - Los Quinquelles","cine_reg":"05","cine_prov":"054","cine_com":"05401"},"geometry":{"type":"LineString","coordinates":[[-71.47307,-32.29447],[-71.47061,-32.29464],[-71.46329,-32.29676]]}},
{"type":"Feature","properties":{"nom_reg":"Valparaíso","nom_prov":"Petorca","nom_com":"La Ligua","sector":"La Ballena - Los Quinquelles","cine_reg":"05","cine_prov":"054","cine_com":"05401"},"geometry":{"type":"LineString","coordinates":[[-71.47177,-32.28813],[-71.47118,-32.29034],[-71.47074,-32.29075]]}},
{"type":"Feature","properties":{"nom_reg":"Valparaíso","nom_prov":"Petorca","nom_com":"La Ligua","sector":"Longotoma","cine_reg":"05","cine_prov":"054","cine_com":"05401"},"geometry":{"type":"LineString","coordinates":[[-71.38435,-32.38583],[-71.38272,-32.38424]]}},
{"type":"Feature","properties":{"nom_reg":"Valparaíso","nom_prov":"Petorca","nom_com":"La Ligua","sector":"Longotoma","cine_reg":"05","cine_prov":"054","cine_com":"05401"},"geometry":{"type":"LineString","coordinates":[[-71.38318,-32.39004],[-71.38025,-32.38982],[-71.37763,-32.39014],[-71.37606,-32.39157]]}},
{"type":"Feature","properties":{"nom_reg":"Valparaíso","nom_prov":"Petorca","nom_com":"La Ligua","sector":"La Ballena - Los Quinquelles","cine_reg":"05","cine_prov":"054","cine_com":"05401"},"geometry":{"type":"LineString","coordinates":[[-71.47013,-32.28797],[-71.4694,-32.29023],[-71.46825,-32.29],[-71.46808,-32.29015],[-71.46765,-32.29167]]}},
{"type":"Feature","properties":{"nom_reg":"Valparaíso","nom_prov":"Petorca","nom_com":"La Ligua","sector":"La Ballena - Los Quinquelles","cine_reg":"05","cine_prov":"054","cine_com":"05401"},"geometry":{"type":"LineString","coordinates":[[-71.47347,-32.29093],[-71.4707,-32.29087],[-71.46919,-32.29142],[-71.46376,-32.29264],[-71.46372,-32.29282]]}},
{"type":"Feature","properties":{"nom_reg":"Valparaíso","nom_prov":"Petorca","nom_com":"La Ligua","sector":"Longotoma","cine_reg":"05","cine_prov":"054","cine_com":"05401"},"geometry":{"type":"LineString","coordinates":[[-71.38087,-32.38448],[-71.38435,-32.38374]]}},
{"type":"Feature","properties":{"nom_reg":"Valparaíso","nom_prov":"Petorca","nom_com":"La Ligua","sector":"Longotoma","cine_reg":"05","cine_prov":"054","cine_com":"05401"},"geometry":{"type":"LineString","coordinates":[[-71.37082,-32.37696],[-71.37262,-32.37769],[-71.37347,-32.3773],[-71.37407,-32.37721],[-71.37432,-32.37741],[-71.37456,-32.37816],[-71.37526,-32.37875],[-71.37821,-32.37913],[-71.37905,-32.3795],[-71.37989,-32.38024],[-71.3824,-32.38388]]}},
{"type":"Feature","properties":{"nom_reg":"Valparaíso","nom_prov":"Petorca","nom_com":"La Ligua","sector":"La Ballena - Los Quinquelles","cine_reg":"05","cine_prov":"054","cine_com":"05401"},"geometry":{"type":"LineString","coordinates":[[-71.47319,-32.2985],[-71.46359,-32.29904]]}},
{"type":"Feature","properties":{"nom_reg":"Valparaíso","nom_prov":"Petorca","nom_com":"La Ligua","sector":"Longotoma","cine_reg":"05","cine_prov":"054","cine_com":"05401"},"geometry":{"type":"LineString","coordinates":[[-71.36864,-32.38785],[-71.36817,-32.38763],[-71.3684,-32.38712],[-71.36836,-32.38668],[-71.36755,-32.3862],[-71.36659,-32.386]]}},
{"type":"Feature","properties":{"nom_reg":"Valparaíso","nom_prov":"Petorca","nom_com":"Papudo","sector":"Pullally","cine_reg":"05","cine_prov":"054","cine_com":"05403"},"geometry":{"type":"LineString","coordinates":[[-71.3105,-32.43915],[-71.30774,-32.4404],[-71.30647,-32.43907],[-71.30366,-32.43558]]}},
{"type":"Feature","properties":{"nom_reg":"Valparaíso","nom_prov":"Petorca","nom_com":"Papudo","sector":"Pullally","cine_reg":"05","cine_prov":"054","cine_com":"05403"},"geometry":{"type":"LineString","coordinates":[[-71.31857,-32.43511],[-71.31708,-32.43574],[-71.31663,-32.43547],[-71.31553,-32.4356],[-71.31359,-32.43473]]}},
{"type":"Feature","properties":{"nom_reg":"Valparaíso","nom_prov":"Petorca","nom_com":"Papudo","sector":"Pullally","cine_reg":"05","cine_prov":"054","cine_com":"05403"},"geometry":{"type":"LineString","coordinates":[[-71.32253,-32.44518],[-71.32345,-32.44645],[-71.32413,-32.44538],[-71.32436,-32.44446],[-71.32504,-32.44381],[-71.32593,-32.44459],[-71.32577,-32.44591]]}},
{"type":"Feature","properties":{"nom_reg":"Valparaíso","nom_prov":"Petorca","nom_com":"Papudo","sector":"Pullally","cine_reg":"05","cine_prov":"054","cine_com":"05403"},"geometry":{"type":"LineString","coordinates":[[-71.32615,-32.4323],[-71.32388,-32.43313]]}},
{"type":"Feature","properties":{"nom_reg":"Valparaíso","nom_prov":"Petorca","nom_com":"Papudo","sector":"Pullally","cine_reg":"05","cine_prov":"054","cine_com":"05403"},"geometry":{"type":"LineString","coordinates":[[-71.31902,-32.44078],[-71.31859,-32.4399],[-71.31573,-32.43655]]}},
{"type":"Feature","properties":{"nom_reg":"Valparaíso","nom_prov":"Petorca","nom_com":"Papudo","sector":"Pullally","cine_reg":"05","cine_prov":"054","cine_com":"05403"},"geometry":{"type":"LineString","coordinates":[[-71.31796,-32.44362],[-71.31377,-32.43756]]}},
{"type":"Feature","properties":{"nom_reg":"Valparaíso","nom_prov":"Petorca","nom_com":"Papudo","sector":"Pullally","cine_reg":"05","cine_prov":"054","cine_com":"05403"},"geometry":{"type":"LineString","coordinates":[[-71.32097,-32.44049],[-71.31699,-32.43596]]}},
{"type":"Feature","properties":{"nom_reg":"Valparaíso","nom_prov":"Valparaíso","nom_com":"Puchuncaví","sector":"Horcon","cine_reg":"05","cine_prov":"051","cine_com":"05105"},"geometry":{"type":"LineString","coordinates":[[-71.48984,-32.71011],[-71.48967,-32.71155]]}},
{"type":"Feature","properties":{"nom_reg":"Valparaíso","nom_prov":"Valparaíso","nom_com":"Puchuncaví","sector":"Puchuncavi","cine_reg":"05","cine_prov":"051","cine_com":"05105"},"geometry":{"type":"LineString","coordinates":[[-71.42372,-32.63508],[-71.42239,-32.63513],[-71.42255,-32.63623],[-71.42235,-32.63698],[-71.42276,-32.63739],[-71.42269,-32.63758],[-71.42032,-32.63726]]}},
{"type":"Feature","properties":{"nom_reg":"Valparaíso","nom_prov":"Valparaíso","nom_com":"Puchuncaví","sector":"Puchuncavi","cine_reg":"05","cine_prov":"051","cine_com":"05105"},"geometry":{"type":"LineString","coordinates":[[-71.42961,-32.63838],[-71.42926,-32.63603]]}},
{"type":"Feature","properties":{"nom_reg":"Valparaíso","nom_prov":"Valparaíso","nom_com":"Puchuncaví","sector":"Las Ventanas","cine_reg":"05","cine_prov":"051","cine_com":"05105"},"geometry":{"type":"LineString","coordinates":[[-71.47472,-32.74999],[-71.47383,-32.74968]]}},
{"type":"Feature","properties":{"nom_reg":"Valparaíso","nom_prov":"Valparaíso","nom_com":"Puchuncaví","sector":"Las Ventanas","cine_reg":"05","cine_prov":"051","cine_com":"05105"},"geometry":{"type":"LineString","coordinates":[[-71.47597,-32.74923],[-71.47566,-32.74885],[-71.47516,-32.74871],[-71.4739,-32.74868]]}},
{"type":"Feature","properties":{"nom_reg":"Valparaíso","nom_prov":"Valparaíso","nom_com":"Puchuncaví","sector":"Las Ventanas","cine_reg":"05","cine_prov":"051","cine_com":"05105"},"geometry":{"type":"LineString","coordinates":[[-71.47253,-32.7521],[-71.47302,-32.75151],[-71.47367,-32.75016],[-71.47377,-32.74717],[-71.47363,-32.74636]]}},
{"type":"Feature","properties":{"nom_reg":"Valparaíso","nom_prov":"Valparaíso","nom_com":"Puchuncaví","sector":"Las Ventanas","cine_reg":"05","cine_prov":"051","cine_com":"05105"},"geometry":{"type":"LineString","coordinates":[[-71.48893,-32.74065],[-71.48789,-32.74032],[-71.48716,-32.74087]]}},
{"type":"Feature","properties":{"nom_reg":"Valparaíso","nom_prov":"Valparaíso","nom_com":"Puchuncaví","sector":"Las Ventanas","cine_reg":"05","cine_prov":"051","cine_com":"05105"},"geometry":{"type":"LineString","coordinates":[[-71.48871,-32.7412],[-71.48767,-32.74058]]}},
{"type":"Feature","properties":{"nom_reg":"Valparaíso","nom_prov":"Valparaíso","nom_com":"Puchuncaví","sector":"Las Ventanas","cine_reg":"05","cine_prov":"051","cine_com":"05105"},"geometry":{"type":"LineString","coordinates":[[-71.48943,-32.73913],[-71.49003,-32.73844]]}},
{"type":"Feature","properties":{"nom_reg":"Valparaíso","nom_prov":"Valparaíso","nom_com":"Puchuncaví","sector":"Las Ventanas","cine_reg":"05","cine_prov":"051","cine_com":"05105"},"geometry":{"type":"LineString","coordinates":[[-71.48946,-32.73963],[-71.49029,-32.73852]]}},
{"type":"Feature","properties":{"nom_reg":"Valparaíso","nom_prov":"Valparaíso","nom_com":"Puchuncaví","sector":"Las Ventanas","cine_reg":"05","cine_prov":"051","cine_com":"05105"},"geometry":{"type":"LineString","coordinates":[[-71.48908,-32.74029],[-71.48921,-32.73942],[-71.48795,-32.73784]]}},
{"type":"Feature","properties":{"nom_reg":"Valparaíso","nom_prov":"Valparaíso","nom_com":"Puchuncaví","sector":"Horcon","cine_reg":"05","cine_prov":"051","cine_com":"05105"},"geometry":{"type":"LineString","coordinates":[[-71.4904,-32.70974],[-71.48973,-32.70962]]}},
{"type":"Feature","properties":{"nom_reg":"Valparaíso","nom_prov":"Valparaíso","nom_com":"Puchuncaví","sector":"Puchuncavi","cine_reg":"05","cine_prov":"051","cine_com":"05105"},"geometry":{"type":"LineString","coordinates":[[-71.41422,-32.63035],[-71.41511,-32.62997],[-71.41601,-32.63041],[-71.41617,-32.63034]]}},
{"type":"Feature","properties":{"nom_reg":"Valparaíso","nom_prov":"Valparaíso","nom_com":"Puchuncaví","sector":"Puchuncavi","cine_reg":"05","cine_prov":"051","cine_com":"05105"},"geometry":{"type":"LineString","coordinates":[[-71.44146,-32.66895],[-71.44121,-32.6653]]}},
{"type":"Feature","properties":{"nom_reg":"Valparaíso","nom_prov":"Valparaíso","nom_com":"Puchuncaví","sector":"Puchuncavi","cine_reg":"05","cine_prov":"051","cine_com":"05105"},"geometry":{"type":"LineString","coordinates":[[-71.44219,-32.65977],[-71.4415,-32.662],[-71.44057,-32.66732],[-71.44047,-32.66875],[-71.44017,-32.66899],[-71.43872,-32.66931]]}},
{"type":"Feature","properties":{"nom_reg":"Valparaíso","nom_prov":"Valparaíso","nom_com":"Puchuncaví","sector":"Puchuncavi","cine_reg":"05","cine_prov":"051","cine_com":"05105"},"geometry":{"type":"LineString","coordinates":[[-71.43083,-32.64307],[-71.43024,-32.64208]]}},
{"type":"Feature","properties":{"nom_reg":"Valparaíso","nom_prov":"Valparaíso","nom_com":"Puchuncaví","sector":"Puchuncavi","cine_reg":"05","cine_prov":"051","cine_com":"05105"},"geometry":{"type":"LineString","coordinates":[[-71.43588,-32.64539],[-71.43584,-32.64502],[-71.43561,-32.64486],[-71.43456,-32.6448],[-71.43295,-32.64423],[-71.43152,-32.64461],[-71.43117,-32.64456],[-71.42972,-32.64344]]}},
{"type":"Feature","properties":{"nom_reg":"Valparaíso","nom_prov":"Valparaíso","nom_com":"Puchuncaví","sector":"Puchuncavi","cine_reg":"05","cine_prov":"051","cine_com":"05105"},"geometry":{"type":"LineString","coordinates":[[-71.43135,-32.64251],[-71.42997,-32.6409],[-71.43004,-32.64127]]}},
{"type":"Feature","properties":{"nom_reg":"Valparaíso","nom_prov":"Valparaíso","nom_com":"Puchuncaví","sector":"Puchuncavi","cine_reg":"05","cine_prov":"051","cine_com":"05105"},"geometry":{"type":"LineString","coordinates":[[-71.42934,-32.63316],[-71.42879,-32.63327],[-71.42803,-32.63307],[-71.42827,-32.63366],[-71.42802,-32.63374],[-71.42838,-32.63717],[-71.42825,-32.63747]]}},
{"type":"Feature","properties":{"nom_reg":"Valparaíso","nom_prov":"Valparaíso","nom_com":"Puchuncaví","sector":"Puchuncavi","cine_reg":"05","cine_prov":"051","cine_com":"05105"},"geometry":{"type":"LineString","coordinates":[[-71.42747,-32.63318],[-71.42767,-32.63384],[-71.42773,-32.637]]}},
{"type":"Feature","properties":{"nom_reg":"Valparaíso","nom_prov":"Valparaíso","nom_com":"Puchuncaví","sector":"Puchuncavi","cine_reg":"05","cine_prov":"051","cine_com":"05105"},"geometry":{"type":"LineString","coordinates":[[-71.42493,-32.63408],[-71.42604,-32.63367],[-71.4267,-32.63511],[-71.42684,-32.63647],[-71.42732,-32.63693]]}},
{"type":"Feature","properties":{"nom_reg":"Valparaíso","nom_prov":"Valparaíso","nom_com":"Puchuncaví","sector":"Horcon","cine_reg":"05","cine_prov":"051","cine_com":"05105"},"geometry":{"type":"LineString","coordinates":[[-71.49206,-32.70948],[-71.49122,-32.70959],[-71.48995,-32.70917],[-71.48972,-32.70957],[-71.48898,-32.71018],[-71.48797,-32.7127]]}},
{"type":"Feature","properties":{"nom_reg":"Valparaíso","nom_prov":"Valparaíso","nom_com":"Puchuncaví","sector":"Horcon","cine_reg":"05","cine_prov":"051","cine_com":"05105"},"geometry":{"type":"LineString","coordinates":[[-71.49012,-32.71001],[-71.49059,-32.71027],[-71.49061,-32.7105],[-71.49084,-32.7105],[-71.49079,-32.71195]]}},
{"type":"Feature","properties":{"nom_reg":"Valparaíso","nom_prov":"Valparaíso","nom_com":"Puchuncaví","sector":"Horcon","cine_reg":"05","cine_prov":"051","cine_com":"05105"},"geometry":{"type":"LineString","coordinates":[[-71.49102,-32.71043],[-71.49143,-32.71051],[-71.49136,-32.7118]]}},
{"type":"Feature","properties":{"nom_reg":"Valparaíso","nom_prov":"Valparaíso","nom_com":"Puchuncaví","sector":"Horcon","cine_reg":"05","cine_prov":"051","cine_com":"05105"},"geometry":{"type":"LineString","coordinates":[[-71.48865,-32.71134],[-71.48955,-32.71155],[-71.48952,-32.71182]]}},
{"type":"Feature","properties":{"nom_reg":"Valparaíso","nom_prov":"Valparaíso","nom_com":"Puchuncaví","sector":"Las Ventanas","cine_reg":"05","cine_prov":"051","cine_com":"05105"},"geometry":{"type":"LineString","coordinates":[[-71.47802,-32.7483],[-71.47689,-32.74812],[-71.47525,-32.74615],[-71.47616,-32.74587],[-71.47617,-32.74559],[-71.47685,-32.74549],[-71.47718,-32.74569],[-71.47786,-32.74567],[-71.4785,-32.742]]}},
{"type":"Feature","properties":{"nom_reg":"Valparaíso","nom_prov":"Valparaíso","nom_com":"Puchuncaví","sector":"Las Ventanas","cine_reg":"05","cine_prov":"051","cine_com":"05105"},"geometry":{"type":"LineString","coordinates":[[-71.48126,-32.74708],[-71.47942,-32.74569],[-71.47888,-32.74558],[-71.47901,-32.74483],[-71.47875,-32.74455],[-71.47862,-32.744],[-71.47881,-32.74325],[-71.47942,-32.74307],[-71.47955,-32.74285],[-71.47979,-32.7418],[-71.47899,-32.74167]]}},
{"type":"Feature","properties":{"nom_reg":"Valparaíso","nom_prov":"Valparaíso","nom_com":"Puchuncaví","sector":"Puchuncavi","cine_reg":"05","cine_prov":"051","cine_com":"05105"},"geometry":{"type":"LineString","coordinates":[[-71.41876,-32.63189],[-71.41946,-32.63212],[-71.41992,-32.63263],[-71.41949,-32.63322],[-71.41912,-32.63485],[-71.41902,-32.63706]]}},
{"type":"Feature","properties":{"nom_reg":"Valparaíso","nom_prov":"Valparaíso","nom_com":"Puchuncaví","sector":"Puchuncavi","cine_reg":"05","cine_prov":"051","cine_com":"05105"},"geometry":{"type":"LineString","coordinates":[[-71.42403,-32.63922],[-71.42359,-32.63886],[-71.42286,-32.63756]]}},
{"type":"Feature","properties":{"nom_reg":"Valparaíso","nom_prov":"Valparaíso","nom_com":"Puchuncaví","sector":"Puchuncavi","cine_reg":"05","cine_prov":"051","cine_com":"05105"},"geometry":{"type":"LineString","coordinates":[[-71.42962,-32.63591],[-71.42906,-32.63592],[-71.42828,-32.63508]]}},
{"type":"Feature","properties":{"nom_reg":"Valparaíso","nom_prov":"Valparaíso","nom_com":"Puchuncaví","sector":"Puchuncavi","cine_reg":"05","cine_prov":"051","cine_com":"05105"},"geometry":{"type":"LineString","coordinates":[[-71.43126,-32.64353],[-71.43196,-32.64434]]}},
{"type":"Feature","properties":{"nom_reg":"Valparaíso","nom_prov":"Valparaíso","nom_com":"Puchuncaví","sector":"Puchuncavi","cine_reg":"05","cine_prov":"051","cine_com":"05105"},"geometry":{"type":"LineString","coordinates":[[-71.43137,-32.64328],[-71.4322,-32.64422]]}},
{"type":"Feature","properties":{"nom_reg":"Valparaíso","nom_prov":"Valparaíso","nom_com":"Puchuncaví","sector":"Las Ventanas","cine_reg":"05","cine_prov":"051","cine_com":"05105"},"geometry":{"type":"LineString","coordinates":[[-71.48404,-32.74596],[-71.48372,-32.74553],[-71.48194,-32.74432],[-71.4821,-32.74373],[-71.48259,-32.74302]]}},
{"type":"Feature","properties":{"nom_reg":"Valparaíso","nom_prov":"Valparaíso","nom_com":"Puchuncaví","sector":"Las Ventanas","cine_reg":"05","cine_prov":"051","cine_com":"05105"},"geometry":{"type":"LineString","coordinates":[[-71.48513,-32.74532],[-71.48414,-32.74467],[-71.48348,-32.7434],[-71.48305,-32.74305]]}},
{"type":"Feature","properties":{"nom_reg":"Valparaíso","nom_prov":"Valparaíso","nom_com":"Puchuncaví","sector":"Las Ventanas","cine_reg":"05","cine_prov":"051","cine_com":"05105"},"geometry":{"type":"LineString","coordinates":[[-71.47729,-32.74918],[-71.47655,-32.74823],[-71.47476,-32.74725],[-71.47432,-32.74681],[-71.47334,-32.74577],[-71.4723,-32.7441],[-71.47187,-32.74369],[-71.47027,-32.74298],[-71.4679,-32.74252],[-71.46656,-32.74195]]}},
{"type":"Feature","properties":{"nom_reg":"Valparaíso","nom_prov":"Valparaíso","nom_com":"Puchuncaví","sector":"Las Ventanas","cine_reg":"05","cine_prov":"051","cine_com":"05105"},"geometry":{"type":"LineString","coordinates":[[-71.49162,-32.74086],[-71.49015,-32.74082],[-71.48853,-32.74181],[-71.48701,-32.74102],[-71.48529,-32.74229],[-71.48421,-32.74174]]}},
{"type":"Feature","properties":{"nom_reg":"Valparaíso","nom_prov":"Valparaíso","nom_com":"Valparaíso","sector":"Valparaíso","cine_reg":"05","cine_prov":"051","cine_com":"05101"},"geometry":{"type":"LineString","coordinates":[[-71.59043,-33.03291],[-71.58865,-33.03411],[-71.58874,-33.03505],[-71.58702,-33.03804],[-71.58653,-33.03846],[-71.58682,-33.0387]]}},
{"type":"Feature","properties":{"nom_reg":"Valparaíso","nom_prov":"Petorca","nom_com":"Zapallar","sector":"La Laguna","cine_reg":"05","cine_prov":"054","cine_com":"05405"},"geometry":{"type":"LineString","coordinates":[[-71.43022,-32.62716],[-71.43017,-32.62588],[-71.42977,-32.62586],[-71.42847,-32.62505]]}},
{"type":"Feature","properties":{"nom_reg":"Valparaíso","nom_prov":"Petorca","nom_com":"Zapallar","sector":"La Laguna","cine_reg":"05","cine_prov":"054","cine_com":"05405"},"geometry":{"type":"LineString","coordinates":[[-71.42458,-32.63276],[-71.42454,-32.63074],[-71.42433,-32.63046],[-71.42409,-32.63045],[-71.4241,-32.62964],[-71.4243,-32.62899]]}},
{"type":"Feature","properties":{"nom_reg":"Valparaíso","nom_prov":"Petorca","nom_com":"Zapallar","sector":"La Laguna","cine_reg":"05","cine_prov":"054","cine_com":"05405"},"geometry":{"type":"LineString","coordinates":[[-71.42651,-32.63203],[-71.42725,-32.63042],[-71.42718,-32.62906],[-71.42662,-32.62815]]}},
{"type":"Feature","properties":{"nom_reg":"Valparaíso","nom_prov":"Petorca","nom_com":"Zapallar","sector":"La Laguna","cine_reg":"05","cine_prov":"054","cine_com":"05405"},"geometry":{"type":"LineString","coordinates":[[-71.4261,-32.63173],[-71.42668,-32.63042],[-71.42662,-32.62914],[-71.42611,-32.62835]]}},
{"type":"Feature","properties":{"nom_reg":"Valparaíso","nom_prov":"Petorca","nom_com":"Zapallar","sector":"La Laguna","cine_reg":"05","cine_prov":"054","cine_com":"05405"},"geometry":{"type":"LineString","coordinates":[[-71.42609,-32.62832],[-71.42498,-32.62881],[-71.42381,-32.62901],[-71.42184,-32.62884],[-71.42096,-32.62828],[-71.42273,-32.62829],[-71.42397,-32.62807],[-71.42588,-32.62698],[-71.42739,-32.62583],[-71.42816,-32.62499]]}},
{"type":"Feature","properties":{"nom_reg":"Valparaíso","nom_prov":"Petorca","nom_com":"Zapallar","sector":"La Laguna","cine_reg":"05","cine_prov":"054","cine_com":"05405"},"geometry":{"type":"LineString","coordinates":[[-71.4227,-32.63212],[-71.42199,-32.63049],[-71.42196,-32.62961],[-71.42222,-32.62896]]}},
{"type":"Feature","properties":{"nom_reg":"Valparaíso","nom_prov":"Petorca","nom_com":"Zapallar","sector":"La Laguna","cine_reg":"05","cine_prov":"054","cine_com":"05405"},"geometry":{"type":"LineString","coordinates":[[-71.42529,-32.63107],[-71.42558,-32.63045],[-71.42557,-32.6294],[-71.42519,-32.62872]]}},
{"type":"Feature","properties":{"nom_reg":"Valparaíso","nom_prov":"Petorca","nom_com":"Zapallar","sector":"La Laguna","cine_reg":"05","cine_prov":"054","cine_com":"05405"},"geometry":{"type":"LineString","coordinates":[[-71.4257,-32.63138],[-71.42612,-32.63045],[-71.42605,-32.62921],[-71.42563,-32.6285]]}},
{"type":"Feature","properties":{"nom_reg":"Valparaíso","nom_prov":"Petorca","nom_com":"Zapallar","sector":"La Laguna","cine_reg":"05","cine_prov":"054","cine_com":"05405"},"geometry":{"type":"LineString","coordinates":[[-71.42203,-32.63177],[-71.4214,-32.63047],[-71.42136,-32.62961],[-71.4217,-32.62889]]}},
{"type":"Feature","properties":{"nom_reg":"Valparaíso","nom_prov":"Petorca","nom_com":"Zapallar","sector":"La Laguna","cine_reg":"05","cine_prov":"054","cine_com":"05405"},"geometry":{"type":"LineString","coordinates":[[-71.42381,-32.63096],[-71.42353,-32.63046],[-71.42353,-32.62967],[-71.42376,-32.62911]]}},
{"type":"Feature","properties":{"nom_reg":"Valparaíso","nom_prov":"Petorca","nom_com":"Zapallar","sector":"La Laguna","cine_reg":"05","cine_prov":"054","cine_com":"05405"},"geometry":{"type":"LineString","coordinates":[[-71.42808,-32.63098],[-71.42855,-32.62869],[-71.42851,-32.62823],[-71.42778,-32.62718]]}},
{"type":"Feature","properties":{"nom_reg":"Valparaíso","nom_prov":"Petorca","nom_com":"Zapallar","sector":"La Laguna","cine_reg":"05","cine_prov":"054","cine_com":"05405"},"geometry":{"type":"LineString","coordinates":[[-71.42308,-32.63176],[-71.42244,-32.63048],[-71.42243,-32.62962],[-71.42269,-32.62902]]}},
{"type":"Feature","properties":{"nom_reg":"Valparaíso","nom_prov":"Petorca","nom_com":"Zapallar","sector":"La Laguna","cine_reg":"05","cine_prov":"054","cine_com":"05405"},"geometry":{"type":"LineString","coordinates":[[-71.42133,-32.63147],[-71.4203,-32.63027],[-71.42027,-32.62968],[-71.4207,-32.62875],[-71.42152,-32.62881]]}},
{"type":"Feature","properties":{"nom_reg":"Valparaíso","nom_prov":"Petorca","nom_com":"Zapallar","sector":"La Laguna","cine_reg":"05","cine_prov":"054","cine_com":"05405"},"geometry":{"type":"LineString","coordinates":[[-71.42658,-32.6281],[-71.42813,-32.62691],[-71.42972,-32.626]]}},
{"type":"Feature","properties":{"nom_reg":"Valparaíso","nom_prov":"Petorca","nom_com":"Zapallar","sector":"La Laguna","cine_reg":"05","cine_prov":"054","cine_com":"05405"},"geometry":{"type":"LineString","coordinates":[[-71.42745,-32.63128],[-71.42778,-32.63042],[-71.42775,-32.62884],[-71.42701,-32.62779]]}},
{"type":"Feature","properties":{"nom_reg":"Valparaíso","nom_prov":"Petorca","nom_com":"Zapallar","sector":"La Laguna","cine_reg":"05","cine_prov":"054","cine_com":"05405"},"geometry":{"type":"LineString","coordinates":[[-71.42344,-32.63135],[-71.42299,-32.63047],[-71.423,-32.62962],[-71.42325,-32.62907]]}},
{"type":"Feature","properties":{"nom_reg":"Valparaíso","nom_prov":"Petorca","nom_com":"Zapallar","sector":"La Laguna","cine_reg":"05","cine_prov":"054","cine_com":"05405"},"geometry":{"type":"LineString","coordinates":[[-71.4251,-32.63043],[-71.42507,-32.62962],[-71.42475,-32.62893]]}},
{"type":"Feature","properties":{"nom_reg":"Valparaíso","nom_prov":"San Antonio","nom_com":"Algarrobo","sector":"Algarrobo","cine_reg":"05","cine_prov":"056","cine_com":"05602"},"geometry":{"type":"LineString","coordinates":[[-71.65044,-33.33637],[-71.64728,-33.33496],[-71.64641,-33.33372]]}},
{"type":"Feature","properties":{"nom_reg":"Valparaíso","nom_prov":"San Antonio","nom_com":"Algarrobo","sector":"Algarrobo","cine_reg":"05","cine_prov":"056","cine_com":"05602"},"geometry":{"type":"LineString","coordinates":[[-71.64947,-33.33757],[-71.64879,-33.33755],[-71.64852,-33.33736],[-71.64803,-33.33742],[-71.64791,-33.33628],[-71.64728,-33.33496]]}},
{"type":"Feature","properties":{"nom_reg":"Valparaíso","nom_prov":"Isla de Pascua","nom_com":"Isla de Pascua","sector":"Isla de Pascua","cine_reg":"05","cine_prov":"052","cine_com":"05201"},"geometry":{"type":"LineString","coordinates":[[-109.43245,-27.14963],[-109.43357,-27.15164]]}},
{"type":"Feature","properties":{"nom_reg":"Antofagasta","nom_prov":"Antofagasta","nom_com":"Taltal","sector":"Paposo","cine_reg":"02","cine_prov":"021","cine_com":"02104"},"geometry":{"type":"LineString","coordinates":[[-70.46547,-25.00325],[-70.46226,-25.00259]]}},
{"type":"Feature","properties":{"nom_reg":"Valparaíso","nom_prov":"Isla de Pascua","nom_com":"Isla de Pascua","sector":"Isla de Pascua","cine_reg":"05","cine_prov":"052","cine_com":"05201"},"geometry":{"type":"LineString","coordinates":[[-109.44039,-27.15108],[-109.43022,-27.15537],[-109.4318,-27.15743],[-109.43058,-27.15804]]}},
{"type":"Feature","properties":{"nom_reg":"Valparaíso","nom_prov":"Isla de Pascua","nom_com":"Isla de Pascua","sector":"Isla de Pascua","cine_reg":"05","cine_prov":"052","cine_com":"05201"},"geometry":{"type":"LineString","coordinates":[[-109.43022,-27.14694],[-109.42475,-27.14894]]}},
{"type":"Feature","properties":{"nom_reg":"Valparaíso","nom_prov":"Valparaíso","nom_com":"Puchuncaví","sector":"Horcon","cine_reg":"05","cine_prov":"051","cine_com":"05105"},"geometry":{"type":"LineString","coordinates":[[-71.48766,-32.71128],[-71.48886,-32.70944],[-71.48929,-32.70932],[-71.48979,-32.70941]]}},
{"type":"Feature","properties":{"nom_reg":"Valparaíso","nom_prov":"Valparaíso","nom_com":"Puchuncaví","sector":"Las Ventanas","cine_reg":"05","cine_prov":"051","cine_com":"05105"},"geometry":{"type":"LineString","coordinates":[[-71.47514,-32.75017],[-71.47364,-32.75107]]}},
{"type":"Feature","properties":{"nom_reg":"Valparaíso","nom_prov":"Valparaíso","nom_com":"Puchuncaví","sector":"Las Ventanas","cine_reg":"05","cine_prov":"051","cine_com":"05105"},"geometry":{"type":"LineString","coordinates":[[-71.48572,-32.73652],[-71.48342,-32.73925]]}},
{"type":"Feature","properties":{"nom_reg":"Valparaíso","nom_prov":"Valparaíso","nom_com":"Puchuncaví","sector":"Puchuncavi","cine_reg":"05","cine_prov":"051","cine_com":"05105"},"geometry":{"type":"LineString","coordinates":[[-71.422,-32.63376],[-71.42003,-32.63268]]}},
{"type":"Feature","properties":{"nom_reg":"Valparaíso","nom_prov":"Valparaíso","nom_com":"Puchuncaví","sector":"Puchuncavi","cine_reg":"05","cine_prov":"051","cine_com":"05105"},"geometry":{"type":"LineString","coordinates":[[-71.43112,-32.64293],[-71.43035,-32.64202],[-71.43008,-32.64145],[-71.42853,-32.64173],[-71.42787,-32.64134],[-71.42737,-32.6413],[-71.42724,-32.64098]]}},
{"type":"Feature","properties":{"nom_reg":"Valparaíso","nom_prov":"Valparaíso","nom_com":"Puchuncaví","sector":"Puchuncavi","cine_reg":"05","cine_prov":"051","cine_com":"05105"},"geometry":{"type":"LineString","coordinates":[[-71.42656,-32.63347],[-71.42681,-32.63419],[-71.42674,-32.63501]]}},
{"type":"Feature","properties":{"nom_reg":"Valparaíso","nom_prov":"Valparaíso","nom_com":"Puchuncaví","sector":"Las Ventanas","cine_reg":"05","cine_prov":"051","cine_com":"05105"},"geometry":{"type":"LineString","coordinates":[[-71.4862,-32.74405],[-71.48465,-32.74282]]}},
{"type":"Feature","properties":{"nom_reg":"Valparaíso","nom_prov":"Valparaíso","nom_com":"Puchuncaví","sector":"Puchuncavi","cine_reg":"05","cine_prov":"051","cine_com":"05105"},"geometry":{"type":"LineString","coordinates":[[-71.41479,-32.62911],[-71.41624,-32.63019],[-71.41663,-32.63097],[-71.41582,-32.63169],[-71.41542,-32.63236]]}},
{"type":"Feature","properties":{"nom_reg":"Valparaíso","nom_prov":"Valparaíso","nom_com":"Puchuncaví","sector":"Puchuncavi","cine_reg":"05","cine_prov":"051","cine_com":"05105"},"geometry":{"type":"LineString","coordinates":[[-71.44297,-32.65812],[-71.44289,-32.6538],[-71.44258,-32.6531],[-71.44153,-32.65312],[-71.44115,-32.65333]]}},
{"type":"Feature","properties":{"nom_reg":"Valparaíso","nom_prov":"Marga Marga","nom_com":"Limache","sector":"Santa Rosa de Colmo (Concon)","cine_reg":"05","cine_prov":"058","cine_com":"05802"},"geometry":{"type":"LineString","coordinates":[[-71.43866,-32.93219],[-71.43582,-32.9311],[-71.42512,-32.92819],[-71.42401,-32.92803],[-71.42336,-32.92849]]}},
{"type":"Feature","properties":{"nom_reg":"Valparaíso","nom_prov":"Quillota","nom_com":"Quillota","sector":"Santa Rosa de Colmo","cine_reg":"05","cine_prov":"055","cine_com":"05501"},"geometry":{"type":"LineString","coordinates":[[-71.44325,-32.92266],[-71.44365,-32.9218],[-71.44319,-32.91837],[-71.44334,-32.91791]]}},
{"type":"Feature","properties":{"nom_reg":"Valparaíso","nom_prov":"Valparaíso","nom_com":"Quintero","sector":"Quintero - Loncura","cine_reg":"05","cine_prov":"051","cine_com":"05107"},"geometry":{"type":"LineString","coordinates":[[-71.52647,-32.79299],[-71.53789,-32.79178],[-71.53771,-32.79042]]}},
{"type":"Feature","properties":{"nom_reg":"Valparaíso","nom_prov":"Valparaíso","nom_com":"Quintero","sector":"Mantagua","cine_reg":"05","cine_prov":"051","cine_com":"05107"},"geometry":{"type":"LineString","coordinates":[[-71.46694,-32.86151],[-71.46612,-32.86175],[-71.46422,-32.86124],[-71.46372,-32.86156],[-71.46255,-32.86175],[-71.46113,-32.86119],[-71.46094,-32.86161],[-71.45989,-32.86198],[-71.4577,-32.86138],[-71.45722,-32.86201]]}},
{"type":"Feature","properties":{"nom_reg":"Valparaíso","nom_prov":"Valparaíso","nom_com":"Quintero","sector":"Mantagua","cine_reg":"05","cine_prov":"051","cine_com":"05107"},"geometry":{"type":"LineString","coordinates":[[-71.46984,-32.86243],[-71.46931,-32.86417],[-71.4696,-32.86449],[-71.46926,-32.86531],[-71.46923,-32.86589]]}},
{"type":"Feature","properties":{"nom_reg":"Valparaíso","nom_prov":"Valparaíso","nom_com":"Quintero","sector":"Mantagua","cine_reg":"05","cine_prov":"051","cine_com":"05107"},"geometry":{"type":"LineString","coordinates":[[-71.47267,-32.86402],[-71.47264,-32.86483],[-71.47518,-32.86518]]}},
{"type":"Feature","properties":{"nom_reg":"Valparaíso","nom_prov":"Valparaíso","nom_com":"Quintero","sector":"Mantagua","cine_reg":"05","cine_prov":"051","cine_com":"05107"},"geometry":{"type":"LineString","coordinates":[[-71.4714,-32.86241],[-71.47269,-32.86264],[-71.47386,-32.86312],[-71.47673,-32.86299]]}},
{"type":"Feature","properties":{"nom_reg":"Valparaíso","nom_prov":"Valparaíso","nom_com":"Quintero","sector":"Mantagua","cine_reg":"05","cine_prov":"051","cine_com":"05107"},"geometry":{"type":"LineString","coordinates":[[-71.49036,-32.86528],[-71.48729,-32.86597],[-71.48521,-32.86536],[-71.48389,-32.86457],[-71.48083,-32.86428],[-71.47908,-32.86338],[-71.47885,-32.86283],[-71.47863,-32.86272],[-71.47721,-32.86293]]}},
{"type":"Feature","properties":{"nom_reg":"Valparaíso","nom_prov":"Valparaíso","nom_com":"Quintero","sector":"Santa Adela","cine_reg":"05","cine_prov":"051","cine_com":"05107"},"geometry":{"type":"LineString","coordinates":[[-71.49672,-32.88387],[-71.49584,-32.88483]]}},
{"type":"Feature","properties":{"nom_reg":"Valparaíso","nom_prov":"Valparaíso","nom_com":"Quintero","sector":"Santa Adela","cine_reg":"05","cine_prov":"051","cine_com":"05107"},"geometry":{"type":"LineString","coordinates":[[-71.49464,-32.88088],[-71.49496,-32.88186],[-71.49554,-32.88286],[-71.49664,-32.8838]]}},
{"type":"Feature","properties":{"nom_reg":"Valparaíso","nom_prov":"Valparaíso","nom_com":"Quintero","sector":"Santa Luisa","cine_reg":"05","cine_prov":"051","cine_com":"05107"},"geometry":{"type":"LineString","coordinates":[[-71.49914,-32.90014],[-71.50144,-32.89899],[-71.50139,-32.89769],[-71.50108,-32.89742],[-71.50044,-32.8972]]}},
{"type":"Feature","properties":{"nom_reg":"Valparaíso","nom_prov":"Valparaíso","nom_com":"Quintero","sector":"Santa Luisa","cine_reg":"05","cine_prov":"051","cine_com":"05107"},"geometry":{"type":"LineString","coordinates":[[-71.50595,-32.89698],[-71.50426,-32.89636],[-71.50128,-32.89484],[-71.50047,-32.89482]]}},
{"type":"Feature","properties":{"nom_reg":"Valparaíso","nom_prov":"Valparaíso","nom_com":"Quintero","sector":"Ruta F-240","cine_reg":"05","cine_prov":"051","cine_com":"05107"},"geometry":{"type":"LineString","coordinates":[[-71.49527,-32.9126],[-71.49326,-32.91323],[-71.49041,-32.91371],[-71.49067,-32.91474]]}},
{"type":"Feature","properties":{"nom_reg":"Valparaíso","nom_prov":"Valparaíso","nom_com":"Quintero","sector":"Santa Julia","cine_reg":"05","cine_prov":"051","cine_com":"05107"},"geometry":{"type":"LineString","coordinates":[[-71.47639,-32.83272],[-71.47593,-32.83262],[-71.47514,-32.83283],[-71.47377,-32.83627]]}},
{"type":"Feature","properties":{"nom_reg":"Valparaíso","nom_prov":"Valparaíso","nom_com":"Quintero","sector":"Valle Alegre","cine_reg":"05","cine_prov":"051","cine_com":"05107"},"geometry":{"type":"LineString","coordinates":[[-71.44357,-32.8125],[-71.44177,-32.81187],[-71.44127,-32.81155],[-71.44009,-32.81155],[-71.43964,-32.81195],[-71.43863,-32.81168],[-71.43818,-32.81187],[-71.43766,-32.81171],[-71.43734,-32.81187]]}},
{"type":"Feature","properties":{"nom_reg":"Valparaíso","nom_prov":"Valparaíso","nom_com":"Quintero","sector":"Quintero - Loncura","cine_reg":"05","cine_prov":"051","cine_com":"05107"},"geometry":{"type":"LineString","coordinates":[[-71.52641,-32.79134],[-71.53819,-32.79006]]}},
{"type":"Feature","properties":{"nom_reg":"Valparaíso","nom_prov":"Valparaíso","nom_com":"Quintero","sector":"Quintero - Loncura","cine_reg":"05","cine_prov":"051","cine_com":"05107"},"geometry":{"type":"LineString","coordinates":[[-71.52517,-32.7855],[-71.53275,-32.78472]]}},
{"type":"Feature","properties":{"nom_reg":"Valparaíso","nom_prov":"Valparaíso","nom_com":"Quintero","sector":"Quintero - Loncura","cine_reg":"05","cine_prov":"051","cine_com":"05107"},"geometry":{"type":"LineString","coordinates":[[-71.53093,-32.76845],[-71.53098,-32.76862],[-71.53068,-32.76912],[-71.53166,-32.76908]]}},
{"type":"Feature","properties":{"nom_reg":"Valparaíso","nom_prov":"Valparaíso","nom_com":"Quintero","sector":"Quintero - Loncura","cine_reg":"05","cine_prov":"051","cine_com":"05107"},"geometry":{"type":"LineString","coordinates":[[-71.51013,-32.79397],[-71.50745,-32.78968]]}},
{"type":"Feature","properties":{"nom_reg":"Valparaíso","nom_prov":"Valparaíso","nom_com":"Quintero","sector":"Quintero - Loncura","cine_reg":"05","cine_prov":"051","cine_com":"05107"},"geometry":{"type":"LineString","coordinates":[[-71.51323,-32.78469],[-71.51035,-32.78493]]}},
{"type":"Feature","properties":{"nom_reg":"Valparaíso","nom_prov":"Valparaíso","nom_com":"Quintero","sector":"Quintero - Loncura","cine_reg":"05","cine_prov":"051","cine_com":"05107"},"geometry":{"type":"LineString","coordinates":[[-71.51105,-32.7923],[-71.51092,-32.79177],[-71.50907,-32.78889],[-71.50943,-32.78794]]}},
{"type":"Feature","properties":{"nom_reg":"Valparaíso","nom_prov":"Valparaíso","nom_com":"Quintero","sector":"Quintero - Loncura","cine_reg":"05","cine_prov":"051","cine_com":"05107"},"geometry":{"type":"LineString","coordinates":[[-71.50996,-32.78356],[-71.51025,-32.78586],[-71.50974,-32.78722]]}},
{"type":"Feature","properties":{"nom_reg":"Valparaíso","nom_prov":"Valparaíso","nom_com":"Quintero","sector":"Quintero - Loncura","cine_reg":"05","cine_prov":"051","cine_com":"05107"},"geometry":{"type":"LineString","coordinates":[[-71.52671,-32.77605],[-71.52715,-32.77575],[-71.52729,-32.77541],[-71.53441,-32.77472]]}},
{"type":"Feature","properties":{"nom_reg":"Valparaíso","nom_prov":"Valparaíso","nom_com":"Quintero","sector":"Quintero - Loncura","cine_reg":"05","cine_prov":"051","cine_com":"05107"},"geometry":{"type":"LineString","coordinates":[[-71.53042,-32.7796],[-71.53051,-32.7789],[-71.5313,-32.7782],[-71.53185,-32.77505]]}},
{"type":"Feature","properties":{"nom_reg":"Valparaíso","nom_prov":"Valparaíso","nom_com":"Quintero","sector":"Quintero - Loncura","cine_reg":"05","cine_prov":"051","cine_com":"05107"},"geometry":{"type":"LineString","coordinates":[[-71.50684,-32.79304],[-71.50225,-32.79459]]}},
{"type":"Feature","properties":{"nom_reg":"Valparaíso","nom_prov":"Valparaíso","nom_com":"Quintero","sector":"Quintero - Loncura","cine_reg":"05","cine_prov":"051","cine_com":"05107"},"geometry":{"type":"LineString","coordinates":[[-71.5051,-32.79147],[-71.50735,-32.7896],[-71.50815,-32.78865],[-71.50831,-32.78815]]}},
{"type":"Feature","properties":{"nom_reg":"Valparaíso","nom_prov":"Valparaíso","nom_com":"Quintero","sector":"Quintero - Loncura","cine_reg":"05","cine_prov":"051","cine_com":"05107"},"geometry":{"type":"LineString","coordinates":[[-71.5043,-32.79237],[-71.50319,-32.79281],[-71.50288,-32.79263],[-71.50144,-32.79335],[-71.50188,-32.79384],[-71.50217,-32.79458],[-71.50216,-32.79525],[-71.50243,-32.79597],[-71.5025,-32.79672]]}},
{"type":"Feature","properties":{"nom_reg":"Valparaíso","nom_prov":"Valparaíso","nom_com":"Quintero","sector":"Quintero - Loncura","cine_reg":"05","cine_prov":"051","cine_com":"05107"},"geometry":{"type":"LineString","coordinates":[[-71.50255,-32.78716],[-71.50511,-32.78779]]}},
{"type":"Feature","properties":{"nom_reg":"Valparaíso","nom_prov":"Valparaíso","nom_com":"Quintero","sector":"Quintero - Loncura","cine_reg":"05","cine_prov":"051","cine_com":"05107"},"geometry":{"type":"LineString","coordinates":[[-71.50182,-32.78403],[-71.505,-32.78511],[-71.50722,-32.78547],[-71.50772,-32.78572],[-71.50814,-32.7862],[-71.50835,-32.78768]]}},
{"type":"Feature","properties":{"nom_reg":"Valparaíso","nom_prov":"Valparaíso","nom_com":"Quintero","sector":"Quintero - Loncura","cine_reg":"05","cine_prov":"051","cine_com":"05107"},"geometry":{"type":"LineString","coordinates":[[-71.4997,-32.78331],[-71.50263,-32.78913],[-71.5029,-32.78914],[-71.50777,-32.78637],[-71.5081,-32.78641]]}},
{"type":"Feature","properties":{"nom_reg":"Valparaíso","nom_prov":"Valparaíso","nom_com":"Quintero","sector":"Quintero - Loncura","cine_reg":"05","cine_prov":"051","cine_com":"05107"},"geometry":{"type":"LineString","coordinates":[[-71.50231,-32.7813],[-71.49774,-32.78212],[-71.50139,-32.7898]]}},
{"type":"Feature","properties":{"nom_reg":"Valparaíso","nom_prov":"Valparaíso","nom_com":"Quintero","sector":"Quintero - Loncura","cine_reg":"05","cine_prov":"051","cine_com":"05107"},"geometry":{"type":"LineString","coordinates":[[-71.50216,-32.78953],[-71.49866,-32.79121],[-71.4974,-32.79087],[-71.49688,-32.79143],[-71.49677,-32.79211]]}},
{"type":"Feature","properties":{"nom_reg":"Valparaíso","nom_prov":"Valparaíso","nom_com":"Quintero","sector":"Quintero - Loncura","cine_reg":"05","cine_prov":"051","cine_com":"05107"},"geometry":{"type":"LineString","coordinates":[[-71.51011,-32.7959],[-71.50753,-32.798],[-71.50282,-32.79918],[-71.50062,-32.79898],[-71.50076,-32.79782]]}},
{"type":"Feature","properties":{"nom_reg":"Valparaíso","nom_prov":"Valparaíso","nom_com":"Quintero","sector":"Ruta F-240","cine_reg":"05","cine_prov":"051","cine_com":"05107"},"geometry":{"type":"LineString","coordinates":[[-71.4949,-32.9121],[-71.49094,-32.91249],[-71.48774,-32.91352],[-71.4865,-32.9136],[-71.48421,-32.91284],[-71.48357,-32.91223],[-71.48358,-32.91168]]}},
{"type":"Feature","properties":{"nom_reg":"Valparaíso","nom_prov":"Valparaíso","nom_com":"Quintero","sector":"Santa Luisa","cine_reg":"05","cine_prov":"051","cine_com":"05107"},"geometry":{"type":"LineString","coordinates":[[-71.49559,-32.90237],[-71.49596,-32.90195],[-71.49604,-32.90138]]}},
{"type":"Feature","properties":{"nom_reg":"Los Lagos","nom_prov":"Chiloé","nom_com":"Castro","sector":"Rilan","cine_reg":"10","cine_prov":"102","cine_com":"10201"},"geometry":{"type":"LineString","coordinates":[[-73.62926,-42.52004],[-73.63061,-42.52004]]}},
{"type":"Feature","properties":{"nom_reg":"Valparaíso","nom_prov":"Valparaíso","nom_com":"Quintero","sector":"Santa Luisa","cine_reg":"05","cine_prov":"051","cine_com":"05107"},"geometry":{"type":"LineString","coordinates":[[-71.49801,-32.90082],[-71.49743,-32.90142],[-71.496,-32.90127],[-71.49596,-32.90068],[-71.4952,-32.90066],[-71.4941,-32.89928],[-71.49311,-32.8987],[-71.49153,-32.89817]]}},
{"type":"Feature","properties":{"nom_reg":"Valparaíso","nom_prov":"Valparaíso","nom_com":"Quintero","sector":"Mantagua","cine_reg":"05","cine_prov":"051","cine_com":"05107"},"geometry":{"type":"LineString","coordinates":[[-71.47695,-32.86299],[-71.47668,-32.86473],[-71.47572,-32.86468],[-71.47536,-32.86495],[-71.47568,-32.8665],[-71.47685,-32.8679]]}},
{"type":"Feature","properties":{"nom_reg":"Valparaíso","nom_prov":"Valparaíso","nom_com":"Quintero","sector":"Santa Rosa de Colmo","cine_reg":"05","cine_prov":"051","cine_com":"05107"},"geometry":{"type":"LineString","coordinates":[[-71.44877,-32.9187],[-71.44996,-32.91838],[-71.45028,-32.91809],[-71.44991,-32.91682],[-71.44938,-32.91593],[-71.45044,-32.91429]]}},
{"type":"Feature","properties":{"nom_reg":"Valparaíso","nom_prov":"Valparaíso","nom_com":"Quintero","sector":"Valle Alegre","cine_reg":"05","cine_prov":"051","cine_com":"05107"},"geometry":{"type":"LineString","coordinates":[[-71.43322,-32.80857],[-71.43235,-32.80846],[-71.43108,-32.80933],[-71.4304,-32.80883],[-71.42929,-32.80759],[-71.42715,-32.80757],[-71.42548,-32.80706]]}},
{"type":"Feature","properties":{"nom_reg":"Valparaíso","nom_prov":"Valparaíso","nom_com":"Quintero","sector":"Valle Alegre","cine_reg":"05","cine_prov":"051","cine_com":"05107"},"geometry":{"type":"LineString","coordinates":[[-71.4305,-32.80614],[-71.43111,-32.80659],[-71.43211,-32.80701],[-71.43314,-32.80725],[-71.43399,-32.8073],[-71.43509,-32.80706],[-71.43576,-32.80482],[-71.43678,-32.80503],[-71.43691,-32.80419],[-71.43841,-32.80448],[-71.43951,-32.80438],[-71.43995,-32.8035],[-71.44051,-32.80321],[-71.44064,-32.80244],[-71.44087,-32.80234]]}},
{"type":"Feature","properties":{"nom_reg":"Valparaíso","nom_prov":"Valparaíso","nom_com":"Quintero","sector":"Valle Alegre","cine_reg":"05","cine_prov":"051","cine_com":"05107"},"geometry":{"type":"LineString","coordinates":[[-71.44209,-32.80772],[-71.44249,-32.8058],[-71.44225,-32.80477],[-71.44173,-32.80398],[-71.44146,-32.80279]]}},
{"type":"Feature","properties":{"nom_reg":"Valparaíso","nom_prov":"Valparaíso","nom_com":"Quintero","sector":"Valle Alegre","cine_reg":"05","cine_prov":"051","cine_com":"05107"},"geometry":{"type":"LineString","coordinates":[[-71.43507,-32.80886],[-71.43692,-32.80926],[-71.43666,-32.81097],[-71.43784,-32.81123],[-71.43849,-32.8116]]}},
{"type":"Feature","properties":{"nom_reg":"Valparaíso","nom_prov":"Valparaíso","nom_com":"Quintero","sector":"Quintero - Loncura","cine_reg":"05","cine_prov":"051","cine_com":"05107"},"geometry":{"type":"LineString","coordinates":[[-71.49419,-32.79164],[-71.49652,-32.79224]]}},
{"type":"Feature","properties":{"nom_reg":"Valparaíso","nom_prov":"Valparaíso","nom_com":"Quintero","sector":"Quintero - Loncura","cine_reg":"05","cine_prov":"051","cine_com":"05107"},"geometry":{"type":"LineString","coordinates":[[-71.50062,-32.7941],[-71.50017,-32.79431],[-71.50096,-32.79575],[-71.5008,-32.79741]]}},
{"type":"Feature","properties":{"nom_reg":"Valparaíso","nom_prov":"Valparaíso","nom_com":"Quintero","sector":"Quintero - Loncura","cine_reg":"05","cine_prov":"051","cine_com":"05107"},"geometry":{"type":"LineString","coordinates":[[-71.50322,-32.79031],[-71.49906,-32.79258],[-71.49882,-32.79262],[-71.49806,-32.79215],[-71.49802,-32.79197],[-71.49697,-32.7918]]}},
{"type":"Feature","properties":{"nom_reg":"Valparaíso","nom_prov":"Valparaíso","nom_com":"Quintero","sector":"Santa Rosa de Colmo","cine_reg":"05","cine_prov":"051","cine_com":"05107"},"geometry":{"type":"LineString","coordinates":[[-71.44634,-32.91936],[-71.44465,-32.91975],[-71.44345,-32.91954]]}},
{"type":"Feature","properties":{"nom_reg":"Valparaíso","nom_prov":"Valparaíso","nom_com":"Quintero","sector":"Santa Rosa de Colmo","cine_reg":"05","cine_prov":"051","cine_com":"05107"},"geometry":{"type":"LineString","coordinates":[[-71.45148,-32.92181],[-71.45096,-32.92111],[-71.44879,-32.92028],[-71.44722,-32.92117],[-71.44375,-32.92142]]}},
{"type":"Feature","properties":{"nom_reg":"Valparaíso","nom_prov":"Valparaíso","nom_com":"Quintero","sector":"Santa Adela","cine_reg":"05","cine_prov":"051","cine_com":"05107"},"geometry":{"type":"LineString","coordinates":[[-71.49819,-32.88514],[-71.49683,-32.88396]]}},
{"type":"Feature","properties":{"nom_reg":"Valparaíso","nom_prov":"Valparaíso","nom_com":"Quintero","sector":"Santa Adela","cine_reg":"05","cine_prov":"051","cine_com":"05107"},"geometry":{"type":"LineString","coordinates":[[-71.49354,-32.87789],[-71.49429,-32.88008],[-71.4933,-32.87941],[-71.49295,-32.87856],[-71.49223,-32.87893],[-71.49168,-32.87872],[-71.49114,-32.87873],[-71.48981,-32.87938],[-71.48941,-32.87943],[-71.48846,-32.8788],[-71.48752,-32.8774]]}},
{"type":"Feature","properties":{"nom_reg":"Valparaíso","nom_prov":"Valparaíso","nom_com":"Quintero","sector":"Santa Adela","cine_reg":"05","cine_prov":"051","cine_com":"05107"},"geometry":{"type":"LineString","coordinates":[[-71.49391,-32.87691],[-71.49348,-32.87739],[-71.49318,-32.87524],[-71.49279,-32.87506],[-71.49183,-32.87546],[-71.49104,-32.87558],[-71.48892,-32.87755],[-71.48816,-32.87769],[-71.48759,-32.87735]]}},
{"type":"Feature","properties":{"nom_reg":"Valparaíso","nom_prov":"Valparaíso","nom_com":"Quintero","sector":"Santa Rosa de Colmo","cine_reg":"05","cine_prov":"051","cine_com":"05107"},"geometry":{"type":"LineString","coordinates":[[-71.44551,-32.92212],[-71.44413,-32.92204],[-71.44372,-32.92162]]}},
{"type":"Feature","properties":{"nom_reg":"Valparaíso","nom_prov":"Valparaíso","nom_com":"Quintero","sector":"Santa Julia","cine_reg":"05","cine_prov":"051","cine_com":"05107"},"geometry":{"type":"LineString","coordinates":[[-71.47733,-32.83316],[-71.47772,-32.8339],[-71.47777,-32.83461]]}},
{"type":"Feature","properties":{"nom_reg":"Valparaíso","nom_prov":"Valparaíso","nom_com":"Quintero","sector":"Santa Julia","cine_reg":"05","cine_prov":"051","cine_com":"05107"},"geometry":{"type":"LineString","coordinates":[[-71.46911,-32.83121],[-71.47046,-32.83191],[-71.47153,-32.83225],[-71.47249,-32.83248],[-71.4735,-32.83234],[-71.47382,-32.83244],[-71.47352,-32.83264],[-71.47338,-32.83342],[-71.47237,-32.83355]]}},
{"type":"Feature","properties":{"nom_reg":"Valparaíso","nom_prov":"Valparaíso","nom_com":"Quintero","sector":"Ritoque","cine_reg":"05","cine_prov":"051","cine_com":"05107"},"geometry":{"type":"LineString","coordinates":[[-71.52803,-32.82537],[-71.52789,-32.82448],[-71.52811,-32.8236],[-71.5273,-32.82134],[-71.52934,-32.81925],[-71.53089,-32.81671]]}},
{"type":"Feature","properties":{"nom_reg":"Valparaíso","nom_prov":"Valparaíso","nom_com":"Quintero","sector":"Ritoque","cine_reg":"05","cine_prov":"051","cine_com":"05107"},"geometry":{"type":"LineString","coordinates":[[-71.52856,-32.82644],[-71.52946,-32.82608],[-71.52954,-32.82505],[-71.52974,-32.82473],[-71.52988,-32.82475],[-71.53004,-32.8249],[-71.5298,-32.82529],[-71.53085,-32.82768]]}},
{"type":"Feature","properties":{"nom_reg":"Valparaíso","nom_prov":"Valparaíso","nom_com":"Quintero","sector":"Quintero - Loncura","cine_reg":"05","cine_prov":"051","cine_com":"05107"},"geometry":{"type":"LineString","coordinates":[[-71.52547,-32.80683],[-71.52801,-32.80632],[-71.52972,-32.8062]]}},
{"type":"Feature","properties":{"nom_reg":"Valparaíso","nom_prov":"Valparaíso","nom_com":"Quintero","sector":"Quintero - Loncura","cine_reg":"05","cine_prov":"051","cine_com":"05107"},"geometry":{"type":"MultiLineString","coordinates":[[[-71.53058,-32.80855],[-71.5289,-32.8027]],[[-71.52891,-32.80269],[-71.53148,-32.8024]]]}},
{"type":"Feature","properties":{"nom_reg":"Valparaíso","nom_prov":"Valparaíso","nom_com":"Quintero","sector":"Quintero - Loncura","cine_reg":"05","cine_prov":"051","cine_com":"05107"},"geometry":{"type":"LineString","coordinates":[[-71.52826,-32.80015],[-71.52866,-32.80166],[-71.53153,-32.80122]]}},
{"type":"Feature","properties":{"nom_reg":"Valparaíso","nom_prov":"Valparaíso","nom_com":"Quintero","sector":"Quintero - Loncura","cine_reg":"05","cine_prov":"051","cine_com":"05107"},"geometry":{"type":"LineString","coordinates":[[-71.5288,-32.81116],[-71.5293,-32.80997],[-71.52941,-32.8082],[-71.52814,-32.80646]]}},
{"type":"Feature","properties":{"nom_reg":"Valparaíso","nom_prov":"Valparaíso","nom_com":"Quintero","sector":"Quintero - Loncura","cine_reg":"05","cine_prov":"051","cine_com":"05107"},"geometry":{"type":"LineString","coordinates":[[-71.52814,-32.80334],[-71.52829,-32.80065]]}},
{"type":"Feature","properties":{"nom_reg":"Valparaíso","nom_prov":"Valparaíso","nom_com":"Quintero","sector":"Quintero - Loncura","cine_reg":"05","cine_prov":"051","cine_com":"05107"},"geometry":{"type":"LineString","coordinates":[[-71.52712,-32.7955],[-71.53433,-32.79472]]}},
{"type":"Feature","properties":{"nom_reg":"Valparaíso","nom_prov":"Valparaíso","nom_com":"Quintero","sector":"Quintero - Loncura","cine_reg":"05","cine_prov":"051","cine_com":"05107"},"geometry":{"type":"LineString","coordinates":[[-71.52774,-32.798],[-71.5346,-32.79723]]}},
{"type":"Feature","properties":{"nom_reg":"Valparaíso","nom_prov":"Valparaíso","nom_com":"Quintero","sector":"Quintero - Loncura","cine_reg":"05","cine_prov":"051","cine_com":"05107"},"geometry":{"type":"LineString","coordinates":[[-71.52576,-32.78938],[-71.53732,-32.78815],[-71.53762,-32.78994]]}},
{"type":"Feature","properties":{"nom_reg":"Valparaíso","nom_prov":"Valparaíso","nom_com":"Quintero","sector":"Quintero - Loncura","cine_reg":"05","cine_prov":"051","cine_com":"05107"},"geometry":{"type":"LineString","coordinates":[[-71.52544,-32.78749],[-71.53362,-32.78657]]}},
{"type":"Feature","properties":{"nom_reg":"Valparaíso","nom_prov":"Valparaíso","nom_com":"Quintero","sector":"Quintero - Loncura","cine_reg":"05","cine_prov":"051","cine_com":"05107"},"geometry":{"type":"LineString","coordinates":[[-71.53418,-32.78371],[-71.53459,-32.78632]]}},
{"type":"Feature","properties":{"nom_reg":"Valparaíso","nom_prov":"Valparaíso","nom_com":"Quintero","sector":"Quintero - Loncura","cine_reg":"05","cine_prov":"051","cine_com":"05107"},"geometry":{"type":"LineString","coordinates":[[-71.53682,-32.78436],[-71.53704,-32.78607]]}},
{"type":"Feature","properties":{"nom_reg":"Valparaíso","nom_prov":"Valparaíso","nom_com":"Quintero","sector":"Quintero - Loncura","cine_reg":"05","cine_prov":"051","cine_com":"05107"},"geometry":{"type":"LineString","coordinates":[[-71.53914,-32.78419],[-71.53932,-32.78446],[-71.53952,-32.78583]]}},
{"type":"Feature","properties":{"nom_reg":"Valparaíso","nom_prov":"Valparaíso","nom_com":"Quintero","sector":"Quintero - Loncura","cine_reg":"05","cine_prov":"051","cine_com":"05107"},"geometry":{"type":"LineString","coordinates":[[-71.54187,-32.78574],[-71.53438,-32.78647]]}},
{"type":"Feature","properties":{"nom_reg":"Valparaíso","nom_prov":"Valparaíso","nom_com":"Quintero","sector":"Quintero - Loncura","cine_reg":"05","cine_prov":"051","cine_com":"05107"},"geometry":{"type":"LineString","coordinates":[[-71.52798,-32.78325],[-71.53262,-32.78277],[-71.53333,-32.78644]]}},
{"type":"Feature","properties":{"nom_reg":"Valparaíso","nom_prov":"Valparaíso","nom_com":"Quintero","sector":"Quintero - Loncura","cine_reg":"05","cine_prov":"051","cine_com":"05107"},"geometry":{"type":"LineString","coordinates":[[-71.52615,-32.78268],[-71.52854,-32.78155],[-71.52886,-32.78118],[-71.52949,-32.78115],[-71.53058,-32.77521]]}},
{"type":"Feature","properties":{"nom_reg":"Valparaíso","nom_prov":"Valparaíso","nom_com":"Quintero","sector":"Quintero - Loncura","cine_reg":"05","cine_prov":"051","cine_com":"05107"},"geometry":{"type":"LineString","coordinates":[[-71.52832,-32.76978],[-71.52913,-32.76989],[-71.52941,-32.77116]]}},
{"type":"Feature","properties":{"nom_reg":"Valparaíso","nom_prov":"Valparaíso","nom_com":"Quintero","sector":"Quintero - Loncura","cine_reg":"05","cine_prov":"051","cine_com":"05107"},"geometry":{"type":"LineString","coordinates":[[-71.52724,-32.7727],[-71.52743,-32.77181],[-71.52788,-32.7714],[-71.53111,-32.77107]]}},
{"type":"Feature","properties":{"nom_reg":"Valparaíso","nom_prov":"Valparaíso","nom_com":"Quintero","sector":"Quintero - Loncura","cine_reg":"05","cine_prov":"051","cine_com":"05107"},"geometry":{"type":"LineString","coordinates":[[-71.52674,-32.77323],[-71.52696,-32.77408],[-71.52712,-32.77361],[-71.52751,-32.77374],[-71.5278,-32.77429],[-71.52827,-32.77439],[-71.52894,-32.7733],[-71.53098,-32.77308],[-71.53134,-32.77122]]}},
{"type":"Feature","properties":{"nom_reg":"Valparaíso","nom_prov":"Valparaíso","nom_com":"Quintero","sector":"Quintero - Loncura","cine_reg":"05","cine_prov":"051","cine_com":"05107"},"geometry":{"type":"LineString","coordinates":[[-71.50858,-32.79457],[-71.50261,-32.79681]]}},
{"type":"Feature","properties":{"nom_reg":"Valparaíso","nom_prov":"Valparaíso","nom_com":"Quintero","sector":"Quintero - Loncura","cine_reg":"05","cine_prov":"051","cine_com":"05107"},"geometry":{"type":"LineString","coordinates":[[-71.50471,-32.79742],[-71.50175,-32.79845],[-71.50142,-32.79842],[-71.50141,-32.79804],[-71.50093,-32.79807]]}},
{"type":"Feature","properties":{"nom_reg":"Valparaíso","nom_prov":"Valparaíso","nom_com":"Quintero","sector":"Quintero - Loncura","cine_reg":"05","cine_prov":"051","cine_com":"05107"},"geometry":{"type":"LineString","coordinates":[[-71.53484,-32.76571],[-71.5339,-32.7708],[-71.53477,-32.77071]]}},
{"type":"Feature","properties":{"nom_reg":"Valparaíso","nom_prov":"Valparaíso","nom_com":"Quintero","sector":"Quintero - Loncura","cine_reg":"05","cine_prov":"051","cine_com":"05107"},"geometry":{"type":"LineString","coordinates":[[-71.53195,-32.7676],[-71.53143,-32.77078]]}},
{"type":"Feature","properties":{"nom_reg":"Valparaíso","nom_prov":"Valparaíso","nom_com":"Quintero","sector":"Quintero - Loncura","cine_reg":"05","cine_prov":"051","cine_com":"05107"},"geometry":{"type":"LineString","coordinates":[[-71.49992,-32.7796],[-71.49786,-32.77828],[-71.49559,-32.77654],[-71.49224,-32.77309]]}},
{"type":"Feature","properties":{"nom_reg":"Valparaíso","nom_prov":"Valparaíso","nom_com":"Quintero","sector":"Quintero - Loncura","cine_reg":"05","cine_prov":"051","cine_com":"05107"},"geometry":{"type":"LineString","coordinates":[[-71.48751,-32.76595],[-71.48962,-32.76954],[-71.4918,-32.77245]]}},
{"type":"Feature","properties":{"nom_reg":"Valparaíso","nom_prov":"Valparaíso","nom_com":"Quintero","sector":"Quintero - Loncura","cine_reg":"05","cine_prov":"051","cine_com":"05107"},"geometry":{"type":"LineString","coordinates":[[-71.49191,-32.77316],[-71.49157,-32.77382],[-71.48476,-32.7805]]}},
{"type":"Feature","properties":{"nom_reg":"Valparaíso","nom_prov":"Valparaíso","nom_com":"Quintero","sector":"Quintero - Loncura","cine_reg":"05","cine_prov":"051","cine_com":"05107"},"geometry":{"type":"LineString","coordinates":[[-71.53368,-32.77869],[-71.53505,-32.77132]]}},
{"type":"Feature","properties":{"nom_reg":"Valparaíso","nom_prov":"Valparaíso","nom_com":"Quintero","sector":"Quintero - Loncura","cine_reg":"05","cine_prov":"051","cine_com":"05107"},"geometry":{"type":"LineString","coordinates":[[-71.50724,-32.79361],[-71.5023,-32.79532]]}},
{"type":"Feature","properties":{"nom_reg":"Valparaíso","nom_prov":"Valparaíso","nom_com":"Quintero","sector":"Quintero - Loncura","cine_reg":"05","cine_prov":"051","cine_com":"05107"},"geometry":{"type":"LineString","coordinates":[[-71.50899,-32.79558],[-71.50755,-32.79609],[-71.50747,-32.79643],[-71.50533,-32.79717],[-71.50585,-32.79841]]}},
{"type":"Feature","properties":{"nom_reg":"Valparaíso","nom_prov":"Valparaíso","nom_com":"Quintero","sector":"Quintero - Loncura","cine_reg":"05","cine_prov":"051","cine_com":"05107"},"geometry":{"type":"LineString","coordinates":[[-71.49427,-32.79081],[-71.49669,-32.79147]]}},
{"type":"Feature","properties":{"nom_reg":"Valparaíso","nom_prov":"Valparaíso","nom_com":"Quintero","sector":"Quintero - Loncura","cine_reg":"05","cine_prov":"051","cine_com":"05107"},"geometry":{"type":"LineString","coordinates":[[-71.53203,-32.78091],[-71.53314,-32.77485]]}},
{"type":"Feature","properties":{"nom_reg":"Valparaíso","nom_prov":"Valparaíso","nom_com":"Quintero","sector":"Quintero - Loncura","cine_reg":"05","cine_prov":"051","cine_com":"05107"},"geometry":{"type":"LineString","coordinates":[[-71.50835,-32.78327],[-71.5067,-32.78531]]}},
{"type":"Feature","properties":{"nom_reg":"Valparaíso","nom_prov":"Valparaíso","nom_com":"Quintero","sector":"Quintero - Loncura","cine_reg":"05","cine_prov":"051","cine_com":"05107"},"geometry":{"type":"LineString","coordinates":[[-71.53076,-32.78104],[-71.53101,-32.7797],[-71.53169,-32.7796],[-71.53183,-32.77884],[-71.53133,-32.77825]]}},
{"type":"Feature","properties":{"nom_reg":"Valparaíso","nom_prov":"Quillota","nom_com":"Quillota","sector":"Santa Rosa de Colmo","cine_reg":"05","cine_prov":"055","cine_com":"05501"},"geometry":{"type":"LineString","coordinates":[[-71.44099,-32.92108],[-71.44348,-32.92076]]}},
{"type":"Feature","properties":{"nom_reg":"Valparaíso","nom_prov":"Quillota","nom_com":"Quillota","sector":"Santa Rosa de Colmo","cine_reg":"05","cine_prov":"055","cine_com":"05501"},"geometry":{"type":"LineString","coordinates":[[-71.44138,-32.92166],[-71.4436,-32.92142]]}},
{"type":"Feature","properties":{"nom_reg":"Valparaíso","nom_prov":"Quillota","nom_com":"Quillota","sector":"Santa Rosa de Colmo","cine_reg":"05","cine_prov":"055","cine_com":"05501"},"geometry":{"type":"LineString","coordinates":[[-71.44264,-32.92175],[-71.44303,-32.92187],[-71.4436,-32.92174]]}},
{"type":"Feature","properties":{"nom_reg":"Valparaíso","nom_prov":"Valparaíso","nom_com":"Quintero","sector":"Quintero - Loncura","cine_reg":"05","cine_prov":"051","cine_com":"05107"},"geometry":{"type":"LineString","coordinates":[[-71.52814,-32.77733],[-71.53024,-32.77709]]}},
{"type":"Feature","properties":{"nom_reg":"Valparaíso","nom_prov":"Valparaíso","nom_com":"Quintero","sector":"Quintero - Loncura","cine_reg":"05","cine_prov":"051","cine_com":"05107"},"geometry":{"type":"LineString","coordinates":[[-71.50502,-32.78218],[-71.50398,-32.78479]]}},
{"type":"Feature","properties":{"nom_reg":"Valparaíso","nom_prov":"San Antonio","nom_com":"San Antonio","sector":"San Antonio","cine_reg":"05","cine_prov":"056","cine_com":"05601"},"geometry":{"type":"LineString","coordinates":[[-71.60547,-33.5772],[-71.60366,-33.57593],[-71.59819,-33.57282]]}},
{"type":"Feature","properties":{"nom_reg":"Valparaíso","nom_prov":"San Antonio","nom_com":"San Antonio","sector":"San Antonio","cine_reg":"05","cine_prov":"056","cine_com":"05601"},"geometry":{"type":"LineString","coordinates":[[-71.60942,-33.57827],[-71.61462,-33.57839]]}},
{"type":"Feature","properties":{"nom_reg":"Valparaíso","nom_prov":"San Antonio","nom_com":"San Antonio","sector":"San Antonio","cine_reg":"05","cine_prov":"056","cine_com":"05601"},"geometry":{"type":"LineString","coordinates":[[-71.60874,-33.57915],[-71.60872,-33.58052],[-71.6068,-33.58014],[-71.6062,-33.57975]]}},
{"type":"Feature","properties":{"nom_reg":"Valparaíso","nom_prov":"San Antonio","nom_com":"San Antonio","sector":"San Antonio","cine_reg":"05","cine_prov":"056","cine_com":"05601"},"geometry":{"type":"LineString","coordinates":[[-71.61256,-33.59062],[-71.61203,-33.58967],[-71.61185,-33.58832],[-71.61114,-33.58834]]}},
{"type":"Feature","properties":{"nom_reg":"Valparaíso","nom_prov":"San Antonio","nom_com":"San Antonio","sector":"San Antonio","cine_reg":"05","cine_prov":"056","cine_com":"05601"},"geometry":{"type":"LineString","coordinates":[[-71.61495,-33.59573],[-71.61076,-33.59601],[-71.60794,-33.59774],[-71.60708,-33.5986]]}},
{"type":"Feature","properties":{"nom_reg":"Valparaíso","nom_prov":"San Antonio","nom_com":"San Antonio","sector":"Lo Gallardo (San Antonio)","cine_reg":"05","cine_prov":"056","cine_com":"05601"},"geometry":{"type":"LineString","coordinates":[[-71.58569,-33.63694],[-71.58466,-33.63679],[-71.58429,-33.63636]]}},
{"type":"Feature","properties":{"nom_reg":"Valparaíso","nom_prov":"San Antonio","nom_com":"San Antonio","sector":"San Antonio","cine_reg":"05","cine_prov":"056","cine_com":"05601"},"geometry":{"type":"LineString","coordinates":[[-71.62006,-33.61673],[-71.61953,-33.61669],[-71.61639,-33.61813],[-71.61593,-33.6173]]}},
{"type":"Feature","properties":{"nom_reg":"Valparaíso","nom_prov":"San Antonio","nom_com":"San Antonio","sector":"San Antonio","cine_reg":"05","cine_prov":"056","cine_com":"05601"},"geometry":{"type":"LineString","coordinates":[[-71.62071,-33.61284],[-71.6185,-33.61298]]}},
{"type":"Feature","properties":{"nom_reg":"Valparaíso","nom_prov":"San Antonio","nom_com":"San Antonio","sector":"San Antonio","cine_reg":"05","cine_prov":"056","cine_com":"05601"},"geometry":{"type":"LineString","coordinates":[[-71.60871,-33.62126],[-71.60852,-33.62017],[-71.60898,-33.61834]]}},
{"type":"Feature","properties":{"nom_reg":"Valparaíso","nom_prov":"San Antonio","nom_com":"San Antonio","sector":"San Antonio","cine_reg":"05","cine_prov":"056","cine_com":"05601"},"geometry":{"type":"LineString","coordinates":[[-71.61292,-33.58168],[-71.6123,-33.58408],[-71.61116,-33.58389]]}},
{"type":"Feature","properties":{"nom_reg":"Valparaíso","nom_prov":"San Antonio","nom_com":"San Antonio","sector":"San Antonio","cine_reg":"05","cine_prov":"056","cine_com":"05601"},"geometry":{"type":"LineString","coordinates":[[-71.61158,-33.6167],[-71.60674,-33.61673]]}},
{"type":"Feature","properties":{"nom_reg":"Valparaíso","nom_prov":"San Antonio","nom_com":"San Antonio","sector":"Lo Gallardo (San Antonio)","cine_reg":"05","cine_prov":"056","cine_com":"05601"},"geometry":{"type":"LineString","coordinates":[[-71.59468,-33.63234],[-71.59429,-33.63188],[-71.59361,-33.63147],[-71.59326,-33.63087]]}},
{"type":"Feature","properties":{"nom_reg":"Valparaíso","nom_prov":"San Antonio","nom_com":"San Antonio","sector":"San Antonio","cine_reg":"05","cine_prov":"056","cine_com":"05601"},"geometry":{"type":"LineString","coordinates":[[-71.611,-33.61577],[-71.60754,-33.61588]]}},
{"type":"Feature","properties":{"nom_reg":"Valparaíso","nom_prov":"San Antonio","nom_com":"San Antonio","sector":"San Antonio","cine_reg":"05","cine_prov":"056","cine_com":"05601"},"geometry":{"type":"LineString","coordinates":[[-71.62426,-33.57139],[-71.62343,-33.57297],[-71.62207,-33.5744]]}},
{"type":"Feature","properties":{"nom_reg":"Valparaíso","nom_prov":"San Antonio","nom_com":"San Antonio","sector":"San Antonio","cine_reg":"05","cine_prov":"056","cine_com":"05601"},"geometry":{"type":"LineString","coordinates":[[-71.60806,-33.62143],[-71.60719,-33.62037]]}},
{"type":"Feature","properties":{"nom_reg":"Valparaíso","nom_prov":"San Antonio","nom_com":"San Antonio","sector":"San Antonio","cine_reg":"05","cine_prov":"056","cine_com":"05601"},"geometry":{"type":"LineString","coordinates":[[-71.613,-33.59375],[-71.61148,-33.59376],[-71.61127,-33.59435],[-71.61058,-33.59435],[-71.61058,-33.59494],[-71.60778,-33.59667],[-71.60774,-33.59695],[-71.60664,-33.59703]]}},
{"type":"Feature","properties":{"nom_reg":"Valparaíso","nom_prov":"San Antonio","nom_com":"San Antonio","sector":"San Antonio","cine_reg":"05","cine_prov":"056","cine_com":"05601"},"geometry":{"type":"LineString","coordinates":[[-71.6185,-33.61079],[-71.61746,-33.61182]]}},
{"type":"Feature","properties":{"nom_reg":"Valparaíso","nom_prov":"San Antonio","nom_com":"San Antonio","sector":"San Juan","cine_reg":"05","cine_prov":"056","cine_com":"05601"},"geometry":{"type":"LineString","coordinates":[[-71.5713,-33.6401],[-71.57123,-33.64063],[-71.57037,-33.64105],[-71.57034,-33.64119],[-71.57074,-33.64139],[-71.57095,-33.64173],[-71.57081,-33.64224],[-71.57057,-33.64209]]}},
{"type":"Feature","properties":{"nom_reg":"Valparaíso","nom_prov":"San Antonio","nom_com":"San Antonio","sector":"Lo Gallardo (San Antonio)","cine_reg":"05","cine_prov":"056","cine_com":"05601"},"geometry":{"type":"LineString","coordinates":[[-71.59978,-33.6291],[-71.59816,-33.6301]]}},
{"type":"Feature","properties":{"nom_reg":"Valparaíso","nom_prov":"San Antonio","nom_com":"San Antonio","sector":"San Antonio","cine_reg":"05","cine_prov":"056","cine_com":"05601"},"geometry":{"type":"LineString","coordinates":[[-71.61289,-33.58036],[-71.61283,-33.57844]]}},
{"type":"Feature","properties":{"nom_reg":"Valparaíso","nom_prov":"San Antonio","nom_com":"San Antonio","sector":"San Antonio","cine_reg":"05","cine_prov":"056","cine_com":"05601"},"geometry":{"type":"LineString","coordinates":[[-71.62204,-33.61541],[-71.62014,-33.61546],[-71.6201,-33.61524],[-71.61824,-33.61453]]}},
{"type":"Feature","properties":{"nom_reg":"Valparaíso","nom_prov":"San Antonio","nom_com":"San Antonio","sector":"San Antonio","cine_reg":"05","cine_prov":"056","cine_com":"05601"},"geometry":{"type":"LineString","coordinates":[[-71.61284,-33.59166],[-71.61196,-33.59182],[-71.6114,-33.59117],[-71.61074,-33.59099],[-71.61024,-33.59111],[-71.60945,-33.59043]]}},
{"type":"Feature","properties":{"nom_reg":"Valparaíso","nom_prov":"San Antonio","nom_com":"San Antonio","sector":"San Antonio","cine_reg":"05","cine_prov":"056","cine_com":"05601"},"geometry":{"type":"LineString","coordinates":[[-71.61061,-33.58102],[-71.61016,-33.58241],[-71.61089,-33.58258],[-71.61077,-33.58313]]}},
{"type":"Feature","properties":{"nom_reg":"Valparaíso","nom_prov":"San Antonio","nom_com":"San Antonio","sector":"Lo Gallardo (San Antonio)","cine_reg":"05","cine_prov":"056","cine_com":"05601"},"geometry":{"type":"LineString","coordinates":[[-71.59609,-33.63144],[-71.59803,-33.63018]]}},
{"type":"Feature","properties":{"nom_reg":"Valparaíso","nom_prov":"San Antonio","nom_com":"San Antonio","sector":"San Antonio","cine_reg":"05","cine_prov":"056","cine_com":"05601"},"geometry":{"type":"LineString","coordinates":[[-71.61834,-33.61389],[-71.6182,-33.61445],[-71.61751,-33.61514],[-71.616,-33.61578],[-71.61592,-33.61621],[-71.61634,-33.61655]]}},
{"type":"Feature","properties":{"nom_reg":"Valparaíso","nom_prov":"San Antonio","nom_com":"San Antonio","sector":"San Antonio","cine_reg":"05","cine_prov":"056","cine_com":"05601"},"geometry":{"type":"LineString","coordinates":[[-71.61528,-33.59984],[-71.61196,-33.60005],[-71.6073,-33.60066]]}},
{"type":"Feature","properties":{"nom_reg":"Valparaíso","nom_prov":"San Antonio","nom_com":"San Antonio","sector":"San Juan","cine_reg":"05","cine_prov":"056","cine_com":"05601"},"geometry":{"type":"LineString","coordinates":[[-71.57167,-33.63942],[-71.57159,-33.6385],[-71.5718,-33.63838],[-71.57219,-33.63862],[-71.57281,-33.63819],[-71.5726,-33.63739]]}},
{"type":"Feature","properties":{"nom_reg":"Valparaíso","nom_prov":"San Antonio","nom_com":"San Antonio","sector":"San Antonio","cine_reg":"05","cine_prov":"056","cine_com":"05601"},"geometry":{"type":"LineString","coordinates":[[-71.61981,-33.6139],[-71.61847,-33.61381]]}},
{"type":"Feature","properties":{"nom_reg":"Valparaíso","nom_prov":"San Antonio","nom_com":"San Antonio","sector":"San Antonio","cine_reg":"05","cine_prov":"056","cine_com":"05601"},"geometry":{"type":"LineString","coordinates":[[-71.6145,-33.58046],[-71.6149,-33.58005],[-71.61539,-33.57984],[-71.61538,-33.5791],[-71.61484,-33.57907],[-71.61406,-33.57932],[-71.61405,-33.57839]]}},
{"type":"Feature","properties":{"nom_reg":"Valparaíso","nom_prov":"San Antonio","nom_com":"San Antonio","sector":"San Antonio","cine_reg":"05","cine_prov":"056","cine_com":"05601"},"geometry":{"type":"LineString","coordinates":[[-71.61814,-33.61],[-71.61691,-33.61138],[-71.61774,-33.61213],[-71.61826,-33.61299],[-71.61598,-33.61313]]}},
{"type":"Feature","properties":{"nom_reg":"Valparaíso","nom_prov":"San Antonio","nom_com":"San Antonio","sector":"San Antonio","cine_reg":"05","cine_prov":"056","cine_com":"05601"},"geometry":{"type":"LineString","coordinates":[[-71.60976,-33.61367],[-71.60856,-33.61305],[-71.60724,-33.61308],[-71.60749,-33.61096]]}},
{"type":"Feature","properties":{"nom_reg":"Valparaíso","nom_prov":"San Antonio","nom_com":"San Antonio","sector":"San Antonio","cine_reg":"05","cine_prov":"056","cine_com":"05601"},"geometry":{"type":"LineString","coordinates":[[-71.61251,-33.58152],[-71.61201,-33.5827],[-71.6114,-33.5827],[-71.61122,-33.58332]]}},
{"type":"Feature","properties":{"nom_reg":"Valparaíso","nom_prov":"San Antonio","nom_com":"San Antonio","sector":"San Antonio","cine_reg":"05","cine_prov":"056","cine_com":"05601"},"geometry":{"type":"LineString","coordinates":[[-71.61038,-33.57938],[-71.61278,-33.57935]]}},
{"type":"Feature","properties":{"nom_reg":"Valparaíso","nom_prov":"San Antonio","nom_com":"San Antonio","sector":"Lo Gallardo (San Antonio)","cine_reg":"05","cine_prov":"056","cine_com":"05601"},"geometry":{"type":"LineString","coordinates":[[-71.59808,-33.63007],[-71.59769,-33.62853],[-71.59602,-33.62819],[-71.59527,-33.6286],[-71.59511,-33.62949],[-71.59463,-33.62982],[-71.59415,-33.62991],[-71.59357,-33.62845],[-71.59388,-33.62727],[-71.59426,-33.62701],[-71.59582,-33.62694]]}},
{"type":"Feature","properties":{"nom_reg":"Valparaíso","nom_prov":"San Antonio","nom_com":"San Antonio","sector":"San Antonio","cine_reg":"05","cine_prov":"056","cine_com":"05601"},"geometry":{"type":"LineString","coordinates":[[-71.60979,-33.61216],[-71.6088,-33.61159],[-71.60755,-33.61123]]}},
{"type":"Feature","properties":{"nom_reg":"Valparaíso","nom_prov":"San Antonio","nom_com":"San Antonio","sector":"San Antonio","cine_reg":"05","cine_prov":"056","cine_com":"05601"},"geometry":{"type":"LineString","coordinates":[[-71.61489,-33.59469],[-71.61193,-33.59481],[-71.61122,-33.59464]]}},
{"type":"Feature","properties":{"nom_reg":"Valparaíso","nom_prov":"San Antonio","nom_com":"San Antonio","sector":"San Antonio","cine_reg":"05","cine_prov":"056","cine_com":"05601"},"geometry":{"type":"LineString","coordinates":[[-71.61544,-33.58849],[-71.61285,-33.58857],[-71.612,-33.58844]]}},
{"type":"Feature","properties":{"nom_reg":"Valparaíso","nom_prov":"San Antonio","nom_com":"San Antonio","sector":"San Antonio","cine_reg":"05","cine_prov":"056","cine_com":"05601"},"geometry":{"type":"LineString","coordinates":[[-71.61007,-33.62257],[-71.60935,-33.61953],[-71.60953,-33.6185],[-71.61059,-33.61873],[-71.61071,-33.61848],[-71.61099,-33.61838],[-71.61219,-33.61857]]}},
{"type":"Feature","properties":{"nom_reg":"Valparaíso","nom_prov":"San Antonio","nom_com":"San Antonio","sector":"San Antonio","cine_reg":"05","cine_prov":"056","cine_com":"05601"},"geometry":{"type":"LineString","coordinates":[[-71.60478,-33.57578],[-71.60469,-33.57545],[-71.60481,-33.57471],[-71.60429,-33.57441]]}},
{"type":"Feature","properties":{"nom_reg":"Valparaíso","nom_prov":"San Antonio","nom_com":"San Antonio","sector":"San Antonio","cine_reg":"05","cine_prov":"056","cine_com":"05601"},"geometry":{"type":"LineString","coordinates":[[-71.61491,-33.59679],[-71.61108,-33.59685],[-71.60901,-33.59824],[-71.60705,-33.59897]]}},
{"type":"Feature","properties":{"nom_reg":"Valparaíso","nom_prov":"San Antonio","nom_com":"San Antonio","sector":"San Antonio","cine_reg":"05","cine_prov":"056","cine_com":"05601"},"geometry":{"type":"LineString","coordinates":[[-71.61542,-33.60286],[-71.61317,-33.60292],[-71.61326,-33.60385]]}},
{"type":"Feature","properties":{"nom_reg":"Valparaíso","nom_prov":"San Antonio","nom_com":"San Antonio","sector":"San Antonio","cine_reg":"05","cine_prov":"056","cine_com":"05601"},"geometry":{"type":"LineString","coordinates":[[-71.61829,-33.61662],[-71.61736,-33.6153]]}},
{"type":"Feature","properties":{"nom_reg":"Valparaíso","nom_prov":"San Antonio","nom_com":"San Antonio","sector":"San Antonio","cine_reg":"05","cine_prov":"056","cine_com":"05601"},"geometry":{"type":"LineString","coordinates":[[-71.62092,-33.60553],[-71.61398,-33.60586],[-71.61386,-33.604],[-71.6114,-33.6041],[-71.61137,-33.60374],[-71.60806,-33.60402]]}},
{"type":"Feature","properties":{"nom_reg":"Valparaíso","nom_prov":"San Antonio","nom_com":"San Antonio","sector":"San Antonio","cine_reg":"05","cine_prov":"056","cine_com":"05601"},"geometry":{"type":"LineString","coordinates":[[-71.61283,-33.60903],[-71.61205,-33.61055],[-71.61126,-33.61092],[-71.61083,-33.61136],[-71.60799,-33.61028]]}},
{"type":"Feature","properties":{"nom_reg":"Valparaíso","nom_prov":"San Antonio","nom_com":"San Antonio","sector":"San Antonio","cine_reg":"05","cine_prov":"056","cine_com":"05601"},"geometry":{"type":"LineString","coordinates":[[-71.60702,-33.62353],[-71.60632,-33.62197],[-71.60661,-33.62113],[-71.6078,-33.61925]]}},
{"type":"Feature","properties":{"nom_reg":"Valparaíso","nom_prov":"San Antonio","nom_com":"San Antonio","sector":"San Antonio","cine_reg":"05","cine_prov":"056","cine_com":"05601"},"geometry":{"type":"LineString","coordinates":[[-71.61518,-33.59885],[-71.61184,-33.599],[-71.6109,-33.59933],[-71.60634,-33.59992]]}},
{"type":"Feature","properties":{"nom_reg":"Valparaíso","nom_prov":"San Antonio","nom_com":"San Antonio","sector":"San Antonio","cine_reg":"05","cine_prov":"056","cine_com":"05601"},"geometry":{"type":"LineString","coordinates":[[-71.61953,-33.61913],[-71.61856,-33.61889],[-71.61892,-33.61777],[-71.61868,-33.61721]]}},
{"type":"Feature","properties":{"nom_reg":"Valparaíso","nom_prov":"San Antonio","nom_com":"San Antonio","sector":"San Antonio","cine_reg":"05","cine_prov":"056","cine_com":"05601"},"geometry":{"type":"LineString","coordinates":[[-71.61288,-33.5927],[-71.61206,-33.59289],[-71.61092,-33.59262],[-71.61051,-33.59345],[-71.60641,-33.59632],[-71.60632,-33.59531]]}},
{"type":"Feature","properties":{"nom_reg":"Valparaíso","nom_prov":"San Antonio","nom_com":"San Antonio","sector":"San Antonio","cine_reg":"05","cine_prov":"056","cine_com":"05601"},"geometry":{"type":"LineString","coordinates":[[-71.62674,-33.57604],[-71.62588,-33.57704],[-71.62521,-33.57867],[-71.62504,-33.5788],[-71.62425,-33.57834]]}},
{"type":"Feature","properties":{"nom_reg":"Valparaíso","nom_prov":"San Antonio","nom_com":"San Antonio","sector":"San Antonio","cine_reg":"05","cine_prov":"056","cine_com":"05601"},"geometry":{"type":"LineString","coordinates":[[-71.61704,-33.60968],[-71.61537,-33.61262],[-71.6158,-33.61317],[-71.6155,-33.61384],[-71.61498,-33.61379],[-71.61509,-33.61471]]}},
{"type":"Feature","properties":{"nom_reg":"Valparaíso","nom_prov":"San Antonio","nom_com":"San Antonio","sector":"San Antonio","cine_reg":"05","cine_prov":"056","cine_com":"05601"},"geometry":{"type":"LineString","coordinates":[[-71.61447,-33.60932],[-71.61435,-33.61035],[-71.61458,-33.61049],[-71.6139,-33.61182],[-71.61458,-33.61264],[-71.61425,-33.61323],[-71.61466,-33.61378],[-71.61391,-33.61523],[-71.61439,-33.61537]]}},
{"type":"Feature","properties":{"nom_reg":"Valparaíso","nom_prov":"San Antonio","nom_com":"San Antonio","sector":"San Antonio","cine_reg":"05","cine_prov":"056","cine_com":"05601"},"geometry":{"type":"LineString","coordinates":[[-71.61537,-33.60084],[-71.61091,-33.6011],[-71.60747,-33.60164]]}},
{"type":"Feature","properties":{"nom_reg":"Valparaíso","nom_prov":"San Antonio","nom_com":"Santo Domingo","sector":"Horizonte del Mar","cine_reg":"05","cine_prov":"056","cine_com":"05606"},"geometry":{"type":"LineString","coordinates":[[-71.79486,-33.91504],[-71.7931,-33.91588],[-71.7927,-33.91635],[-71.79223,-33.91658],[-71.79169,-33.91647],[-71.79129,-33.9156],[-71.78998,-33.9147],[-71.78891,-33.91437],[-71.78855,-33.91366],[-71.78807,-33.91331],[-71.78725,-33.91293],[-71.78609,-33.91292],[-71.78101,-33.911],[-71.78248,-33.90882],[-71.78184,-33.90721],[-71.78034,-33.90669]]}},
{"type":"Feature","properties":{"nom_reg":"Valparaíso","nom_prov":"San Antonio","nom_com":"Santo Domingo","sector":"Playa Las Salinas","cine_reg":"05","cine_prov":"056","cine_com":"05606"},"geometry":{"type":"LineString","coordinates":[[-71.70494,-33.74557],[-71.70388,-33.74599],[-71.70333,-33.74605],[-71.70093,-33.74869],[-71.70153,-33.75024],[-71.69973,-33.7528],[-71.69894,-33.75515],[-71.69611,-33.75417],[-71.69571,-33.75463],[-71.69631,-33.75526],[-71.69722,-33.75571],[-71.69718,-33.75627],[-71.6964,-33.75665],[-71.69568,-33.75741],[-71.69706,-33.75777],[-71.69803,-33.75867],[-71.69765,-33.75931],[-71.69614,-33.75996],[-71.69549,-33.76105]]}},
{"type":"Feature","properties":{"nom_reg":"Valparaíso","nom_prov":"San Antonio","nom_com":"Santo Domingo","sector":"Santo Domingo (Santo Domingo)","cine_reg":"05","cine_prov":"056","cine_com":"05606"},"geometry":{"type":"LineString","coordinates":[[-71.6077,-33.64172],[-71.60839,-33.64328],[-71.6111,-33.64245]]}},
{"type":"Feature","properties":{"nom_reg":"Valparaíso","nom_prov":"San Antonio","nom_com":"Santo Domingo","sector":"Santo Domingo (Santo Domingo)","cine_reg":"05","cine_prov":"056","cine_com":"05606"},"geometry":{"type":"LineString","coordinates":[[-71.60852,-33.64075],[-71.60938,-33.64273]]}},
{"type":"Feature","properties":{"nom_reg":"Valparaíso","nom_prov":"San Antonio","nom_com":"Santo Domingo","sector":"Santo Domingo (Santo Domingo)","cine_reg":"05","cine_prov":"056","cine_com":"05606"},"geometry":{"type":"LineString","coordinates":[[-71.61171,-33.63432],[-71.61369,-33.63472],[-71.61768,-33.63474],[-71.62044,-33.63553],[-71.62215,-33.63639]]}},
{"type":"Feature","properties":{"nom_reg":"Valparaíso","nom_prov":"San Antonio","nom_com":"Santo Domingo","sector":"Santo Domingo (Santo Domingo)","cine_reg":"05","cine_prov":"056","cine_com":"05606"},"geometry":{"type":"LineString","coordinates":[[-71.6063,-33.63128],[-71.60771,-33.63271],[-71.60773,-33.63319],[-71.60972,-33.63269],[-71.61,-33.6328],[-71.61046,-33.63338]]}},
{"type":"Feature","properties":{"nom_reg":"Valparaíso","nom_prov":"San Antonio","nom_com":"Santo Domingo","sector":"Santo Domingo (Santo Domingo)","cine_reg":"05","cine_prov":"056","cine_com":"05606"},"geometry":{"type":"LineString","coordinates":[[-71.60911,-33.62852],[-71.61068,-33.63239],[-71.61082,-33.63321],[-71.61002,-33.63594],[-71.61005,-33.63644],[-71.61279,-33.64312],[-71.61278,-33.64338],[-71.61256,-33.64345]]}},
{"type":"Feature","properties":{"nom_reg":"Valparaíso","nom_prov":"San Antonio","nom_com":"Santo Domingo","sector":"Santo Domingo (Santo Domingo)","cine_reg":"05","cine_prov":"056","cine_com":"05606"},"geometry":{"type":"LineString","coordinates":[[-71.61131,-33.63501],[-71.61127,-33.63655],[-71.61043,-33.63678]]}},
{"type":"Feature","properties":{"nom_reg":"Valparaíso","nom_prov":"San Antonio","nom_com":"Santo Domingo","sector":"Santo Domingo (Santo Domingo)","cine_reg":"05","cine_prov":"056","cine_com":"05606"},"geometry":{"type":"LineString","coordinates":[[-71.60929,-33.64002],[-71.61038,-33.6426]]}},
{"type":"Feature","properties":{"nom_reg":"Valparaíso","nom_prov":"San Antonio","nom_com":"Santo Domingo","sector":"Santo Domingo (Santo Domingo)","cine_reg":"05","cine_prov":"056","cine_com":"05606"},"geometry":{"type":"LineString","coordinates":[[-71.60597,-33.64316],[-71.60438,-33.64454],[-71.6048,-33.64512],[-71.60495,-33.64572],[-71.60555,-33.64636]]}},
{"type":"Feature","properties":{"nom_reg":"Valparaíso","nom_prov":"San Antonio","nom_com":"Santo Domingo","sector":"Las Salinas","cine_reg":"05","cine_prov":"056","cine_com":"05606"},"geometry":{"type":"LineString","coordinates":[[-71.71692,-33.79402],[-71.71469,-33.79245]]}},
{"type":"Feature","properties":{"nom_reg":"Valparaíso","nom_prov":"San Antonio","nom_com":"Santo Domingo","sector":"Las Salinas","cine_reg":"05","cine_prov":"056","cine_com":"05606"},"geometry":{"type":"LineString","coordinates":[[-71.71822,-33.79327],[-71.71571,-33.79151]]}},
{"type":"Feature","properties":{"nom_reg":"Valparaíso","nom_prov":"San Antonio","nom_com":"Santo Domingo","sector":"Las Salinas","cine_reg":"05","cine_prov":"056","cine_com":"05606"},"geometry":{"type":"LineString","coordinates":[[-71.73293,-33.80508],[-71.72995,-33.80456],[-71.7253,-33.80637],[-71.72671,-33.80152],[-71.72429,-33.80127],[-71.7209,-33.80001],[-71.71851,-33.79774],[-71.71417,-33.79505],[-71.71211,-33.79407],[-71.71779,-33.7891]]}},
{"type":"Feature","properties":{"nom_reg":"Valparaíso","nom_prov":"San Antonio","nom_com":"Santo Domingo","sector":"Santo Domingo (Santo Domingo)","cine_reg":"05","cine_prov":"056","cine_com":"05606"},"geometry":{"type":"LineString","coordinates":[[-71.63824,-33.66554],[-71.63824,-33.66617],[-71.63806,-33.66659],[-71.63783,-33.66685],[-71.63698,-33.667],[-71.63595,-33.66657],[-71.63469,-33.66552],[-71.63167,-33.66554],[-71.63112,-33.66525],[-71.63083,-33.66533],[-71.62529,-33.66222],[-71.62478,-33.66216],[-71.62461,-33.66196],[-71.62477,-33.66172],[-71.62463,-33.6615]]}},
{"type":"Feature","properties":{"nom_reg":"Valparaíso","nom_prov":"San Antonio","nom_com":"Santo Domingo","sector":"Santo Domingo (Santo Domingo)","cine_reg":"05","cine_prov":"056","cine_com":"05606"},"geometry":{"type":"LineString","coordinates":[[-71.61018,-33.63963],[-71.61188,-33.64374]]}},
{"type":"Feature","properties":{"nom_reg":"Valparaíso","nom_prov":"San Antonio","nom_com":"Santo Domingo","sector":"Santo Domingo (Santo Domingo)","cine_reg":"05","cine_prov":"056","cine_com":"05606"},"geometry":{"type":"LineString","coordinates":[[-71.62206,-33.629],[-71.62237,-33.6313],[-71.62401,-33.63074]]}},
{"type":"Feature","properties":{"nom_reg":"Valparaíso","nom_prov":"San Antonio","nom_com":"Santo Domingo","sector":"Santo Domingo (Santo Domingo)","cine_reg":"05","cine_prov":"056","cine_com":"05606"},"geometry":{"type":"LineString","coordinates":[[-71.61856,-33.63181],[-71.61815,-33.63061],[-71.61801,-33.63017],[-71.61787,-33.62952],[-71.61746,-33.62881],[-71.61788,-33.62952],[-71.61895,-33.63266],[-71.61808,-33.63299],[-71.6185,-33.63382],[-71.62081,-33.63301],[-71.62158,-33.63458],[-71.62165,-33.63562],[-71.62201,-33.63564]]}},
{"type":"Feature","properties":{"nom_reg":"Valparaíso","nom_prov":"San Antonio","nom_com":"Santo Domingo","sector":"Santo Domingo (Santo Domingo)","cine_reg":"05","cine_prov":"056","cine_com":"05606"},"geometry":{"type":"LineString","coordinates":[[-71.63762,-33.66369],[-71.63752,-33.66333],[-71.63671,-33.66276],[-71.6355,-33.66295],[-71.63518,-33.66332],[-71.63484,-33.66523],[-71.63141,-33.66537]]}},
{"type":"Feature","properties":{"nom_reg":"Valparaíso","nom_prov":"San Antonio","nom_com":"Santo Domingo","sector":"Santo Domingo (Santo Domingo)","cine_reg":"05","cine_prov":"056","cine_com":"05606"},"geometry":{"type":"LineString","coordinates":[[-71.63354,-33.63711],[-71.63373,-33.63725],[-71.63369,-33.63892],[-71.63314,-33.63947],[-71.63296,-33.63998]]}},
{"type":"Feature","properties":{"nom_reg":"Valparaíso","nom_prov":"San Antonio","nom_com":"Santo Domingo","sector":"Santo Domingo (Santo Domingo)","cine_reg":"05","cine_prov":"056","cine_com":"05606"},"geometry":{"type":"LineString","coordinates":[[-71.62583,-33.63004],[-71.62412,-33.6307],[-71.62439,-33.63152],[-71.62341,-33.63173],[-71.62293,-33.63199],[-71.62328,-33.6333],[-71.62236,-33.63335],[-71.62138,-33.63371]]}},
{"type":"Feature","properties":{"nom_reg":"Valparaíso","nom_prov":"San Antonio","nom_com":"Santo Domingo","sector":"Condominio Las Brisas","cine_reg":"05","cine_prov":"056","cine_com":"05606"},"geometry":{"type":"LineString","coordinates":[[-71.6489,-33.69002],[-71.65004,-33.69137],[-71.64979,-33.69186]]}},
{"type":"Feature","properties":{"nom_reg":"Valparaíso","nom_prov":"San Antonio","nom_com":"Santo Domingo","sector":"Las Salinas","cine_reg":"05","cine_prov":"056","cine_com":"05606"},"geometry":{"type":"LineString","coordinates":[[-71.71712,-33.78196],[-71.71592,-33.78331],[-71.71499,-33.78391]]}},
{"type":"Feature","properties":{"nom_reg":"Valparaíso","nom_prov":"San Antonio","nom_com":"Santo Domingo","sector":"Santo Domingo (Santo Domingo)","cine_reg":"05","cine_prov":"056","cine_com":"05606"},"geometry":{"type":"LineString","coordinates":[[-71.6322,-33.62716],[-71.63248,-33.62719],[-71.63319,-33.62772],[-71.63181,-33.6285],[-71.63271,-33.62888]]}},
{"type":"Feature","properties":{"nom_reg":"Valparaíso","nom_prov":"San Antonio","nom_com":"Santo Domingo","sector":"Las Salinas","cine_reg":"05","cine_prov":"056","cine_com":"05606"},"geometry":{"type":"LineString","coordinates":[[-71.71261,-33.78003],[-71.71377,-33.78228],[-71.71383,-33.78274],[-71.71351,-33.78316]]}},
{"type":"Feature","properties":{"nom_reg":"Valparaíso","nom_prov":"San Antonio","nom_com":"Santo Domingo","sector":"Santo Domingo (Santo Domingo)","cine_reg":"05","cine_prov":"056","cine_com":"05606"},"geometry":{"type":"LineString","coordinates":[[-71.63445,-33.63617],[-71.634,-33.63647],[-71.63322,-33.63754],[-71.63293,-33.63858],[-71.63233,-33.63951]]}},
{"type":"Feature","properties":{"nom_reg":"Valparaíso","nom_prov":"San Antonio","nom_com":"Santo Domingo","sector":"Santo Domingo (Santo Domingo)","cine_reg":"05","cine_prov":"056","cine_com":"05606"},"geometry":{"type":"LineString","coordinates":[[-71.60083,-33.64592],[-71.59974,-33.64656],[-71.59992,-33.64681],[-71.5998,-33.64707],[-71.59997,-33.64732],[-71.59998,-33.6478],[-71.60091,-33.64835],[-71.60231,-33.64874],[-71.6044,-33.65021],[-71.60268,-33.65196]]}},
{"type":"Feature","properties":{"nom_reg":"Valparaíso","nom_prov":"San Antonio","nom_com":"Santo Domingo","sector":"San Antonio (Santo Domingo)","cine_reg":"05","cine_prov":"056","cine_com":"05606"},"geometry":{"type":"LineString","coordinates":[[-71.62715,-33.62412],[-71.62738,-33.62507],[-71.62987,-33.62829],[-71.63064,-33.62774],[-71.63089,-33.62802],[-71.63089,-33.62839],[-71.63059,-33.62887],[-71.63009,-33.62911],[-71.62994,-33.63027],[-71.63027,-33.63051],[-71.63066,-33.62975],[-71.63124,-33.62943],[-71.63165,-33.62856]]}},
{"type":"Feature","properties":{"nom_reg":"Valparaíso","nom_prov":"San Antonio","nom_com":"Santo Domingo","sector":"Condominio Las Brisas","cine_reg":"05","cine_prov":"056","cine_com":"05606"},"geometry":{"type":"LineString","coordinates":[[-71.65403,-33.69885],[-71.6528,-33.69717],[-71.65263,-33.69664],[-71.65175,-33.69551],[-71.65164,-33.6951],[-71.65106,-33.69445],[-71.6507,-33.69333],[-71.6495,-33.69152],[-71.64884,-33.69143],[-71.64719,-33.6904],[-71.64698,-33.6904],[-71.64719,-33.69097],[-71.64713,-33.69139]]}},
{"type":"Feature","properties":{"nom_reg":"Valparaíso","nom_prov":"San Antonio","nom_com":"Santo Domingo","sector":"Las Salinas","cine_reg":"05","cine_prov":"056","cine_com":"05606"},"geometry":{"type":"LineString","coordinates":[[-71.73527,-33.80221],[-71.72891,-33.80111],[-71.72666,-33.80199]]}},
{"type":"Feature","properties":{"nom_reg":"Valparaíso","nom_prov":"San Antonio","nom_com":"Santo Domingo","sector":"Las Salinas","cine_reg":"05","cine_prov":"056","cine_com":"05606"},"geometry":{"type":"LineString","coordinates":[[-71.72195,-33.79078],[-71.71759,-33.78852],[-71.71499,-33.78391],[-71.71088,-33.78185],[-71.70964,-33.7817],[-71.70824,-33.7819],[-71.70642,-33.78132],[-71.70481,-33.78155]]}},
{"type":"Feature","properties":{"nom_reg":"Valparaíso","nom_prov":"San Antonio","nom_com":"Santo Domingo","sector":"Santo Domingo (Santo Domingo)","cine_reg":"05","cine_prov":"056","cine_com":"05606"},"geometry":{"type":"LineString","coordinates":[[-71.63466,-33.62891],[-71.6343,-33.62916],[-71.63411,-33.62967],[-71.63315,-33.62909]]}},
{"type":"Feature","properties":{"nom_reg":"Valparaíso","nom_prov":"San Antonio","nom_com":"Santo Domingo","sector":"Santo Domingo (Santo Domingo)","cine_reg":"05","cine_prov":"056","cine_com":"05606"},"geometry":{"type":"LineString","coordinates":[[-71.63343,-33.62807],[-71.6343,-33.62912]]}},
{"type":"Feature","properties":{"nom_reg":"Valparaíso","nom_prov":"San Antonio","nom_com":"Santo Domingo","sector":"Santo Domingo (Santo Domingo)","cine_reg":"05","cine_prov":"056","cine_com":"05606"},"geometry":{"type":"LineString","coordinates":[[-71.63423,-33.6316],[-71.6339,-33.63013],[-71.63408,-33.6297]]}},
{"type":"Feature","properties":{"nom_reg":"Valparaíso","nom_prov":"San Antonio","nom_com":"Santo Domingo","sector":"Santo Domingo (Santo Domingo)","cine_reg":"05","cine_prov":"056","cine_com":"05606"},"geometry":{"type":"LineString","coordinates":[[-71.63464,-33.63594],[-71.63469,-33.63918],[-71.63379,-33.64014],[-71.63303,-33.64015],[-71.63256,-33.63961],[-71.63179,-33.6395],[-71.63134,-33.63962],[-71.63046,-33.64036],[-71.62984,-33.64058]]}},
{"type":"Feature","properties":{"nom_reg":"Valparaíso","nom_prov":"San Antonio","nom_com":"Santo Domingo","sector":"Santo Domingo (Santo Domingo)","cine_reg":"05","cine_prov":"056","cine_com":"05606"},"geometry":{"type":"LineString","coordinates":[[-71.63389,-33.63297],[-71.63386,-33.63148],[-71.63369,-33.63094],[-71.63282,-33.63007],[-71.63234,-33.62987],[-71.6329,-33.629]]}},
{"type":"Feature","properties":{"nom_reg":"Valparaíso","nom_prov":"San Antonio","nom_com":"Santo Domingo","sector":"Santo Domingo (Santo Domingo)","cine_reg":"05","cine_prov":"056","cine_com":"05606"},"geometry":{"type":"LineString","coordinates":[[-71.63492,-33.64461],[-71.63473,-33.64174],[-71.63377,-33.64057],[-71.63299,-33.64068],[-71.63268,-33.6411],[-71.63192,-33.64131],[-71.6314,-33.64121],[-71.63051,-33.64042]]}},
{"type":"Feature","properties":{"nom_reg":"Valparaíso","nom_prov":"San Antonio","nom_com":"Santo Domingo","sector":"Santo Domingo (Santo Domingo)","cine_reg":"05","cine_prov":"056","cine_com":"05606"},"geometry":{"type":"LineString","coordinates":[[-71.59745,-33.6483],[-71.59845,-33.64729],[-71.59962,-33.64662]]}},
{"type":"Feature","properties":{"nom_reg":"Valparaíso","nom_prov":"San Antonio","nom_com":"Santo Domingo","sector":"Horizonte del Mar","cine_reg":"05","cine_prov":"056","cine_com":"05606"},"geometry":{"type":"LineString","coordinates":[[-71.79246,-33.91792],[-71.79264,-33.91688],[-71.79253,-33.91645]]}},
{"type":"Feature","properties":{"nom_reg":"Valparaíso","nom_prov":"San Antonio","nom_com":"Santo Domingo","sector":"Santo Domingo (Santo Domingo)","cine_reg":"05","cine_prov":"056","cine_com":"05606"},"geometry":{"type":"LineString","coordinates":[[-71.63481,-33.64471],[-71.63332,-33.6431],[-71.63304,-33.64215],[-71.63231,-33.64126]]}},
{"type":"Feature","properties":{"nom_reg":"Valparaíso","nom_prov":"San Antonio","nom_com":"Santo Domingo","sector":"Santo Domingo (Santo Domingo)","cine_reg":"05","cine_prov":"056","cine_com":"05606"},"geometry":{"type":"LineString","coordinates":[[-71.60814,-33.64137],[-71.60885,-33.64309]]}},
{"type":"Feature","properties":{"nom_reg":"Valparaíso","nom_prov":"San Antonio","nom_com":"Santo Domingo","sector":"Santo Domingo (Santo Domingo)","cine_reg":"05","cine_prov":"056","cine_com":"05606"},"geometry":{"type":"LineString","coordinates":[[-71.62587,-33.63103],[-71.62511,-33.63148],[-71.62444,-33.63154]]}},
{"type":"Feature","properties":{"nom_reg":"Valparaíso","nom_prov":"San Antonio","nom_com":"Santo Domingo","sector":"Mostazal","cine_reg":"05","cine_prov":"056","cine_com":"05606"},"geometry":{"type":"LineString","coordinates":[[-71.81429,-33.83691],[-71.81415,-33.83749],[-71.81473,-33.83871],[-71.8147,-33.83994],[-71.81498,-33.8407],[-71.8147,-33.8408]]}},
{"type":"Feature","properties":{"nom_reg":"Valparaíso","nom_prov":"San Antonio","nom_com":"Santo Domingo","sector":"Condominio Las Brisas","cine_reg":"05","cine_prov":"056","cine_com":"05606"},"geometry":{"type":"LineString","coordinates":[[-71.6471,-33.68951],[-71.64773,-33.69039],[-71.64674,-33.68993],[-71.64698,-33.6904]]}},
{"type":"Feature","properties":{"nom_reg":"Valparaíso","nom_prov":"Valparaíso","nom_com":"Valparaíso","sector":"Valparaíso","cine_reg":"05","cine_prov":"051","cine_com":"05101"},"geometry":{"type":"LineString","coordinates":[[-71.62204,-33.04268],[-71.62369,-33.0449],[-71.62404,-33.04587],[-71.62448,-33.04639],[-71.62426,-33.04651],[-71.6241,-33.0469],[-71.62427,-33.04753]]}},
{"type":"Feature","properties":{"nom_reg":"Valparaíso","nom_prov":"Valparaíso","nom_com":"Valparaíso","sector":"Valparaíso","cine_reg":"05","cine_prov":"051","cine_com":"05101"},"geometry":{"type":"LineString","coordinates":[[-71.62421,-33.0458],[-71.62484,-33.04628],[-71.6247,-33.04689],[-71.62481,-33.0471],[-71.62557,-33.04755],[-71.62626,-33.04755]]}},
{"type":"Feature","properties":{"nom_reg":"Valparaíso","nom_prov":"Valparaíso","nom_com":"Valparaíso","sector":"Valparaíso","cine_reg":"05","cine_prov":"051","cine_com":"05101"},"geometry":{"type":"LineString","coordinates":[[-71.62383,-33.04576],[-71.62358,-33.046],[-71.62366,-33.04671],[-71.62343,-33.04776]]}},
{"type":"Feature","properties":{"nom_reg":"Valparaíso","nom_prov":"Valparaíso","nom_com":"Valparaíso","sector":"Valparaíso","cine_reg":"05","cine_prov":"051","cine_com":"05101"},"geometry":{"type":"LineString","coordinates":[[-71.60833,-33.0514],[-71.60663,-33.05432],[-71.60655,-33.05471],[-71.60667,-33.05499],[-71.6069,-33.05505],[-71.60709,-33.05449]]}},
{"type":"Feature","properties":{"nom_reg":"Valparaíso","nom_prov":"Valparaíso","nom_com":"Valparaíso","sector":"Valparaíso","cine_reg":"05","cine_prov":"051","cine_com":"05101"},"geometry":{"type":"LineString","coordinates":[[-71.61198,-33.04432],[-71.61274,-33.04724],[-71.61314,-33.05217],[-71.61378,-33.05294],[-71.61355,-33.05343]]}},
{"type":"Feature","properties":{"nom_reg":"Valparaíso","nom_prov":"Valparaíso","nom_com":"Valparaíso","sector":"Valparaíso","cine_reg":"05","cine_prov":"051","cine_com":"05101"},"geometry":{"type":"LineString","coordinates":[[-71.61314,-33.05187],[-71.61366,-33.05188],[-71.61424,-33.05147],[-71.61414,-33.05087],[-71.61433,-33.05053],[-71.61478,-33.05078],[-71.61535,-33.05049],[-71.61564,-33.05054]]}},
{"type":"Feature","properties":{"nom_reg":"Valparaíso","nom_prov":"Valparaíso","nom_com":"Valparaíso","sector":"Valparaíso","cine_reg":"05","cine_prov":"051","cine_com":"05101"},"geometry":{"type":"LineString","coordinates":[[-71.61587,-33.04351],[-71.61599,-33.04607],[-71.61643,-33.04908],[-71.61768,-33.04871],[-71.61845,-33.04925],[-71.61851,-33.04965],[-71.61905,-33.05033]]}},
{"type":"Feature","properties":{"nom_reg":"Valparaíso","nom_prov":"Valparaíso","nom_com":"Valparaíso","sector":"Valparaíso","cine_reg":"05","cine_prov":"051","cine_com":"05101"},"geometry":{"type":"LineString","coordinates":[[-71.61867,-33.04345],[-71.61892,-33.04515],[-71.61976,-33.04778],[-71.61994,-33.04814],[-71.62054,-33.0483],[-71.6207,-33.04854]]}},
{"type":"Feature","properties":{"nom_reg":"Valparaíso","nom_prov":"Valparaíso","nom_com":"Valparaíso","sector":"Valparaíso","cine_reg":"05","cine_prov":"051","cine_com":"05101"},"geometry":{"type":"LineString","coordinates":[[-71.6246,-33.04314],[-71.62497,-33.04328],[-71.62602,-33.04323],[-71.62686,-33.04351]]}},
{"type":"Feature","properties":{"nom_reg":"Valparaíso","nom_prov":"Valparaíso","nom_com":"Valparaíso","sector":"Valparaíso","cine_reg":"05","cine_prov":"051","cine_com":"05101"},"geometry":{"type":"LineString","coordinates":[[-71.62667,-33.03925],[-71.62743,-33.04014],[-71.62778,-33.04081],[-71.62847,-33.04113],[-71.62871,-33.04141]]}},
{"type":"Feature","properties":{"nom_reg":"Valparaíso","nom_prov":"Valparaíso","nom_com":"Valparaíso","sector":"Valparaíso","cine_reg":"05","cine_prov":"051","cine_com":"05101"},"geometry":{"type":"LineString","coordinates":[[-71.62901,-33.03626],[-71.63078,-33.0368],[-71.63231,-33.03762],[-71.6335,-33.03883],[-71.63428,-33.03899],[-71.63458,-33.03973]]}},
{"type":"Feature","properties":{"nom_reg":"Valparaíso","nom_prov":"Valparaíso","nom_com":"Valparaíso","sector":"Valparaíso","cine_reg":"05","cine_prov":"051","cine_com":"05101"},"geometry":{"type":"LineString","coordinates":[[-71.62735,-33.03785],[-71.62909,-33.03904],[-71.62906,-33.03922],[-71.62942,-33.03936],[-71.62962,-33.03915],[-71.63143,-33.03998],[-71.63175,-33.04156],[-71.63166,-33.04228]]}},
{"type":"Feature","properties":{"nom_reg":"Valparaíso","nom_prov":"Valparaíso","nom_com":"Valparaíso","sector":"Valparaíso","cine_reg":"05","cine_prov":"051","cine_com":"05101"},"geometry":{"type":"LineString","coordinates":[[-71.62913,-33.03592],[-71.63064,-33.03635],[-71.63146,-33.03684],[-71.635,-33.03662]]}},
{"type":"Feature","properties":{"nom_reg":"Valparaíso","nom_prov":"Valparaíso","nom_com":"Valparaíso","sector":"Valparaíso","cine_reg":"05","cine_prov":"051","cine_com":"05101"},"geometry":{"type":"LineString","coordinates":[[-71.63149,-33.03587],[-71.63251,-33.03579]]}},
{"type":"Feature","properties":{"nom_reg":"Valparaíso","nom_prov":"Valparaíso","nom_com":"Valparaíso","sector":"Valparaíso","cine_reg":"05","cine_prov":"051","cine_com":"05101"},"geometry":{"type":"LineString","coordinates":[[-71.62944,-33.03454],[-71.63178,-33.03385],[-71.6329,-33.0329],[-71.63432,-33.03279]]}},
{"type":"Feature","properties":{"nom_reg":"Valparaíso","nom_prov":"Valparaíso","nom_com":"Valparaíso","sector":"Valparaíso","cine_reg":"05","cine_prov":"051","cine_com":"05101"},"geometry":{"type":"LineString","coordinates":[[-71.6437,-33.02184],[-71.64362,-33.02236],[-71.64231,-33.02349]]}},
{"type":"Feature","properties":{"nom_reg":"Valparaíso","nom_prov":"Valparaíso","nom_com":"Valparaíso","sector":"Valparaíso","cine_reg":"05","cine_prov":"051","cine_com":"05101"},"geometry":{"type":"LineString","coordinates":[[-71.62888,-33.03099],[-71.62921,-33.03052],[-71.63067,-33.03091]]}},
{"type":"Feature","properties":{"nom_reg":"Valparaíso","nom_prov":"Valparaíso","nom_com":"Valparaíso","sector":"Valparaíso","cine_reg":"05","cine_prov":"051","cine_com":"05101"},"geometry":{"type":"LineString","coordinates":[[-71.60794,-33.04463],[-71.60859,-33.05139],[-71.60906,-33.05189],[-71.61072,-33.05295]]}},
{"type":"Feature","properties":{"nom_reg":"Valparaíso","nom_prov":"Valparaíso","nom_com":"Valparaíso","sector":"Valparaíso","cine_reg":"05","cine_prov":"051","cine_com":"05101"},"geometry":{"type":"LineString","coordinates":[[-71.60193,-33.05312],[-71.60192,-33.05384],[-71.60222,-33.05521],[-71.60144,-33.05608],[-71.60056,-33.05652],[-71.60029,-33.05711]]}},
{"type":"Feature","properties":{"nom_reg":"Valparaíso","nom_prov":"Petorca","nom_com":"Papudo","sector":"Pullally","cine_reg":"05","cine_prov":"054","cine_com":"05403"},"geometry":{"type":"LineString","coordinates":[[-71.32162,-32.43783],[-71.32004,-32.43521],[-71.32386,-32.4336],[-71.32284,-32.43152],[-71.32152,-32.43085],[-71.32035,-32.43053]]}},
{"type":"Feature","properties":{"nom_reg":"Valparaíso","nom_prov":"Petorca","nom_com":"Papudo","sector":"Pullally","cine_reg":"05","cine_prov":"054","cine_com":"05403"},"geometry":{"type":"LineString","coordinates":[[-71.3115,-32.43859],[-71.31685,-32.43587]]}},
{"type":"Feature","properties":{"nom_reg":"Valparaíso","nom_prov":"Petorca","nom_com":"La Ligua","sector":"Pullally","cine_reg":"05","cine_prov":"054","cine_com":"05401"},"geometry":{"type":"LineString","coordinates":[[-71.28182,-32.44679],[-71.28192,-32.44783]]}},
{"type":"Feature","properties":{"nom_reg":"Valparaíso","nom_prov":"Petorca","nom_com":"La Ligua","sector":"Pullally","cine_reg":"05","cine_prov":"054","cine_com":"05401"},"geometry":{"type":"LineString","coordinates":[[-71.28358,-32.44774],[-71.28068,-32.44809],[-71.28082,-32.44827],[-71.28156,-32.44846],[-71.28233,-32.4485],[-71.28328,-32.44934]]}},
{"type":"Feature","properties":{"nom_reg":"Valparaíso","nom_prov":"Petorca","nom_com":"La Ligua","sector":"Pullally","cine_reg":"05","cine_prov":"054","cine_com":"05401"},"geometry":{"type":"LineString","coordinates":[[-71.28274,-32.44689],[-71.28269,-32.44773]]}},
{"type":"Feature","properties":{"nom_reg":"Valparaíso","nom_prov":"Petorca","nom_com":"La Ligua","sector":"Pullally","cine_reg":"05","cine_prov":"054","cine_com":"05401"},"geometry":{"type":"LineString","coordinates":[[-71.2785,-32.44685],[-71.27855,-32.44791]]}},
{"type":"Feature","properties":{"nom_reg":"Valparaíso","nom_prov":"Petorca","nom_com":"La Ligua","sector":"Pullally","cine_reg":"05","cine_prov":"054","cine_com":"05401"},"geometry":{"type":"LineString","coordinates":[[-71.28677,-32.44844],[-71.29028,-32.44856]]}},
{"type":"Feature","properties":{"nom_reg":"Valparaíso","nom_prov":"Petorca","nom_com":"La Ligua","sector":"Pullally","cine_reg":"05","cine_prov":"054","cine_com":"05401"},"geometry":{"type":"LineString","coordinates":[[-71.29423,-32.44857],[-71.29046,-32.44855],[-71.29043,-32.44951],[-71.29104,-32.44977]]}},
{"type":"Feature","properties":{"nom_reg":"Valparaíso","nom_prov":"Petorca","nom_com":"La Ligua","sector":"Pullally","cine_reg":"05","cine_prov":"054","cine_com":"05401"},"geometry":{"type":"LineString","coordinates":[[-71.27698,-32.44809],[-71.28043,-32.44809]]}},
{"type":"Feature","properties":{"nom_reg":"Valparaíso","nom_prov":"Petorca","nom_com":"La Ligua","sector":"Pullally","cine_reg":"05","cine_prov":"054","cine_com":"05401"},"geometry":{"type":"LineString","coordinates":[[-71.30552,-32.45238],[-71.30436,-32.45004],[-71.30408,-32.4485]]}},
{"type":"Feature","properties":{"nom_reg":"Valparaíso","nom_prov":"Petorca","nom_com":"La Ligua","sector":"Pullally","cine_reg":"05","cine_prov":"054","cine_com":"05401"},"geometry":{"type":"LineString","coordinates":[[-71.30653,-32.4481],[-71.30131,-32.44859],[-71.30032,-32.44913]]}},
{"type":"Feature","properties":{"nom_reg":"Valparaíso","nom_prov":"Petorca","nom_com":"La Ligua","sector":"Pullally","cine_reg":"05","cine_prov":"054","cine_com":"05401"},"geometry":{"type":"LineString","coordinates":[[-71.30334,-32.45039],[-71.30391,-32.45046],[-71.30446,-32.4503]]}},
{"type":"Feature","properties":{"nom_reg":"Valparaíso","nom_prov":"Valparaíso","nom_com":"Valparaíso","sector":"Valparaíso","cine_reg":"05","cine_prov":"051","cine_com":"05101"},"geometry":{"type":"LineString","coordinates":[[-71.58927,-33.03403],[-71.58974,-33.03389],[-71.59027,-33.0333],[-71.59084,-33.03345],[-71.59093,-33.03409],[-71.59054,-33.03469],[-71.59072,-33.03513]]}},
{"type":"Feature","properties":{"nom_reg":"Valparaíso","nom_prov":"Valparaíso","nom_com":"Valparaíso","sector":"Valparaíso","cine_reg":"05","cine_prov":"051","cine_com":"05101"},"geometry":{"type":"LineString","coordinates":[[-71.63367,-33.02159],[-71.63399,-33.02165],[-71.63433,-33.02245],[-71.63483,-33.023],[-71.63666,-33.02311],[-71.63724,-33.02345]]}},
{"type":"Feature","properties":{"nom_reg":"Valparaíso","nom_prov":"Valparaíso","nom_com":"Valparaíso","sector":"Valparaíso","cine_reg":"05","cine_prov":"051","cine_com":"05101"},"geometry":{"type":"LineString","coordinates":[[-71.6298,-33.03522],[-71.63128,-33.03547],[-71.63218,-33.0354],[-71.63255,-33.0352],[-71.63284,-33.03477],[-71.63383,-33.03435]]}},
{"type":"Feature","properties":{"nom_reg":"Valparaíso","nom_prov":"Valparaíso","nom_com":"Valparaíso","sector":"Valparaíso","cine_reg":"05","cine_prov":"051","cine_com":"05101"},"geometry":{"type":"LineString","coordinates":[[-71.61774,-33.04747],[-71.61832,-33.04853],[-71.61776,-33.04869]]}},
{"type":"Feature","properties":{"nom_reg":"Valparaíso","nom_prov":"Valparaíso","nom_com":"Valparaíso","sector":"Valparaíso","cine_reg":"05","cine_prov":"051","cine_com":"05101"},"geometry":{"type":"LineString","coordinates":[[-71.60297,-33.04929],[-71.6021,-33.04913],[-71.60207,-33.049],[-71.60152,-33.04884],[-71.60049,-33.04876]]}},
{"type":"Feature","properties":{"nom_reg":"Valparaíso","nom_prov":"Valparaíso","nom_com":"Valparaíso","sector":"Laguna Verde","cine_reg":"05","cine_prov":"051","cine_com":"05101"},"geometry":{"type":"LineString","coordinates":[[-71.66509,-33.10399],[-71.66733,-33.10502],[-71.66673,-33.10576],[-71.6655,-33.10671],[-71.66579,-33.10701],[-71.66611,-33.10708],[-71.66684,-33.10645]]}},
{"type":"Feature","properties":{"nom_reg":"Valparaíso","nom_prov":"Valparaíso","nom_com":"Valparaíso","sector":"Laguna Verde","cine_reg":"05","cine_prov":"051","cine_com":"05101"},"geometry":{"type":"LineString","coordinates":[[-71.67171,-33.10208],[-71.67198,-33.10218],[-71.67251,-33.10311],[-71.67335,-33.1031],[-71.67352,-33.10391]]}},
{"type":"Feature","properties":{"nom_reg":"Valparaíso","nom_prov":"Valparaíso","nom_com":"Valparaíso","sector":"Valparaíso","cine_reg":"05","cine_prov":"051","cine_com":"05101"},"geometry":{"type":"LineString","coordinates":[[-71.58884,-33.03315],[-71.58837,-33.03279],[-71.58804,-33.03224],[-71.58769,-33.03208],[-71.58735,-33.03214],[-71.58706,-33.03245],[-71.58734,-33.03282]]}},
{"type":"Feature","properties":{"nom_reg":"Valparaíso","nom_prov":"Valparaíso","nom_com":"Valparaíso","sector":"Valparaíso","cine_reg":"05","cine_prov":"051","cine_com":"05101"},"geometry":{"type":"LineString","coordinates":[[-71.58921,-33.03206],[-71.58864,-33.0322],[-71.58838,-33.03247]]}},
{"type":"Feature","properties":{"nom_reg":"Valparaíso","nom_prov":"Valparaíso","nom_com":"Valparaíso","sector":"Valparaíso","cine_reg":"05","cine_prov":"051","cine_com":"05101"},"geometry":{"type":"LineString","coordinates":[[-71.59755,-33.03866],[-71.59683,-33.03857],[-71.59654,-33.03868],[-71.59617,-33.03915],[-71.59579,-33.03903]]}},
{"type":"Feature","properties":{"nom_reg":"Valparaíso","nom_prov":"Valparaíso","nom_com":"Valparaíso","sector":"Valparaíso","cine_reg":"05","cine_prov":"051","cine_com":"05101"},"geometry":{"type":"LineString","coordinates":[[-71.59837,-33.036],[-71.59793,-33.03553],[-71.5976,-33.03542],[-71.59612,-33.03578],[-71.59595,-33.03616],[-71.59532,-33.03674],[-71.59599,-33.03699]]}},
{"type":"Feature","properties":{"nom_reg":"Valparaíso","nom_prov":"Valparaíso","nom_com":"Valparaíso","sector":"Valparaíso","cine_reg":"05","cine_prov":"051","cine_com":"05101"},"geometry":{"type":"LineString","coordinates":[[-71.59824,-33.03674],[-71.59762,-33.03857],[-71.59712,-33.03752],[-71.59623,-33.03709]]}},
{"type":"Feature","properties":{"nom_reg":"Valparaíso","nom_prov":"Valparaíso","nom_com":"Valparaíso","sector":"Valparaíso","cine_reg":"05","cine_prov":"051","cine_com":"05101"},"geometry":{"type":"LineString","coordinates":[[-71.59857,-33.03784],[-71.60047,-33.03852],[-71.60132,-33.03832],[-71.60201,-33.03867],[-71.60292,-33.03968],[-71.60331,-33.04075],[-71.60392,-33.04182]]}},
{"type":"Feature","properties":{"nom_reg":"Valparaíso","nom_prov":"Valparaíso","nom_com":"Valparaíso","sector":"Valparaíso","cine_reg":"05","cine_prov":"051","cine_com":"05101"},"geometry":{"type":"LineString","coordinates":[[-71.60469,-33.04511],[-71.60366,-33.04465],[-71.60385,-33.04394],[-71.60367,-33.04347],[-71.6033,-33.04316],[-71.60386,-33.0428],[-71.60407,-33.04242],[-71.60396,-33.04189],[-71.60364,-33.04193]]}},
{"type":"Feature","properties":{"nom_reg":"Valparaíso","nom_prov":"Valparaíso","nom_com":"Valparaíso","sector":"Laguna Verde","cine_reg":"05","cine_prov":"051","cine_com":"05101"},"geometry":{"type":"LineString","coordinates":[[-71.66401,-33.1035],[-71.65933,-33.10131],[-71.65862,-33.10127],[-71.65721,-33.10176],[-71.65681,-33.10171],[-71.65623,-33.10132]]}},
{"type":"Feature","properties":{"nom_reg":"Valparaíso","nom_prov":"Valparaíso","nom_com":"Valparaíso","sector":"Valparaíso","cine_reg":"05","cine_prov":"051","cine_com":"05101"},"geometry":{"type":"LineString","coordinates":[[-71.60439,-33.04591],[-71.60158,-33.04521]]}},
{"type":"Feature","properties":{"nom_reg":"Valparaíso","nom_prov":"Valparaíso","nom_com":"Valparaíso","sector":"Valparaíso","cine_reg":"05","cine_prov":"051","cine_com":"05101"},"geometry":{"type":"LineString","coordinates":[[-71.60323,-33.04866],[-71.60191,-33.04835],[-71.60161,-33.04856],[-71.60159,-33.04817],[-71.60116,-33.04836],[-71.60121,-33.04806],[-71.60084,-33.04815]]}},
{"type":"Feature","properties":{"nom_reg":"Valparaíso","nom_prov":"Valparaíso","nom_com":"Valparaíso","sector":"Valparaíso","cine_reg":"05","cine_prov":"051","cine_com":"05101"},"geometry":{"type":"LineString","coordinates":[[-71.60217,-33.05113],[-71.60094,-33.05111],[-71.59976,-33.05083]]}},
{"type":"Feature","properties":{"nom_reg":"Valparaíso","nom_prov":"Valparaíso","nom_com":"Valparaíso","sector":"Valparaíso","cine_reg":"05","cine_prov":"051","cine_com":"05101"},"geometry":{"type":"LineString","coordinates":[[-71.60181,-33.05285],[-71.60099,-33.0541],[-71.60085,-33.05405],[-71.60084,-33.05354],[-71.59989,-33.05346]]}},
{"type":"Feature","properties":{"nom_reg":"Valparaíso","nom_prov":"Valparaíso","nom_com":"Valparaíso","sector":"Valparaíso","cine_reg":"05","cine_prov":"051","cine_com":"05101"},"geometry":{"type":"LineString","coordinates":[[-71.60203,-33.05257],[-71.60323,-33.05289],[-71.60455,-33.05371]]}},
{"type":"Feature","properties":{"nom_reg":"Valparaíso","nom_prov":"Valparaíso","nom_com":"Valparaíso","sector":"Valparaíso","cine_reg":"05","cine_prov":"051","cine_com":"05101"},"geometry":{"type":"LineString","coordinates":[[-71.62544,-33.04351],[-71.62647,-33.04464],[-71.62619,-33.04523]]}},
{"type":"Feature","properties":{"nom_reg":"Valparaíso","nom_prov":"Valparaíso","nom_com":"Valparaíso","sector":"Valparaíso","cine_reg":"05","cine_prov":"051","cine_com":"05101"},"geometry":{"type":"LineString","coordinates":[[-71.60381,-33.04829],[-71.60492,-33.04884],[-71.60539,-33.04949],[-71.60616,-33.05236],[-71.60505,-33.0526]]}},
{"type":"Feature","properties":{"nom_reg":"Valparaíso","nom_prov":"Valparaíso","nom_com":"Valparaíso","sector":"Laguna Verde","cine_reg":"05","cine_prov":"051","cine_com":"05101"},"geometry":{"type":"LineString","coordinates":[[-71.66776,-33.10536],[-71.66943,-33.10856]]}},
{"type":"Feature","properties":{"nom_reg":"Valparaíso","nom_prov":"Valparaíso","nom_com":"Valparaíso","sector":"Laguna Verde","cine_reg":"05","cine_prov":"051","cine_com":"05101"},"geometry":{"type":"LineString","coordinates":[[-71.66497,-33.09888],[-71.6606,-33.10198]]}},
{"type":"Feature","properties":{"nom_reg":"Valparaíso","nom_prov":"Valparaíso","nom_com":"Valparaíso","sector":"Laguna Verde","cine_reg":"05","cine_prov":"051","cine_com":"05101"},"geometry":{"type":"LineString","coordinates":[[-71.67682,-33.10297],[-71.67643,-33.10334],[-71.67567,-33.10459],[-71.67468,-33.10486]]}},
{"type":"Feature","properties":{"nom_reg":"Valparaíso","nom_prov":"Valparaíso","nom_com":"Viña del Mar","sector":"Viña del Mar","cine_reg":"05","cine_prov":"051","cine_com":"05109"},"geometry":{"type":"LineString","coordinates":[[-71.58624,-33.02883],[-71.58526,-33.02927],[-71.58445,-33.03065]]}},
{"type":"Feature","properties":{"nom_reg":"Valparaíso","nom_prov":"Valparaíso","nom_com":"Viña del Mar","sector":"Viña del Mar","cine_reg":"05","cine_prov":"051","cine_com":"05109"},"geometry":{"type":"LineString","coordinates":[[-71.55045,-33.00782],[-71.54122,-33.00917],[-71.5413,-33.00854],[-71.54187,-33.00774],[-71.54166,-33.00768]]}},
{"type":"Feature","properties":{"nom_reg":"Valparaíso","nom_prov":"Valparaíso","nom_com":"Viña del Mar","sector":"Recreo","cine_reg":"05","cine_prov":"051","cine_com":"05109"},"geometry":{"type":"LineString","coordinates":[[-71.5756,-33.02764],[-71.57565,-33.02832]]}},
{"type":"Feature","properties":{"nom_reg":"Valparaíso","nom_prov":"Valparaíso","nom_com":"Viña del Mar","sector":"Viña del Mar","cine_reg":"05","cine_prov":"051","cine_com":"05109"},"geometry":{"type":"LineString","coordinates":[[-71.5451,-32.97112],[-71.54427,-32.97115],[-71.5443,-32.97149],[-71.54373,-32.97163],[-71.54378,-32.97179],[-71.53945,-32.97145],[-71.5391,-32.97135],[-71.53907,-32.97078]]}},
{"type":"Feature","properties":{"nom_reg":"Valparaíso","nom_prov":"Valparaíso","nom_com":"Viña del Mar","sector":"Viña del Mar","cine_reg":"05","cine_prov":"051","cine_com":"05109"},"geometry":{"type":"LineString","coordinates":[[-71.54636,-32.9636],[-71.54624,-32.96314],[-71.54674,-32.96018]]}},
{"type":"Feature","properties":{"nom_reg":"Valparaíso","nom_prov":"Valparaíso","nom_com":"Viña del Mar","sector":"Viña del Mar","cine_reg":"05","cine_prov":"051","cine_com":"05109"},"geometry":{"type":"LineString","coordinates":[[-71.54403,-32.97323],[-71.53481,-32.97249],[-71.53454,-32.97425],[-71.53464,-32.97474],[-71.53424,-32.97418],[-71.53361,-32.9738],[-71.53351,-32.97345],[-71.5332,-32.97341],[-71.53291,-32.97349],[-71.5327,-32.97375],[-71.53267,-32.97505]]}},
{"type":"Feature","properties":{"nom_reg":"Valparaíso","nom_prov":"Valparaíso","nom_com":"Viña del Mar","sector":"Viña del Mar","cine_reg":"05","cine_prov":"051","cine_com":"05109"},"geometry":{"type":"LineString","coordinates":[[-71.53499,-32.97505],[-71.53535,-32.97503],[-71.53589,-32.97466]]}},
{"type":"Feature","properties":{"nom_reg":"Valparaíso","nom_prov":"Valparaíso","nom_com":"Viña del Mar","sector":"Viña del Mar","cine_reg":"05","cine_prov":"051","cine_com":"05109"},"geometry":{"type":"LineString","coordinates":[[-71.54575,-32.97901],[-71.54531,-32.97855],[-71.54546,-32.9753],[-71.54531,-32.97491],[-71.54517,-32.97472],[-71.54388,-32.97426]]}},
{"type":"Feature","properties":{"nom_reg":"Valparaíso","nom_prov":"Valparaíso","nom_com":"Viña del Mar","sector":"Viña del Mar","cine_reg":"05","cine_prov":"051","cine_com":"05109"},"geometry":{"type":"LineString","coordinates":[[-71.56413,-33.01949],[-71.56458,-33.01957],[-71.5648,-33.01995],[-71.56491,-33.02046],[-71.5648,-33.02087],[-71.56562,-33.02113],[-71.56603,-33.02276]]}},
{"type":"Feature","properties":{"nom_reg":"Valparaíso","nom_prov":"Valparaíso","nom_com":"Viña del Mar","sector":"Viña del Mar","cine_reg":"05","cine_prov":"051","cine_com":"05109"},"geometry":{"type":"LineString","coordinates":[[-71.52909,-33.02917],[-71.5291,-33.02802]]}},
{"type":"Feature","properties":{"nom_reg":"Valparaíso","nom_prov":"Valparaíso","nom_com":"Viña del Mar","sector":"Viña del Mar","cine_reg":"05","cine_prov":"051","cine_com":"05109"},"geometry":{"type":"LineString","coordinates":[[-71.53069,-33.03129],[-71.52842,-33.02883],[-71.52831,-33.02829],[-71.52858,-33.02806]]}},
{"type":"Feature","properties":{"nom_reg":"Valparaíso","nom_prov":"Valparaíso","nom_com":"Viña del Mar","sector":"Viña del Mar","cine_reg":"05","cine_prov":"051","cine_com":"05109"},"geometry":{"type":"LineString","coordinates":[[-71.52858,-33.03021],[-71.52787,-33.02965],[-71.5268,-33.02932]]}},
{"type":"Feature","properties":{"nom_reg":"Valparaíso","nom_prov":"Valparaíso","nom_com":"Viña del Mar","sector":"Viña del Mar","cine_reg":"05","cine_prov":"051","cine_com":"05109"},"geometry":{"type":"LineString","coordinates":[[-71.52978,-33.0326],[-71.5267,-33.02932],[-71.52629,-33.02954]]}},
{"type":"Feature","properties":{"nom_reg":"Valparaíso","nom_prov":"Valparaíso","nom_com":"Viña del Mar","sector":"Viña del Mar","cine_reg":"05","cine_prov":"051","cine_com":"05109"},"geometry":{"type":"LineString","coordinates":[[-71.52665,-33.03455],[-71.5255,-33.03341],[-71.52185,-33.03191],[-71.52142,-33.0315]]}},
{"type":"Feature","properties":{"nom_reg":"Valparaíso","nom_prov":"Valparaíso","nom_com":"Viña del Mar","sector":"Viña del Mar","cine_reg":"05","cine_prov":"051","cine_com":"05109"},"geometry":{"type":"LineString","coordinates":[[-71.52827,-33.03588],[-71.52794,-33.03611],[-71.5279,-33.03645],[-71.52764,-33.03645],[-71.52784,-33.03698]]}},
{"type":"Feature","properties":{"nom_reg":"Valparaíso","nom_prov":"Valparaíso","nom_com":"Viña del Mar","sector":"Viña del Mar","cine_reg":"05","cine_prov":"051","cine_com":"05109"},"geometry":{"type":"LineString","coordinates":[[-71.53155,-33.03455],[-71.53239,-33.03606],[-71.53248,-33.03663]]}},
{"type":"Feature","properties":{"nom_reg":"Valparaíso","nom_prov":"Valparaíso","nom_com":"Viña del Mar","sector":"Viña del Mar","cine_reg":"05","cine_prov":"051","cine_com":"05109"},"geometry":{"type":"LineString","coordinates":[[-71.53362,-33.03283],[-71.53475,-33.03352],[-71.53596,-33.03552],[-71.53608,-33.03606]]}},
{"type":"Feature","properties":{"nom_reg":"Valparaíso","nom_prov":"Valparaíso","nom_com":"Viña del Mar","sector":"Viña del Mar","cine_reg":"05","cine_prov":"051","cine_com":"05109"},"geometry":{"type":"LineString","coordinates":[[-71.53428,-33.03199],[-71.53602,-33.03293],[-71.53745,-33.03279]]}},
{"type":"Feature","properties":{"nom_reg":"Valparaíso","nom_prov":"Valparaíso","nom_com":"Viña del Mar","sector":"Viña del Mar","cine_reg":"05","cine_prov":"051","cine_com":"05109"},"geometry":{"type":"LineString","coordinates":[[-71.53605,-33.03077],[-71.53583,-33.03129],[-71.53598,-33.03162],[-71.53571,-33.03221],[-71.536,-33.03236],[-71.5369,-33.03221]]}},
{"type":"Feature","properties":{"nom_reg":"Valparaíso","nom_prov":"Valparaíso","nom_com":"Viña del Mar","sector":"Viña del Mar","cine_reg":"05","cine_prov":"051","cine_com":"05109"},"geometry":{"type":"LineString","coordinates":[[-71.53951,-33.02678],[-71.54023,-33.02749],[-71.54142,-33.02826],[-71.54233,-33.02855],[-71.5432,-33.02837]]}},
{"type":"Feature","properties":{"nom_reg":"Valparaíso","nom_prov":"Valparaíso","nom_com":"Viña del Mar","sector":"Viña del Mar","cine_reg":"05","cine_prov":"051","cine_com":"05109"},"geometry":{"type":"LineString","coordinates":[[-71.54464,-33.03122],[-71.54415,-33.03155],[-71.5438,-33.03256]]}},
{"type":"Feature","properties":{"nom_reg":"Valparaíso","nom_prov":"Valparaíso","nom_com":"Viña del Mar","sector":"Viña del Mar","cine_reg":"05","cine_prov":"051","cine_com":"05109"},"geometry":{"type":"LineString","coordinates":[[-71.54722,-33.0275],[-71.54738,-33.02802],[-71.546,-33.02827],[-71.54491,-33.02895],[-71.54492,-33.02916]]}},
{"type":"Feature","properties":{"nom_reg":"Valparaíso","nom_prov":"Valparaíso","nom_com":"Viña del Mar","sector":"Viña del Mar","cine_reg":"05","cine_prov":"051","cine_com":"05109"},"geometry":{"type":"LineString","coordinates":[[-71.54214,-33.02555],[-71.54404,-33.03073],[-71.54472,-33.031],[-71.54422,-33.03046],[-71.54466,-33.03051],[-71.54492,-33.03026]]}},
{"type":"Feature","properties":{"nom_reg":"Valparaíso","nom_prov":"Valparaíso","nom_com":"Viña del Mar","sector":"Viña del Mar","cine_reg":"05","cine_prov":"051","cine_com":"05109"},"geometry":{"type":"LineString","coordinates":[[-71.55176,-33.02351],[-71.55231,-33.02404],[-71.55257,-33.02477],[-71.55228,-33.02503],[-71.5525,-33.02634],[-71.55214,-33.02648],[-71.55226,-33.02737],[-71.55248,-33.02744]]}},
{"type":"Feature","properties":{"nom_reg":"Valparaíso","nom_prov":"Valparaíso","nom_com":"Viña del Mar","sector":"Viña del Mar","cine_reg":"05","cine_prov":"051","cine_com":"05109"},"geometry":{"type":"LineString","coordinates":[[-71.5537,-33.02324],[-71.55452,-33.02722],[-71.5526,-33.0275],[-71.55257,-33.02776],[-71.55296,-33.02819],[-71.55297,-33.02859],[-71.55232,-33.02921],[-71.55209,-33.02919],[-71.55227,-33.02883],[-71.55229,-33.02864],[-71.55214,-33.02864],[-71.5512,-33.02937]]}},
{"type":"Feature","properties":{"nom_reg":"Valparaíso","nom_prov":"Valparaíso","nom_com":"Viña del Mar","sector":"Viña del Mar","cine_reg":"05","cine_prov":"051","cine_com":"05109"},"geometry":{"type":"LineString","coordinates":[[-71.56277,-33.02487],[-71.56293,-33.02643],[-71.56276,-33.027],[-71.56298,-33.02794]]}},
{"type":"Feature","properties":{"nom_reg":"Valparaíso","nom_prov":"Valparaíso","nom_com":"Viña del Mar","sector":"Viña del Mar","cine_reg":"05","cine_prov":"051","cine_com":"05109"},"geometry":{"type":"LineString","coordinates":[[-71.56143,-33.02413],[-71.56209,-33.02744],[-71.56274,-33.02745]]}},
{"type":"Feature","properties":{"nom_reg":"Valparaíso","nom_prov":"Valparaíso","nom_com":"Viña del Mar","sector":"Viña del Mar","cine_reg":"05","cine_prov":"051","cine_com":"05109"},"geometry":{"type":"LineString","coordinates":[[-71.56727,-33.02359],[-71.56717,-33.0235],[-71.5667,-33.02368],[-71.56388,-33.02402]]}},
{"type":"Feature","properties":{"nom_reg":"Valparaíso","nom_prov":"Valparaíso","nom_com":"Viña del Mar","sector":"Viña del Mar","cine_reg":"05","cine_prov":"051","cine_com":"05109"},"geometry":{"type":"LineString","coordinates":[[-71.56088,-33.02145],[-71.56135,-33.02366],[-71.56228,-33.02358],[-71.56253,-33.02375],[-71.56275,-33.02447],[-71.56273,-33.02381],[-71.56318,-33.02373],[-71.5633,-33.02407],[-71.56345,-33.02396],[-71.56331,-33.02356],[-71.56289,-33.02351]]}},
{"type":"Feature","properties":{"nom_reg":"Valparaíso","nom_prov":"Valparaíso","nom_com":"Viña del Mar","sector":"Viña del Mar","cine_reg":"05","cine_prov":"051","cine_com":"05109"},"geometry":{"type":"LineString","coordinates":[[-71.5601,-33.02021],[-71.54216,-33.02293],[-71.53988,-33.01669],[-71.5372,-33.01524]]}},
{"type":"Feature","properties":{"nom_reg":"Valparaíso","nom_prov":"Valparaíso","nom_com":"Viña del Mar","sector":"Viña del Mar","cine_reg":"05","cine_prov":"051","cine_com":"05109"},"geometry":{"type":"LineString","coordinates":[[-71.55709,-33.01642],[-71.54637,-33.01799],[-71.54653,-33.0186],[-71.54381,-33.01864],[-71.54067,-33.01803]]}},
{"type":"Feature","properties":{"nom_reg":"Valparaíso","nom_prov":"Valparaíso","nom_com":"Viña del Mar","sector":"Viña del Mar","cine_reg":"05","cine_prov":"051","cine_com":"05109"},"geometry":{"type":"LineString","coordinates":[[-71.55887,-33.01828],[-71.54694,-33.02005],[-71.54682,-33.01962],[-71.54146,-33.02036]]}},
{"type":"Feature","properties":{"nom_reg":"Valparaíso","nom_prov":"Valparaíso","nom_com":"Viña del Mar","sector":"Viña del Mar","cine_reg":"05","cine_prov":"051","cine_com":"05109"},"geometry":{"type":"LineString","coordinates":[[-71.55513,-33.0146],[-71.54328,-33.01632],[-71.54251,-33.01344],[-71.54093,-33.01213],[-71.53988,-33.01092],[-71.53979,-33.01029]]}},
{"type":"Feature","properties":{"nom_reg":"Valparaíso","nom_prov":"Valparaíso","nom_com":"Viña del Mar","sector":"Viña del Mar","cine_reg":"05","cine_prov":"051","cine_com":"05109"},"geometry":{"type":"LineString","coordinates":[[-71.55234,-33.01075],[-71.5415,-33.01232]]}},
{"type":"Feature","properties":{"nom_reg":"Valparaíso","nom_prov":"Valparaíso","nom_com":"Viña del Mar","sector":"Viña del Mar","cine_reg":"05","cine_prov":"051","cine_com":"05109"},"geometry":{"type":"LineString","coordinates":[[-71.55363,-33.01268],[-71.54323,-33.01418],[-71.5428,-33.01376]]}},
{"type":"Feature","properties":{"nom_reg":"Libertador General Bernardo O'Higgins","nom_prov":"Cardenal Caro","nom_com":"Pichilemu","sector":"Pichilemu","cine_reg":"06","cine_prov":"062","cine_com":"06201"},"geometry":{"type":"LineString","coordinates":[[-72.01741,-34.38554],[-72.01235,-34.388],[-72.01192,-34.38941]]}},
{"type":"Feature","properties":{"nom_reg":"Valparaíso","nom_prov":"Valparaíso","nom_com":"Viña del Mar","sector":"Viña del Mar","cine_reg":"05","cine_prov":"051","cine_com":"05109"},"geometry":{"type":"LineString","coordinates":[[-71.54734,-32.99507],[-71.54599,-32.99536],[-71.54526,-32.99469],[-71.54396,-32.99584],[-71.54392,-32.99605],[-71.54458,-32.99588],[-71.54491,-32.99593],[-71.54502,-32.99614],[-71.54467,-32.99706],[-71.54397,-32.99719]]}},
{"type":"Feature","properties":{"nom_reg":"Valparaíso","nom_prov":"Valparaíso","nom_com":"Viña del Mar","sector":"Viña del Mar","cine_reg":"05","cine_prov":"051","cine_com":"05109"},"geometry":{"type":"LineString","coordinates":[[-71.5471,-32.99228],[-71.54695,-32.99086],[-71.54601,-32.98912],[-71.54586,-32.98817]]}},
{"type":"Feature","properties":{"nom_reg":"Valparaíso","nom_prov":"Valparaíso","nom_com":"Viña del Mar","sector":"Viña del Mar","cine_reg":"05","cine_prov":"051","cine_com":"05109"},"geometry":{"type":"LineString","coordinates":[[-71.52876,-32.97324],[-71.52882,-32.9739],[-71.52931,-32.97486]]}},
{"type":"Feature","properties":{"nom_reg":"Valparaíso","nom_prov":"Valparaíso","nom_com":"Viña del Mar","sector":"Viña del Mar","cine_reg":"05","cine_prov":"051","cine_com":"05109"},"geometry":{"type":"LineString","coordinates":[[-71.54513,-32.9727],[-71.54393,-32.97282],[-71.53626,-32.97226],[-71.53639,-32.97163],[-71.53588,-32.97113],[-71.53571,-32.97035],[-71.53534,-32.97001],[-71.53368,-32.96917],[-71.53372,-32.96883],[-71.53395,-32.96859],[-71.53573,-32.9686]]}},
{"type":"Feature","properties":{"nom_reg":"Valparaíso","nom_prov":"Valparaíso","nom_com":"Viña del Mar","sector":"Viña del Mar","cine_reg":"05","cine_prov":"051","cine_com":"05109"},"geometry":{"type":"LineString","coordinates":[[-71.54282,-32.96958],[-71.5422,-32.96949],[-71.54097,-32.969],[-71.53948,-32.97009]]}},
{"type":"Feature","properties":{"nom_reg":"Valparaíso","nom_prov":"Valparaíso","nom_com":"Viña del Mar","sector":"Viña del Mar","cine_reg":"05","cine_prov":"051","cine_com":"05109"},"geometry":{"type":"LineString","coordinates":[[-71.54573,-32.9667],[-71.54517,-32.96929],[-71.54489,-32.96952],[-71.5436,-32.97014],[-71.54322,-32.97004],[-71.54059,-32.97029]]}},
{"type":"Feature","properties":{"nom_reg":"Valparaíso","nom_prov":"Valparaíso","nom_com":"Viña del Mar","sector":"Viña del Mar","cine_reg":"05","cine_prov":"051","cine_com":"05109"},"geometry":{"type":"LineString","coordinates":[[-71.56615,-33.02419],[-71.56621,-33.02436],[-71.56558,-33.02473]]}},
{"type":"Feature","properties":{"nom_reg":"Valparaíso","nom_prov":"Valparaíso","nom_com":"Viña del Mar","sector":"Viña del Mar","cine_reg":"05","cine_prov":"051","cine_com":"05109"},"geometry":{"type":"LineString","coordinates":[[-71.56721,-33.02415],[-71.56819,-33.02411],[-71.5703,-33.02502],[-71.57045,-33.02523]]}},
{"type":"Feature","properties":{"nom_reg":"Valparaíso","nom_prov":"Valparaíso","nom_com":"Viña del Mar","sector":"Viña del Mar","cine_reg":"05","cine_prov":"051","cine_com":"05109"},"geometry":{"type":"LineString","coordinates":[[-71.54873,-33.02391],[-71.54936,-33.02695],[-71.55015,-33.02919],[-71.55068,-33.02952]]}},
{"type":"Feature","properties":{"nom_reg":"Valparaíso","nom_prov":"Valparaíso","nom_com":"Viña del Mar","sector":"Viña del Mar","cine_reg":"05","cine_prov":"051","cine_com":"05109"},"geometry":{"type":"LineString","coordinates":[[-71.55522,-33.023],[-71.55629,-33.02756]]}},
{"type":"Feature","properties":{"nom_reg":"Valparaíso","nom_prov":"Valparaíso","nom_com":"Viña del Mar","sector":"Viña del Mar","cine_reg":"05","cine_prov":"051","cine_com":"05109"},"geometry":{"type":"LineString","coordinates":[[-71.55946,-33.02208],[-71.56012,-33.02515],[-71.55896,-33.02534]]}},
{"type":"Feature","properties":{"nom_reg":"Valparaíso","nom_prov":"Valparaíso","nom_com":"Viña del Mar","sector":"Viña del Mar","cine_reg":"05","cine_prov":"051","cine_com":"05109"},"geometry":{"type":"LineString","coordinates":[[-71.55664,-33.02258],[-71.55724,-33.02558],[-71.55835,-33.02542]]}},
{"type":"Feature","properties":{"nom_reg":"Valparaíso","nom_prov":"Valparaíso","nom_com":"Viña del Mar","sector":"Viña del Mar","cine_reg":"05","cine_prov":"051","cine_com":"05109"},"geometry":{"type":"LineString","coordinates":[[-71.55815,-33.02248],[-71.55918,-33.02773],[-71.55983,-33.028],[-71.55944,-33.02764],[-71.55947,-33.02746],[-71.56036,-33.02731]]}},
{"type":"Feature","properties":{"nom_reg":"Valparaíso","nom_prov":"Valparaíso","nom_com":"Viña del Mar","sector":"Viña del Mar","cine_reg":"05","cine_prov":"051","cine_com":"05109"},"geometry":{"type":"LineString","coordinates":[[-71.54674,-33.00777],[-71.54652,-33.00732],[-71.54648,-33.00627],[-71.54607,-33.00543]]}},
{"type":"Feature","properties":{"nom_reg":"Valparaíso","nom_prov":"Valparaíso","nom_com":"Viña del Mar","sector":"Viña del Mar","cine_reg":"05","cine_prov":"051","cine_com":"05109"},"geometry":{"type":"LineString","coordinates":[[-71.55014,-33.00515],[-71.54737,-33.00511],[-71.54676,-33.00523],[-71.54678,-33.00546],[-71.54735,-33.00553]]}},
{"type":"Feature","properties":{"nom_reg":"Valparaíso","nom_prov":"Valparaíso","nom_com":"Viña del Mar","sector":"Viña del Mar","cine_reg":"05","cine_prov":"051","cine_com":"05109"},"geometry":{"type":"LineString","coordinates":[[-71.53235,-32.9705],[-71.5317,-32.96973],[-71.5312,-32.97038],[-71.53062,-32.97067],[-71.52974,-32.97069],[-71.52928,-32.97037]]}},
{"type":"Feature","properties":{"nom_reg":"Valparaíso","nom_prov":"Valparaíso","nom_com":"Viña del Mar","sector":"Viña del Mar","cine_reg":"05","cine_prov":"051","cine_com":"05109"},"geometry":{"type":"LineString","coordinates":[[-71.53146,-32.9714],[-71.5257,-32.97253],[-71.52423,-32.9698]]}},
{"type":"Feature","properties":{"nom_reg":"Valparaíso","nom_prov":"Valparaíso","nom_com":"Viña del Mar","sector":"Viña del Mar","cine_reg":"05","cine_prov":"051","cine_com":"05109"},"geometry":{"type":"LineString","coordinates":[[-71.57739,-33.02806],[-71.57786,-33.02909]]}},
{"type":"Feature","properties":{"nom_reg":"Valparaíso","nom_prov":"Valparaíso","nom_com":"Viña del Mar","sector":"Viña del Mar","cine_reg":"05","cine_prov":"051","cine_com":"05109"},"geometry":{"type":"LineString","coordinates":[[-71.55137,-33.00876],[-71.5405,-33.01036],[-71.54012,-33.01106]]}},
{"type":"Feature","properties":{"nom_reg":"Valparaíso","nom_prov":"Valparaíso","nom_com":"Viña del Mar","sector":"Viña del Mar","cine_reg":"05","cine_prov":"051","cine_com":"05109"},"geometry":{"type":"LineString","coordinates":[[-71.5478,-32.99648],[-71.54678,-32.99666],[-71.5469,-32.99724]]}},
{"type":"Feature","properties":{"nom_reg":"Valparaíso","nom_prov":"Valparaíso","nom_com":"Viña del Mar","sector":"Viña del Mar","cine_reg":"05","cine_prov":"051","cine_com":"05109"},"geometry":{"type":"LineString","coordinates":[[-71.54612,-32.96472],[-71.54528,-32.96462]]}},
{"type":"Feature","properties":{"nom_reg":"Valparaíso","nom_prov":"Valparaíso","nom_com":"Viña del Mar","sector":"Viña del Mar","cine_reg":"05","cine_prov":"051","cine_com":"05109"},"geometry":{"type":"LineString","coordinates":[[-71.54792,-32.99714],[-71.54623,-32.9975],[-71.54478,-32.99705]]}},
{"type":"Feature","properties":{"nom_reg":"Valparaíso","nom_prov":"Petorca","nom_com":"Zapallar","sector":"Zapallar","cine_reg":"05","cine_prov":"054","cine_com":"05405"},"geometry":{"type":"LineString","coordinates":[[-71.46583,-32.55708],[-71.46507,-32.55593]]}},
{"type":"Feature","properties":{"nom_reg":"Valparaíso","nom_prov":"Petorca","nom_com":"Zapallar","sector":"Zapallar","cine_reg":"05","cine_prov":"054","cine_com":"05405"},"geometry":{"type":"LineString","coordinates":[[-71.4571,-32.55095],[-71.45772,-32.5513],[-71.45759,-32.55197],[-71.45555,-32.55242],[-71.45539,-32.55251],[-71.45545,-32.55288]]}},
{"type":"Feature","properties":{"nom_reg":"Valparaíso","nom_prov":"Petorca","nom_com":"Zapallar","sector":"Cachagua","cine_reg":"05","cine_prov":"054","cine_com":"05405"},"geometry":{"type":"LineString","coordinates":[[-71.44638,-32.58249],[-71.44814,-32.58083],[-71.44859,-32.58071],[-71.44942,-32.58091],[-71.44968,-32.58072],[-71.45007,-32.58008],[-71.44897,-32.57962],[-71.44857,-32.57924],[-71.44916,-32.57903],[-71.44934,-32.57878]]}},
{"type":"Feature","properties":{"nom_reg":"Valparaíso","nom_prov":"Petorca","nom_com":"Zapallar","sector":"Cachagua","cine_reg":"05","cine_prov":"054","cine_com":"05405"},"geometry":{"type":"LineString","coordinates":[[-71.44977,-32.5813],[-71.45242,-32.57956]]}},
{"type":"Feature","properties":{"nom_reg":"Valparaíso","nom_prov":"Petorca","nom_com":"Zapallar","sector":"Cachagua","cine_reg":"05","cine_prov":"054","cine_com":"05405"},"geometry":{"type":"LineString","coordinates":[[-71.45209,-32.58287],[-71.45143,-32.58204],[-71.45275,-32.58008]]}},
{"type":"Feature","properties":{"nom_reg":"Valparaíso","nom_prov":"Petorca","nom_com":"Zapallar","sector":"Cachagua","cine_reg":"05","cine_prov":"054","cine_com":"05405"},"geometry":{"type":"LineString","coordinates":[[-71.44397,-32.57693],[-71.44468,-32.57663],[-71.44591,-32.5769],[-71.44733,-32.57622],[-71.44802,-32.57637],[-71.44825,-32.57655],[-71.4475,-32.57704],[-71.44755,-32.57764],[-71.44916,-32.57851]]}},
{"type":"Feature","properties":{"nom_reg":"Valparaíso","nom_prov":"Petorca","nom_com":"Zapallar","sector":"Cachagua","cine_reg":"05","cine_prov":"054","cine_com":"05405"},"geometry":{"type":"LineString","coordinates":[[-71.44633,-32.57838],[-71.44717,-32.57928],[-71.44852,-32.57924]]}},
{"type":"Feature","properties":{"nom_reg":"Valparaíso","nom_prov":"Petorca","nom_com":"Zapallar","sector":"Zapallar","cine_reg":"05","cine_prov":"054","cine_com":"05405"},"geometry":{"type":"LineString","coordinates":[[-71.46213,-32.55344],[-71.46148,-32.55478]]}},
{"type":"Feature","properties":{"nom_reg":"Valparaíso","nom_prov":"Petorca","nom_com":"Zapallar","sector":"Zapallar","cine_reg":"05","cine_prov":"054","cine_com":"05405"},"geometry":{"type":"LineString","coordinates":[[-71.46036,-32.55286],[-71.4603,-32.55367],[-71.46067,-32.55355],[-71.46067,-32.55369],[-71.4604,-32.55479]]}},
{"type":"Feature","properties":{"nom_reg":"Valparaíso","nom_prov":"Petorca","nom_com":"Zapallar","sector":"Zapallar","cine_reg":"05","cine_prov":"054","cine_com":"05405"},"geometry":{"type":"LineString","coordinates":[[-71.46626,-32.55267],[-71.46653,-32.55292],[-71.46636,-32.55346],[-71.46665,-32.55426],[-71.46502,-32.55594],[-71.46366,-32.55508],[-71.46274,-32.55487],[-71.46096,-32.55482]]}},
{"type":"Feature","properties":{"nom_reg":"Valparaíso","nom_prov":"Petorca","nom_com":"Zapallar","sector":"Cachagua","cine_reg":"05","cine_prov":"054","cine_com":"05405"},"geometry":{"type":"LineString","coordinates":[[-71.44243,-32.57841],[-71.44367,-32.57679],[-71.44409,-32.57575],[-71.44437,-32.57545],[-71.44511,-32.57519],[-71.44665,-32.57528]]}},
{"type":"Feature","properties":{"nom_reg":"Valparaíso","nom_prov":"Petorca","nom_com":"Zapallar","sector":"Cachagua","cine_reg":"05","cine_prov":"054","cine_com":"05405"},"geometry":{"type":"LineString","coordinates":[[-71.45331,-32.5837],[-71.45323,-32.58347],[-71.45347,-32.58293],[-71.45346,-32.58008]]}},
{"type":"Feature","properties":{"nom_reg":"Valparaíso","nom_prov":"Petorca","nom_com":"Zapallar","sector":"Cachagua","cine_reg":"05","cine_prov":"054","cine_com":"05405"},"geometry":{"type":"LineString","coordinates":[[-71.4423,-32.57406],[-71.44305,-32.57455],[-71.44408,-32.57566]]}},
{"type":"Feature","properties":{"nom_reg":"Valparaíso","nom_prov":"Petorca","nom_com":"Zapallar","sector":"Zapallar","cine_reg":"05","cine_prov":"054","cine_com":"05405"},"geometry":{"type":"LineString","coordinates":[[-71.46676,-32.55578],[-71.46654,-32.5558],[-71.46622,-32.55528],[-71.46595,-32.55512]]}},
{"type":"Feature","properties":{"nom_reg":"Valparaíso","nom_prov":"Petorca","nom_com":"Zapallar","sector":"Zapallar","cine_reg":"05","cine_prov":"054","cine_com":"05405"},"geometry":{"type":"LineString","coordinates":[[-71.45672,-32.55072],[-71.45469,-32.55138],[-71.45471,-32.55179],[-71.45432,-32.55229],[-71.45441,-32.55282],[-71.45526,-32.55251]]}},
{"type":"Feature","properties":{"nom_reg":"Valparaíso","nom_prov":"Petorca","nom_com":"Zapallar","sector":"Cachagua","cine_reg":"05","cine_prov":"054","cine_com":"05405"},"geometry":{"type":"LineString","coordinates":[[-71.45482,-32.57888],[-71.4547,-32.57864],[-71.45431,-32.57848],[-71.45418,-32.57934],[-71.4539,-32.57941]]}},
{"type":"Feature","properties":{"nom_reg":"Valparaíso","nom_prov":"Petorca","nom_com":"Zapallar","sector":"Zapallar","cine_reg":"05","cine_prov":"054","cine_com":"05405"},"geometry":{"type":"LineString","coordinates":[[-71.45861,-32.55482],[-71.46077,-32.55479],[-71.46122,-32.55563],[-71.46085,-32.5561],[-71.46219,-32.55615]]}},
{"type":"Feature","properties":{"nom_reg":"Valparaíso","nom_prov":"Petorca","nom_com":"Zapallar","sector":"Zapallar","cine_reg":"05","cine_prov":"054","cine_com":"05405"},"geometry":{"type":"LineString","coordinates":[[-71.45989,-32.55041],[-71.45707,-32.55041],[-71.45707,-32.5502],[-71.45562,-32.54993],[-71.45446,-32.54929],[-71.45423,-32.5493],[-71.45409,-32.54955],[-71.45341,-32.54913],[-71.45329,-32.54924],[-71.45344,-32.55008]]}},
{"type":"Feature","properties":{"nom_reg":"Valparaíso","nom_prov":"Petorca","nom_com":"Zapallar","sector":"Cachagua","cine_reg":"05","cine_prov":"054","cine_com":"05405"},"geometry":{"type":"LineString","coordinates":[[-71.44516,-32.57651],[-71.44545,-32.5759],[-71.44655,-32.57571]]}},
{"type":"Feature","properties":{"nom_reg":"Valparaíso","nom_prov":"Petorca","nom_com":"Zapallar","sector":"Zapallar","cine_reg":"05","cine_prov":"054","cine_com":"05405"},"geometry":{"type":"LineString","coordinates":[[-71.464,-32.55382],[-71.46393,-32.55436],[-71.4643,-32.5547],[-71.46456,-32.55488],[-71.4657,-32.55497]]}},
{"type":"Feature","properties":{"nom_reg":"Valparaíso","nom_prov":"Petorca","nom_com":"Zapallar","sector":"Zapallar","cine_reg":"05","cine_prov":"054","cine_com":"05405"},"geometry":{"type":"LineString","coordinates":[[-71.45951,-32.55204],[-71.45861,-32.55482]]}},
{"type":"Feature","properties":{"nom_reg":"Valparaíso","nom_prov":"San Antonio","nom_com":"Algarrobo","sector":"Algarrobo","cine_reg":"05","cine_prov":"056","cine_com":"05602"},"geometry":{"type":"LineString","coordinates":[[-71.6494,-33.34675],[-71.65131,-33.3504]]}},
{"type":"Feature","properties":{"nom_reg":"Biobío","nom_prov":"Arauco","nom_com":"Lebu","sector":"Lebu","cine_reg":"08","cine_prov":"082","cine_com":"08201"},"geometry":{"type":"LineString","coordinates":[[-73.64055,-37.60602],[-73.63855,-37.60561]]}},
{"type":"Feature","properties":{"nom_reg":"Biobío","nom_prov":"Arauco","nom_com":"Lebu","sector":"Lebu","cine_reg":"08","cine_prov":"082","cine_com":"08201"},"geometry":{"type":"LineString","coordinates":[[-73.64197,-37.59046],[-73.63856,-37.59245],[-73.63754,-37.59039],[-73.63576,-37.58828],[-73.63617,-37.58798],[-73.63619,-37.58775],[-73.6356,-37.58583]]}},
{"type":"Feature","properties":{"nom_reg":"Biobío","nom_prov":"Arauco","nom_com":"Lebu","sector":"Lebu","cine_reg":"08","cine_prov":"082","cine_com":"08201"},"geometry":{"type":"LineString","coordinates":[[-73.64357,-37.59311],[-73.6394,-37.5955],[-73.63923,-37.59498],[-73.63868,-37.5945],[-73.63759,-37.59425]]}},
{"type":"Feature","properties":{"nom_reg":"Biobío","nom_prov":"Arauco","nom_com":"Lebu","sector":"Lebu","cine_reg":"08","cine_prov":"082","cine_com":"08201"},"geometry":{"type":"LineString","coordinates":[[-73.64414,-37.61049],[-73.64475,-37.61157],[-73.64603,-37.61239],[-73.64585,-37.61277],[-73.64611,-37.61331],[-73.64746,-37.6137],[-73.64722,-37.61507],[-73.64648,-37.61558],[-73.64647,-37.61653]]}},
{"type":"Feature","properties":{"nom_reg":"Biobío","nom_prov":"Arauco","nom_com":"Lebu","sector":"Lebu","cine_reg":"08","cine_prov":"082","cine_com":"08201"},"geometry":{"type":"LineString","coordinates":[[-73.64267,-37.61277],[-73.64452,-37.61357],[-73.64599,-37.61396],[-73.64597,-37.61482],[-73.64553,-37.61578],[-73.64573,-37.61617],[-73.64631,-37.61662]]}},
{"type":"Feature","properties":{"nom_reg":"Biobío","nom_prov":"Arauco","nom_com":"Lebu","sector":"Lebu","cine_reg":"08","cine_prov":"082","cine_com":"08201"},"geometry":{"type":"LineString","coordinates":[[-73.64772,-37.5986],[-73.64718,-37.6016],[-73.64581,-37.60356],[-73.64608,-37.60382],[-73.64363,-37.60541],[-73.64183,-37.60469],[-73.64008,-37.60502],[-73.63891,-37.60486],[-73.63869,-37.60419]]}},
{"type":"Feature","properties":{"nom_reg":"Biobío","nom_prov":"Arauco","nom_com":"Lebu","sector":"Lebu","cine_reg":"08","cine_prov":"082","cine_com":"08201"},"geometry":{"type":"LineString","coordinates":[[-73.64243,-37.60386],[-73.64207,-37.60402],[-73.64158,-37.60396]]}},
{"type":"Feature","properties":{"nom_reg":"Biobío","nom_prov":"Arauco","nom_com":"Lebu","sector":"Millongue","cine_reg":"08","cine_prov":"082","cine_com":"08201"},"geometry":{"type":"LineString","coordinates":[[-73.63934,-37.55809],[-73.6401,-37.55879]]}},
{"type":"Feature","properties":{"nom_reg":"Biobío","nom_prov":"Arauco","nom_com":"Lebu","sector":"Lebu","cine_reg":"08","cine_prov":"082","cine_com":"08201"},"geometry":{"type":"LineString","coordinates":[[-73.64448,-37.59495],[-73.64023,-37.59735],[-73.64048,-37.59773],[-73.63897,-37.59866]]}},
{"type":"Feature","properties":{"nom_reg":"Biobío","nom_prov":"Arauco","nom_com":"Lebu","sector":"Lebu","cine_reg":"08","cine_prov":"082","cine_com":"08201"},"geometry":{"type":"LineString","coordinates":[[-73.65081,-37.6073],[-73.65151,-37.60805],[-73.65399,-37.6129]]}},
{"type":"Feature","properties":{"nom_reg":"Biobío","nom_prov":"Arauco","nom_com":"Lebu","sector":"Lebu","cine_reg":"08","cine_prov":"082","cine_com":"08201"},"geometry":{"type":"LineString","coordinates":[[-73.65257,-37.60506],[-73.65676,-37.61279],[-73.65676,-37.61365],[-73.65605,-37.61387]]}},
{"type":"Feature","properties":{"nom_reg":"Biobío","nom_prov":"Arauco","nom_com":"Lebu","sector":"Lebu","cine_reg":"08","cine_prov":"082","cine_com":"08201"},"geometry":{"type":"LineString","coordinates":[[-73.65152,-37.60554],[-73.65516,-37.61234],[-73.65568,-37.61372]]}},
{"type":"Feature","properties":{"nom_reg":"Biobío","nom_prov":"Arauco","nom_com":"Lebu","sector":"Lebu","cine_reg":"08","cine_prov":"082","cine_com":"08201"},"geometry":{"type":"LineString","coordinates":[[-73.65949,-37.60745],[-73.6606,-37.60755],[-73.66082,-37.60921],[-73.66464,-37.60807],[-73.66521,-37.60809],[-73.66537,-37.6088]]}},
{"type":"Feature","properties":{"nom_reg":"Biobío","nom_prov":"Arauco","nom_com":"Lebu","sector":"Millongue","cine_reg":"08","cine_prov":"082","cine_com":"08201"},"geometry":{"type":"LineString","coordinates":[[-73.63447,-37.55689],[-73.63374,-37.55746]]}},
{"type":"Feature","properties":{"nom_reg":"Biobío","nom_prov":"Arauco","nom_com":"Lebu","sector":"Lebu","cine_reg":"08","cine_prov":"082","cine_com":"08201"},"geometry":{"type":"LineString","coordinates":[[-73.64656,-37.60784],[-73.64768,-37.60863],[-73.64553,-37.61197]]}},
{"type":"Feature","properties":{"nom_reg":"Biobío","nom_prov":"Arauco","nom_com":"Lebu","sector":"Lebu","cine_reg":"08","cine_prov":"082","cine_com":"08201"},"geometry":{"type":"LineString","coordinates":[[-73.65946,-37.61156],[-73.65989,-37.61314]]}},
{"type":"Feature","properties":{"nom_reg":"Biobío","nom_prov":"Arauco","nom_com":"Lebu","sector":"Lebu","cine_reg":"08","cine_prov":"082","cine_com":"08201"},"geometry":{"type":"LineString","coordinates":[[-73.65494,-37.60428],[-73.65857,-37.61111],[-73.65919,-37.61088]]}},
{"type":"Feature","properties":{"nom_reg":"Biobío","nom_prov":"Arauco","nom_com":"Lebu","sector":"Lebu","cine_reg":"08","cine_prov":"082","cine_com":"08201"},"geometry":{"type":"LineString","coordinates":[[-73.65988,-37.61158],[-73.66025,-37.61308]]}},
{"type":"Feature","properties":{"nom_reg":"Biobío","nom_prov":"Arauco","nom_com":"Lebu","sector":"Quiapo (Lebu)","cine_reg":"08","cine_prov":"082","cine_com":"08201"},"geometry":{"type":"LineString","coordinates":[[-73.59077,-37.45737],[-73.59038,-37.457],[-73.58615,-37.45757],[-73.58472,-37.45738],[-73.58278,-37.45672]]}},
{"type":"Feature","properties":{"nom_reg":"Biobío","nom_prov":"Arauco","nom_com":"Lebu","sector":"Millongue","cine_reg":"08","cine_prov":"082","cine_com":"08201"},"geometry":{"type":"LineString","coordinates":[[-73.63751,-37.5577],[-73.63784,-37.55819],[-73.63772,-37.55856]]}},
{"type":"Feature","properties":{"nom_reg":"Biobío","nom_prov":"Arauco","nom_com":"Cañete","sector":"Huape - Antiquina","cine_reg":"08","cine_prov":"082","cine_com":"08203"},"geometry":{"type":"LineString","coordinates":[[-73.39583,-38.04156],[-73.39839,-38.05275],[-73.39911,-38.05498],[-73.39916,-38.05574],[-73.39856,-38.05714],[-73.4,-38.05734]]}},
{"type":"Feature","properties":{"nom_reg":"Biobío","nom_prov":"Arauco","nom_com":"Cañete","sector":"Huape - Antiquina","cine_reg":"08","cine_prov":"082","cine_com":"08203"},"geometry":{"type":"LineString","coordinates":[[-73.43712,-38.07661],[-73.43617,-38.07607],[-73.43533,-38.07506],[-73.43445,-38.07441],[-73.43295,-38.07415],[-73.43142,-38.07344],[-73.4287,-38.0705],[-73.42762,-38.06971],[-73.42519,-38.06707],[-73.42248,-38.06666],[-73.41898,-38.06404],[-73.41744,-38.06476],[-73.41664,-38.06467],[-73.41424,-38.06349],[-73.41262,-38.06205],[-73.40955,-38.06165],[-73.4061,-38.06062],[-73.40524,-38.05935],[-73.40154,-38.05789]]}},
{"type":"Feature","properties":{"nom_reg":"Biobío","nom_prov":"Arauco","nom_com":"Cañete","sector":"Antiquina - Lleu Lleu","cine_reg":"08","cine_prov":"082","cine_com":"08203"},"geometry":{"type":"LineString","coordinates":[[-73.36738,-38.11142],[-73.3692,-38.11174],[-73.37065,-38.11157],[-73.37346,-38.11167]]}},
{"type":"Feature","properties":{"nom_reg":"Biobío","nom_prov":"Arauco","nom_com":"Cañete","sector":"Antiquina - Lleu Lleu","cine_reg":"08","cine_prov":"082","cine_com":"08203"},"geometry":{"type":"LineString","coordinates":[[-73.36852,-38.11489],[-73.36911,-38.11411],[-73.37018,-38.11372],[-73.37129,-38.11283],[-73.37226,-38.11273],[-73.37246,-38.11246],[-73.3731,-38.11244],[-73.37353,-38.11193]]}},
{"type":"Feature","properties":{"nom_reg":"Biobío","nom_prov":"Arauco","nom_com":"Cañete","sector":"Antiquina - Lleu Lleu","cine_reg":"08","cine_prov":"082","cine_com":"08203"},"geometry":{"type":"LineString","coordinates":[[-73.37207,-38.11586],[-73.37561,-38.11463],[-73.37908,-38.11298],[-73.38028,-38.1111],[-73.38198,-38.10667],[-73.38199,-38.106],[-73.38276,-38.10432],[-73.38211,-38.10438]]}},
{"type":"Feature","properties":{"nom_reg":"Biobío","nom_prov":"Arauco","nom_com":"Cañete","sector":"Antiquina - Lleu Lleu","cine_reg":"08","cine_prov":"082","cine_com":"08203"},"geometry":{"type":"LineString","coordinates":[[-73.37521,-38.11772],[-73.37547,-38.11687],[-73.37469,-38.11563],[-73.37462,-38.11521]]}},
{"type":"Feature","properties":{"nom_reg":"Biobío","nom_prov":"Arauco","nom_com":"Cañete","sector":"Antiquina - Lleu Lleu","cine_reg":"08","cine_prov":"082","cine_com":"08203"},"geometry":{"type":"LineString","coordinates":[[-73.37813,-38.12018],[-73.37861,-38.1178],[-73.379,-38.11682],[-73.37863,-38.11373]]}},
{"type":"Feature","properties":{"nom_reg":"Biobío","nom_prov":"Arauco","nom_com":"Cañete","sector":"Antiquina - Lleu Lleu","cine_reg":"08","cine_prov":"082","cine_com":"08203"},"geometry":{"type":"LineString","coordinates":[[-73.38727,-38.11474],[-73.38703,-38.11367],[-73.38715,-38.11183],[-73.38753,-38.10949],[-73.3874,-38.10927],[-73.38158,-38.1087]]}},
{"type":"Feature","properties":{"nom_reg":"Biobío","nom_prov":"Arauco","nom_com":"Cañete","sector":"Antiquina - Lleu Lleu","cine_reg":"08","cine_prov":"082","cine_com":"08203"},"geometry":{"type":"LineString","coordinates":[[-73.39093,-38.11674],[-73.39127,-38.11549],[-73.39051,-38.11314],[-73.38816,-38.09675]]}},
{"type":"Feature","properties":{"nom_reg":"Biobío","nom_prov":"Arauco","nom_com":"Cañete","sector":"Antiquina - Lleu Lleu","cine_reg":"08","cine_prov":"082","cine_com":"08203"},"geometry":{"type":"LineString","coordinates":[[-73.3878,-38.11606],[-73.39035,-38.11658],[-73.39087,-38.11625]]}},
{"type":"Feature","properties":{"nom_reg":"Biobío","nom_prov":"Arauco","nom_com":"Cañete","sector":"Antiquina - Lleu Lleu","cine_reg":"08","cine_prov":"082","cine_com":"08203"},"geometry":{"type":"LineString","coordinates":[[-73.38725,-38.11849],[-73.38776,-38.11821],[-73.38846,-38.11706],[-73.38924,-38.11658]]}},
{"type":"Feature","properties":{"nom_reg":"Biobío","nom_prov":"Arauco","nom_com":"Cañete","sector":"Antiquina - Lleu Lleu","cine_reg":"08","cine_prov":"082","cine_com":"08203"},"geometry":{"type":"LineString","coordinates":[[-73.40167,-38.09804],[-73.40146,-38.09863],[-73.40068,-38.09901],[-73.39927,-38.09885],[-73.39906,-38.10319]]}},
{"type":"Feature","properties":{"nom_reg":"Biobío","nom_prov":"Arauco","nom_com":"Cañete","sector":"Antiquina - Lleu Lleu","cine_reg":"08","cine_prov":"082","cine_com":"08203"},"geometry":{"type":"LineString","coordinates":[[-73.41027,-38.1097],[-73.40938,-38.10998],[-73.40903,-38.10973],[-73.40874,-38.1093],[-73.40828,-38.10905],[-73.4069,-38.10729],[-73.40618,-38.10679],[-73.40553,-38.10603],[-73.4051,-38.10584],[-73.40514,-38.10572]]}},
{"type":"Feature","properties":{"nom_reg":"Biobío","nom_prov":"Arauco","nom_com":"Cañete","sector":"Antiquina - Lleu Lleu","cine_reg":"08","cine_prov":"082","cine_com":"08203"},"geometry":{"type":"LineString","coordinates":[[-73.43504,-38.11991],[-73.43483,-38.11887],[-73.42921,-38.11263],[-73.42572,-38.11382],[-73.42171,-38.11477],[-73.41951,-38.11436],[-73.41932,-38.11414],[-73.41906,-38.11309],[-73.41851,-38.1125],[-73.41821,-38.11133],[-73.41782,-38.11073],[-73.41534,-38.108],[-73.41447,-38.10763],[-73.41387,-38.10686],[-73.41357,-38.10607],[-73.41258,-38.10525],[-73.41195,-38.10441],[-73.41108,-38.10399],[-73.41045,-38.10329]]}},
{"type":"Feature","properties":{"nom_reg":"Biobío","nom_prov":"Arauco","nom_com":"Cañete","sector":"Antiquina - Lleu Lleu","cine_reg":"08","cine_prov":"082","cine_com":"08203"},"geometry":{"type":"LineString","coordinates":[[-73.42855,-38.09691],[-73.42655,-38.09769],[-73.42566,-38.09689],[-73.41377,-38.10357],[-73.4129,-38.1034],[-73.41227,-38.10356],[-73.41129,-38.10299],[-73.40962,-38.10321],[-73.40708,-38.10468],[-73.4071,-38.10519],[-73.40583,-38.10563],[-73.40524,-38.10559],[-73.40417,-38.10474],[-73.40359,-38.10456],[-73.40274,-38.1046],[-73.40165,-38.10405],[-73.3892,-38.10163]]}},
{"type":"Feature","properties":{"nom_reg":"Biobío","nom_prov":"Arauco","nom_com":"Cañete","sector":"Antiquina - Lleu Lleu","cine_reg":"08","cine_prov":"082","cine_com":"08203"},"geometry":{"type":"LineString","coordinates":[[-73.43491,-38.10437],[-73.43549,-38.10025],[-73.4361,-38.09734],[-73.43671,-38.08965],[-73.43184,-38.08743],[-73.4257,-38.08506],[-73.41925,-38.08851],[-73.41385,-38.08426],[-73.41062,-38.08401],[-73.40796,-38.08332],[-73.40738,-38.08284]]}},
{"type":"Feature","properties":{"nom_reg":"Biobío","nom_prov":"Arauco","nom_com":"Cañete","sector":"Antiquina - Lleu Lleu","cine_reg":"08","cine_prov":"082","cine_com":"08203"},"geometry":{"type":"LineString","coordinates":[[-73.44872,-38.09805],[-73.44856,-38.0985],[-73.44799,-38.09893],[-73.43659,-38.09744]]}},
{"type":"Feature","properties":{"nom_reg":"Biobío","nom_prov":"Arauco","nom_com":"Cañete","sector":"Huape - Antiquina","cine_reg":"08","cine_prov":"082","cine_com":"08203"},"geometry":{"type":"LineString","coordinates":[[-73.40783,-38.06723],[-73.40519,-38.06662],[-73.40505,-38.06576],[-73.40162,-38.06493]]}},
{"type":"Feature","properties":{"nom_reg":"Biobío","nom_prov":"Arauco","nom_com":"Cañete","sector":"Huape - Antiquina","cine_reg":"08","cine_prov":"082","cine_com":"08203"},"geometry":{"type":"LineString","coordinates":[[-73.41331,-38.0699],[-73.41391,-38.06965],[-73.41441,-38.07015],[-73.41478,-38.06982],[-73.41444,-38.06883],[-73.4149,-38.06733],[-73.41462,-38.066],[-73.41408,-38.06513],[-73.41407,-38.06393]]}},
{"type":"Feature","properties":{"nom_reg":"Biobío","nom_prov":"Arauco","nom_com":"Cañete","sector":"Huape - Antiquina","cine_reg":"08","cine_prov":"082","cine_com":"08203"},"geometry":{"type":"LineString","coordinates":[[-73.3981,-38.04578],[-73.39991,-38.05356],[-73.39906,-38.05371]]}},
{"type":"Feature","properties":{"nom_reg":"Biobío","nom_prov":"Arauco","nom_com":"Cañete","sector":"Huape - Antiquina","cine_reg":"08","cine_prov":"082","cine_com":"08203"},"geometry":{"type":"LineString","coordinates":[[-73.44872,-38.05344],[-73.44686,-38.05328],[-73.4456,-38.05412],[-73.44414,-38.05476],[-73.44348,-38.05478],[-73.44315,-38.05511],[-73.44074,-38.05527],[-73.43992,-38.05554],[-73.43788,-38.05693],[-73.43646,-38.05682],[-73.43492,-38.05548],[-73.43395,-38.05527],[-73.43268,-38.05451],[-73.43058,-38.0536],[-73.4293,-38.0535],[-73.42843,-38.05204],[-73.42866,-38.05163],[-73.42828,-38.05096],[-73.42766,-38.05047],[-73.41654,-38.04367]]}},
{"type":"Feature","properties":{"nom_reg":"Biobío","nom_prov":"Arauco","nom_com":"Cañete","sector":"Huape - Antiquina","cine_reg":"08","cine_prov":"082","cine_com":"08203"},"geometry":{"type":"LineString","coordinates":[[-73.42101,-38.02593],[-73.42025,-38.0283],[-73.4196,-38.03282],[-73.41845,-38.03554],[-73.41637,-38.04323],[-73.41471,-38.04608],[-73.41361,-38.04699],[-73.41324,-38.04848],[-73.41292,-38.04875],[-73.41195,-38.04892],[-73.41148,-38.04917],[-73.41046,-38.0502],[-73.40879,-38.05148],[-73.40601,-38.05019],[-73.4045,-38.05043],[-73.40036,-38.05155]]}},
{"type":"Feature","properties":{"nom_reg":"Biobío","nom_prov":"Arauco","nom_com":"Cañete","sector":"Huape - Antiquina","cine_reg":"08","cine_prov":"082","cine_com":"08203"},"geometry":{"type":"LineString","coordinates":[[-73.39483,-38.03307],[-73.39819,-38.0293],[-73.39684,-38.02587],[-73.39632,-38.02502]]}},
{"type":"Feature","properties":{"nom_reg":"Biobío","nom_prov":"Arauco","nom_com":"Cañete","sector":"Paicaví - Huentelolén - Collico","cine_reg":"08","cine_prov":"082","cine_com":"08203"},"geometry":{"type":"LineString","coordinates":[[-73.42588,-37.9567],[-73.42671,-37.95635],[-73.42627,-37.95577]]}},
{"type":"Feature","properties":{"nom_reg":"Biobío","nom_prov":"Arauco","nom_com":"Cañete","sector":"Paicaví - Huentelolén - Collico","cine_reg":"08","cine_prov":"082","cine_com":"08203"},"geometry":{"type":"LineString","coordinates":[[-73.42543,-37.95601],[-73.42694,-37.95537],[-73.42712,-37.95558],[-73.42815,-37.9551],[-73.43085,-37.95442]]}},
{"type":"Feature","properties":{"nom_reg":"Biobío","nom_prov":"Arauco","nom_com":"Cañete","sector":"Paicaví - Huentelolén - Collico","cine_reg":"08","cine_prov":"082","cine_com":"08203"},"geometry":{"type":"LineString","coordinates":[[-73.4278,-37.9569],[-73.42879,-37.95659],[-73.42953,-37.95793]]}},
{"type":"Feature","properties":{"nom_reg":"Biobío","nom_prov":"Arauco","nom_com":"Cañete","sector":"Paicaví - Huentelolén - Collico","cine_reg":"08","cine_prov":"082","cine_com":"08203"},"geometry":{"type":"LineString","coordinates":[[-73.43019,-37.95854],[-73.42964,-37.95814]]}},
{"type":"Feature","properties":{"nom_reg":"Biobío","nom_prov":"Arauco","nom_com":"Cañete","sector":"Paicaví - Huentelolén - Collico","cine_reg":"08","cine_prov":"082","cine_com":"08203"},"geometry":{"type":"LineString","coordinates":[[-73.42232,-37.93628],[-73.42068,-37.93658],[-73.42045,-37.93678],[-73.42438,-37.94913]]}},
{"type":"Feature","properties":{"nom_reg":"Biobío","nom_prov":"Arauco","nom_com":"Cañete","sector":"Paicaví - Huentelolén - Collico","cine_reg":"08","cine_prov":"082","cine_com":"08203"},"geometry":{"type":"LineString","coordinates":[[-73.42939,-37.92976],[-73.42967,-37.93016],[-73.4297,-37.93053]]}},
{"type":"Feature","properties":{"nom_reg":"Biobío","nom_prov":"Arauco","nom_com":"Cañete","sector":"Paicaví - Huentelolén - Collico","cine_reg":"08","cine_prov":"082","cine_com":"08203"},"geometry":{"type":"LineString","coordinates":[[-73.4312,-37.92997],[-73.43131,-37.93118]]}},
{"type":"Feature","properties":{"nom_reg":"Biobío","nom_prov":"Arauco","nom_com":"Cañete","sector":"Paicaví - Huentelolén - Collico","cine_reg":"08","cine_prov":"082","cine_com":"08203"},"geometry":{"type":"LineString","coordinates":[[-73.42911,-37.93063],[-73.4297,-37.9306],[-73.42973,-37.93125],[-73.4335,-37.93116]]}},
{"type":"Feature","properties":{"nom_reg":"Biobío","nom_prov":"Arauco","nom_com":"Cañete","sector":"Paicaví - Huentelolén - Collico","cine_reg":"08","cine_prov":"082","cine_com":"08203"},"geometry":{"type":"LineString","coordinates":[[-73.43039,-37.93275],[-73.43063,-37.93313],[-73.43362,-37.93301]]}},
{"type":"Feature","properties":{"nom_reg":"Biobío","nom_prov":"Arauco","nom_com":"Cañete","sector":"Paicaví - Huentelolén - Collico","cine_reg":"08","cine_prov":"082","cine_com":"08203"},"geometry":{"type":"LineString","coordinates":[[-73.43029,-37.93491],[-73.43043,-37.93507],[-73.434,-37.93485]]}},
{"type":"Feature","properties":{"nom_reg":"Biobío","nom_prov":"Arauco","nom_com":"Cañete","sector":"Paicaví - Huentelolén - Collico","cine_reg":"08","cine_prov":"082","cine_com":"08203"},"geometry":{"type":"LineString","coordinates":[[-73.43212,-37.93649],[-73.43419,-37.93578]]}},
{"type":"Feature","properties":{"nom_reg":"Biobío","nom_prov":"Arauco","nom_com":"Cañete","sector":"Lloncao","cine_reg":"08","cine_prov":"082","cine_com":"08203"},"geometry":{"type":"LineString","coordinates":[[-73.43475,-37.91709],[-73.44312,-37.9063]]}},
{"type":"Feature","properties":{"nom_reg":"Biobío","nom_prov":"Arauco","nom_com":"Cañete","sector":"Paicaví - Huentelolén - Collico","cine_reg":"08","cine_prov":"082","cine_com":"08203"},"geometry":{"type":"LineString","coordinates":[[-73.44082,-37.9291],[-73.43964,-37.92846],[-73.439,-37.92576]]}},
{"type":"Feature","properties":{"nom_reg":"Biobío","nom_prov":"Arauco","nom_com":"Cañete","sector":"Lloncao","cine_reg":"08","cine_prov":"082","cine_com":"08203"},"geometry":{"type":"LineString","coordinates":[[-73.43547,-37.90585],[-73.43742,-37.90461]]}},
{"type":"Feature","properties":{"nom_reg":"Biobío","nom_prov":"Arauco","nom_com":"Cañete","sector":"Lloncao","cine_reg":"08","cine_prov":"082","cine_com":"08203"},"geometry":{"type":"LineString","coordinates":[[-73.51915,-37.90786],[-73.51889,-37.90705],[-73.51805,-37.9066],[-73.51693,-37.90633],[-73.51492,-37.90617],[-73.51322,-37.90668],[-73.51251,-37.9067],[-73.51128,-37.90702],[-73.51017,-37.90689],[-73.50993,-37.9068],[-73.50959,-37.90628],[-73.50927,-37.90521],[-73.50612,-37.90467],[-73.50515,-37.90407],[-73.50439,-37.90313],[-73.5017,-37.90315],[-73.50131,-37.90304],[-73.50106,-37.90277],[-73.4974,-37.90158],[-73.49536,-37.90133],[-73.49449,-37.90073],[-73.49045,-37.89957],[-73.48881,-37.89889],[-73.48793,-37.89899],[-73.48754,-37.89887],[-73.48447,-37.89685],[-73.48364,-37.89606],[-73.48123,-37.89317],[-73.47878,-37.89145],[-73.47826,-37.89131],[-73.4772,-37.89164],[-73.47474,-37.8911],[-73.47142,-37.8895],[-73.47078,-37.88897],[-73.47017,-37.8888],[-73.46938,-37.88826]]}},
{"type":"Feature","properties":{"nom_reg":"Biobío","nom_prov":"Arauco","nom_com":"Cañete","sector":"Lloncao","cine_reg":"08","cine_prov":"082","cine_com":"08203"},"geometry":{"type":"LineString","coordinates":[[-73.47612,-37.90236],[-73.47425,-37.90368],[-73.47205,-37.90454],[-73.47072,-37.90535],[-73.4655,-37.90747],[-73.45387,-37.90855],[-73.44853,-37.90888],[-73.44688,-37.90855],[-73.4461,-37.90817],[-73.44528,-37.90579],[-73.44334,-37.9062]]}},
{"type":"Feature","properties":{"nom_reg":"Biobío","nom_prov":"Arauco","nom_com":"Cañete","sector":"Paicaví - Huentelolén - Collico","cine_reg":"08","cine_prov":"082","cine_com":"08203"},"geometry":{"type":"LineString","coordinates":[[-73.49684,-37.93799],[-73.49494,-37.93661],[-73.49334,-37.93616],[-73.49266,-37.93616],[-73.49077,-37.93666],[-73.48963,-37.9367],[-73.48571,-37.93848],[-73.48344,-37.93935],[-73.48294,-37.93934],[-73.48239,-37.9396],[-73.48175,-37.94016],[-73.48174,-37.94138],[-73.48038,-37.94388],[-73.47955,-37.94487],[-73.47869,-37.94521],[-73.47722,-37.94538],[-73.4765,-37.94515],[-73.4744,-37.94561],[-73.47309,-37.9445],[-73.47267,-37.94434],[-73.46841,-37.94529],[-73.46752,-37.94561],[-73.46652,-37.94643],[-73.46581,-37.94635],[-73.46422,-37.94501],[-73.46322,-37.94461],[-73.46226,-37.94373],[-73.4596,-37.93936],[-73.45843,-37.93865],[-73.45697,-37.93822],[-73.45619,-37.93819],[-73.45463,-37.93574],[-73.4536,-37.93336],[-73.45161,-37.92697],[-73.45013,-37.92359],[-73.44979,-37.92338],[-73.4493,-37.92321],[-73.44886,-37.92353],[-73.44875,-37.92437],[-73.44801,-37.92488],[-73.44801,-37.92579],[-73.4472,-37.92676],[-73.44598,-37.92683],[-73.43666,-37.92472],[-73.43491,-37.92508],[-73.43471,-37.92488],[-73.4346,-37.92413],[-73.43333,-37.92432],[-73.43286,-37.92455],[-73.43323,-37.92621]]}},
{"type":"Feature","properties":{"nom_reg":"Biobío","nom_prov":"Arauco","nom_com":"Cañete","sector":"Paicaví - Huentelolén - Collico","cine_reg":"08","cine_prov":"082","cine_com":"08203"},"geometry":{"type":"LineString","coordinates":[[-73.43999,-37.95016],[-73.43861,-37.94933],[-73.43772,-37.94928],[-73.43639,-37.94608],[-73.43371,-37.93293],[-73.43355,-37.93018],[-73.43396,-37.92862],[-73.43323,-37.92647],[-73.42949,-37.92577]]}},
{"type":"Feature","properties":{"nom_reg":"Biobío","nom_prov":"Arauco","nom_com":"Cañete","sector":"Paicaví - Huentelolén - Collico","cine_reg":"08","cine_prov":"082","cine_com":"08203"},"geometry":{"type":"LineString","coordinates":[[-73.42766,-37.95883],[-73.42941,-37.95825],[-73.42971,-37.95779],[-73.43042,-37.95721],[-73.43201,-37.95651],[-73.43056,-37.95337],[-73.4297,-37.95192],[-73.42956,-37.9506],[-73.42813,-37.95049],[-73.42047,-37.9483],[-73.41951,-37.94841]]}},
{"type":"Feature","properties":{"nom_reg":"Biobío","nom_prov":"Arauco","nom_com":"Cañete","sector":"Paicaví - Huentelolén - Collico","cine_reg":"08","cine_prov":"082","cine_com":"08203"},"geometry":{"type":"LineString","coordinates":[[-73.47441,-37.99255],[-73.4755,-37.99281],[-73.47727,-37.9898],[-73.47705,-37.98813],[-73.47753,-37.98741],[-73.47841,-37.98664],[-73.47862,-37.98619],[-73.47856,-37.98575],[-73.47902,-37.98489],[-73.47815,-37.98333],[-73.47796,-37.98238],[-73.47757,-37.98184],[-73.475,-37.98111],[-73.47209,-37.98138],[-73.45613,-37.98214],[-73.45596,-37.98206],[-73.45546,-37.98083],[-73.45544,-37.97868],[-73.45582,-37.97739],[-73.45382,-37.97569],[-73.45237,-37.97403],[-73.45087,-37.97171],[-73.45006,-37.97093],[-73.44553,-37.96714],[-73.4438,-37.9664],[-73.44246,-37.96558],[-73.4414,-37.96476],[-73.43953,-37.96293],[-73.43898,-37.96263],[-73.43717,-37.96223],[-73.43679,-37.96146],[-73.43625,-37.96182],[-73.43529,-37.96176],[-73.43468,-37.962],[-73.43393,-37.96268],[-73.43338,-37.96294],[-73.43295,-37.96358],[-73.43199,-37.96417],[-73.43031,-37.96331],[-73.42724,-37.96208],[-73.42631,-37.96137],[-73.42558,-37.96115],[-73.41988,-37.96056]]}},
{"type":"Feature","properties":{"nom_reg":"Biobío","nom_prov":"Arauco","nom_com":"Cañete","sector":"Paicaví - Huentelolén - Collico","cine_reg":"08","cine_prov":"082","cine_com":"08203"},"geometry":{"type":"LineString","coordinates":[[-73.42758,-37.9729],[-73.42711,-37.97312],[-73.42149,-37.9729],[-73.41963,-37.97377],[-73.41885,-37.97385]]}},
{"type":"Feature","properties":{"nom_reg":"Biobío","nom_prov":"Arauco","nom_com":"Cañete","sector":"Paicaví - Huentelolén - Collico","cine_reg":"08","cine_prov":"082","cine_com":"08203"},"geometry":{"type":"LineString","coordinates":[[-73.4241,-37.97809],[-73.42339,-37.97596],[-73.42325,-37.9749],[-73.41954,-37.97443],[-73.4196,-37.97389]]}},
{"type":"Feature","properties":{"nom_reg":"Biobío","nom_prov":"Arauco","nom_com":"Cañete","sector":"Paicaví - Huentelolén - Collico","cine_reg":"08","cine_prov":"082","cine_com":"08203"},"geometry":{"type":"LineString","coordinates":[[-73.42704,-37.98847],[-73.42664,-37.98647],[-73.42551,-37.98378],[-73.42519,-37.98228],[-73.42342,-37.98199],[-73.42203,-37.98225],[-73.42094,-37.98222],[-73.42034,-37.9819]]}},
{"type":"Feature","properties":{"nom_reg":"Biobío","nom_prov":"Arauco","nom_com":"Cañete","sector":"Puañil","cine_reg":"08","cine_prov":"082","cine_com":"08203"},"geometry":{"type":"LineString","coordinates":[[-73.42593,-38.00926],[-73.42582,-38.00857],[-73.42472,-38.0069],[-73.42287,-38.00529],[-73.4222,-38.00494],[-73.42155,-38.00501],[-73.42067,-38.00447],[-73.41803,-38.00334],[-73.41652,-38.00168]]}},
{"type":"Feature","properties":{"nom_reg":"Biobío","nom_prov":"Arauco","nom_com":"Cañete","sector":"Lloncao","cine_reg":"08","cine_prov":"082","cine_com":"08203"},"geometry":{"type":"LineString","coordinates":[[-73.47385,-37.88729],[-73.47287,-37.88622],[-73.47285,-37.88673],[-73.47211,-37.88693],[-73.47115,-37.88763],[-73.47031,-37.88859]]}},
{"type":"Feature","properties":{"nom_reg":"Biobío","nom_prov":"Arauco","nom_com":"Cañete","sector":"Lloncao","cine_reg":"08","cine_prov":"082","cine_com":"08203"},"geometry":{"type":"LineString","coordinates":[[-73.47019,-37.89145],[-73.47047,-37.89103],[-73.46977,-37.88901],[-73.46993,-37.88887]]}},
{"type":"Feature","properties":{"nom_reg":"Biobío","nom_prov":"Arauco","nom_com":"Cañete","sector":"Lloncao","cine_reg":"08","cine_prov":"082","cine_com":"08203"},"geometry":{"type":"LineString","coordinates":[[-73.4439,-37.90775],[-73.44319,-37.90623],[-73.44083,-37.89979]]}},
{"type":"Feature","properties":{"nom_reg":"Biobío","nom_prov":"Arauco","nom_com":"Cañete","sector":"Lloncao","cine_reg":"08","cine_prov":"082","cine_com":"08203"},"geometry":{"type":"LineString","coordinates":[[-73.43449,-37.90405],[-73.43511,-37.90417],[-73.43585,-37.90369]]}},
{"type":"Feature","properties":{"nom_reg":"Biobío","nom_prov":"Arauco","nom_com":"Cañete","sector":"Paicaví - Huentelolén - Collico","cine_reg":"08","cine_prov":"082","cine_com":"08203"},"geometry":{"type":"LineString","coordinates":[[-73.42829,-37.95209],[-73.42955,-37.95148]]}},
{"type":"Feature","properties":{"nom_reg":"Biobío","nom_prov":"Arauco","nom_com":"Cañete","sector":"Paicaví - Huentelolén - Collico","cine_reg":"08","cine_prov":"082","cine_com":"08203"},"geometry":{"type":"LineString","coordinates":[[-73.42882,-37.95362],[-73.4301,-37.95291]]}},
{"type":"Feature","properties":{"nom_reg":"Biobío","nom_prov":"Arauco","nom_com":"Cañete","sector":"Paicaví - Huentelolén - Collico","cine_reg":"08","cine_prov":"082","cine_com":"08203"},"geometry":{"type":"LineString","coordinates":[[-73.42069,-37.9525],[-73.42055,-37.95172],[-73.41944,-37.94862]]}},
{"type":"Feature","properties":{"nom_reg":"Biobío","nom_prov":"Arauco","nom_com":"Cañete","sector":"Paicaví - Huentelolén - Collico","cine_reg":"08","cine_prov":"082","cine_com":"08203"},"geometry":{"type":"LineString","coordinates":[[-73.41932,-37.95004],[-73.41975,-37.94998]]}},
{"type":"Feature","properties":{"nom_reg":"Biobío","nom_prov":"Arauco","nom_com":"Cañete","sector":"Paicaví - Huentelolén - Collico","cine_reg":"08","cine_prov":"082","cine_com":"08203"},"geometry":{"type":"LineString","coordinates":[[-73.42231,-37.95601],[-73.42191,-37.95555],[-73.41802,-37.95475],[-73.41348,-37.9494],[-73.41876,-37.94854]]}},
{"type":"Feature","properties":{"nom_reg":"Biobío","nom_prov":"Arauco","nom_com":"Cañete","sector":"Paicaví - Huentelolén - Collico","cine_reg":"08","cine_prov":"082","cine_com":"08203"},"geometry":{"type":"LineString","coordinates":[[-73.42133,-37.95423],[-73.41828,-37.95472]]}},
{"type":"Feature","properties":{"nom_reg":"Biobío","nom_prov":"Arauco","nom_com":"Cañete","sector":"Paicaví - Huentelolén - Collico","cine_reg":"08","cine_prov":"082","cine_com":"08203"},"geometry":{"type":"LineString","coordinates":[[-73.43073,-37.96839],[-73.43084,-37.96715],[-73.43185,-37.96583],[-73.43218,-37.96434]]}},
{"type":"Feature","properties":{"nom_reg":"Biobío","nom_prov":"Arauco","nom_com":"Cañete","sector":"Paicaví - Huentelolén - Collico","cine_reg":"08","cine_prov":"082","cine_com":"08203"},"geometry":{"type":"LineString","coordinates":[[-73.41971,-37.96178],[-73.42029,-37.96185],[-73.42068,-37.96171]]}},
{"type":"Feature","properties":{"nom_reg":"Biobío","nom_prov":"Arauco","nom_com":"Cañete","sector":"Paicaví - Huentelolén - Collico","cine_reg":"08","cine_prov":"082","cine_com":"08203"},"geometry":{"type":"LineString","coordinates":[[-73.41956,-37.96547],[-73.41829,-37.96571],[-73.41734,-37.96257],[-73.41574,-37.96277],[-73.4147,-37.95977],[-73.41878,-37.96043]]}},
{"type":"Feature","properties":{"nom_reg":"Biobío","nom_prov":"Arauco","nom_com":"Cañete","sector":"Paicaví - Huentelolén - Collico","cine_reg":"08","cine_prov":"082","cine_com":"08203"},"geometry":{"type":"LineString","coordinates":[[-73.4211,-37.97665],[-73.41804,-37.97652],[-73.41818,-37.97709]]}},
{"type":"Feature","properties":{"nom_reg":"Biobío","nom_prov":"Arauco","nom_com":"Cañete","sector":"Huape - Antiquina","cine_reg":"08","cine_prov":"082","cine_com":"08203"},"geometry":{"type":"LineString","coordinates":[[-73.39515,-38.03857],[-73.39265,-38.02817]]}},
{"type":"Feature","properties":{"nom_reg":"Biobío","nom_prov":"Arauco","nom_com":"Cañete","sector":"Paicaví - Huentelolén - Collico","cine_reg":"08","cine_prov":"082","cine_com":"08203"},"geometry":{"type":"LineString","coordinates":[[-73.42483,-37.96212],[-73.42458,-37.96128]]}},
{"type":"Feature","properties":{"nom_reg":"Biobío","nom_prov":"Arauco","nom_com":"Cañete","sector":"Paicaví - Huentelolén - Collico","cine_reg":"08","cine_prov":"082","cine_com":"08203"},"geometry":{"type":"LineString","coordinates":[[-73.42545,-37.96699],[-73.42474,-37.96533],[-73.42599,-37.96496],[-73.42536,-37.96367],[-73.4237,-37.96403],[-73.42286,-37.96117]]}},
{"type":"Feature","properties":{"nom_reg":"Biobío","nom_prov":"Arauco","nom_com":"Cañete","sector":"Paicaví - Huentelolén - Collico","cine_reg":"08","cine_prov":"082","cine_com":"08203"},"geometry":{"type":"LineString","coordinates":[[-73.42031,-37.9629],[-73.42106,-37.96278],[-73.4206,-37.96097]]}},
{"type":"Feature","properties":{"nom_reg":"Biobío","nom_prov":"Arauco","nom_com":"Cañete","sector":"Paicaví - Huentelolén - Collico","cine_reg":"08","cine_prov":"082","cine_com":"08203"},"geometry":{"type":"LineString","coordinates":[[-73.42003,-37.96226],[-73.42026,-37.96192]]}},
{"type":"Feature","properties":{"nom_reg":"Biobío","nom_prov":"Arauco","nom_com":"Cañete","sector":"Lloncao","cine_reg":"08","cine_prov":"082","cine_com":"08203"},"geometry":{"type":"LineString","coordinates":[[-73.43322,-37.90205],[-73.43383,-37.90249],[-73.43484,-37.90265],[-73.43641,-37.90399],[-73.43671,-37.90383],[-73.4368,-37.90401],[-73.43724,-37.90417],[-73.43822,-37.9058],[-73.43898,-37.90669],[-73.43956,-37.90799],[-73.44296,-37.90602]]}},
{"type":"Feature","properties":{"nom_reg":"Biobío","nom_prov":"Arauco","nom_com":"Cañete","sector":"Lloncao","cine_reg":"08","cine_prov":"082","cine_com":"08203"},"geometry":{"type":"LineString","coordinates":[[-73.46299,-37.87885],[-73.46162,-37.87892],[-73.46018,-37.87917],[-73.4599,-37.87938],[-73.45964,-37.88035],[-73.45976,-37.88106],[-73.4596,-37.88284],[-73.4597,-37.88313]]}},
{"type":"Feature","properties":{"nom_reg":"Biobío","nom_prov":"Arauco","nom_com":"Arauco","sector":"Horcones - Carampangue","cine_reg":"08","cine_prov":"082","cine_com":"08202"},"geometry":{"type":"LineString","coordinates":[[-73.23752,-37.25672],[-73.23515,-37.25585],[-73.23386,-37.2555],[-73.23153,-37.25518],[-73.22124,-37.2522],[-73.22003,-37.25265],[-73.2188,-37.25367],[-73.21968,-37.25499]]}},
{"type":"Feature","properties":{"nom_reg":"Biobío","nom_prov":"Arauco","nom_com":"Arauco","sector":"Horcones - Carampangue","cine_reg":"08","cine_prov":"082","cine_com":"08202"},"geometry":{"type":"LineString","coordinates":[[-73.23325,-37.25731],[-73.22521,-37.25882],[-73.22364,-37.25967],[-73.22134,-37.26235],[-73.22105,-37.26147],[-73.2214,-37.25975],[-73.22128,-37.25822],[-73.22098,-37.25698],[-73.22068,-37.25641],[-73.21993,-37.25597]]}},
{"type":"Feature","properties":{"nom_reg":"Biobío","nom_prov":"Arauco","nom_com":"Arauco","sector":"Arauco","cine_reg":"08","cine_prov":"082","cine_com":"08202"},"geometry":{"type":"LineString","coordinates":[[-73.34106,-37.24679],[-73.34083,-37.24898],[-73.3425,-37.25016]]}},
{"type":"Feature","properties":{"nom_reg":"Biobío","nom_prov":"Arauco","nom_com":"Arauco","sector":"Horcones - Carampangue","cine_reg":"08","cine_prov":"082","cine_com":"08202"},"geometry":{"type":"LineString","coordinates":[[-73.23927,-37.25718],[-73.24092,-37.25702],[-73.24325,-37.25736],[-73.24801,-37.25843],[-73.24772,-37.26061],[-73.24695,-37.26054],[-73.24693,-37.2604],[-73.24593,-37.2602],[-73.24595,-37.26114],[-73.24467,-37.26091]]}},
{"type":"Feature","properties":{"nom_reg":"Biobío","nom_prov":"Arauco","nom_com":"Arauco","sector":"Horcones - Carampangue","cine_reg":"08","cine_prov":"082","cine_com":"08202"},"geometry":{"type":"LineString","coordinates":[[-73.24679,-37.27024],[-73.24654,-37.26868],[-73.24689,-37.26698],[-73.24724,-37.26652],[-73.24739,-37.26326],[-73.24663,-37.26337],[-73.24463,-37.26422],[-73.24436,-37.26441],[-73.24471,-37.26506]]}},
{"type":"Feature","properties":{"nom_reg":"Biobío","nom_prov":"Arauco","nom_com":"Arauco","sector":"Arauco","cine_reg":"08","cine_prov":"082","cine_com":"08202"},"geometry":{"type":"LineString","coordinates":[[-73.32917,-37.24619],[-73.33226,-37.24906],[-73.33258,-37.24956],[-73.33244,-37.25015],[-73.33254,-37.25045],[-73.33362,-37.25099]]}},
{"type":"Feature","properties":{"nom_reg":"Biobío","nom_prov":"Arauco","nom_com":"Arauco","sector":"Arauco","cine_reg":"08","cine_prov":"082","cine_com":"08202"},"geometry":{"type":"LineString","coordinates":[[-73.32201,-37.24262],[-73.32075,-37.24903],[-73.32137,-37.25167],[-73.32151,-37.25294],[-73.3232,-37.25483],[-73.3219,-37.25557],[-73.322,-37.2559],[-73.32232,-37.2565],[-73.32361,-37.25781],[-73.32384,-37.25837],[-73.32461,-37.25924]]}},
{"type":"Feature","properties":{"nom_reg":"Biobío","nom_prov":"Arauco","nom_com":"Arauco","sector":"Arauco","cine_reg":"08","cine_prov":"082","cine_com":"08202"},"geometry":{"type":"LineString","coordinates":[[-73.31509,-37.24146],[-73.31257,-37.25189],[-73.31186,-37.25228],[-73.31211,-37.25271]]}},
{"type":"Feature","properties":{"nom_reg":"Biobío","nom_prov":"Arauco","nom_com":"Arauco","sector":"Horcones - Carampangue","cine_reg":"08","cine_prov":"082","cine_com":"08202"},"geometry":{"type":"LineString","coordinates":[[-73.23298,-37.24673],[-73.23635,-37.25539],[-73.23616,-37.25575]]}},
{"type":"Feature","properties":{"nom_reg":"Biobío","nom_prov":"Arauco","nom_com":"Arauco","sector":"Curaquilla","cine_reg":"08","cine_prov":"082","cine_com":"08202"},"geometry":{"type":"LineString","coordinates":[[-73.40192,-37.24702],[-73.40356,-37.24769],[-73.40441,-37.24889]]}},
{"type":"Feature","properties":{"nom_reg":"Biobío","nom_prov":"Arauco","nom_com":"Arauco","sector":"Las Peñas","cine_reg":"08","cine_prov":"082","cine_com":"08202"},"geometry":{"type":"LineString","coordinates":[[-73.43604,-37.25797],[-73.4367,-37.25993],[-73.43784,-37.26084],[-73.43802,-37.26153],[-73.43772,-37.26201],[-73.43758,-37.26266],[-73.43692,-37.26296],[-73.43533,-37.26323],[-73.43524,-37.26331],[-73.43549,-37.26353]]}},
{"type":"Feature","properties":{"nom_reg":"Biobío","nom_prov":"Arauco","nom_com":"Arauco","sector":"Curaquilla","cine_reg":"08","cine_prov":"082","cine_com":"08202"},"geometry":{"type":"LineString","coordinates":[[-73.38504,-37.24905],[-73.3877,-37.25204],[-73.39086,-37.25428],[-73.39258,-37.25484]]}},
{"type":"Feature","properties":{"nom_reg":"Biobío","nom_prov":"Arauco","nom_com":"Arauco","sector":"Tubul","cine_reg":"08","cine_prov":"082","cine_com":"08202"},"geometry":{"type":"LineString","coordinates":[[-73.44987,-37.22827],[-73.44976,-37.22802],[-73.44984,-37.22771],[-73.45018,-37.22745],[-73.45055,-37.22747]]}},
{"type":"Feature","properties":{"nom_reg":"Biobío","nom_prov":"Arauco","nom_com":"Arauco","sector":"Tubul","cine_reg":"08","cine_prov":"082","cine_com":"08202"},"geometry":{"type":"LineString","coordinates":[[-73.44015,-37.23129],[-73.44604,-37.22975],[-73.44894,-37.22857],[-73.44969,-37.22849],[-73.45145,-37.22919],[-73.45272,-37.22925],[-73.45428,-37.22905],[-73.45458,-37.22825],[-73.4559,-37.22793]]}},
{"type":"Feature","properties":{"nom_reg":"Biobío","nom_prov":"Arauco","nom_com":"Arauco","sector":"Arauco","cine_reg":"08","cine_prov":"082","cine_com":"08202"},"geometry":{"type":"LineString","coordinates":[[-73.28436,-37.24709],[-73.28452,-37.24806],[-73.28436,-37.24871],[-73.28463,-37.24917],[-73.28465,-37.25038]]}},
{"type":"Feature","properties":{"nom_reg":"Biobío","nom_prov":"Arauco","nom_com":"Arauco","sector":"Horcones - Carampangue","cine_reg":"08","cine_prov":"082","cine_com":"08202"},"geometry":{"type":"LineString","coordinates":[[-73.22044,-37.21079],[-73.2136,-37.21352],[-73.20452,-37.22642],[-73.20134,-37.22895],[-73.20063,-37.23036],[-73.20016,-37.23048],[-73.19967,-37.23039]]}},
{"type":"Feature","properties":{"nom_reg":"Biobío","nom_prov":"Arauco","nom_com":"Arauco","sector":"Horcones - Carampangue","cine_reg":"08","cine_prov":"082","cine_com":"08202"},"geometry":{"type":"LineString","coordinates":[[-73.24651,-37.24759],[-73.24574,-37.24865],[-73.24516,-37.25037],[-73.24557,-37.25178],[-73.24443,-37.2553],[-73.24363,-37.25704]]}},
{"type":"Feature","properties":{"nom_reg":"Biobío","nom_prov":"Arauco","nom_com":"Arauco","sector":"Arauco","cine_reg":"08","cine_prov":"082","cine_com":"08202"},"geometry":{"type":"LineString","coordinates":[[-73.3192,-37.24212],[-73.31711,-37.2514],[-73.31678,-37.25244],[-73.31661,-37.25254],[-73.3171,-37.25274],[-73.31778,-37.25365],[-73.31747,-37.254],[-73.31743,-37.25485],[-73.31701,-37.25545],[-73.31704,-37.25617]]}},
{"type":"Feature","properties":{"nom_reg":"Biobío","nom_prov":"Arauco","nom_com":"Arauco","sector":"Arauco","cine_reg":"08","cine_prov":"082","cine_com":"08202"},"geometry":{"type":"LineString","coordinates":[[-73.34608,-37.24702],[-73.34586,-37.24816],[-73.34602,-37.24854],[-73.34761,-37.25047],[-73.34839,-37.25095]]}},
{"type":"Feature","properties":{"nom_reg":"Biobío","nom_prov":"Arauco","nom_com":"Arauco","sector":"Horcones - Carampangue","cine_reg":"08","cine_prov":"082","cine_com":"08202"},"geometry":{"type":"LineString","coordinates":[[-73.24974,-37.21755],[-73.24882,-37.21779],[-73.24588,-37.22041],[-73.24358,-37.22074],[-73.2433,-37.22161],[-73.24222,-37.22216],[-73.24145,-37.22243],[-73.23939,-37.22264],[-73.23857,-37.22302],[-73.23496,-37.22704],[-73.23253,-37.22865],[-73.2316,-37.23089],[-73.23007,-37.2322],[-73.22972,-37.23292],[-73.22867,-37.23363],[-73.22643,-37.23402],[-73.22109,-37.23271],[-73.22038,-37.2327],[-73.21971,-37.23307],[-73.21729,-37.23099],[-73.21563,-37.22874],[-73.208,-37.23522],[-73.20633,-37.23582],[-73.20427,-37.23735]]}},
{"type":"Feature","properties":{"nom_reg":"Biobío","nom_prov":"Arauco","nom_com":"Arauco","sector":"Laraquete","cine_reg":"08","cine_prov":"082","cine_com":"08202"},"geometry":{"type":"LineString","coordinates":[[-73.1807,-37.16725],[-73.17972,-37.16614],[-73.17893,-37.16568],[-73.1781,-37.16596],[-73.17831,-37.1654],[-73.17766,-37.16452],[-73.17712,-37.16409],[-73.17707,-37.16356]]}},
{"type":"Feature","properties":{"nom_reg":"Biobío","nom_prov":"Arauco","nom_com":"Arauco","sector":"Laraquete","cine_reg":"08","cine_prov":"082","cine_com":"08202"},"geometry":{"type":"LineString","coordinates":[[-73.18891,-37.17012],[-73.19437,-37.17908],[-73.18532,-37.18701],[-73.18473,-37.18717],[-73.18117,-37.18711],[-73.17884,-37.18731],[-73.178,-37.18762]]}},
{"type":"Feature","properties":{"nom_reg":"Biobío","nom_prov":"Arauco","nom_com":"Arauco","sector":"Laraquete","cine_reg":"08","cine_prov":"082","cine_com":"08202"},"geometry":{"type":"LineString","coordinates":[[-73.18233,-37.17099],[-73.18174,-37.16993],[-73.18138,-37.16881],[-73.18024,-37.16805],[-73.18034,-37.16749],[-73.17988,-37.16705],[-73.17925,-37.16658],[-73.17887,-37.16653],[-73.17759,-37.16678],[-73.17538,-37.16835],[-73.17406,-37.16903],[-73.17296,-37.16922],[-73.17289,-37.16945],[-73.17325,-37.17001]]}},
{"type":"Feature","properties":{"nom_reg":"Biobío","nom_prov":"Arauco","nom_com":"Arauco","sector":"Laraquete","cine_reg":"08","cine_prov":"082","cine_com":"08202"},"geometry":{"type":"LineString","coordinates":[[-73.18413,-37.16647],[-73.18274,-37.16562],[-73.1812,-37.16437],[-73.18037,-37.16405],[-73.17907,-37.16388],[-73.17884,-37.16367],[-73.17878,-37.16263],[-73.17863,-37.1623],[-73.17769,-37.16171],[-73.17711,-37.16093],[-73.17726,-37.16066],[-73.17799,-37.16041],[-73.17811,-37.16002],[-73.17725,-37.15904],[-73.17668,-37.15922]]}},
{"type":"Feature","properties":{"nom_reg":"Biobío","nom_prov":"Arauco","nom_com":"Arauco","sector":"Laraquete","cine_reg":"08","cine_prov":"082","cine_com":"08202"},"geometry":{"type":"LineString","coordinates":[[-73.18619,-37.16408],[-73.18592,-37.16363],[-73.18419,-37.16311]]}},
{"type":"Feature","properties":{"nom_reg":"Biobío","nom_prov":"Arauco","nom_com":"Arauco","sector":"Laraquete","cine_reg":"08","cine_prov":"082","cine_com":"08202"},"geometry":{"type":"LineString","coordinates":[[-73.18456,-37.16489],[-73.18466,-37.16425],[-73.1845,-37.16362],[-73.18462,-37.16331]]}},
{"type":"Feature","properties":{"nom_reg":"Biobío","nom_prov":"Concepción","nom_com":"San Pedro de la Paz","sector":"San Pedro de la Paz","cine_reg":"08","cine_prov":"081","cine_com":"08108"},"geometry":{"type":"LineString","coordinates":[[-73.13761,-36.83687],[-73.13718,-36.83737],[-73.13531,-36.83834],[-73.13418,-36.8382],[-73.13174,-36.83863]]}},
{"type":"Feature","properties":{"nom_reg":"Biobío","nom_prov":"Concepción","nom_com":"San Pedro de la Paz","sector":"San Pedro de la Paz","cine_reg":"08","cine_prov":"081","cine_com":"08108"},"geometry":{"type":"LineString","coordinates":[[-73.11409,-36.82771],[-73.11433,-36.83037],[-73.11501,-36.83028],[-73.11406,-36.83735],[-73.11368,-36.83735],[-73.11369,-36.83753],[-73.1139,-36.83753],[-73.11393,-36.83786],[-73.11141,-36.838],[-73.11123,-36.83854]]}},
{"type":"Feature","properties":{"nom_reg":"Biobío","nom_prov":"Concepción","nom_com":"San Pedro de la Paz","sector":"San Pedro de la Paz","cine_reg":"08","cine_prov":"081","cine_com":"08108"},"geometry":{"type":"LineString","coordinates":[[-73.13752,-36.83665],[-73.1357,-36.83665],[-73.13508,-36.83689],[-73.13316,-36.83811],[-73.13183,-36.83837],[-73.12985,-36.84036],[-73.12976,-36.84074],[-73.12878,-36.84106],[-73.12966,-36.84283],[-73.13019,-36.84541],[-73.12913,-36.84562]]}},
{"type":"Feature","properties":{"nom_reg":"Biobío","nom_prov":"Concepción","nom_com":"San Pedro de la Paz","sector":"San Pedro de la Paz","cine_reg":"08","cine_prov":"081","cine_com":"08108"},"geometry":{"type":"LineString","coordinates":[[-73.1496,-36.84737],[-73.1402,-36.8471],[-73.14012,-36.8474],[-73.13903,-36.84725],[-73.139,-36.84701],[-73.13379,-36.84698],[-73.13341,-36.84718],[-73.13134,-36.84752],[-73.13144,-36.84798],[-73.1311,-36.84804],[-73.13104,-36.84778],[-73.13075,-36.84793],[-73.1303,-36.84588]]}},
{"type":"Feature","properties":{"nom_reg":"Biobío","nom_prov":"Concepción","nom_com":"San Pedro de la Paz","sector":"San Pedro de la Paz","cine_reg":"08","cine_prov":"081","cine_com":"08108"},"geometry":{"type":"LineString","coordinates":[[-73.14835,-36.84503],[-73.13476,-36.84368],[-73.13304,-36.84404],[-73.13036,-36.84555]]}},
{"type":"Feature","properties":{"nom_reg":"Biobío","nom_prov":"Concepción","nom_com":"San Pedro de la Paz","sector":"San Pedro de la Paz","cine_reg":"08","cine_prov":"081","cine_com":"08108"},"geometry":{"type":"LineString","coordinates":[[-73.14987,-36.83748],[-73.13789,-36.8367]]}},
{"type":"Feature","properties":{"nom_reg":"Biobío","nom_prov":"Concepción","nom_com":"San Pedro de la Paz","sector":"San Pedro de la Paz","cine_reg":"08","cine_prov":"081","cine_com":"08108"},"geometry":{"type":"LineString","coordinates":[[-73.15018,-36.82866],[-73.14144,-36.82844],[-73.14002,-36.82846],[-73.13905,-36.82867],[-73.13877,-36.82955],[-73.13901,-36.8314],[-73.13895,-36.83208],[-73.13802,-36.8347],[-73.13775,-36.83667]]}},
{"type":"Feature","properties":{"nom_reg":"Biobío","nom_prov":"Concepción","nom_com":"San Pedro de la Paz","sector":"San Pedro de la Paz","cine_reg":"08","cine_prov":"081","cine_com":"08108"},"geometry":{"type":"LineString","coordinates":[[-73.12853,-36.84071],[-73.12795,-36.83996],[-73.12693,-36.83914],[-73.12592,-36.83853],[-73.12416,-36.83787],[-73.12214,-36.83749],[-73.11974,-36.83755]]}},
{"type":"Feature","properties":{"nom_reg":"Biobío","nom_prov":"Concepción","nom_com":"San Pedro de la Paz","sector":"San Pedro de la Paz","cine_reg":"08","cine_prov":"081","cine_com":"08108"},"geometry":{"type":"LineString","coordinates":[[-73.12941,-36.82379],[-73.12954,-36.82449],[-73.11854,-36.82872],[-73.11832,-36.83057],[-73.11686,-36.83045]]}},
{"type":"Feature","properties":{"nom_reg":"Biobío","nom_prov":"Concepción","nom_com":"San Pedro de la Paz","sector":"San Pedro de la Paz","cine_reg":"08","cine_prov":"081","cine_com":"08108"},"geometry":{"type":"LineString","coordinates":[[-73.1034,-36.82977],[-73.10284,-36.83013],[-73.10276,-36.83033],[-73.10296,-36.83122],[-73.10075,-36.83139],[-73.10079,-36.83258],[-73.10232,-36.83254],[-73.10171,-36.83702],[-73.10139,-36.83704],[-73.10131,-36.83836],[-73.10114,-36.83853],[-73.10149,-36.83852],[-73.10157,-36.83871],[-73.10122,-36.83876],[-73.10092,-36.83952],[-73.09827,-36.84419],[-73.09664,-36.84425],[-73.09475,-36.84381],[-73.09457,-36.84444],[-73.09385,-36.84498],[-73.09389,-36.84528],[-73.09415,-36.84529]]}},
{"type":"Feature","properties":{"nom_reg":"Biobío","nom_prov":"Concepción","nom_com":"San Pedro de la Paz","sector":"San Pedro de la Paz","cine_reg":"08","cine_prov":"081","cine_com":"08108"},"geometry":{"type":"LineString","coordinates":[[-73.15064,-36.83496],[-73.14937,-36.83484],[-73.14934,-36.83453],[-73.13853,-36.83389]]}},
{"type":"Feature","properties":{"nom_reg":"Biobío","nom_prov":"Concepción","nom_com":"San Pedro de la Paz","sector":"San Pedro de la Paz","cine_reg":"08","cine_prov":"081","cine_com":"08108"},"geometry":{"type":"LineString","coordinates":[[-73.14943,-36.84921],[-73.14656,-36.84908],[-73.14635,-36.84968],[-73.14569,-36.84993],[-73.14068,-36.85068],[-73.13638,-36.85106],[-73.13467,-36.85172],[-73.13564,-36.85458],[-73.13242,-36.85526],[-73.13275,-36.85657],[-73.13086,-36.85671],[-73.12901,-36.8556]]}},
{"type":"Feature","properties":{"nom_reg":"Biobío","nom_prov":"Concepción","nom_com":"San Pedro de la Paz","sector":"San Pedro de la Paz","cine_reg":"08","cine_prov":"081","cine_com":"08108"},"geometry":{"type":"LineString","coordinates":[[-73.13643,-36.8779],[-73.12979,-36.87877]]}},
{"type":"Feature","properties":{"nom_reg":"Biobío","nom_prov":"Concepción","nom_com":"San Pedro de la Paz","sector":"San Pedro de la Paz","cine_reg":"08","cine_prov":"081","cine_com":"08108"},"geometry":{"type":"LineString","coordinates":[[-73.15254,-36.90441],[-73.1452,-36.90549],[-73.14365,-36.90532],[-73.13194,-36.90705],[-73.13151,-36.90755],[-73.13139,-36.90798],[-73.12734,-36.9095],[-73.12694,-36.90794],[-73.12638,-36.90682],[-73.1261,-36.90498],[-73.12583,-36.90495],[-73.12477,-36.90536],[-73.12418,-36.90577],[-73.12402,-36.90618],[-73.12342,-36.90618]]}},
{"type":"Feature","properties":{"nom_reg":"Biobío","nom_prov":"Concepción","nom_com":"San Pedro de la Paz","sector":"San Pedro de la Paz","cine_reg":"08","cine_prov":"081","cine_com":"08108"},"geometry":{"type":"LineString","coordinates":[[-73.1491,-36.89648],[-73.14466,-36.89708],[-73.14409,-36.89703],[-73.14274,-36.89725],[-73.14279,-36.89759],[-73.13256,-36.89901],[-73.13181,-36.89608],[-73.13076,-36.89626],[-73.13051,-36.89654],[-73.12913,-36.89668],[-73.12895,-36.89724],[-73.12821,-36.89677],[-73.12741,-36.89661]]}},
{"type":"Feature","properties":{"nom_reg":"Biobío","nom_prov":"Concepción","nom_com":"San Pedro de la Paz","sector":"San Pedro de la Paz","cine_reg":"08","cine_prov":"081","cine_com":"08108"},"geometry":{"type":"LineString","coordinates":[[-73.12905,-36.8974],[-73.12937,-36.89821],[-73.12927,-36.89841],[-73.12855,-36.89815],[-73.12793,-36.89827],[-73.1276,-36.89806]]}},
{"type":"Feature","properties":{"nom_reg":"Biobío","nom_prov":"Concepción","nom_com":"San Pedro de la Paz","sector":"San Pedro de la Paz","cine_reg":"08","cine_prov":"081","cine_com":"08108"},"geometry":{"type":"LineString","coordinates":[[-73.13265,-36.89189],[-73.13129,-36.89211],[-73.13098,-36.89029],[-73.13028,-36.88834],[-73.13038,-36.88595],[-73.13,-36.88432],[-73.12904,-36.88387],[-73.12706,-36.88411],[-73.1267,-36.88479],[-73.12649,-36.88491],[-73.12578,-36.88477],[-73.12545,-36.88525],[-73.12431,-36.88503],[-73.12373,-36.88517],[-73.12315,-36.88558],[-73.12304,-36.88663]]}},
{"type":"Feature","properties":{"nom_reg":"Biobío","nom_prov":"Concepción","nom_com":"San Pedro de la Paz","sector":"San Pedro de la Paz","cine_reg":"08","cine_prov":"081","cine_com":"08108"},"geometry":{"type":"LineString","coordinates":[[-73.13299,-36.89362],[-73.13137,-36.89391],[-73.13124,-36.89325],[-73.13017,-36.89345],[-73.13046,-36.89554],[-73.1302,-36.89606],[-73.12928,-36.8966]]}},
{"type":"Feature","properties":{"nom_reg":"Biobío","nom_prov":"Concepción","nom_com":"San Pedro de la Paz","sector":"San Pedro de la Paz","cine_reg":"08","cine_prov":"081","cine_com":"08108"},"geometry":{"type":"LineString","coordinates":[[-73.13763,-36.87669],[-73.13527,-36.87702],[-73.13486,-36.87736],[-73.13417,-36.87752],[-73.1335,-36.87727],[-73.12939,-36.87784],[-73.13004,-36.88125]]}},
{"type":"Feature","properties":{"nom_reg":"Biobío","nom_prov":"Concepción","nom_com":"San Pedro de la Paz","sector":"San Pedro de la Paz","cine_reg":"08","cine_prov":"081","cine_com":"08108"},"geometry":{"type":"LineString","coordinates":[[-73.11974,-36.83762],[-73.11993,-36.83962],[-73.11958,-36.84268],[-73.11804,-36.84267],[-73.11803,-36.84303],[-73.11741,-36.844],[-73.11643,-36.8441],[-73.11559,-36.84377],[-73.11491,-36.84385]]}},
{"type":"Feature","properties":{"nom_reg":"Biobío","nom_prov":"Concepción","nom_com":"San Pedro de la Paz","sector":"San Pedro de la Paz","cine_reg":"08","cine_prov":"081","cine_com":"08108"},"geometry":{"type":"LineString","coordinates":[[-73.10104,-36.83875],[-73.09973,-36.83895]]}},
{"type":"Feature","properties":{"nom_reg":"Biobío","nom_prov":"Concepción","nom_com":"San Pedro de la Paz","sector":"San Pedro de la Paz","cine_reg":"08","cine_prov":"081","cine_com":"08108"},"geometry":{"type":"LineString","coordinates":[[-73.10009,-36.84177],[-73.1017,-36.84166],[-73.10171,-36.84199]]}},
{"type":"Feature","properties":{"nom_reg":"Biobío","nom_prov":"Concepción","nom_com":"San Pedro de la Paz","sector":"San Pedro de la Paz","cine_reg":"08","cine_prov":"081","cine_com":"08108"},"geometry":{"type":"LineString","coordinates":[[-73.11608,-36.82726],[-73.11693,-36.82909],[-73.11577,-36.83745],[-73.11522,-36.83759],[-73.11522,-36.83783],[-73.11494,-36.83781],[-73.11498,-36.83795],[-73.11532,-36.83795],[-73.11415,-36.84182],[-73.11158,-36.84196],[-73.11168,-36.84298],[-73.11232,-36.84306],[-73.11288,-36.84339],[-73.11351,-36.84433],[-73.11433,-36.84423],[-73.11445,-36.84408]]}},
{"type":"Feature","properties":{"nom_reg":"Biobío","nom_prov":"Concepción","nom_com":"San Pedro de la Paz","sector":"San Pedro de la Paz","cine_reg":"08","cine_prov":"081","cine_com":"08108"},"geometry":{"type":"LineString","coordinates":[[-73.09881,-36.84413],[-73.10059,-36.84409],[-73.10061,-36.84456],[-73.10085,-36.84455],[-73.101,-36.84665],[-73.10188,-36.84684]]}},
{"type":"Feature","properties":{"nom_reg":"Biobío","nom_prov":"Concepción","nom_com":"San Pedro de la Paz","sector":"San Pedro de la Paz","cine_reg":"08","cine_prov":"081","cine_com":"08108"},"geometry":{"type":"LineString","coordinates":[[-73.14886,-36.85613],[-73.13355,-36.85783],[-73.13622,-36.86916]]}},
{"type":"Feature","properties":{"nom_reg":"Biobío","nom_prov":"Concepción","nom_com":"San Pedro de la Paz","sector":"San Pedro de la Paz","cine_reg":"08","cine_prov":"081","cine_com":"08108"},"geometry":{"type":"LineString","coordinates":[[-73.14862,-36.86758],[-73.13629,-36.86945],[-73.1277,-36.87102],[-73.12345,-36.87412],[-73.12312,-36.87418],[-73.12214,-36.87375],[-73.12116,-36.87227],[-73.12104,-36.87187],[-73.12085,-36.87184],[-73.12172,-36.87428],[-73.12138,-36.87458],[-73.12128,-36.87534],[-73.12085,-36.87555]]}},
{"type":"Feature","properties":{"nom_reg":"Biobío","nom_prov":"Concepción","nom_com":"San Pedro de la Paz","sector":"San Pedro de la Paz","cine_reg":"08","cine_prov":"081","cine_com":"08108"},"geometry":{"type":"LineString","coordinates":[[-73.1522,-36.90323],[-73.14519,-36.90425]]}},
{"type":"Feature","properties":{"nom_reg":"Biobío","nom_prov":"Concepción","nom_com":"San Pedro de la Paz","sector":"San Pedro de la Paz","cine_reg":"08","cine_prov":"081","cine_com":"08108"},"geometry":{"type":"LineString","coordinates":[[-73.14603,-36.90179],[-73.14546,-36.90183],[-73.14427,-36.89728]]}},
{"type":"Feature","properties":{"nom_reg":"Biobío","nom_prov":"Concepción","nom_com":"San Pedro de la Paz","sector":"San Pedro de la Paz","cine_reg":"08","cine_prov":"081","cine_com":"08108"},"geometry":{"type":"LineString","coordinates":[[-73.1506,-36.8997],[-73.1498,-36.89998],[-73.14531,-36.90017]]}},
{"type":"Feature","properties":{"nom_reg":"Biobío","nom_prov":"Concepción","nom_com":"San Pedro de la Paz","sector":"San Pedro de la Paz","cine_reg":"08","cine_prov":"081","cine_com":"08108"},"geometry":{"type":"LineString","coordinates":[[-73.14948,-36.8982],[-73.14471,-36.89851]]}},
{"type":"Feature","properties":{"nom_reg":"Biobío","nom_prov":"Concepción","nom_com":"San Pedro de la Paz","sector":"San Pedro de la Paz","cine_reg":"08","cine_prov":"081","cine_com":"08108"},"geometry":{"type":"LineString","coordinates":[[-73.1489,-36.88984],[-73.14194,-36.89067],[-73.1417,-36.89085],[-73.14183,-36.8916],[-73.14166,-36.89164],[-73.1419,-36.89277],[-73.14157,-36.89284],[-73.14167,-36.89337],[-73.13069,-36.89506]]}},
{"type":"Feature","properties":{"nom_reg":"Biobío","nom_prov":"Concepción","nom_com":"San Pedro de la Paz","sector":"San Pedro de la Paz","cine_reg":"08","cine_prov":"081","cine_com":"08108"},"geometry":{"type":"LineString","coordinates":[[-73.14859,-36.85899],[-73.13983,-36.86],[-73.14071,-36.8635],[-73.1368,-36.86856]]}},
{"type":"Feature","properties":{"nom_reg":"Biobío","nom_prov":"Concepción","nom_com":"San Pedro de la Paz","sector":"San Pedro de la Paz","cine_reg":"08","cine_prov":"081","cine_com":"08108"},"geometry":{"type":"LineString","coordinates":[[-73.14162,-36.88956],[-73.14076,-36.88966],[-73.14125,-36.89163],[-73.13545,-36.8926],[-73.13577,-36.89398]]}},
{"type":"Feature","properties":{"nom_reg":"Biobío","nom_prov":"Concepción","nom_com":"San Pedro de la Paz","sector":"San Pedro de la Paz","cine_reg":"08","cine_prov":"081","cine_com":"08108"},"geometry":{"type":"LineString","coordinates":[[-73.1488,-36.88757],[-73.14157,-36.88834],[-73.14138,-36.88817],[-73.14081,-36.88815],[-73.1408,-36.88783],[-73.14023,-36.88785],[-73.13097,-36.88933]]}},
{"type":"Feature","properties":{"nom_reg":"Biobío","nom_prov":"Concepción","nom_com":"San Pedro de la Paz","sector":"San Pedro de la Paz","cine_reg":"08","cine_prov":"081","cine_com":"08108"},"geometry":{"type":"LineString","coordinates":[[-73.14873,-36.88569],[-73.14536,-36.886],[-73.14471,-36.88574],[-73.14066,-36.88609],[-73.14008,-36.88351]]}},
{"type":"Feature","properties":{"nom_reg":"Biobío","nom_prov":"Concepción","nom_com":"San Pedro de la Paz","sector":"San Pedro de la Paz","cine_reg":"08","cine_prov":"081","cine_com":"08108"},"geometry":{"type":"LineString","coordinates":[[-73.14985,-36.84037],[-73.13864,-36.83941],[-73.13686,-36.8391],[-73.1344,-36.83947],[-73.1342,-36.83861]]}},
{"type":"Feature","properties":{"nom_reg":"Biobío","nom_prov":"Concepción","nom_com":"San Pedro de la Paz","sector":"San Pedro de la Paz","cine_reg":"08","cine_prov":"081","cine_com":"08108"},"geometry":{"type":"LineString","coordinates":[[-73.14095,-36.89547],[-73.13244,-36.89684]]}},
{"type":"Feature","properties":{"nom_reg":"Biobío","nom_prov":"Concepción","nom_com":"San Pedro de la Paz","sector":"San Pedro de la Paz","cine_reg":"08","cine_prov":"081","cine_com":"08108"},"geometry":{"type":"LineString","coordinates":[[-73.13722,-36.88057],[-73.1288,-36.88171],[-73.12904,-36.88255],[-73.12899,-36.88352]]}},
{"type":"Feature","properties":{"nom_reg":"Biobío","nom_prov":"Concepción","nom_com":"San Pedro de la Paz","sector":"San Pedro de la Paz","cine_reg":"08","cine_prov":"081","cine_com":"08108"},"geometry":{"type":"LineString","coordinates":[[-73.14861,-36.87699],[-73.14873,-36.881],[-73.1461,-36.881],[-73.1461,-36.88171]]}},
{"type":"Feature","properties":{"nom_reg":"Biobío","nom_prov":"Concepción","nom_com":"San Pedro de la Paz","sector":"San Pedro de la Paz","cine_reg":"08","cine_prov":"081","cine_com":"08108"},"geometry":{"type":"LineString","coordinates":[[-73.1453,-36.86195],[-73.14108,-36.86238]]}},
{"type":"Feature","properties":{"nom_reg":"Biobío","nom_prov":"Concepción","nom_com":"San Pedro de la Paz","sector":"San Pedro de la Paz","cine_reg":"08","cine_prov":"081","cine_com":"08108"},"geometry":{"type":"LineString","coordinates":[[-73.15216,-36.90219],[-73.14468,-36.90323],[-73.14514,-36.90518]]}},
{"type":"Feature","properties":{"nom_reg":"Biobío","nom_prov":"Concepción","nom_com":"San Pedro de la Paz","sector":"San Pedro de la Paz","cine_reg":"08","cine_prov":"081","cine_com":"08108"},"geometry":{"type":"LineString","coordinates":[[-73.14929,-36.85309],[-73.13836,-36.85418],[-73.13896,-36.85705]]}},
{"type":"Feature","properties":{"nom_reg":"Biobío","nom_prov":"Concepción","nom_com":"San Pedro de la Paz","sector":"San Pedro de la Paz","cine_reg":"08","cine_prov":"081","cine_com":"08108"},"geometry":{"type":"LineString","coordinates":[[-73.13211,-36.82298],[-73.13179,-36.82431],[-73.12984,-36.82618],[-73.12948,-36.82686],[-73.1208,-36.8302],[-73.12008,-36.83508],[-73.11841,-36.83755],[-73.11958,-36.83747]]}},
{"type":"Feature","properties":{"nom_reg":"Biobío","nom_prov":"Concepción","nom_com":"San Pedro de la Paz","sector":"San Pedro de la Paz","cine_reg":"08","cine_prov":"081","cine_com":"08108"},"geometry":{"type":"LineString","coordinates":[[-73.14893,-36.88192],[-73.14222,-36.88243],[-73.14168,-36.88256],[-73.14082,-36.88305],[-73.13968,-36.88331],[-73.13011,-36.88461]]}},
{"type":"Feature","properties":{"nom_reg":"Biobío","nom_prov":"Concepción","nom_com":"San Pedro de la Paz","sector":"San Pedro de la Paz","cine_reg":"08","cine_prov":"081","cine_com":"08108"},"geometry":{"type":"LineString","coordinates":[[-73.15111,-36.83208],[-73.13947,-36.83123]]}},
{"type":"Feature","properties":{"nom_reg":"Biobío","nom_prov":"Concepción","nom_com":"Coronel","sector":"Playa Blanca","cine_reg":"08","cine_prov":"081","cine_com":"08102"},"geometry":{"type":"LineString","coordinates":[[-73.14234,-37.06304],[-73.1421,-37.06316],[-73.14178,-37.06252],[-73.14154,-37.0626],[-73.14185,-37.06334],[-73.14157,-37.06346],[-73.14176,-37.06394],[-73.14166,-37.06402],[-73.14119,-37.06275],[-73.14098,-37.06275],[-73.14021,-37.06363],[-73.1405,-37.06412],[-73.13934,-37.06432],[-73.1389,-37.06398]]}},
{"type":"Feature","properties":{"nom_reg":"Biobío","nom_prov":"Concepción","nom_com":"Coronel","sector":"Playa Blanca","cine_reg":"08","cine_prov":"081","cine_com":"08102"},"geometry":{"type":"LineString","coordinates":[[-73.14017,-37.05824],[-73.14056,-37.05676],[-73.14013,-37.05633],[-73.14018,-37.05593],[-73.13958,-37.05581],[-73.13966,-37.05563],[-73.13942,-37.05533],[-73.13891,-37.05517]]}},
{"type":"Feature","properties":{"nom_reg":"Biobío","nom_prov":"Concepción","nom_com":"Coronel","sector":"Coronel","cine_reg":"08","cine_prov":"081","cine_com":"08102"},"geometry":{"type":"LineString","coordinates":[[-73.14466,-37.03963],[-73.1442,-37.04412],[-73.14228,-37.04564]]}},
{"type":"Feature","properties":{"nom_reg":"Biobío","nom_prov":"Concepción","nom_com":"Coronel","sector":"Coronel","cine_reg":"08","cine_prov":"081","cine_com":"08102"},"geometry":{"type":"LineString","coordinates":[[-73.13753,-37.03536],[-73.13728,-37.03801],[-73.14005,-37.03813]]}},
{"type":"Feature","properties":{"nom_reg":"Biobío","nom_prov":"Concepción","nom_com":"Coronel","sector":"Coronel","cine_reg":"08","cine_prov":"081","cine_com":"08102"},"geometry":{"type":"LineString","coordinates":[[-73.14475,-37.03886],[-73.14078,-37.038]]}},
{"type":"Feature","properties":{"nom_reg":"Biobío","nom_prov":"Concepción","nom_com":"Coronel","sector":"Coronel","cine_reg":"08","cine_prov":"081","cine_com":"08102"},"geometry":{"type":"LineString","coordinates":[[-73.14256,-37.03416],[-73.14054,-37.03773],[-73.13963,-37.03993],[-73.14009,-37.04322],[-73.14253,-37.04651],[-73.14261,-37.04726],[-73.14182,-37.0489],[-73.14201,-37.04896]]}},
{"type":"Feature","properties":{"nom_reg":"Biobío","nom_prov":"Concepción","nom_com":"Coronel","sector":"Coronel","cine_reg":"08","cine_prov":"081","cine_com":"08102"},"geometry":{"type":"LineString","coordinates":[[-73.14451,-37.0327],[-73.14097,-37.03178],[-73.13787,-37.03139],[-73.13811,-37.02828]]}},
{"type":"Feature","properties":{"nom_reg":"Biobío","nom_prov":"Concepción","nom_com":"Coronel","sector":"Coronel","cine_reg":"08","cine_prov":"081","cine_com":"08102"},"geometry":{"type":"LineString","coordinates":[[-73.14609,-37.02883],[-73.14256,-37.0284],[-73.13809,-37.02811],[-73.13813,-37.02684],[-73.137,-37.02712],[-73.13657,-37.02658],[-73.13653,-37.02635],[-73.13723,-37.02607]]}},
{"type":"Feature","properties":{"nom_reg":"Biobío","nom_prov":"Concepción","nom_com":"Coronel","sector":"Playa Blanca","cine_reg":"08","cine_prov":"081","cine_com":"08102"},"geometry":{"type":"LineString","coordinates":[[-73.14373,-37.06663],[-73.1433,-37.06677],[-73.14295,-37.06658],[-73.14181,-37.06656],[-73.14128,-37.0667],[-73.1412,-37.06735],[-73.14134,-37.06745]]}},
{"type":"Feature","properties":{"nom_reg":"Biobío","nom_prov":"Concepción","nom_com":"Coronel","sector":"Coronel","cine_reg":"08","cine_prov":"081","cine_com":"08102"},"geometry":{"type":"LineString","coordinates":[[-73.15886,-36.94399],[-73.15422,-36.94473],[-73.15469,-36.94722],[-73.1509,-36.94749],[-73.15096,-36.9452],[-73.14926,-36.94517],[-73.15026,-36.94156]]}},
{"type":"Feature","properties":{"nom_reg":"Biobío","nom_prov":"Concepción","nom_com":"Coronel","sector":"Coronel","cine_reg":"08","cine_prov":"081","cine_com":"08102"},"geometry":{"type":"LineString","coordinates":[[-73.15805,-36.94114],[-73.15405,-36.94177],[-73.15463,-36.94433]]}},
{"type":"Feature","properties":{"nom_reg":"Biobío","nom_prov":"Concepción","nom_com":"Coronel","sector":"Coronel","cine_reg":"08","cine_prov":"081","cine_com":"08102"},"geometry":{"type":"LineString","coordinates":[[-73.15743,-36.93894],[-73.15351,-36.93955],[-73.15299,-36.93761]]}},
{"type":"Feature","properties":{"nom_reg":"Biobío","nom_prov":"Concepción","nom_com":"Coronel","sector":"Coronel","cine_reg":"08","cine_prov":"081","cine_com":"08102"},"geometry":{"type":"LineString","coordinates":[[-73.15308,-37.02327],[-73.15411,-37.02247],[-73.15419,-37.02223],[-73.15361,-37.02231],[-73.15278,-37.02158],[-73.152,-37.0221],[-73.1512,-37.02177]]}},
{"type":"Feature","properties":{"nom_reg":"Biobío","nom_prov":"Concepción","nom_com":"Coronel","sector":"Coronel","cine_reg":"08","cine_prov":"081","cine_com":"08102"},"geometry":{"type":"LineString","coordinates":[[-73.16,-36.93627],[-73.15244,-36.93744],[-73.15323,-36.94059],[-73.15082,-36.94129],[-73.15017,-36.94123],[-73.14975,-36.94057],[-73.14956,-36.93984],[-73.14853,-36.9391],[-73.14684,-36.93868],[-73.14623,-36.93882],[-73.14542,-36.93949]]}},
{"type":"Feature","properties":{"nom_reg":"Biobío","nom_prov":"Concepción","nom_com":"Coronel","sector":"Coronel","cine_reg":"08","cine_prov":"081","cine_com":"08102"},"geometry":{"type":"LineString","coordinates":[[-73.14991,-37.02574],[-73.14808,-37.02492],[-73.1486,-37.02443],[-73.14851,-37.02437],[-73.14681,-37.02463],[-73.14494,-37.02522]]}},
{"type":"Feature","properties":{"nom_reg":"Biobío","nom_prov":"Concepción","nom_com":"Coronel","sector":"Coronel","cine_reg":"08","cine_prov":"081","cine_com":"08102"},"geometry":{"type":"LineString","coordinates":[[-73.14708,-37.0041],[-73.14377,-37.00692],[-73.14251,-37.0076],[-73.1425,-37.00781]]}},
{"type":"Feature","properties":{"nom_reg":"Biobío","nom_prov":"Concepción","nom_com":"Coronel","sector":"Coronel","cine_reg":"08","cine_prov":"081","cine_com":"08102"},"geometry":{"type":"LineString","coordinates":[[-73.1668,-37.00106],[-73.1625,-37.00062],[-73.1624,-37.00106],[-73.1616,-37.00098],[-73.16137,-37.00066],[-73.1564,-37.00003],[-73.15628,-36.9997]]}},
{"type":"Feature","properties":{"nom_reg":"Biobío","nom_prov":"Concepción","nom_com":"Coronel","sector":"Coronel","cine_reg":"08","cine_prov":"081","cine_com":"08102"},"geometry":{"type":"LineString","coordinates":[[-73.17633,-36.99633],[-73.17029,-36.99797],[-73.16991,-36.99862],[-73.16876,-36.99801],[-73.16874,-36.99817],[-73.16802,-36.99812],[-73.16323,-36.99736],[-73.16332,-36.99699],[-73.1581,-36.99641],[-73.15765,-36.99914]]}},
{"type":"Feature","properties":{"nom_reg":"Biobío","nom_prov":"Concepción","nom_com":"Coronel","sector":"Coronel","cine_reg":"08","cine_prov":"081","cine_com":"08102"},"geometry":{"type":"LineString","coordinates":[[-73.17679,-36.99275],[-73.17797,-36.99577],[-73.17833,-36.99581],[-73.18016,-36.99832],[-73.18065,-37.00011],[-73.18084,-37.00184],[-73.18042,-37.00271],[-73.18045,-37.00377],[-73.17885,-37.0041]]}},
{"type":"Feature","properties":{"nom_reg":"Biobío","nom_prov":"Concepción","nom_com":"Coronel","sector":"Coronel","cine_reg":"08","cine_prov":"081","cine_com":"08102"},"geometry":{"type":"LineString","coordinates":[[-73.16899,-36.99934],[-73.16561,-36.99894],[-73.16554,-36.99926],[-73.16234,-36.99888],[-73.16188,-36.99972],[-73.15767,-36.99924],[-73.14939,-37.00061],[-73.14533,-36.99888],[-73.14439,-36.99987],[-73.1446,-37.00074],[-73.14413,-37.00076],[-73.14326,-37.00118],[-73.14299,-37.00167],[-73.14107,-37.00189],[-73.14094,-37.00204],[-73.14111,-37.00259],[-73.14093,-37.00275],[-73.14063,-37.00184],[-73.14186,-37.00127],[-73.1423,-37.00132]]}},
{"type":"Feature","properties":{"nom_reg":"Biobío","nom_prov":"Concepción","nom_com":"Coronel","sector":"Coronel","cine_reg":"08","cine_prov":"081","cine_com":"08102"},"geometry":{"type":"LineString","coordinates":[[-73.17544,-36.99123],[-73.16385,-36.99421],[-73.16325,-36.99417],[-73.16288,-36.9934],[-73.16156,-36.99371],[-73.15854,-36.99344],[-73.15302,-36.99467],[-73.14515,-36.99515],[-73.145,-36.99889]]}},
{"type":"Feature","properties":{"nom_reg":"Biobío","nom_prov":"Concepción","nom_com":"Coronel","sector":"Coronel","cine_reg":"08","cine_prov":"081","cine_com":"08102"},"geometry":{"type":"LineString","coordinates":[[-73.17116,-36.98691],[-73.16374,-36.98875],[-73.16064,-36.9889],[-73.15815,-36.98592]]}},
{"type":"Feature","properties":{"nom_reg":"Biobío","nom_prov":"Concepción","nom_com":"Coronel","sector":"Coronel","cine_reg":"08","cine_prov":"081","cine_com":"08102"},"geometry":{"type":"LineString","coordinates":[[-73.16828,-36.98583],[-73.1629,-36.98709],[-73.16287,-36.98586]]}},
{"type":"Feature","properties":{"nom_reg":"Biobío","nom_prov":"Concepción","nom_com":"Coronel","sector":"Coronel","cine_reg":"08","cine_prov":"081","cine_com":"08102"},"geometry":{"type":"LineString","coordinates":[[-73.16246,-36.98435],[-73.1556,-36.98451],[-73.15428,-36.9833]]}},
{"type":"Feature","properties":{"nom_reg":"Biobío","nom_prov":"Concepción","nom_com":"Coronel","sector":"Coronel","cine_reg":"08","cine_prov":"081","cine_com":"08102"},"geometry":{"type":"LineString","coordinates":[[-73.17681,-36.98851],[-73.1726,-36.9797],[-73.17126,-36.97909],[-73.16225,-36.97926],[-73.16233,-36.98009],[-73.1522,-36.98033],[-73.15111,-36.97925]]}},
{"type":"Feature","properties":{"nom_reg":"Biobío","nom_prov":"Concepción","nom_com":"Coronel","sector":"Coronel","cine_reg":"08","cine_prov":"081","cine_com":"08102"},"geometry":{"type":"LineString","coordinates":[[-73.16198,-36.97752],[-73.154,-36.97785],[-73.15325,-36.97769]]}},
{"type":"Feature","properties":{"nom_reg":"Biobío","nom_prov":"Concepción","nom_com":"Coronel","sector":"Coronel","cine_reg":"08","cine_prov":"081","cine_com":"08102"},"geometry":{"type":"LineString","coordinates":[[-73.16184,-36.97686],[-73.15513,-36.97715]]}},
{"type":"Feature","properties":{"nom_reg":"Biobío","nom_prov":"Concepción","nom_com":"Coronel","sector":"Coronel","cine_reg":"08","cine_prov":"081","cine_com":"08102"},"geometry":{"type":"LineString","coordinates":[[-73.16151,-36.97569],[-73.15799,-36.97588]]}},
{"type":"Feature","properties":{"nom_reg":"Biobío","nom_prov":"Concepción","nom_com":"Coronel","sector":"Coronel","cine_reg":"08","cine_prov":"081","cine_com":"08102"},"geometry":{"type":"LineString","coordinates":[[-73.16034,-36.97353],[-73.15696,-36.97583],[-73.1532,-36.97733],[-73.14861,-36.97954],[-73.1474,-36.98066],[-73.14643,-36.98237],[-73.14623,-36.98386]]}},
{"type":"Feature","properties":{"nom_reg":"Biobío","nom_prov":"Concepción","nom_com":"Coronel","sector":"Coronel","cine_reg":"08","cine_prov":"081","cine_com":"08102"},"geometry":{"type":"LineString","coordinates":[[-73.16796,-36.98167],[-73.1555,-36.98199],[-73.15415,-36.98269],[-73.15095,-36.98396],[-73.14663,-36.98522],[-73.14292,-36.9818],[-73.13291,-36.98344],[-73.1272,-36.98571],[-73.12294,-36.98407]]}},
{"type":"Feature","properties":{"nom_reg":"Biobío","nom_prov":"Concepción","nom_com":"Coronel","sector":"Coronel","cine_reg":"08","cine_prov":"081","cine_com":"08102"},"geometry":{"type":"LineString","coordinates":[[-73.17056,-36.98521],[-73.15794,-36.9856],[-73.15527,-36.98691],[-73.14912,-36.98813],[-73.14409,-36.98797],[-73.13897,-36.98485],[-73.13667,-36.98494],[-73.13376,-36.98391]]}},
{"type":"Feature","properties":{"nom_reg":"Biobío","nom_prov":"Concepción","nom_com":"Coronel","sector":"Coronel","cine_reg":"08","cine_prov":"081","cine_com":"08102"},"geometry":{"type":"LineString","coordinates":[[-73.16475,-36.96268],[-73.16292,-36.95756]]}},
{"type":"Feature","properties":{"nom_reg":"Biobío","nom_prov":"Concepción","nom_com":"Coronel","sector":"Coronel","cine_reg":"08","cine_prov":"081","cine_com":"08102"},"geometry":{"type":"LineString","coordinates":[[-73.15611,-37.01871],[-73.15738,-37.01939],[-73.1588,-37.01977]]}},
{"type":"Feature","properties":{"nom_reg":"Biobío","nom_prov":"Concepción","nom_com":"Coronel","sector":"Coronel","cine_reg":"08","cine_prov":"081","cine_com":"08102"},"geometry":{"type":"LineString","coordinates":[[-73.15753,-37.01668],[-73.15909,-37.01704],[-73.15897,-37.01733],[-73.15943,-37.01792],[-73.15915,-37.01904],[-73.15978,-37.01912],[-73.15939,-37.01963]]}},
{"type":"Feature","properties":{"nom_reg":"Biobío","nom_prov":"Concepción","nom_com":"Coronel","sector":"Coronel","cine_reg":"08","cine_prov":"081","cine_com":"08102"},"geometry":{"type":"LineString","coordinates":[[-73.15835,-37.00704],[-73.1571,-37.00665],[-73.15694,-37.00672],[-73.15625,-37.00857],[-73.15546,-37.00843],[-73.15105,-37.01541],[-73.15193,-37.01666]]}},
{"type":"Feature","properties":{"nom_reg":"Biobío","nom_prov":"Concepción","nom_com":"Coronel","sector":"Coronel","cine_reg":"08","cine_prov":"081","cine_com":"08102"},"geometry":{"type":"LineString","coordinates":[[-73.14988,-37.0062],[-73.1485,-37.00826],[-73.14765,-37.00915],[-73.14961,-37.01042],[-73.14943,-37.01093],[-73.14868,-37.01198],[-73.14743,-37.012]]}},
{"type":"Feature","properties":{"nom_reg":"Biobío","nom_prov":"Concepción","nom_com":"Talcahuano","sector":"Tierras Coloradas","cine_reg":"08","cine_prov":"081","cine_com":"08110"},"geometry":{"type":"LineString","coordinates":[[-73.04873,-36.77205],[-73.0481,-36.77289],[-73.04713,-36.77533],[-73.05242,-36.77672]]}},
{"type":"Feature","properties":{"nom_reg":"Biobío","nom_prov":"Concepción","nom_com":"Talcahuano","sector":"Tierras Coloradas","cine_reg":"08","cine_prov":"081","cine_com":"08110"},"geometry":{"type":"LineString","coordinates":[[-73.05012,-36.77198],[-73.05082,-36.77289],[-73.05096,-36.77379],[-73.05165,-36.77428],[-73.05277,-36.7756],[-73.0527,-36.77679]]}},
{"type":"Feature","properties":{"nom_reg":"Biobío","nom_prov":"Concepción","nom_com":"Talcahuano","sector":"Talcahuano","cine_reg":"08","cine_prov":"081","cine_com":"08110"},"geometry":{"type":"LineString","coordinates":[[-73.08847,-36.75479],[-73.09162,-36.75598],[-73.09107,-36.7571],[-73.09517,-36.75858],[-73.09674,-36.75841],[-73.09695,-36.75943],[-73.09812,-36.75944],[-73.09775,-36.7585],[-73.09801,-36.75826],[-73.10219,-36.75714]]}},
{"type":"Feature","properties":{"nom_reg":"Biobío","nom_prov":"Concepción","nom_com":"Talcahuano","sector":"Talcahuano","cine_reg":"08","cine_prov":"081","cine_com":"08110"},"geometry":{"type":"LineString","coordinates":[[-73.08731,-36.73978],[-73.08866,-36.74097],[-73.09705,-36.74378],[-73.09764,-36.74381],[-73.10123,-36.74515],[-73.10692,-36.7529],[-73.10775,-36.75293],[-73.10837,-36.75316],[-73.10895,-36.75412],[-73.10979,-36.75481]]}},
{"type":"Feature","properties":{"nom_reg":"Biobío","nom_prov":"Concepción","nom_com":"Talcahuano","sector":"Talcahuano","cine_reg":"08","cine_prov":"081","cine_com":"08110"},"geometry":{"type":"LineString","coordinates":[[-73.10583,-36.75017],[-73.10907,-36.74921],[-73.11059,-36.74909]]}},
{"type":"Feature","properties":{"nom_reg":"Biobío","nom_prov":"Concepción","nom_com":"Talcahuano","sector":"Talcahuano","cine_reg":"08","cine_prov":"081","cine_com":"08110"},"geometry":{"type":"LineString","coordinates":[[-73.10611,-36.73144],[-73.10744,-36.73246],[-73.10784,-36.7324],[-73.10852,-36.73182],[-73.10974,-36.73229],[-73.11291,-36.73432],[-73.11173,-36.73544],[-73.11181,-36.73575],[-73.11232,-36.73614]]}},
{"type":"Feature","properties":{"nom_reg":"Biobío","nom_prov":"Concepción","nom_com":"Talcahuano","sector":"Talcahuano","cine_reg":"08","cine_prov":"081","cine_com":"08110"},"geometry":{"type":"LineString","coordinates":[[-73.11094,-36.72628],[-73.11046,-36.72419]]}},
{"type":"Feature","properties":{"nom_reg":"Biobío","nom_prov":"Concepción","nom_com":"Talcahuano","sector":"Talcahuano","cine_reg":"08","cine_prov":"081","cine_com":"08110"},"geometry":{"type":"LineString","coordinates":[[-73.10845,-36.71961],[-73.1101,-36.71975],[-73.11014,-36.71936],[-73.11091,-36.7193],[-73.11097,-36.71869],[-73.11159,-36.71827]]}},
{"type":"Feature","properties":{"nom_reg":"Biobío","nom_prov":"Concepción","nom_com":"Talcahuano","sector":"Talcahuano","cine_reg":"08","cine_prov":"081","cine_com":"08110"},"geometry":{"type":"LineString","coordinates":[[-73.11126,-36.72397],[-73.11118,-36.72011],[-73.11173,-36.72008],[-73.11171,-36.71827]]}},
{"type":"Feature","properties":{"nom_reg":"Biobío","nom_prov":"Concepción","nom_com":"Talcahuano","sector":"Talcahuano","cine_reg":"08","cine_prov":"081","cine_com":"08110"},"geometry":{"type":"LineString","coordinates":[[-73.11246,-36.71328],[-73.11381,-36.71507],[-73.11438,-36.71625],[-73.114,-36.71642],[-73.11422,-36.71673]]}},
{"type":"Feature","properties":{"nom_reg":"Biobío","nom_prov":"Concepción","nom_com":"Talcahuano","sector":"Talcahuano","cine_reg":"08","cine_prov":"081","cine_com":"08110"},"geometry":{"type":"LineString","coordinates":[[-73.11723,-36.72455],[-73.11773,-36.72376],[-73.11817,-36.72251],[-73.1185,-36.71824],[-73.11714,-36.7167]]}},
{"type":"Feature","properties":{"nom_reg":"Biobío","nom_prov":"Concepción","nom_com":"Talcahuano","sector":"Talcahuano","cine_reg":"08","cine_prov":"081","cine_com":"08110"},"geometry":{"type":"LineString","coordinates":[[-73.11837,-36.72368],[-73.12347,-36.7212],[-73.12446,-36.71978],[-73.12559,-36.72033],[-73.12537,-36.71983],[-73.1257,-36.71957]]}},
{"type":"Feature","properties":{"nom_reg":"Biobío","nom_prov":"Concepción","nom_com":"Talcahuano","sector":"Talcahuano","cine_reg":"08","cine_prov":"081","cine_com":"08110"},"geometry":{"type":"LineString","coordinates":[[-73.1263,-36.72595],[-73.12962,-36.7228],[-73.13078,-36.72348],[-73.13163,-36.72311],[-73.13303,-36.72383]]}},
{"type":"Feature","properties":{"nom_reg":"Biobío","nom_prov":"Concepción","nom_com":"Talcahuano","sector":"Talcahuano","cine_reg":"08","cine_prov":"081","cine_com":"08110"},"geometry":{"type":"LineString","coordinates":[[-73.07564,-36.7752],[-73.0758,-36.77766],[-73.07564,-36.77839],[-73.07663,-36.7787],[-73.07716,-36.77844],[-73.07825,-36.77839],[-73.08056,-36.77483],[-73.08537,-36.77452]]}},
{"type":"Feature","properties":{"nom_reg":"Biobío","nom_prov":"Concepción","nom_com":"Talcahuano","sector":"Talcahuano","cine_reg":"08","cine_prov":"081","cine_com":"08110"},"geometry":{"type":"LineString","coordinates":[[-73.10378,-36.77846],[-73.1032,-36.77698],[-73.10053,-36.77762],[-73.10007,-36.77805],[-73.09921,-36.77827],[-73.09847,-36.77704],[-73.0982,-36.77628]]}},
{"type":"Feature","properties":{"nom_reg":"Biobío","nom_prov":"Concepción","nom_com":"Talcahuano","sector":"Talcahuano","cine_reg":"08","cine_prov":"081","cine_com":"08110"},"geometry":{"type":"LineString","coordinates":[[-73.09872,-36.77967],[-73.09701,-36.77636],[-73.09811,-36.77608],[-73.10061,-36.77443],[-73.10045,-36.77379],[-73.10075,-36.77354],[-73.10076,-36.7732],[-73.0995,-36.7732]]}},
{"type":"Feature","properties":{"nom_reg":"Biobío","nom_prov":"Concepción","nom_com":"Talcahuano","sector":"Talcahuano","cine_reg":"08","cine_prov":"081","cine_com":"08110"},"geometry":{"type":"LineString","coordinates":[[-73.11242,-36.73627],[-73.11184,-36.73781],[-73.11163,-36.74027]]}},
{"type":"Feature","properties":{"nom_reg":"Biobío","nom_prov":"Concepción","nom_com":"Talcahuano","sector":"Talcahuano","cine_reg":"08","cine_prov":"081","cine_com":"08110"},"geometry":{"type":"LineString","coordinates":[[-73.06665,-36.77201],[-73.0679,-36.77154],[-73.06963,-36.77055],[-73.07109,-36.77049],[-73.07245,-36.77002],[-73.07428,-36.76997]]}},
{"type":"Feature","properties":{"nom_reg":"Biobío","nom_prov":"Concepción","nom_com":"Talcahuano","sector":"Talcahuano","cine_reg":"08","cine_prov":"081","cine_com":"08110"},"geometry":{"type":"LineString","coordinates":[[-73.11307,-36.72799],[-73.1129,-36.72883],[-73.11255,-36.72931],[-73.11039,-36.72873],[-73.10985,-36.73031],[-73.10875,-36.73166]]}},
{"type":"Feature","properties":{"nom_reg":"Biobío","nom_prov":"Concepción","nom_com":"Talcahuano","sector":"Talcahuano","cine_reg":"08","cine_prov":"081","cine_com":"08110"},"geometry":{"type":"LineString","coordinates":[[-73.11747,-36.76359],[-73.11899,-36.76061],[-73.1194,-36.7603],[-73.12003,-36.75779],[-73.11998,-36.75742],[-73.11872,-36.7569],[-73.11872,-36.75653]]}},
{"type":"Feature","properties":{"nom_reg":"Biobío","nom_prov":"Concepción","nom_com":"Talcahuano","sector":"Talcahuano","cine_reg":"08","cine_prov":"081","cine_com":"08110"},"geometry":{"type":"LineString","coordinates":[[-73.08076,-36.77687],[-73.08521,-36.77682]]}},
{"type":"Feature","properties":{"nom_reg":"Biobío","nom_prov":"Concepción","nom_com":"Talcahuano","sector":"Talcahuano","cine_reg":"08","cine_prov":"081","cine_com":"08110"},"geometry":{"type":"LineString","coordinates":[[-73.08627,-36.77628],[-73.09175,-36.77612],[-73.09178,-36.77583]]}},
{"type":"Feature","properties":{"nom_reg":"Biobío","nom_prov":"Concepción","nom_com":"Talcahuano","sector":"Talcahuano","cine_reg":"08","cine_prov":"081","cine_com":"08110"},"geometry":{"type":"LineString","coordinates":[[-73.11879,-36.71661],[-73.11944,-36.71756],[-73.12083,-36.71824],[-73.12144,-36.71753]]}},
{"type":"Feature","properties":{"nom_reg":"Biobío","nom_prov":"Concepción","nom_com":"Talcahuano","sector":"Talcahuano","cine_reg":"08","cine_prov":"081","cine_com":"08110"},"geometry":{"type":"LineString","coordinates":[[-73.10796,-36.72162],[-73.10997,-36.72184],[-73.11014,-36.71994]]}},
{"type":"Feature","properties":{"nom_reg":"Biobío","nom_prov":"Concepción","nom_com":"Talcahuano","sector":"Talcahuano","cine_reg":"08","cine_prov":"081","cine_com":"08110"},"geometry":{"type":"LineString","coordinates":[[-73.08918,-36.75826],[-73.091,-36.75889],[-73.09062,-36.75963],[-73.09381,-36.76071],[-73.09333,-36.76151]]}},
{"type":"Feature","properties":{"nom_reg":"Biobío","nom_prov":"Concepción","nom_com":"Talcahuano","sector":"Talcahuano","cine_reg":"08","cine_prov":"081","cine_com":"08110"},"geometry":{"type":"LineString","coordinates":[[-73.07132,-36.76763],[-73.07738,-36.76685],[-73.0785,-36.76702],[-73.08054,-36.76682],[-73.08205,-36.76648],[-73.08281,-36.76753],[-73.08443,-36.7686],[-73.08524,-36.76881],[-73.08528,-36.76922],[-73.08597,-36.76943],[-73.08663,-36.76646],[-73.08711,-36.76594],[-73.08888,-36.7625]]}},
{"type":"Feature","properties":{"nom_reg":"Biobío","nom_prov":"Concepción","nom_com":"Talcahuano","sector":"Talcahuano","cine_reg":"08","cine_prov":"081","cine_com":"08110"},"geometry":{"type":"LineString","coordinates":[[-73.10775,-36.74135],[-73.11004,-36.74206],[-73.11046,-36.74174],[-73.11123,-36.74203],[-73.11139,-36.74226],[-73.11178,-36.74213],[-73.11175,-36.74142]]}},
{"type":"Feature","properties":{"nom_reg":"Biobío","nom_prov":"Concepción","nom_com":"Talcahuano","sector":"Talcahuano","cine_reg":"08","cine_prov":"081","cine_com":"08110"},"geometry":{"type":"LineString","coordinates":[[-73.08535,-36.76439],[-73.08639,-36.76476],[-73.08669,-36.76395],[-73.08792,-36.76189],[-73.09326,-36.76372],[-73.09658,-36.76366],[-73.10054,-36.76266],[-73.1008,-36.76321],[-73.1007,-36.76353],[-73.10154,-36.76443]]}},
{"type":"Feature","properties":{"nom_reg":"Biobío","nom_prov":"Concepción","nom_com":"Talcahuano","sector":"Talcahuano","cine_reg":"08","cine_prov":"081","cine_com":"08110"},"geometry":{"type":"LineString","coordinates":[[-73.1182,-36.72479],[-73.1264,-36.72081],[-73.12717,-36.72023]]}},
{"type":"Feature","properties":{"nom_reg":"Biobío","nom_prov":"Concepción","nom_com":"Talcahuano","sector":"Talcahuano","cine_reg":"08","cine_prov":"081","cine_com":"08110"},"geometry":{"type":"LineString","coordinates":[[-73.11796,-36.73617],[-73.11693,-36.73646],[-73.11629,-36.73694],[-73.11506,-36.73594]]}},
{"type":"Feature","properties":{"nom_reg":"Biobío","nom_prov":"Concepción","nom_com":"Talcahuano","sector":"Talcahuano","cine_reg":"08","cine_prov":"081","cine_com":"08110"},"geometry":{"type":"LineString","coordinates":[[-73.11742,-36.73053],[-73.11281,-36.73426]]}},
{"type":"Feature","properties":{"nom_reg":"Biobío","nom_prov":"Concepción","nom_com":"Talcahuano","sector":"Talcahuano","cine_reg":"08","cine_prov":"081","cine_com":"08110"},"geometry":{"type":"LineString","coordinates":[[-73.0793,-36.77149],[-73.07601,-36.77363]]}},
{"type":"Feature","properties":{"nom_reg":"Biobío","nom_prov":"Concepción","nom_com":"Talcahuano","sector":"Talcahuano","cine_reg":"08","cine_prov":"081","cine_com":"08110"},"geometry":{"type":"LineString","coordinates":[[-73.09983,-36.75257],[-73.1016,-36.75206],[-73.10279,-36.75219]]}},
{"type":"Feature","properties":{"nom_reg":"Biobío","nom_prov":"Concepción","nom_com":"Talcahuano","sector":"Talcahuano","cine_reg":"08","cine_prov":"081","cine_com":"08110"},"geometry":{"type":"LineString","coordinates":[[-73.12343,-36.75413],[-73.1227,-36.75418],[-73.12265,-36.7546],[-73.12244,-36.75481],[-73.12165,-36.75481],[-73.12082,-36.75449],[-73.11899,-36.75528],[-73.11815,-36.75544]]}},
{"type":"Feature","properties":{"nom_reg":"Biobío","nom_prov":"Concepción","nom_com":"Talcahuano","sector":"Talcahuano","cine_reg":"08","cine_prov":"081","cine_com":"08110"},"geometry":{"type":"LineString","coordinates":[[-73.11236,-36.72635],[-73.11278,-36.72429]]}},
{"type":"Feature","properties":{"nom_reg":"Biobío","nom_prov":"Concepción","nom_com":"Talcahuano","sector":"Talcahuano","cine_reg":"08","cine_prov":"081","cine_com":"08110"},"geometry":{"type":"LineString","coordinates":[[-73.1121,-36.72786],[-73.11191,-36.72899]]}},
{"type":"Feature","properties":{"nom_reg":"Biobío","nom_prov":"Concepción","nom_com":"Talcahuano","sector":"Talcahuano","cine_reg":"08","cine_prov":"081","cine_com":"08110"},"geometry":{"type":"LineString","coordinates":[[-73.06811,-36.77358],[-73.06884,-36.77279],[-73.07334,-36.77133],[-73.07397,-36.77128]]}},
{"type":"Feature","properties":{"nom_reg":"Biobío","nom_prov":"Concepción","nom_com":"Talcahuano","sector":"Talcahuano","cine_reg":"08","cine_prov":"081","cine_com":"08110"},"geometry":{"type":"LineString","coordinates":[[-73.08605,-36.77416],[-73.09046,-36.77422]]}},
{"type":"Feature","properties":{"nom_reg":"Biobío","nom_prov":"Concepción","nom_com":"Talcahuano","sector":"Talcahuano","cine_reg":"08","cine_prov":"081","cine_com":"08110"},"geometry":{"type":"LineString","coordinates":[[-73.0836,-36.74396],[-73.09451,-36.74746],[-73.09323,-36.75025],[-73.09553,-36.75086],[-73.09671,-36.75345],[-73.09826,-36.75301],[-73.0987,-36.7538]]}},
{"type":"Feature","properties":{"nom_reg":"Biobío","nom_prov":"Concepción","nom_com":"Talcahuano","sector":"Talcahuano","cine_reg":"08","cine_prov":"081","cine_com":"08110"},"geometry":{"type":"LineString","coordinates":[[-73.08083,-36.75976],[-73.08276,-36.7595],[-73.08629,-36.75962],[-73.08932,-36.76019],[-73.09071,-36.76083],[-73.09368,-36.76164],[-73.09674,-36.76173],[-73.09798,-36.76212],[-73.10009,-36.76163],[-73.10122,-36.76069],[-73.10115,-36.75957]]}},
{"type":"Feature","properties":{"nom_reg":"Biobío","nom_prov":"Concepción","nom_com":"Talcahuano","sector":"Talcahuano","cine_reg":"08","cine_prov":"081","cine_com":"08110"},"geometry":{"type":"LineString","coordinates":[[-73.08582,-36.77206],[-73.09059,-36.7719],[-73.09065,-36.77419],[-73.09126,-36.77422],[-73.09165,-36.77448],[-73.09171,-36.77574],[-73.09207,-36.77548],[-73.09197,-36.77458],[-73.09242,-36.7749],[-73.09271,-36.77535],[-73.09313,-36.77535],[-73.09326,-36.77503],[-73.09271,-36.77438],[-73.09236,-36.77351]]}},
{"type":"Feature","properties":{"nom_reg":"Biobío","nom_prov":"Concepción","nom_com":"Talcahuano","sector":"Talcahuano","cine_reg":"08","cine_prov":"081","cine_com":"08110"},"geometry":{"type":"LineString","coordinates":[[-73.0863,-36.78089],[-73.09307,-36.77805],[-73.09255,-36.77706],[-73.09378,-36.7768],[-73.09345,-36.77648],[-73.09336,-36.77538]]}},
{"type":"Feature","properties":{"nom_reg":"Biobío","nom_prov":"Concepción","nom_com":"Talcahuano","sector":"Talcahuano","cine_reg":"08","cine_prov":"081","cine_com":"08110"},"geometry":{"type":"LineString","coordinates":[[-73.09023,-36.74714],[-73.09171,-36.75053],[-73.09071,-36.75239],[-73.09213,-36.75281],[-73.09236,-36.7522],[-73.09427,-36.75265],[-73.09342,-36.75412],[-73.09383,-36.75425],[-73.09657,-36.75352]]}},
{"type":"Feature","properties":{"nom_reg":"Biobío","nom_prov":"Concepción","nom_com":"Talcahuano","sector":"Talcahuano","cine_reg":"08","cine_prov":"081","cine_com":"08110"},"geometry":{"type":"LineString","coordinates":[[-73.0827,-36.77149],[-73.08547,-36.77154]]}},
{"type":"Feature","properties":{"nom_reg":"Biobío","nom_prov":"Concepción","nom_com":"Talcahuano","sector":"Talcahuano","cine_reg":"08","cine_prov":"081","cine_com":"08110"},"geometry":{"type":"LineString","coordinates":[[-73.08943,-36.74068],[-73.09368,-36.73964],[-73.09882,-36.7414],[-73.09863,-36.74181],[-73.1031,-36.74329],[-73.10303,-36.74347],[-73.10374,-36.74368],[-73.10457,-36.74203],[-73.10676,-36.74267],[-73.1077,-36.74133]]}},
{"type":"Feature","properties":{"nom_reg":"Biobío","nom_prov":"Concepción","nom_com":"Talcahuano","sector":"Talcahuano","cine_reg":"08","cine_prov":"081","cine_com":"08110"},"geometry":{"type":"LineString","coordinates":[[-73.08082,-36.77928],[-73.08542,-36.77933],[-73.08537,-36.77651]]}},
{"type":"Feature","properties":{"nom_reg":"Biobío","nom_prov":"Concepción","nom_com":"Talcahuano","sector":"Talcahuano","cine_reg":"08","cine_prov":"081","cine_com":"08110"},"geometry":{"type":"LineString","coordinates":[[-73.10686,-36.73564],[-73.10964,-36.73742],[-73.1107,-36.73632],[-73.11171,-36.73606],[-73.11234,-36.73626]]}},
{"type":"Feature","properties":{"nom_reg":"Biobío","nom_prov":"Concepción","nom_com":"Talcahuano","sector":"Talcahuano","cine_reg":"08","cine_prov":"081","cine_com":"08110"},"geometry":{"type":"LineString","coordinates":[[-73.11255,-36.72415],[-73.11247,-36.72006],[-73.11181,-36.72004]]}},
{"type":"Feature","properties":{"nom_reg":"Biobío","nom_prov":"Concepción","nom_com":"Talcahuano","sector":"Talcahuano","cine_reg":"08","cine_prov":"081","cine_com":"08110"},"geometry":{"type":"LineString","coordinates":[[-73.11482,-36.71156],[-73.11546,-36.71238],[-73.11549,-36.71317],[-73.11573,-36.71364],[-73.11626,-36.71409],[-73.11563,-36.71434],[-73.11648,-36.71559],[-73.1159,-36.71624]]}},
{"type":"Feature","properties":{"nom_reg":"Biobío","nom_prov":"Concepción","nom_com":"Talcahuano","sector":"Talcahuano","cine_reg":"08","cine_prov":"081","cine_com":"08110"},"geometry":{"type":"LineString","coordinates":[[-73.08036,-36.74811],[-73.08699,-36.75182],[-73.09195,-36.75322],[-73.09194,-36.75472],[-73.09256,-36.75516],[-73.09278,-36.75524],[-73.09338,-36.75418]]}},
{"type":"Feature","properties":{"nom_reg":"Biobío","nom_prov":"Concepción","nom_com":"Talcahuano","sector":"Talcahuano","cine_reg":"08","cine_prov":"081","cine_com":"08110"},"geometry":{"type":"LineString","coordinates":[[-73.10339,-36.73668],[-73.10444,-36.73754],[-73.10314,-36.73889],[-73.10319,-36.73914],[-73.10366,-36.73943],[-73.10811,-36.7407],[-73.10777,-36.74125]]}},
{"type":"Feature","properties":{"nom_reg":"Biobío","nom_prov":"Concepción","nom_com":"Talcahuano","sector":"Talcahuano","cine_reg":"08","cine_prov":"081","cine_com":"08110"},"geometry":{"type":"LineString","coordinates":[[-73.11385,-36.72432],[-73.11374,-36.7201],[-73.11268,-36.7201]]}},
{"type":"Feature","properties":{"nom_reg":"Biobío","nom_prov":"Concepción","nom_com":"Talcahuano","sector":"Talcahuano","cine_reg":"08","cine_prov":"081","cine_com":"08110"},"geometry":{"type":"LineString","coordinates":[[-73.11117,-36.72744],[-73.11094,-36.7287]]}},
{"type":"Feature","properties":{"nom_reg":"Biobío","nom_prov":"Concepción","nom_com":"Talcahuano","sector":"Talcahuano","cine_reg":"08","cine_prov":"081","cine_com":"08110"},"geometry":{"type":"LineString","coordinates":[[-73.11867,-36.72245],[-73.1189,-36.7205],[-73.11884,-36.71781],[-73.11934,-36.71753]]}},
{"type":"Feature","properties":{"nom_reg":"Biobío","nom_prov":"Concepción","nom_com":"Talcahuano","sector":"Talcahuano","cine_reg":"08","cine_prov":"081","cine_com":"08110"},"geometry":{"type":"LineString","coordinates":[[-73.09468,-36.78073],[-73.09426,-36.77925],[-73.09468,-36.77851],[-73.09423,-36.77725],[-73.09384,-36.77693]]}},
{"type":"Feature","properties":{"nom_reg":"Biobío","nom_prov":"Concepción","nom_com":"Talcahuano","sector":"Talcahuano","cine_reg":"08","cine_prov":"081","cine_com":"08110"},"geometry":{"type":"LineString","coordinates":[[-73.11938,-36.73402],[-73.11627,-36.73477],[-73.11371,-36.73703],[-73.11255,-36.73627]]}},
{"type":"Feature","properties":{"nom_reg":"Biobío","nom_prov":"Concepción","nom_com":"Talcahuano","sector":"Talcahuano","cine_reg":"08","cine_prov":"081","cine_com":"08110"},"geometry":{"type":"LineString","coordinates":[[-73.11339,-36.72651],[-73.11381,-36.72471]]}},
{"type":"Feature","properties":{"nom_reg":"Biobío","nom_prov":"Concepción","nom_com":"Talcahuano","sector":"Talcahuano","cine_reg":"08","cine_prov":"081","cine_com":"08110"},"geometry":{"type":"LineString","coordinates":[[-73.08686,-36.76181],[-73.08777,-36.76215]]}},
{"type":"Feature","properties":{"nom_reg":"Biobío","nom_prov":"Concepción","nom_com":"Talcahuano","sector":"Talcahuano","cine_reg":"08","cine_prov":"081","cine_com":"08110"},"geometry":{"type":"LineString","coordinates":[[-73.08582,-36.74089],[-73.08725,-36.74205],[-73.09616,-36.74505],[-73.09706,-36.74382]]}},
{"type":"Feature","properties":{"nom_reg":"Biobío","nom_prov":"Concepción","nom_com":"Talcahuano","sector":"Talcahuano","cine_reg":"08","cine_prov":"081","cine_com":"08110"},"geometry":{"type":"LineString","coordinates":[[-73.07418,-36.77175],[-73.07423,-36.77055],[-73.07449,-36.76966]]}},
{"type":"Feature","properties":{"nom_reg":"Biobío","nom_prov":"Concepción","nom_com":"Talcahuano","sector":"Talcahuano","cine_reg":"08","cine_prov":"081","cine_com":"08110"},"geometry":{"type":"LineString","coordinates":[[-73.11037,-36.71464],[-73.11077,-36.71504],[-73.11102,-36.71489],[-73.11149,-36.71534],[-73.11133,-36.71553],[-73.11216,-36.71643]]}},
{"type":"Feature","properties":{"nom_reg":"Biobío","nom_prov":"Concepción","nom_com":"Talcahuano","sector":"Talcahuano","cine_reg":"08","cine_prov":"081","cine_com":"08110"},"geometry":{"type":"LineString","coordinates":[[-73.09674,-36.78024],[-73.09603,-36.77822],[-73.09481,-36.77851]]}},
{"type":"Feature","properties":{"nom_reg":"Biobío","nom_prov":"Concepción","nom_com":"Talcahuano","sector":"Talcahuano","cine_reg":"08","cine_prov":"081","cine_com":"08110"},"geometry":{"type":"LineString","coordinates":[[-73.11761,-36.73269],[-73.11435,-36.7353],[-73.1131,-36.73437]]}},
{"type":"Feature","properties":{"nom_reg":"Biobío","nom_prov":"Concepción","nom_com":"Talcahuano","sector":"Talcahuano","cine_reg":"08","cine_prov":"081","cine_com":"08110"},"geometry":{"type":"LineString","coordinates":[[-73.06869,-36.7741],[-73.06952,-36.77368],[-73.07031,-36.77279],[-73.07114,-36.77238],[-73.07407,-36.7717]]}},
{"type":"Feature","properties":{"nom_reg":"Biobío","nom_prov":"Concepción","nom_com":"Talcahuano","sector":"Talcahuano","cine_reg":"08","cine_prov":"081","cine_com":"08110"},"geometry":{"type":"LineString","coordinates":[[-73.11328,-36.71272],[-73.11535,-36.71524],[-73.11526,-36.71596]]}},
{"type":"Feature","properties":{"nom_reg":"Biobío","nom_prov":"Concepción","nom_com":"Talcahuano","sector":"Talcahuano","cine_reg":"08","cine_prov":"081","cine_com":"08110"},"geometry":{"type":"LineString","coordinates":[[-73.07584,-36.77359],[-73.07545,-36.77132],[-73.07554,-36.77054],[-73.07595,-36.76949],[-73.07583,-36.76926],[-73.0758,-36.76704]]}},
{"type":"Feature","properties":{"nom_reg":"Biobío","nom_prov":"Concepción","nom_com":"Talcahuano","sector":"Talcahuano","cine_reg":"08","cine_prov":"081","cine_com":"08110"},"geometry":{"type":"LineString","coordinates":[[-73.12364,-36.72562],[-73.12755,-36.72158],[-73.12656,-36.72094]]}},
{"type":"Feature","properties":{"nom_reg":"Biobío","nom_prov":"Concepción","nom_com":"Talcahuano","sector":"Talcahuano","cine_reg":"08","cine_prov":"081","cine_com":"08110"},"geometry":{"type":"LineString","coordinates":[[-73.09742,-36.73742],[-73.0982,-36.73908],[-73.09935,-36.73989],[-73.10147,-36.73797],[-73.10177,-36.73802],[-73.10301,-36.73889]]}},
{"type":"Feature","properties":{"nom_reg":"Biobío","nom_prov":"Concepción","nom_com":"Talcahuano","sector":"Talcahuano","cine_reg":"08","cine_prov":"081","cine_com":"08110"},"geometry":{"type":"LineString","coordinates":[[-73.11142,-36.72622],[-73.11184,-36.72416]]}},
{"type":"Feature","properties":{"nom_reg":"Biobío","nom_prov":"Concepción","nom_com":"Talcahuano","sector":"Talcahuano","cine_reg":"08","cine_prov":"081","cine_com":"08110"},"geometry":{"type":"LineString","coordinates":[[-73.08076,-36.78168],[-73.08531,-36.78163],[-73.08573,-36.78111]]}},
{"type":"Feature","properties":{"nom_reg":"Biobío","nom_prov":"Concepción","nom_com":"Talcahuano","sector":"Talcahuano","cine_reg":"08","cine_prov":"081","cine_com":"08110"},"geometry":{"type":"LineString","coordinates":[[-73.06612,-36.77117],[-73.06722,-36.77081],[-73.06843,-36.77065],[-73.06931,-36.77023],[-73.07026,-36.77023],[-73.07224,-36.76966],[-73.07554,-36.76945]]}},
{"type":"Feature","properties":{"nom_reg":"Biobío","nom_prov":"Concepción","nom_com":"Talcahuano","sector":"Talcahuano","cine_reg":"08","cine_prov":"081","cine_com":"08110"},"geometry":{"type":"LineString","coordinates":[[-73.08218,-36.77259],[-73.08531,-36.77253]]}},
{"type":"Feature","properties":{"nom_reg":"Biobío","nom_prov":"Concepción","nom_com":"Talcahuano","sector":"Caleta Tumbes","cine_reg":"08","cine_prov":"081","cine_com":"08110"},"geometry":{"type":"LineString","coordinates":[[-73.09212,-36.63841],[-73.09222,-36.6386],[-73.09351,-36.63929],[-73.09373,-36.63976],[-73.09668,-36.63913],[-73.09789,-36.63924],[-73.09956,-36.64044],[-73.09984,-36.64034]]}},
{"type":"Feature","properties":{"nom_reg":"Biobío","nom_prov":"Concepción","nom_com":"Talcahuano","sector":"Caleta Tumbes","cine_reg":"08","cine_prov":"081","cine_com":"08110"},"geometry":{"type":"LineString","coordinates":[[-73.0937,-36.64064],[-73.09358,-36.6417],[-73.09463,-36.64277],[-73.09519,-36.6436],[-73.09653,-36.64403]]}},
{"type":"Feature","properties":{"nom_reg":"Biobío","nom_prov":"Concepción","nom_com":"Hualpén","sector":"Hualpén","cine_reg":"08","cine_prov":"081","cine_com":"08112"},"geometry":{"type":"LineString","coordinates":[[-73.1145,-36.79364],[-73.11241,-36.79451],[-73.11037,-36.79558],[-73.10753,-36.79572]]}},
{"type":"Feature","properties":{"nom_reg":"Biobío","nom_prov":"Concepción","nom_com":"Hualpén","sector":"Hualpén","cine_reg":"08","cine_prov":"081","cine_com":"08112"},"geometry":{"type":"LineString","coordinates":[[-73.10693,-36.79723],[-73.1086,-36.79141]]}},
{"type":"Feature","properties":{"nom_reg":"Biobío","nom_prov":"Concepción","nom_com":"Hualpén","sector":"Hualpén","cine_reg":"08","cine_prov":"081","cine_com":"08112"},"geometry":{"type":"LineString","coordinates":[[-73.11371,-36.79087],[-73.10963,-36.7932],[-73.10829,-36.79294]]}},
{"type":"Feature","properties":{"nom_reg":"Biobío","nom_prov":"Concepción","nom_com":"Hualpén","sector":"Hualpén","cine_reg":"08","cine_prov":"081","cine_com":"08112"},"geometry":{"type":"LineString","coordinates":[[-73.11429,-36.77975],[-73.1072,-36.77843],[-73.10538,-36.77887],[-73.10579,-36.78005],[-73.10166,-36.78355],[-73.10164,-36.78389]]}},
{"type":"Feature","properties":{"nom_reg":"Biobío","nom_prov":"Concepción","nom_com":"Hualpén","sector":"Hualpén","cine_reg":"08","cine_prov":"081","cine_com":"08112"},"geometry":{"type":"LineString","coordinates":[[-73.11747,-36.78663],[-73.11554,-36.78624],[-73.11559,-36.78605],[-73.10807,-36.78451],[-73.10318,-36.78463]]}},
{"type":"Feature","properties":{"nom_reg":"Biobío","nom_prov":"Concepción","nom_com":"Hualpén","sector":"Hualpén","cine_reg":"08","cine_prov":"081","cine_com":"08112"},"geometry":{"type":"LineString","coordinates":[[-73.11415,-36.79666],[-73.11079,-36.79793],[-73.10712,-36.79727]]}},
{"type":"Feature","properties":{"nom_reg":"Biobío","nom_prov":"Concepción","nom_com":"Hualpén","sector":"Hualpén","cine_reg":"08","cine_prov":"081","cine_com":"08112"},"geometry":{"type":"LineString","coordinates":[[-73.11607,-36.78678],[-73.11199,-36.78928],[-73.10947,-36.78868],[-73.10872,-36.79105],[-73.10776,-36.79082],[-73.1069,-36.78978],[-73.1053,-36.79059],[-73.10475,-36.78989],[-73.10436,-36.79011]]}},
{"type":"Feature","properties":{"nom_reg":"Biobío","nom_prov":"Concepción","nom_com":"Hualpén","sector":"Hualpén","cine_reg":"08","cine_prov":"081","cine_com":"08112"},"geometry":{"type":"LineString","coordinates":[[-73.11656,-36.78207],[-73.10917,-36.78075],[-73.10858,-36.78263],[-73.10402,-36.78186],[-73.10395,-36.78359]]}},
{"type":"Feature","properties":{"nom_reg":"Biobío","nom_prov":"Concepción","nom_com":"Hualpén","sector":"Hualpén","cine_reg":"08","cine_prov":"081","cine_com":"08112"},"geometry":{"type":"LineString","coordinates":[[-73.11368,-36.79247],[-73.11005,-36.79412],[-73.10804,-36.79376]]}},
{"type":"Feature","properties":{"nom_reg":"Biobío","nom_prov":"Concepción","nom_com":"Hualpén","sector":"Caleta Lenga","cine_reg":"08","cine_prov":"081","cine_com":"08112"},"geometry":{"type":"LineString","coordinates":[[-73.16883,-36.76717],[-73.17179,-36.76692],[-73.17312,-36.7666],[-73.17484,-36.7656],[-73.1755,-36.76493],[-73.17629,-36.76455]]}},
{"type":"Feature","properties":{"nom_reg":"Biobío","nom_prov":"Concepción","nom_com":"Hualpén","sector":"Caleta Lenga","cine_reg":"08","cine_prov":"081","cine_com":"08112"},"geometry":{"type":"LineString","coordinates":[[-73.17246,-36.76715],[-73.17238,-36.76684]]}},
{"type":"Feature","properties":{"nom_reg":"Biobío","nom_prov":"Concepción","nom_com":"Hualpén","sector":"Caleta Lenga","cine_reg":"08","cine_prov":"081","cine_com":"08112"},"geometry":{"type":"LineString","coordinates":[[-73.17167,-36.76801],[-73.17146,-36.76698]]}},
{"type":"Feature","properties":{"nom_reg":"Biobío","nom_prov":"Concepción","nom_com":"Hualpén","sector":"Caleta Lenga","cine_reg":"08","cine_prov":"081","cine_com":"08112"},"geometry":{"type":"LineString","coordinates":[[-73.17015,-36.76793],[-73.17011,-36.76763],[-73.17061,-36.76745],[-73.17053,-36.76708]]}},
{"type":"Feature","properties":{"nom_reg":"Biobío","nom_prov":"Concepción","nom_com":"Penco","sector":"Lirquén","cine_reg":"08","cine_prov":"081","cine_com":"08107"},"geometry":{"type":"LineString","coordinates":[[-72.97232,-36.71689],[-72.97442,-36.7162],[-72.97484,-36.71926]]}},
{"type":"Feature","properties":{"nom_reg":"Biobío","nom_prov":"Concepción","nom_com":"Penco","sector":"Penco","cine_reg":"08","cine_prov":"081","cine_com":"08107"},"geometry":{"type":"LineString","coordinates":[[-73.00004,-36.74],[-73.00004,-36.74027],[-73.00117,-36.74067],[-73.00131,-36.74089],[-73.00202,-36.74078]]}},
{"type":"Feature","properties":{"nom_reg":"Biobío","nom_prov":"Concepción","nom_com":"Penco","sector":"Penco","cine_reg":"08","cine_prov":"081","cine_com":"08107"},"geometry":{"type":"LineString","coordinates":[[-72.99306,-36.7416],[-72.99551,-36.74247]]}},
{"type":"Feature","properties":{"nom_reg":"Biobío","nom_prov":"Concepción","nom_com":"Penco","sector":"Penco","cine_reg":"08","cine_prov":"081","cine_com":"08107"},"geometry":{"type":"LineString","coordinates":[[-73.00037,-36.73923],[-73.00337,-36.74029]]}},
{"type":"Feature","properties":{"nom_reg":"Biobío","nom_prov":"Concepción","nom_com":"Penco","sector":"Penco","cine_reg":"08","cine_prov":"081","cine_com":"08107"},"geometry":{"type":"LineString","coordinates":[[-73.00008,-36.74137],[-72.99853,-36.74436],[-72.99687,-36.74545],[-72.99641,-36.74628],[-72.99609,-36.74616]]}},
{"type":"Feature","properties":{"nom_reg":"Biobío","nom_prov":"Concepción","nom_com":"Penco","sector":"Penco","cine_reg":"08","cine_prov":"081","cine_com":"08107"},"geometry":{"type":"LineString","coordinates":[[-72.9911,-36.74239],[-72.99111,-36.74273],[-72.99183,-36.74409],[-72.99197,-36.74486],[-72.99338,-36.74703],[-72.99251,-36.74744]]}},
{"type":"Feature","properties":{"nom_reg":"Biobío","nom_prov":"Concepción","nom_com":"Penco","sector":"Penco","cine_reg":"08","cine_prov":"081","cine_com":"08107"},"geometry":{"type":"LineString","coordinates":[[-72.99078,-36.72379],[-72.98973,-36.72361],[-72.98921,-36.724],[-72.98733,-36.72469],[-72.98707,-36.72535],[-72.98643,-36.72559],[-72.98652,-36.72584]]}},
{"type":"Feature","properties":{"nom_reg":"Biobío","nom_prov":"Concepción","nom_com":"Penco","sector":"Penco","cine_reg":"08","cine_prov":"081","cine_com":"08107"},"geometry":{"type":"LineString","coordinates":[[-72.99083,-36.73408],[-72.98887,-36.7377],[-72.98731,-36.73715],[-72.98662,-36.73718]]}},
{"type":"Feature","properties":{"nom_reg":"Biobío","nom_prov":"Concepción","nom_com":"Penco","sector":"Penco","cine_reg":"08","cine_prov":"081","cine_com":"08107"},"geometry":{"type":"LineString","coordinates":[[-72.99962,-36.73774],[-72.99705,-36.74334],[-72.99691,-36.74299],[-72.99667,-36.7429]]}},
{"type":"Feature","properties":{"nom_reg":"Biobío","nom_prov":"Concepción","nom_com":"Penco","sector":"Lirquén","cine_reg":"08","cine_prov":"081","cine_com":"08107"},"geometry":{"type":"LineString","coordinates":[[-72.97431,-36.71448],[-72.97134,-36.71518],[-72.97083,-36.71399],[-72.97077,-36.71339]]}},
{"type":"Feature","properties":{"nom_reg":"Biobío","nom_prov":"Concepción","nom_com":"Penco","sector":"Lirquén","cine_reg":"08","cine_prov":"081","cine_com":"08107"},"geometry":{"type":"LineString","coordinates":[[-72.97635,-36.71053],[-72.97354,-36.71051],[-72.97333,-36.70998],[-72.97352,-36.70947],[-72.97405,-36.7093],[-72.97497,-36.70943],[-72.97401,-36.70878]]}},
{"type":"Feature","properties":{"nom_reg":"Biobío","nom_prov":"Concepción","nom_com":"Penco","sector":"Penco","cine_reg":"08","cine_prov":"081","cine_com":"08107"},"geometry":{"type":"LineString","coordinates":[[-72.99173,-36.72588],[-72.99137,-36.7263],[-72.99061,-36.72641],[-72.99036,-36.72629],[-72.98878,-36.72681]]}},
{"type":"Feature","properties":{"nom_reg":"Biobío","nom_prov":"Concepción","nom_com":"Penco","sector":"Lirquén","cine_reg":"08","cine_prov":"081","cine_com":"08107"},"geometry":{"type":"LineString","coordinates":[[-72.98459,-36.7204],[-72.98371,-36.7208],[-72.98218,-36.71996],[-72.98194,-36.71966]]}},
{"type":"Feature","properties":{"nom_reg":"Biobío","nom_prov":"Concepción","nom_com":"Penco","sector":"Penco","cine_reg":"08","cine_prov":"081","cine_com":"08107"},"geometry":{"type":"LineString","coordinates":[[-72.98659,-36.72269],[-72.98605,-36.72317],[-72.98733,-36.72465]]}},
{"type":"Feature","properties":{"nom_reg":"Biobío","nom_prov":"Concepción","nom_com":"Penco","sector":"Penco","cine_reg":"08","cine_prov":"081","cine_com":"08107"},"geometry":{"type":"LineString","coordinates":[[-72.99685,-36.7372],[-72.99511,-36.74107]]}},
{"type":"Feature","properties":{"nom_reg":"Biobío","nom_prov":"Concepción","nom_com":"Penco","sector":"Penco","cine_reg":"08","cine_prov":"081","cine_com":"08107"},"geometry":{"type":"LineString","coordinates":[[-73.00107,-36.73812],[-73.00189,-36.73819],[-73.00341,-36.73876],[-73.00424,-36.73921],[-73.00436,-36.7397]]}},
{"type":"Feature","properties":{"nom_reg":"Biobío","nom_prov":"Concepción","nom_com":"Penco","sector":"Lirquén","cine_reg":"08","cine_prov":"081","cine_com":"08107"},"geometry":{"type":"LineString","coordinates":[[-72.97708,-36.7125],[-72.97661,-36.71214],[-72.97523,-36.71168],[-72.97508,-36.71148],[-72.97299,-36.71074],[-72.97197,-36.71073],[-72.97181,-36.71093],[-72.97113,-36.71102],[-72.97023,-36.71167]]}},
{"type":"Feature","properties":{"nom_reg":"Biobío","nom_prov":"Concepción","nom_com":"Penco","sector":"Penco","cine_reg":"08","cine_prov":"081","cine_com":"08107"},"geometry":{"type":"LineString","coordinates":[[-72.99824,-36.73745],[-72.99595,-36.74255]]}},
{"type":"Feature","properties":{"nom_reg":"Biobío","nom_prov":"Concepción","nom_com":"Penco","sector":"Penco","cine_reg":"08","cine_prov":"081","cine_com":"08107"},"geometry":{"type":"LineString","coordinates":[[-72.99242,-36.73403],[-72.98853,-36.73264],[-72.98962,-36.73076]]}},
{"type":"Feature","properties":{"nom_reg":"Biobío","nom_prov":"Concepción","nom_com":"Penco","sector":"Penco","cine_reg":"08","cine_prov":"081","cine_com":"08107"},"geometry":{"type":"LineString","coordinates":[[-72.99343,-36.73493],[-72.99034,-36.74063],[-72.98904,-36.74023],[-72.98968,-36.7401],[-72.98845,-36.7396]]}},
{"type":"Feature","properties":{"nom_reg":"Biobío","nom_prov":"Concepción","nom_com":"Penco","sector":"Penco","cine_reg":"08","cine_prov":"081","cine_com":"08107"},"geometry":{"type":"LineString","coordinates":[[-72.99445,-36.73595],[-72.99166,-36.74112],[-72.99048,-36.74069]]}},
{"type":"Feature","properties":{"nom_reg":"Biobío","nom_prov":"Concepción","nom_com":"Penco","sector":"Penco","cine_reg":"08","cine_prov":"081","cine_com":"08107"},"geometry":{"type":"LineString","coordinates":[[-72.99146,-36.72961],[-72.99143,-36.73055],[-72.99043,-36.73204],[-72.98923,-36.73165]]}},
{"type":"Feature","properties":{"nom_reg":"Biobío","nom_prov":"Concepción","nom_com":"Penco","sector":"Lirquén","cine_reg":"08","cine_prov":"081","cine_com":"08107"},"geometry":{"type":"LineString","coordinates":[[-72.97707,-36.71301],[-72.9758,-36.71308],[-72.97392,-36.71266],[-72.9737,-36.71098]]}},
{"type":"Feature","properties":{"nom_reg":"Biobío","nom_prov":"Concepción","nom_com":"Penco","sector":"Penco","cine_reg":"08","cine_prov":"081","cine_com":"08107"},"geometry":{"type":"LineString","coordinates":[[-72.99189,-36.735],[-72.99019,-36.73817],[-72.989,-36.73772]]}},
{"type":"Feature","properties":{"nom_reg":"Biobío","nom_prov":"Concepción","nom_com":"Penco","sector":"Penco","cine_reg":"08","cine_prov":"081","cine_com":"08107"},"geometry":{"type":"LineString","coordinates":[[-72.9956,-36.73687],[-72.99366,-36.74057],[-72.99641,-36.74153]]}},
{"type":"Feature","properties":{"nom_reg":"Biobío","nom_prov":"Arauco","nom_com":"Los Alamos","sector":"Los Álamos","cine_reg":"08","cine_prov":"082","cine_com":"08206"},"geometry":{"type":"LineString","coordinates":[[-73.51019,-37.84364],[-73.50995,-37.84266],[-73.50945,-37.84245]]}},
{"type":"Feature","properties":{"nom_reg":"Antofagasta","nom_prov":"Antofagasta","nom_com":"Taltal","sector":"Paposo","cine_reg":"02","cine_prov":"021","cine_com":"02104"},"geometry":{"type":"LineString","coordinates":[[-70.46579,-25.0104],[-70.46531,-25.01058],[-70.46543,-25.01091],[-70.46476,-25.01106]]}},
{"type":"Feature","properties":{"nom_reg":"Biobío","nom_prov":"Arauco","nom_com":"Los Alamos","sector":"Los Álamos","cine_reg":"08","cine_prov":"082","cine_com":"08206"},"geometry":{"type":"LineString","coordinates":[[-73.50722,-37.84323],[-73.50757,-37.84301],[-73.50906,-37.84272],[-73.50976,-37.84188],[-73.51009,-37.8411],[-73.51007,-37.84044],[-73.50843,-37.83868],[-73.50832,-37.83794],[-73.50826,-37.83686],[-73.50863,-37.83662],[-73.5089,-37.8359],[-73.50859,-37.83321],[-73.50911,-37.8319],[-73.50906,-37.83125]]}},
{"type":"Feature","properties":{"nom_reg":"Biobío","nom_prov":"Arauco","nom_com":"Los Alamos","sector":"Los Álamos","cine_reg":"08","cine_prov":"082","cine_com":"08206"},"geometry":{"type":"LineString","coordinates":[[-73.51418,-37.84316],[-73.51417,-37.84282],[-73.51339,-37.84127]]}},
{"type":"Feature","properties":{"nom_reg":"Biobío","nom_prov":"Arauco","nom_com":"Los Alamos","sector":"Los Álamos","cine_reg":"08","cine_prov":"082","cine_com":"08206"},"geometry":{"type":"LineString","coordinates":[[-73.51968,-37.84737],[-73.51805,-37.84107]]}},
{"type":"Feature","properties":{"nom_reg":"Biobío","nom_prov":"Arauco","nom_com":"Los Alamos","sector":"Los Álamos","cine_reg":"08","cine_prov":"082","cine_com":"08206"},"geometry":{"type":"LineString","coordinates":[[-73.51982,-37.84114],[-73.51893,-37.84088],[-73.5174,-37.84101],[-73.5169,-37.8409],[-73.51548,-37.84126],[-73.51477,-37.84124],[-73.51186,-37.84085],[-73.5102,-37.84111]]}},
{"type":"Feature","properties":{"nom_reg":"Biobío","nom_prov":"Arauco","nom_com":"Tirúa","sector":"Quidico","cine_reg":"08","cine_prov":"082","cine_com":"08207"},"geometry":{"type":"LineString","coordinates":[[-73.49111,-38.249],[-73.49154,-38.24922],[-73.4918,-38.24966],[-73.49528,-38.24998],[-73.497,-38.25058],[-73.49947,-38.25077],[-73.50098,-38.25121]]}},
{"type":"Feature","properties":{"nom_reg":"Biobío","nom_prov":"Arauco","nom_com":"Tirúa","sector":"Quidico","cine_reg":"08","cine_prov":"082","cine_com":"08207"},"geometry":{"type":"LineString","coordinates":[[-73.48807,-38.2499],[-73.48911,-38.25067]]}},
{"type":"Feature","properties":{"nom_reg":"Biobío","nom_prov":"Arauco","nom_com":"Tirúa","sector":"Quidico","cine_reg":"08","cine_prov":"082","cine_com":"08207"},"geometry":{"type":"LineString","coordinates":[[-73.48343,-38.24909],[-73.48449,-38.25111]]}},
{"type":"Feature","properties":{"nom_reg":"Biobío","nom_prov":"Arauco","nom_com":"Tirúa","sector":"Quidico","cine_reg":"08","cine_prov":"082","cine_com":"08207"},"geometry":{"type":"LineString","coordinates":[[-73.48843,-38.24862],[-73.48971,-38.24948]]}},
{"type":"Feature","properties":{"nom_reg":"Biobío","nom_prov":"Arauco","nom_com":"Tirúa","sector":"Quidico","cine_reg":"08","cine_prov":"082","cine_com":"08207"},"geometry":{"type":"LineString","coordinates":[[-73.49081,-38.24968],[-73.48997,-38.24954],[-73.48926,-38.25067],[-73.48952,-38.2511],[-73.48907,-38.25149],[-73.48641,-38.25053]]}},
{"type":"Feature","properties":{"nom_reg":"Biobío","nom_prov":"Arauco","nom_com":"Tirúa","sector":"Quidico","cine_reg":"08","cine_prov":"082","cine_com":"08207"},"geometry":{"type":"LineString","coordinates":[[-73.48322,-38.24702],[-73.482,-38.24643],[-73.48169,-38.24692],[-73.48128,-38.24671],[-73.47939,-38.24658]]}},
{"type":"Feature","properties":{"nom_reg":"Biobío","nom_prov":"Arauco","nom_com":"Tirúa","sector":"Quidico","cine_reg":"08","cine_prov":"082","cine_com":"08207"},"geometry":{"type":"LineString","coordinates":[[-73.47806,-38.24596],[-73.47907,-38.24653],[-73.47911,-38.24712]]}},
{"type":"Feature","properties":{"nom_reg":"Biobío","nom_prov":"Arauco","nom_com":"Tirúa","sector":"Quidico","cine_reg":"08","cine_prov":"082","cine_com":"08207"},"geometry":{"type":"LineString","coordinates":[[-73.47823,-38.24432],[-73.48175,-38.24632]]}},
{"type":"Feature","properties":{"nom_reg":"Biobío","nom_prov":"Arauco","nom_com":"Tirúa","sector":"Quidico","cine_reg":"08","cine_prov":"082","cine_com":"08207"},"geometry":{"type":"LineString","coordinates":[[-73.48285,-38.24745],[-73.48184,-38.24698]]}},
{"type":"Feature","properties":{"nom_reg":"Biobío","nom_prov":"Arauco","nom_com":"Tirúa","sector":"Quidico","cine_reg":"08","cine_prov":"082","cine_com":"08207"},"geometry":{"type":"LineString","coordinates":[[-73.48789,-38.24866],[-73.48727,-38.24942],[-73.48612,-38.2489]]}},
{"type":"Feature","properties":{"nom_reg":"Biobío","nom_prov":"Arauco","nom_com":"Tirúa","sector":"Quidico","cine_reg":"08","cine_prov":"082","cine_com":"08207"},"geometry":{"type":"LineString","coordinates":[[-73.48413,-38.24738],[-73.48324,-38.2487],[-73.48139,-38.24782],[-73.48044,-38.24788]]}},
{"type":"Feature","properties":{"nom_reg":"Biobío","nom_prov":"Arauco","nom_com":"Tirúa","sector":"Quidico","cine_reg":"08","cine_prov":"082","cine_com":"08207"},"geometry":{"type":"LineString","coordinates":[[-73.47567,-38.24255],[-73.47053,-38.23835],[-73.47031,-38.23793],[-73.47009,-38.23643]]}},
{"type":"Feature","properties":{"nom_reg":"Biobío","nom_prov":"Arauco","nom_com":"Tirúa","sector":"Quidico","cine_reg":"08","cine_prov":"082","cine_com":"08207"},"geometry":{"type":"LineString","coordinates":[[-73.48736,-38.24784],[-73.48613,-38.24753],[-73.48601,-38.24864],[-73.48586,-38.24882]]}},
{"type":"Feature","properties":{"nom_reg":"Biobío","nom_prov":"Arauco","nom_com":"Tirúa","sector":"Quidico","cine_reg":"08","cine_prov":"082","cine_com":"08207"},"geometry":{"type":"LineString","coordinates":[[-73.48505,-38.24746],[-73.48531,-38.24841],[-73.48584,-38.24876],[-73.48607,-38.24925],[-73.48617,-38.24992],[-73.48604,-38.25044]]}},
{"type":"Feature","properties":{"nom_reg":"Biobío","nom_prov":"Arauco","nom_com":"Tirúa","sector":"Tirúa","cine_reg":"08","cine_prov":"082","cine_com":"08207"},"geometry":{"type":"LineString","coordinates":[[-73.49077,-38.34274],[-73.49112,-38.34221],[-73.48561,-38.33988]]}},
{"type":"Feature","properties":{"nom_reg":"Biobío","nom_prov":"Arauco","nom_com":"Tirúa","sector":"Tirúa","cine_reg":"08","cine_prov":"082","cine_com":"08207"},"geometry":{"type":"LineString","coordinates":[[-73.48768,-38.34215],[-73.48838,-38.34116]]}},
{"type":"Feature","properties":{"nom_reg":"Biobío","nom_prov":"Arauco","nom_com":"Tirúa","sector":"Tirúa","cine_reg":"08","cine_prov":"082","cine_com":"08207"},"geometry":{"type":"LineString","coordinates":[[-73.49408,-38.34182],[-73.49213,-38.34102]]}},
{"type":"Feature","properties":{"nom_reg":"Biobío","nom_prov":"Arauco","nom_com":"Tirúa","sector":"Tirúa","cine_reg":"08","cine_prov":"082","cine_com":"08207"},"geometry":{"type":"LineString","coordinates":[[-73.48948,-38.34292],[-73.49012,-38.34194]]}},
{"type":"Feature","properties":{"nom_reg":"Biobío","nom_prov":"Arauco","nom_com":"Tirúa","sector":"Tirúa","cine_reg":"08","cine_prov":"082","cine_com":"08207"},"geometry":{"type":"LineString","coordinates":[[-73.48857,-38.34257],[-73.48927,-38.34155]]}},
{"type":"Feature","properties":{"nom_reg":"Biobío","nom_prov":"Arauco","nom_com":"Tirúa","sector":"Tirúa","cine_reg":"08","cine_prov":"082","cine_com":"08207"},"geometry":{"type":"LineString","coordinates":[[-73.49224,-38.34876],[-73.49152,-38.34912],[-73.49032,-38.34921],[-73.48926,-38.34884]]}},
{"type":"Feature","properties":{"nom_reg":"Biobío","nom_prov":"Arauco","nom_com":"Tirúa","sector":"Tirúa","cine_reg":"08","cine_prov":"082","cine_com":"08207"},"geometry":{"type":"LineString","coordinates":[[-73.48799,-38.34915],[-73.48699,-38.34954],[-73.48654,-38.34995],[-73.48464,-38.35083],[-73.48389,-38.35156]]}},
{"type":"Feature","properties":{"nom_reg":"Biobío","nom_prov":"Arauco","nom_com":"Tirúa","sector":"Tirúa","cine_reg":"08","cine_prov":"082","cine_com":"08207"},"geometry":{"type":"LineString","coordinates":[[-73.49029,-38.34662],[-73.48926,-38.34878],[-73.48832,-38.34973],[-73.48755,-38.34994],[-73.48791,-38.35074],[-73.48827,-38.35113]]}},
{"type":"Feature","properties":{"nom_reg":"Biobío","nom_prov":"Arauco","nom_com":"Tirúa","sector":"Tirúa","cine_reg":"08","cine_prov":"082","cine_com":"08207"},"geometry":{"type":"LineString","coordinates":[[-73.48612,-38.34174],[-73.48487,-38.3415],[-73.48432,-38.34125],[-73.48381,-38.34077],[-73.4837,-38.34029],[-73.48406,-38.33951],[-73.48342,-38.33801],[-73.48258,-38.33735],[-73.4826,-38.33675]]}},
{"type":"Feature","properties":{"nom_reg":"Biobío","nom_prov":"Arauco","nom_com":"Tirúa","sector":"Tirúa","cine_reg":"08","cine_prov":"082","cine_com":"08207"},"geometry":{"type":"LineString","coordinates":[[-73.49536,-38.34301],[-73.49165,-38.34148],[-73.49173,-38.34133]]}},
{"type":"Feature","properties":{"nom_reg":"Biobío","nom_prov":"Arauco","nom_com":"Tirúa","sector":"Tirúa","cine_reg":"08","cine_prov":"082","cine_com":"08207"},"geometry":{"type":"LineString","coordinates":[[-73.49287,-38.33893],[-73.4908,-38.33748]]}},
{"type":"Feature","properties":{"nom_reg":"Biobío","nom_prov":"Arauco","nom_com":"Tirúa","sector":"Tirúa","cine_reg":"08","cine_prov":"082","cine_com":"08207"},"geometry":{"type":"LineString","coordinates":[[-73.48805,-38.34236],[-73.48878,-38.34128]]}},
{"type":"Feature","properties":{"nom_reg":"Biobío","nom_prov":"Arauco","nom_com":"Tirúa","sector":"Tirúa","cine_reg":"08","cine_prov":"082","cine_com":"08207"},"geometry":{"type":"LineString","coordinates":[[-73.49422,-38.33999],[-73.4922,-38.33679]]}},
{"type":"Feature","properties":{"nom_reg":"Biobío","nom_prov":"Arauco","nom_com":"Tirúa","sector":"Tirúa","cine_reg":"08","cine_prov":"082","cine_com":"08207"},"geometry":{"type":"LineString","coordinates":[[-73.49431,-38.34047],[-73.49057,-38.33913],[-73.49035,-38.3395]]}},
{"type":"Feature","properties":{"nom_reg":"Biobío","nom_prov":"Arauco","nom_com":"Tirúa","sector":"Tirúa","cine_reg":"08","cine_prov":"082","cine_com":"08207"},"geometry":{"type":"LineString","coordinates":[[-73.49364,-38.33973],[-73.48933,-38.33803]]}},
{"type":"Feature","properties":{"nom_reg":"Biobío","nom_prov":"Arauco","nom_com":"Tirúa","sector":"Tirúa","cine_reg":"08","cine_prov":"082","cine_com":"08207"},"geometry":{"type":"LineString","coordinates":[[-73.49498,-38.34149],[-73.48722,-38.33838],[-73.48669,-38.338],[-73.48476,-38.33541]]}},
{"type":"Feature","properties":{"nom_reg":"Biobío","nom_prov":"Arauco","nom_com":"Tirúa","sector":"Tirúa","cine_reg":"08","cine_prov":"082","cine_com":"08207"},"geometry":{"type":"LineString","coordinates":[[-73.49498,-38.34353],[-73.49126,-38.34198],[-73.49113,-38.34219]]}},
{"type":"Feature","properties":{"nom_reg":"Biobío","nom_prov":"Arauco","nom_com":"Tirúa","sector":"Tirúa","cine_reg":"08","cine_prov":"082","cine_com":"08207"},"geometry":{"type":"LineString","coordinates":[[-73.48703,-38.3419],[-73.48772,-38.34086]]}},
{"type":"Feature","properties":{"nom_reg":"Biobío","nom_prov":"Arauco","nom_com":"Tirúa","sector":"Tirúa","cine_reg":"08","cine_prov":"082","cine_com":"08207"},"geometry":{"type":"LineString","coordinates":[[-73.48371,-38.3414],[-73.48285,-38.34192],[-73.48197,-38.34173],[-73.48247,-38.34146],[-73.48253,-38.34078]]}},
{"type":"Feature","properties":{"nom_reg":"Biobío","nom_prov":"Arauco","nom_com":"Tirúa","sector":"Tirúa","cine_reg":"08","cine_prov":"082","cine_com":"08207"},"geometry":{"type":"LineString","coordinates":[[-73.49341,-38.34815],[-73.49423,-38.34817],[-73.49431,-38.34751],[-73.49529,-38.34682],[-73.4962,-38.34689],[-73.49666,-38.34677],[-73.49713,-38.34697]]}},
{"type":"Feature","properties":{"nom_reg":"Biobío","nom_prov":"Arauco","nom_com":"Tirúa","sector":"Tirúa","cine_reg":"08","cine_prov":"082","cine_com":"08207"},"geometry":{"type":"LineString","coordinates":[[-73.49204,-38.34093],[-73.49181,-38.34124],[-73.4867,-38.33913]]}},
{"type":"Feature","properties":{"nom_reg":"Biobío","nom_prov":"Arauco","nom_com":"Tirúa","sector":"Tirúa","cine_reg":"08","cine_prov":"082","cine_com":"08207"},"geometry":{"type":"LineString","coordinates":[[-73.50142,-38.34221],[-73.50081,-38.34334],[-73.50004,-38.34366],[-73.49928,-38.34367],[-73.49895,-38.34384],[-73.49892,-38.34459],[-73.49845,-38.34522],[-73.49547,-38.34655],[-73.49501,-38.34697]]}},
{"type":"Feature","properties":{"nom_reg":"Biobío","nom_prov":"Arauco","nom_com":"Tirúa","sector":"Tirúa","cine_reg":"08","cine_prov":"082","cine_com":"08207"},"geometry":{"type":"LineString","coordinates":[[-73.49122,-38.34428],[-73.49192,-38.34322]]}},
{"type":"Feature","properties":{"nom_reg":"Biobío","nom_prov":"Arauco","nom_com":"Tirúa","sector":"Tirúa","cine_reg":"08","cine_prov":"082","cine_com":"08207"},"geometry":{"type":"LineString","coordinates":[[-73.49456,-38.34436],[-73.49077,-38.34274]]}},
{"type":"Feature","properties":{"nom_reg":"Biobío","nom_prov":"Concepción","nom_com":"Concepción","sector":"Concepción","cine_reg":"08","cine_prov":"081","cine_com":"08101"},"geometry":{"type":"LineString","coordinates":[[-73.06019,-36.79002],[-73.0599,-36.7905],[-73.05852,-36.79004]]}},
{"type":"Feature","properties":{"nom_reg":"Biobío","nom_prov":"Concepción","nom_com":"Concepción","sector":"Concepción","cine_reg":"08","cine_prov":"081","cine_com":"08101"},"geometry":{"type":"LineString","coordinates":[[-73.05563,-36.78862],[-73.0549,-36.78836],[-73.05464,-36.78775],[-73.05462,-36.78705],[-73.05327,-36.78663],[-73.05291,-36.78594],[-73.05263,-36.78581],[-73.05096,-36.78574]]}},
{"type":"Feature","properties":{"nom_reg":"Biobío","nom_prov":"Concepción","nom_com":"Concepción","sector":"Concepción","cine_reg":"08","cine_prov":"081","cine_com":"08101"},"geometry":{"type":"LineString","coordinates":[[-73.05073,-36.78756],[-73.05116,-36.78782],[-73.05223,-36.78805]]}},
{"type":"Feature","properties":{"nom_reg":"Biobío","nom_prov":"Concepción","nom_com":"Concepción","sector":"Concepción","cine_reg":"08","cine_prov":"081","cine_com":"08101"},"geometry":{"type":"LineString","coordinates":[[-73.05421,-36.788],[-73.0523,-36.78808],[-73.05158,-36.78971],[-73.05115,-36.78936],[-73.0484,-36.78858],[-73.04681,-36.78915]]}},
{"type":"Feature","properties":{"nom_reg":"Biobío","nom_prov":"Concepción","nom_com":"Concepción","sector":"Concepción","cine_reg":"08","cine_prov":"081","cine_com":"08101"},"geometry":{"type":"LineString","coordinates":[[-73.05606,-36.79055],[-73.05358,-36.78995],[-73.05329,-36.79046],[-73.05358,-36.79062],[-73.0548,-36.79214],[-73.05373,-36.7921]]}},
{"type":"Feature","properties":{"nom_reg":"Biobío","nom_prov":"Concepción","nom_com":"Concepción","sector":"Concepción","cine_reg":"08","cine_prov":"081","cine_com":"08101"},"geometry":{"type":"LineString","coordinates":[[-73.05687,-36.78897],[-73.05873,-36.78953],[-73.05798,-36.791],[-73.05743,-36.79157],[-73.05714,-36.79185],[-73.05681,-36.79148],[-73.05658,-36.79151],[-73.05613,-36.7921]]}},
{"type":"Feature","properties":{"nom_reg":"Biobío","nom_prov":"Concepción","nom_com":"Concepción","sector":"Concepción","cine_reg":"08","cine_prov":"081","cine_com":"08101"},"geometry":{"type":"LineString","coordinates":[[-73.05743,-36.78415],[-73.05767,-36.78526],[-73.05717,-36.78572],[-73.05572,-36.78519],[-73.05538,-36.78489],[-73.05495,-36.78393]]}},
{"type":"Feature","properties":{"nom_reg":"Biobío","nom_prov":"Concepción","nom_com":"Concepción","sector":"Concepción","cine_reg":"08","cine_prov":"081","cine_com":"08101"},"geometry":{"type":"LineString","coordinates":[[-73.05509,-36.78005],[-73.05536,-36.78363],[-73.05503,-36.78383],[-73.05444,-36.78384],[-73.05427,-36.78324],[-73.0532,-36.78217]]}},
{"type":"Feature","properties":{"nom_reg":"Biobío","nom_prov":"Concepción","nom_com":"Concepción","sector":"Concepción","cine_reg":"08","cine_prov":"081","cine_com":"08101"},"geometry":{"type":"LineString","coordinates":[[-73.04488,-36.77681],[-73.04834,-36.78024]]}},
{"type":"Feature","properties":{"nom_reg":"Biobío","nom_prov":"Concepción","nom_com":"Concepción","sector":"Concepción","cine_reg":"08","cine_prov":"081","cine_com":"08101"},"geometry":{"type":"LineString","coordinates":[[-73.04457,-36.77554],[-73.04041,-36.77846],[-73.04072,-36.77953],[-73.04146,-36.78019],[-73.04206,-36.78178],[-73.04204,-36.78227]]}},
{"type":"Feature","properties":{"nom_reg":"Biobío","nom_prov":"Concepción","nom_com":"Concepción","sector":"Concepción","cine_reg":"08","cine_prov":"081","cine_com":"08101"},"geometry":{"type":"LineString","coordinates":[[-73.04286,-36.77765],[-73.04368,-36.77843],[-73.04385,-36.77936],[-73.04479,-36.78055],[-73.04503,-36.78129]]}},
{"type":"Feature","properties":{"nom_reg":"Biobío","nom_prov":"Concepción","nom_com":"Concepción","sector":"Concepción","cine_reg":"08","cine_prov":"081","cine_com":"08101"},"geometry":{"type":"LineString","coordinates":[[-73.04887,-36.77622],[-73.04905,-36.7802]]}},
{"type":"Feature","properties":{"nom_reg":"Biobío","nom_prov":"Concepción","nom_com":"Concepción","sector":"Concepción","cine_reg":"08","cine_prov":"081","cine_com":"08101"},"geometry":{"type":"LineString","coordinates":[[-73.05223,-36.78123],[-73.05312,-36.7821],[-73.05302,-36.78227],[-73.0524,-36.78307],[-73.051,-36.78291],[-73.05091,-36.78319],[-73.05129,-36.78352],[-73.05074,-36.78378],[-73.05052,-36.78411]]}},
{"type":"Feature","properties":{"nom_reg":"Biobío","nom_prov":"Concepción","nom_com":"Concepción","sector":"Concepción","cine_reg":"08","cine_prov":"081","cine_com":"08101"},"geometry":{"type":"LineString","coordinates":[[-73.05266,-36.77703],[-73.05284,-36.77981],[-73.0523,-36.78057],[-73.05124,-36.78077],[-73.04896,-36.78024],[-73.04671,-36.78053],[-73.04668,-36.78172],[-73.04731,-36.78192]]}},
{"type":"Feature","properties":{"nom_reg":"Biobío","nom_prov":"Concepción","nom_com":"Lota","sector":"Lota","cine_reg":"08","cine_prov":"081","cine_com":"08106"},"geometry":{"type":"LineString","coordinates":[[-73.15598,-37.09008],[-73.15666,-37.08907],[-73.15717,-37.08878],[-73.1573,-37.08854],[-73.15699,-37.0878],[-73.1544,-37.08433]]}},
{"type":"Feature","properties":{"nom_reg":"Biobío","nom_prov":"Concepción","nom_com":"Lota","sector":"Lota","cine_reg":"08","cine_prov":"081","cine_com":"08106"},"geometry":{"type":"LineString","coordinates":[[-73.15798,-37.09084],[-73.15857,-37.08994],[-73.15859,-37.08935],[-73.15959,-37.08797],[-73.16018,-37.08769],[-73.16035,-37.08801]]}},
{"type":"Feature","properties":{"nom_reg":"Biobío","nom_prov":"Concepción","nom_com":"Lota","sector":"Lota","cine_reg":"08","cine_prov":"081","cine_com":"08106"},"geometry":{"type":"LineString","coordinates":[[-73.14623,-37.10759],[-73.14563,-37.10888],[-73.14523,-37.1088],[-73.14488,-37.10894],[-73.14483,-37.10943],[-73.14319,-37.10886],[-73.14201,-37.10786],[-73.14214,-37.10886],[-73.1416,-37.10914],[-73.1415,-37.10988],[-73.14107,-37.10999],[-73.14054,-37.10982]]}},
{"type":"Feature","properties":{"nom_reg":"Biobío","nom_prov":"Concepción","nom_com":"Lota","sector":"Lota","cine_reg":"08","cine_prov":"081","cine_com":"08106"},"geometry":{"type":"LineString","coordinates":[[-73.1667,-37.08079],[-73.16573,-37.08054],[-73.16625,-37.08205],[-73.16613,-37.08236]]}},
{"type":"Feature","properties":{"nom_reg":"Biobío","nom_prov":"Concepción","nom_com":"Lota","sector":"Lota","cine_reg":"08","cine_prov":"081","cine_com":"08106"},"geometry":{"type":"LineString","coordinates":[[-73.15437,-37.09648],[-73.15414,-37.09687],[-73.15288,-37.09736]]}},
{"type":"Feature","properties":{"nom_reg":"Biobío","nom_prov":"Concepción","nom_com":"Lota","sector":"Lota","cine_reg":"08","cine_prov":"081","cine_com":"08106"},"geometry":{"type":"LineString","coordinates":[[-73.15536,-37.09685],[-73.1548,-37.09786],[-73.15509,-37.09868],[-73.15421,-37.09883]]}},
{"type":"Feature","properties":{"nom_reg":"Biobío","nom_prov":"Concepción","nom_com":"Lota","sector":"Lota","cine_reg":"08","cine_prov":"081","cine_com":"08106"},"geometry":{"type":"LineString","coordinates":[[-73.15908,-37.09306],[-73.15524,-37.09153],[-73.15356,-37.09173],[-73.15213,-37.09211]]}},
{"type":"Feature","properties":{"nom_reg":"Biobío","nom_prov":"Concepción","nom_com":"Lota","sector":"Lota","cine_reg":"08","cine_prov":"081","cine_com":"08106"},"geometry":{"type":"LineString","coordinates":[[-73.15651,-37.10823],[-73.15568,-37.10799],[-73.15532,-37.10693],[-73.15489,-37.10665],[-73.15197,-37.10668],[-73.14886,-37.10698],[-73.14905,-37.10628],[-73.14846,-37.10518],[-73.14838,-37.10458],[-73.14867,-37.10333]]}},
{"type":"Feature","properties":{"nom_reg":"Biobío","nom_prov":"Concepción","nom_com":"Lota","sector":"Lota","cine_reg":"08","cine_prov":"081","cine_com":"08106"},"geometry":{"type":"LineString","coordinates":[[-73.15201,-37.11478],[-73.15152,-37.11477],[-73.15077,-37.11426],[-73.14973,-37.1143],[-73.14951,-37.1141],[-73.14934,-37.11346],[-73.14903,-37.11318],[-73.14792,-37.11316],[-73.14812,-37.11379],[-73.14636,-37.11318],[-73.14739,-37.111],[-73.14548,-37.11079],[-73.14214,-37.11145]]}},
{"type":"Feature","properties":{"nom_reg":"Biobío","nom_prov":"Concepción","nom_com":"Lota","sector":"Lota","cine_reg":"08","cine_prov":"081","cine_com":"08106"},"geometry":{"type":"LineString","coordinates":[[-73.15934,-37.09645],[-73.1596,-37.09551],[-73.15945,-37.0952]]}},
{"type":"Feature","properties":{"nom_reg":"Biobío","nom_prov":"Concepción","nom_com":"Lota","sector":"Lota","cine_reg":"08","cine_prov":"081","cine_com":"08106"},"geometry":{"type":"LineString","coordinates":[[-73.16761,-37.08127],[-73.16734,-37.08155],[-73.16637,-37.08188]]}},
{"type":"Feature","properties":{"nom_reg":"Biobío","nom_prov":"Concepción","nom_com":"Lota","sector":"Lota","cine_reg":"08","cine_prov":"081","cine_com":"08106"},"geometry":{"type":"LineString","coordinates":[[-73.1557,-37.07404],[-73.1555,-37.07416],[-73.15553,-37.07443],[-73.15523,-37.07445]]}},
{"type":"Feature","properties":{"nom_reg":"Biobío","nom_prov":"Concepción","nom_com":"Lota","sector":"Lota","cine_reg":"08","cine_prov":"081","cine_com":"08106"},"geometry":{"type":"LineString","coordinates":[[-73.16436,-37.07983],[-73.16464,-37.08014],[-73.16559,-37.08048]]}},
{"type":"Feature","properties":{"nom_reg":"Biobío","nom_prov":"Concepción","nom_com":"Lota","sector":"Lota","cine_reg":"08","cine_prov":"081","cine_com":"08106"},"geometry":{"type":"LineString","coordinates":[[-73.16324,-37.07757],[-73.16315,-37.07701],[-73.16194,-37.07664],[-73.16196,-37.07685],[-73.16159,-37.07754],[-73.16113,-37.07786]]}},
{"type":"Feature","properties":{"nom_reg":"Biobío","nom_prov":"Concepción","nom_com":"Lota","sector":"Lota","cine_reg":"08","cine_prov":"081","cine_com":"08106"},"geometry":{"type":"LineString","coordinates":[[-73.16163,-37.07325],[-73.16008,-37.07363],[-73.15969,-37.07407],[-73.15965,-37.07443],[-73.15915,-37.07446],[-73.15888,-37.0748],[-73.15887,-37.0751],[-73.15789,-37.07506]]}},
{"type":"Feature","properties":{"nom_reg":"Biobío","nom_prov":"Concepción","nom_com":"Lota","sector":"Lota","cine_reg":"08","cine_prov":"081","cine_com":"08106"},"geometry":{"type":"LineString","coordinates":[[-73.15039,-37.07306],[-73.15092,-37.0735],[-73.15104,-37.07439],[-73.15222,-37.0746],[-73.15215,-37.07486],[-73.15261,-37.07515]]}},
{"type":"Feature","properties":{"nom_reg":"Biobío","nom_prov":"Concepción","nom_com":"Lota","sector":"Lota","cine_reg":"08","cine_prov":"081","cine_com":"08106"},"geometry":{"type":"LineString","coordinates":[[-73.15312,-37.07383],[-73.15313,-37.07402],[-73.1529,-37.07415],[-73.15194,-37.0744]]}},
{"type":"Feature","properties":{"nom_reg":"Biobío","nom_prov":"Concepción","nom_com":"Lota","sector":"Lota","cine_reg":"08","cine_prov":"081","cine_com":"08106"},"geometry":{"type":"LineString","coordinates":[[-73.1594,-37.10332],[-73.16026,-37.10406]]}},
{"type":"Feature","properties":{"nom_reg":"Biobío","nom_prov":"Concepción","nom_com":"Lota","sector":"Chivilingo","cine_reg":"08","cine_prov":"081","cine_com":"08106"},"geometry":{"type":"LineString","coordinates":[[-73.17755,-37.15125],[-73.17902,-37.1523],[-73.17903,-37.15299],[-73.17844,-37.15394],[-73.17897,-37.15541]]}},
{"type":"Feature","properties":{"nom_reg":"Biobío","nom_prov":"Concepción","nom_com":"Lota","sector":"Lota","cine_reg":"08","cine_prov":"081","cine_com":"08106"},"geometry":{"type":"LineString","coordinates":[[-73.15865,-37.10271],[-73.15904,-37.10301],[-73.15913,-37.10335],[-73.15906,-37.10368],[-73.15872,-37.10394]]}},
{"type":"Feature","properties":{"nom_reg":"Biobío","nom_prov":"Concepción","nom_com":"Lota","sector":"Lota","cine_reg":"08","cine_prov":"081","cine_com":"08106"},"geometry":{"type":"LineString","coordinates":[[-73.15702,-37.0962],[-73.15395,-37.09496],[-73.15284,-37.09527],[-73.15231,-37.09579],[-73.15189,-37.09594]]}},
{"type":"Feature","properties":{"nom_reg":"Biobío","nom_prov":"Concepción","nom_com":"Lota","sector":"Lota","cine_reg":"08","cine_prov":"081","cine_com":"08106"},"geometry":{"type":"LineString","coordinates":[[-73.15552,-37.07333],[-73.15575,-37.07345],[-73.15581,-37.07371],[-73.15505,-37.07393],[-73.15441,-37.07389],[-73.1545,-37.07443],[-73.15513,-37.07446],[-73.15499,-37.07502],[-73.15538,-37.07547]]}},
{"type":"Feature","properties":{"nom_reg":"Biobío","nom_prov":"Concepción","nom_com":"Lota","sector":"Lota","cine_reg":"08","cine_prov":"081","cine_com":"08106"},"geometry":{"type":"LineString","coordinates":[[-73.16099,-37.10499],[-73.1607,-37.10439],[-73.16029,-37.10403],[-73.15991,-37.10447],[-73.15913,-37.10483]]}},
{"type":"Feature","properties":{"nom_reg":"Biobío","nom_prov":"Concepción","nom_com":"Lota","sector":"Lota","cine_reg":"08","cine_prov":"081","cine_com":"08106"},"geometry":{"type":"LineString","coordinates":[[-73.15655,-37.09695],[-73.15357,-37.09581],[-73.15255,-37.09662],[-73.152,-37.09666],[-73.15177,-37.09652]]}},
{"type":"Feature","properties":{"nom_reg":"Biobío","nom_prov":"Concepción","nom_com":"Lota","sector":"Lota","cine_reg":"08","cine_prov":"081","cine_com":"08106"},"geometry":{"type":"LineString","coordinates":[[-73.15587,-37.09888],[-73.15631,-37.09997],[-73.15596,-37.10027],[-73.15424,-37.10068]]}},
{"type":"Feature","properties":{"nom_reg":"Biobío","nom_prov":"Concepción","nom_com":"Lota","sector":"Lota","cine_reg":"08","cine_prov":"081","cine_com":"08106"},"geometry":{"type":"LineString","coordinates":[[-73.14708,-37.10612],[-73.1482,-37.10635],[-73.14845,-37.1066],[-73.14848,-37.10696],[-73.14886,-37.10698]]}},
{"type":"Feature","properties":{"nom_reg":"Biobío","nom_prov":"Concepción","nom_com":"Lota","sector":"Lota","cine_reg":"08","cine_prov":"081","cine_com":"08106"},"geometry":{"type":"LineString","coordinates":[[-73.15903,-37.09431],[-73.15833,-37.09371],[-73.15454,-37.09223],[-73.15405,-37.09296]]}},
{"type":"Feature","properties":{"nom_reg":"Biobío","nom_prov":"Concepción","nom_com":"Lota","sector":"Lota","cine_reg":"08","cine_prov":"081","cine_com":"08106"},"geometry":{"type":"LineString","coordinates":[[-73.15805,-37.09173],[-73.15505,-37.09045],[-73.15372,-37.09043],[-73.15269,-37.09195]]}},
{"type":"Feature","properties":{"nom_reg":"Biobío","nom_prov":"Concepción","nom_com":"Lota","sector":"Lota","cine_reg":"08","cine_prov":"081","cine_com":"08106"},"geometry":{"type":"LineString","coordinates":[[-73.1573,-37.10161],[-73.15674,-37.10099],[-73.15631,-37.09997]]}},
{"type":"Feature","properties":{"nom_reg":"Biobío","nom_prov":"Concepción","nom_com":"Lota","sector":"Chivilingo","cine_reg":"08","cine_prov":"081","cine_com":"08106"},"geometry":{"type":"LineString","coordinates":[[-73.18142,-37.15359],[-73.17955,-37.15237],[-73.17903,-37.15234]]}},
{"type":"Feature","properties":{"nom_reg":"Biobío","nom_prov":"Concepción","nom_com":"Coronel","sector":"Isla Santa María","cine_reg":"08","cine_prov":"081","cine_com":"08102"},"geometry":{"type":"LineString","coordinates":[[-73.52504,-36.97332],[-73.52534,-36.97368],[-73.52532,-36.97445]]}},
{"type":"Feature","properties":{"nom_reg":"Biobío","nom_prov":"Concepción","nom_com":"Coronel","sector":"Isla Santa María","cine_reg":"08","cine_prov":"081","cine_com":"08102"},"geometry":{"type":"LineString","coordinates":[[-73.52788,-36.98328],[-73.52885,-36.98265],[-73.52994,-36.98124]]}},
{"type":"Feature","properties":{"nom_reg":"Biobío","nom_prov":"Concepción","nom_com":"Coronel","sector":"Isla Santa María","cine_reg":"08","cine_prov":"081","cine_com":"08102"},"geometry":{"type":"LineString","coordinates":[[-73.51143,-37.03602],[-73.51391,-37.03974],[-73.5143,-37.03983],[-73.5148,-37.03959],[-73.51592,-37.04035]]}},
{"type":"Feature","properties":{"nom_reg":"Biobío","nom_prov":"Concepción","nom_com":"Coronel","sector":"Isla Santa María","cine_reg":"08","cine_prov":"081","cine_com":"08102"},"geometry":{"type":"LineString","coordinates":[[-73.5117,-37.04458],[-73.51166,-37.04369],[-73.51201,-37.04353],[-73.51402,-37.04394],[-73.51678,-37.04371],[-73.51903,-37.0433]]}},
{"type":"Feature","properties":{"nom_reg":"Biobío","nom_prov":"Concepción","nom_com":"Coronel","sector":"Isla Santa María","cine_reg":"08","cine_prov":"081","cine_com":"08102"},"geometry":{"type":"LineString","coordinates":[[-73.51329,-37.05014],[-73.51533,-37.04929],[-73.51636,-37.04908],[-73.51757,-37.04848],[-73.51794,-37.04825],[-73.51815,-37.04787],[-73.51781,-37.04744],[-73.51948,-37.04651]]}},
{"type":"Feature","properties":{"nom_reg":"Biobío","nom_prov":"Arauco","nom_com":"Tirúa","sector":"Tranaquepe","cine_reg":"08","cine_prov":"082","cine_com":"08207"},"geometry":{"type":"LineString","coordinates":[[-73.43953,-38.19854],[-73.43801,-38.1984],[-73.4361,-38.19794],[-73.43425,-38.19937],[-73.42904,-38.20268],[-73.42876,-38.2031],[-73.43123,-38.20455],[-73.43193,-38.20429],[-73.43386,-38.20584],[-73.43275,-38.20661],[-73.4331,-38.20732],[-73.43306,-38.20798],[-73.43172,-38.20892]]}},
{"type":"Feature","properties":{"nom_reg":"Biobío","nom_prov":"Arauco","nom_com":"Tirúa","sector":"Tranaquepe","cine_reg":"08","cine_prov":"082","cine_com":"08207"},"geometry":{"type":"LineString","coordinates":[[-73.44971,-38.21178],[-73.44466,-38.20807],[-73.43448,-38.19957]]}},
{"type":"Feature","properties":{"nom_reg":"Biobío","nom_prov":"Arauco","nom_com":"Tirúa","sector":"Tranaquepe","cine_reg":"08","cine_prov":"082","cine_com":"08207"},"geometry":{"type":"LineString","coordinates":[[-73.43079,-38.19638],[-73.43412,-38.19922]]}},
{"type":"Feature","properties":{"nom_reg":"Biobío","nom_prov":"Arauco","nom_com":"Tirúa","sector":"San Ramón","cine_reg":"08","cine_prov":"082","cine_com":"08207"},"geometry":{"type":"LineString","coordinates":[[-73.39825,-38.12905],[-73.39748,-38.12776],[-73.39724,-38.12631],[-73.39638,-38.12453],[-73.39612,-38.12288],[-73.39403,-38.12218],[-73.39068,-38.12044],[-73.38988,-38.12044],[-73.39332,-38.14245],[-73.39159,-38.14251],[-73.39114,-38.14291],[-73.38547,-38.14144],[-73.38477,-38.14334],[-73.37478,-38.14484],[-73.37219,-38.14612],[-73.37036,-38.14788],[-73.36936,-38.14961]]}},
{"type":"Feature","properties":{"nom_reg":"Biobío","nom_prov":"Arauco","nom_com":"Tirúa","sector":"San Ramón","cine_reg":"08","cine_prov":"082","cine_com":"08207"},"geometry":{"type":"LineString","coordinates":[[-73.41654,-38.12893],[-73.41547,-38.13705],[-73.41111,-38.14094],[-73.40608,-38.14188],[-73.39967,-38.14373],[-73.39675,-38.1451],[-73.39443,-38.14652],[-73.39201,-38.1477],[-73.39045,-38.14872],[-73.39089,-38.15018],[-73.39086,-38.15063],[-73.39,-38.15108],[-73.38835,-38.15233],[-73.3882,-38.15361],[-73.38723,-38.15513],[-73.38439,-38.16103],[-73.38299,-38.16223],[-73.38299,-38.16341],[-73.37873,-38.16518],[-73.37778,-38.16627],[-73.37605,-38.16989],[-73.37629,-38.17441],[-73.37422,-38.17804],[-73.37064,-38.17811],[-73.36857,-38.17854],[-73.36701,-38.17734],[-73.36692,-38.17457],[-73.36703,-38.17337],[-73.3677,-38.17183],[-73.36657,-38.16899],[-73.36703,-38.16763],[-73.36953,-38.16334],[-73.36907,-38.15985],[-73.36815,-38.1573],[-73.36799,-38.15478],[-73.36839,-38.15269],[-73.36766,-38.15226]]}},
{"type":"Feature","properties":{"nom_reg":"Biobío","nom_prov":"Arauco","nom_com":"Tirúa","sector":"San Ramón","cine_reg":"08","cine_prov":"082","cine_com":"08207"},"geometry":{"type":"LineString","coordinates":[[-73.40718,-38.15298],[-73.40431,-38.15277],[-73.40304,-38.15152],[-73.40215,-38.15152],[-73.4007,-38.15235],[-73.39886,-38.15262]]}},
{"type":"Feature","properties":{"nom_reg":"Biobío","nom_prov":"Arauco","nom_com":"Tirúa","sector":"San Ramón","cine_reg":"08","cine_prov":"082","cine_com":"08207"},"geometry":{"type":"LineString","coordinates":[[-73.42034,-38.15593],[-73.41873,-38.15614],[-73.41812,-38.15741],[-73.41668,-38.15834],[-73.41549,-38.16001],[-73.41607,-38.16038],[-73.41565,-38.16142],[-73.41434,-38.16201],[-73.41345,-38.16128],[-73.40681,-38.16445],[-73.40175,-38.15736],[-73.39464,-38.14678]]}},
{"type":"Feature","properties":{"nom_reg":"Biobío","nom_prov":"Arauco","nom_com":"Tirúa","sector":"Tranaquepe","cine_reg":"08","cine_prov":"082","cine_com":"08207"},"geometry":{"type":"LineString","coordinates":[[-73.43325,-38.18853],[-73.43226,-38.18769],[-73.43003,-38.18494],[-73.42855,-38.18441],[-73.42743,-38.18354],[-73.426,-38.18398],[-73.42454,-38.18407],[-73.42304,-38.18379],[-73.42117,-38.18274],[-73.41981,-38.18373],[-73.41912,-38.18307],[-73.41824,-38.18316],[-73.41668,-38.18299],[-73.41544,-38.18347],[-73.41495,-38.18417],[-73.41312,-38.18595]]}},
{"type":"Feature","properties":{"nom_reg":"Biobío","nom_prov":"Arauco","nom_com":"Tirúa","sector":"Tranaquepe","cine_reg":"08","cine_prov":"082","cine_com":"08207"},"geometry":{"type":"LineString","coordinates":[[-73.42787,-38.19397],[-73.42583,-38.19229],[-73.42407,-38.19001],[-73.42276,-38.19083],[-73.42199,-38.19074],[-73.4202,-38.18944],[-73.41973,-38.18937],[-73.41941,-38.18999]]}},
{"type":"Feature","properties":{"nom_reg":"Biobío","nom_prov":"Arauco","nom_com":"Arauco","sector":"Lico","cine_reg":"08","cine_prov":"082","cine_com":"08202"},"geometry":{"type":"LineString","coordinates":[[-73.56779,-37.19397],[-73.5664,-37.19537],[-73.56437,-37.19637]]}},
{"type":"Feature","properties":{"nom_reg":"Biobío","nom_prov":"Arauco","nom_com":"Arauco","sector":"Lico","cine_reg":"08","cine_prov":"082","cine_com":"08202"},"geometry":{"type":"LineString","coordinates":[[-73.57,-37.19811],[-73.57266,-37.19792],[-73.57292,-37.19801],[-73.57331,-37.19858],[-73.57364,-37.19871],[-73.57397,-37.19849]]}},
{"type":"Feature","properties":{"nom_reg":"Biobío","nom_prov":"Arauco","nom_com":"Arauco","sector":"Lico","cine_reg":"08","cine_prov":"082","cine_com":"08202"},"geometry":{"type":"LineString","coordinates":[[-73.56912,-37.19242],[-73.56978,-37.19175],[-73.57025,-37.19152],[-73.57094,-37.19139],[-73.57152,-37.19151]]}},
{"type":"Feature","properties":{"nom_reg":"Biobío","nom_prov":"Arauco","nom_com":"Arauco","sector":"Lico","cine_reg":"08","cine_prov":"082","cine_com":"08202"},"geometry":{"type":"LineString","coordinates":[[-73.56752,-37.1981],[-73.56585,-37.19803],[-73.56493,-37.19752],[-73.56468,-37.19718]]}},
{"type":"Feature","properties":{"nom_reg":"Biobío","nom_prov":"Arauco","nom_com":"Arauco","sector":"Punta Lavapie","cine_reg":"08","cine_prov":"082","cine_com":"08202"},"geometry":{"type":"LineString","coordinates":[[-73.58189,-37.14813],[-73.58236,-37.14811],[-73.5828,-37.14874],[-73.58355,-37.14875],[-73.58336,-37.14935],[-73.58357,-37.14929]]}},
{"type":"Feature","properties":{"nom_reg":"Biobío","nom_prov":"Arauco","nom_com":"Arauco","sector":"Punta Lavapie","cine_reg":"08","cine_prov":"082","cine_com":"08202"},"geometry":{"type":"LineString","coordinates":[[-73.58561,-37.14795],[-73.58582,-37.14833],[-73.58555,-37.14876],[-73.58442,-37.14887],[-73.58415,-37.14927]]}},
{"type":"Feature","properties":{"nom_reg":"Biobío","nom_prov":"Arauco","nom_com":"Arauco","sector":"Lico","cine_reg":"08","cine_prov":"082","cine_com":"08202"},"geometry":{"type":"LineString","coordinates":[[-73.56302,-37.19461],[-73.56403,-37.19606],[-73.56653,-37.20263]]}},
{"type":"Feature","properties":{"nom_reg":"Biobío","nom_prov":"Arauco","nom_com":"Arauco","sector":"Rumena","cine_reg":"08","cine_prov":"082","cine_com":"08202"},"geometry":{"type":"LineString","coordinates":[[-73.61593,-37.17618],[-73.6156,-37.17678],[-73.61489,-37.17755],[-73.61464,-37.17857],[-73.61412,-37.17897],[-73.61405,-37.1792],[-73.61348,-37.17952],[-73.61347,-37.17964],[-73.61373,-37.17953],[-73.61412,-37.17966]]}},
{"type":"Feature","properties":{"nom_reg":"Biobío","nom_prov":"Arauco","nom_com":"Arauco","sector":"Rumena","cine_reg":"08","cine_prov":"082","cine_com":"08202"},"geometry":{"type":"LineString","coordinates":[[-73.61351,-37.18084],[-73.61465,-37.18267],[-73.61477,-37.18314],[-73.61528,-37.18346]]}},
{"type":"Feature","properties":{"nom_reg":"Biobío","nom_prov":"Arauco","nom_com":"Arauco","sector":"Caleta Yani","cine_reg":"08","cine_prov":"082","cine_com":"08202"},"geometry":{"type":"LineString","coordinates":[[-73.66111,-37.36372],[-73.66115,-37.36284],[-73.66097,-37.36209],[-73.66056,-37.36161],[-73.66001,-37.36128],[-73.65876,-37.3616],[-73.65833,-37.36289],[-73.65654,-37.3624]]}},
{"type":"Feature","properties":{"nom_reg":"Biobío","nom_prov":"Arauco","nom_com":"Arauco","sector":"Rumena","cine_reg":"08","cine_prov":"082","cine_com":"08202"},"geometry":{"type":"LineString","coordinates":[[-73.61357,-37.17537],[-73.61189,-37.176],[-73.61063,-37.17608],[-73.60895,-37.17596],[-73.60636,-37.17537]]}},
{"type":"Feature","properties":{"nom_reg":"Biobío","nom_prov":"Arauco","nom_com":"Arauco","sector":"Rumena","cine_reg":"08","cine_prov":"082","cine_com":"08202"},"geometry":{"type":"LineString","coordinates":[[-73.60968,-37.18204],[-73.60796,-37.18132],[-73.60603,-37.18005],[-73.6059,-37.17936]]}},
{"type":"Feature","properties":{"nom_reg":"Biobío","nom_prov":"Arauco","nom_com":"Arauco","sector":"Punta Lavapie","cine_reg":"08","cine_prov":"082","cine_com":"08202"},"geometry":{"type":"LineString","coordinates":[[-73.57797,-37.15019],[-73.57831,-37.15118],[-73.57894,-37.15182]]}},
{"type":"Feature","properties":{"nom_reg":"Biobío","nom_prov":"Arauco","nom_com":"Lebu","sector":"Isla Mocha","cine_reg":"08","cine_prov":"082","cine_com":"08201"},"geometry":{"type":"LineString","coordinates":[[-73.87406,-38.38353],[-73.87559,-38.38435],[-73.87554,-38.38483],[-73.87606,-38.38518],[-73.88089,-38.38678]]}},
{"type":"Feature","properties":{"nom_reg":"Biobío","nom_prov":"Arauco","nom_com":"Lebu","sector":"Isla Mocha","cine_reg":"08","cine_prov":"082","cine_com":"08201"},"geometry":{"type":"LineString","coordinates":[[-73.90986,-38.34204],[-73.91371,-38.34458],[-73.91922,-38.3467]]}},
{"type":"Feature","properties":{"nom_reg":"Biobío","nom_prov":"Arauco","nom_com":"Lebu","sector":"Lebu","cine_reg":"08","cine_prov":"082","cine_com":"08201"},"geometry":{"type":"LineString","coordinates":[[-73.6538,-37.60468],[-73.65744,-37.61146],[-73.65849,-37.61111]]}},
{"type":"Feature","properties":{"nom_reg":"Biobío","nom_prov":"Arauco","nom_com":"Lebu","sector":"Lebu","cine_reg":"08","cine_prov":"082","cine_com":"08201"},"geometry":{"type":"LineString","coordinates":[[-73.65595,-37.60351],[-73.65934,-37.6097],[-73.65874,-37.60993],[-73.65932,-37.61093],[-73.6602,-37.61085],[-73.6608,-37.61341]]}},
{"type":"Feature","properties":{"nom_reg":"Biobío","nom_prov":"Arauco","nom_com":"Lebu","sector":"Caleta Morguilla","cine_reg":"08","cine_prov":"082","cine_com":"08201"},"geometry":{"type":"LineString","coordinates":[[-73.66171,-37.72335],[-73.65978,-37.72257],[-73.65873,-37.7228],[-73.65687,-37.72385],[-73.65627,-37.72398],[-73.65498,-37.72378],[-73.65469,-37.72357],[-73.65423,-37.72289],[-73.65272,-37.72145],[-73.65124,-37.71902],[-73.64975,-37.71615],[-73.64937,-37.71586],[-73.6484,-37.71568],[-73.64602,-37.71216],[-73.64584,-37.71174],[-73.64586,-37.70994],[-73.64519,-37.7084],[-73.64474,-37.70782],[-73.6442,-37.70603]]}},
{"type":"Feature","properties":{"nom_reg":"Biobío","nom_prov":"Concepción","nom_com":"Coronel","sector":"Coronel","cine_reg":"08","cine_prov":"081","cine_com":"08102"},"geometry":{"type":"LineString","coordinates":[[-73.16151,-36.9539],[-73.16259,-36.95648]]}},
{"type":"Feature","properties":{"nom_reg":"Biobío","nom_prov":"Concepción","nom_com":"Coronel","sector":"Coronel","cine_reg":"08","cine_prov":"081","cine_com":"08102"},"geometry":{"type":"LineString","coordinates":[[-73.17382,-36.97189],[-73.16419,-36.97348],[-73.16189,-36.96869]]}},
{"type":"Feature","properties":{"nom_reg":"Biobío","nom_prov":"Concepción","nom_com":"Coronel","sector":"Coronel","cine_reg":"08","cine_prov":"081","cine_com":"08102"},"geometry":{"type":"LineString","coordinates":[[-73.17073,-36.96682],[-73.15968,-36.96859],[-73.15885,-36.96823],[-73.14735,-36.96989],[-73.14557,-36.96382],[-73.14174,-36.96634],[-73.14141,-36.96444],[-73.14127,-36.96175],[-73.13544,-36.9621],[-73.13513,-36.96259],[-73.13356,-36.9624],[-73.13327,-36.96263]]}},
{"type":"Feature","properties":{"nom_reg":"Biobío","nom_prov":"Concepción","nom_com":"Coronel","sector":"Coronel","cine_reg":"08","cine_prov":"081","cine_com":"08102"},"geometry":{"type":"LineString","coordinates":[[-73.16274,-36.9571],[-73.15744,-36.95786],[-73.1567,-36.95489],[-73.14761,-36.95461],[-73.14793,-36.95118],[-73.14766,-36.95079],[-73.14538,-36.94969],[-73.14466,-36.94959],[-73.14138,-36.95057],[-73.14089,-36.95124],[-73.14043,-36.95129]]}},
{"type":"Feature","properties":{"nom_reg":"Biobío","nom_prov":"Concepción","nom_com":"Coronel","sector":"Coronel","cine_reg":"08","cine_prov":"081","cine_com":"08102"},"geometry":{"type":"LineString","coordinates":[[-73.16193,-36.94998],[-73.1604,-36.95028],[-73.16001,-36.9494],[-73.15583,-36.95004],[-73.15701,-36.95448]]}},
{"type":"Feature","properties":{"nom_reg":"Biobío","nom_prov":"Concepción","nom_com":"San Pedro de la Paz","sector":"Coronel Norte","cine_reg":"08","cine_prov":"081","cine_com":"08108"},"geometry":{"type":"LineString","coordinates":[[-73.15475,-36.91719],[-73.14835,-36.91839],[-73.14787,-36.91637],[-73.14017,-36.9177],[-73.13498,-36.90719]]}},
{"type":"Feature","properties":{"nom_reg":"Biobío","nom_prov":"Concepción","nom_com":"Coronel","sector":"Coronel Norte","cine_reg":"08","cine_prov":"081","cine_com":"08102"},"geometry":{"type":"LineString","coordinates":[[-73.14598,-36.91175],[-73.13843,-36.91343]]}},
{"type":"Feature","properties":{"nom_reg":"Biobío","nom_prov":"Concepción","nom_com":"San Pedro de la Paz","sector":"Coronel Norte","cine_reg":"08","cine_prov":"081","cine_com":"08108"},"geometry":{"type":"LineString","coordinates":[[-73.15123,-36.91136],[-73.14724,-36.91226],[-73.14555,-36.90592]]}},
{"type":"Feature","properties":{"nom_reg":"Biobío","nom_prov":"Concepción","nom_com":"Coronel","sector":"Coronel","cine_reg":"08","cine_prov":"081","cine_com":"08102"},"geometry":{"type":"LineString","coordinates":[[-73.16442,-37.02257],[-73.16491,-37.02022],[-73.16613,-37.01976],[-73.16628,-37.0195],[-73.16614,-37.01907],[-73.16298,-37.01918],[-73.16196,-37.01937],[-73.16192,-37.01907]]}},
{"type":"Feature","properties":{"nom_reg":"Biobío","nom_prov":"Concepción","nom_com":"Coronel","sector":"Coronel","cine_reg":"08","cine_prov":"081","cine_com":"08102"},"geometry":{"type":"LineString","coordinates":[[-73.17106,-37.02345],[-73.17155,-37.02285],[-73.17144,-37.02176],[-73.17202,-37.02112],[-73.17331,-37.02178]]}},
{"type":"Feature","properties":{"nom_reg":"Biobío","nom_prov":"Concepción","nom_com":"Coronel","sector":"Coronel","cine_reg":"08","cine_prov":"081","cine_com":"08102"},"geometry":{"type":"LineString","coordinates":[[-73.16774,-37.00748],[-73.16997,-37.00678],[-73.17173,-37.00743],[-73.17174,-37.00805],[-73.17239,-37.00864],[-73.17337,-37.009],[-73.17333,-37.00927],[-73.174,-37.00958],[-73.17454,-37.00912],[-73.17429,-37.00671]]}},
{"type":"Feature","properties":{"nom_reg":"Biobío","nom_prov":"Concepción","nom_com":"Coronel","sector":"Coronel","cine_reg":"08","cine_prov":"081","cine_com":"08102"},"geometry":{"type":"LineString","coordinates":[[-73.16241,-37.00576],[-73.1647,-37.00656],[-73.16394,-37.00793],[-73.16754,-37.00917],[-73.1674,-37.01405],[-73.16801,-37.01453],[-73.16829,-37.01503],[-73.16733,-37.01693],[-73.16853,-37.01695],[-73.16892,-37.01714]]}},
{"type":"Feature","properties":{"nom_reg":"Biobío","nom_prov":"Concepción","nom_com":"Coronel","sector":"Coronel","cine_reg":"08","cine_prov":"081","cine_com":"08102"},"geometry":{"type":"LineString","coordinates":[[-73.16202,-37.01265],[-73.16257,-37.01285],[-73.16375,-37.01465],[-73.16546,-37.01633],[-73.1665,-37.01791],[-73.16713,-37.01783]]}},
{"type":"Feature","properties":{"nom_reg":"Biobío","nom_prov":"Concepción","nom_com":"Coronel","sector":"Coronel","cine_reg":"08","cine_prov":"081","cine_com":"08102"},"geometry":{"type":"LineString","coordinates":[[-73.15986,-37.01439],[-73.16199,-37.01486],[-73.16128,-37.01686],[-73.16166,-37.01715],[-73.16141,-37.01757],[-73.16141,-37.01808]]}},
{"type":"Feature","properties":{"nom_reg":"Biobío","nom_prov":"Concepción","nom_com":"Lota","sector":"Lota","cine_reg":"08","cine_prov":"081","cine_com":"08106"},"geometry":{"type":"LineString","coordinates":[[-73.16221,-37.09596],[-73.16037,-37.09513],[-73.15904,-37.09513],[-73.15206,-37.09221]]}},
{"type":"Feature","properties":{"nom_reg":"Biobío","nom_prov":"Concepción","nom_com":"Lota","sector":"Lota","cine_reg":"08","cine_prov":"081","cine_com":"08106"},"geometry":{"type":"LineString","coordinates":[[-73.16722,-37.08078],[-73.1684,-37.08077],[-73.16856,-37.08117],[-73.16882,-37.08131],[-73.16832,-37.08207]]}},
{"type":"Feature","properties":{"nom_reg":"Biobío","nom_prov":"Concepción","nom_com":"Lota","sector":"Chivilingo","cine_reg":"08","cine_prov":"081","cine_com":"08106"},"geometry":{"type":"LineString","coordinates":[[-73.17094,-37.14666],[-73.17009,-37.14607],[-73.16857,-37.14463],[-73.16777,-37.14341],[-73.16729,-37.14314],[-73.16637,-37.14301],[-73.16555,-37.14239],[-73.16511,-37.14228],[-73.16368,-37.14242],[-73.16302,-37.14194],[-73.16236,-37.14217],[-73.16212,-37.1421],[-73.16104,-37.14154],[-73.16044,-37.14097],[-73.16042,-37.14071],[-73.15828,-37.142],[-73.15704,-37.14254],[-73.15629,-37.1432]]}},
{"type":"Feature","properties":{"nom_reg":"Biobío","nom_prov":"Concepción","nom_com":"Lota","sector":"Lota","cine_reg":"08","cine_prov":"081","cine_com":"08106"},"geometry":{"type":"LineString","coordinates":[[-73.15621,-37.07344],[-73.15644,-37.07385],[-73.15633,-37.0741],[-73.15582,-37.07445],[-73.15572,-37.07521]]}},
{"type":"Feature","properties":{"nom_reg":"Biobío","nom_prov":"Concepción","nom_com":"Lota","sector":"Lota","cine_reg":"08","cine_prov":"081","cine_com":"08106"},"geometry":{"type":"LineString","coordinates":[[-73.15752,-37.0954],[-73.15169,-37.093]]}},
{"type":"Feature","properties":{"nom_reg":"Ñuble","nom_prov":"Itata","nom_com":"Treguaco","sector":"Mela (Treguaco)","cine_reg":"16","cine_prov":"162","cine_com":"16207"},"geometry":{"type":"LineString","coordinates":[[-72.84615,-36.357],[-72.84668,-36.35723],[-72.84628,-36.35766],[-72.84634,-36.35796]]}},
{"type":"Feature","properties":{"nom_reg":"Ñuble","nom_prov":"Itata","nom_com":"Treguaco","sector":"Boca Itata","cine_reg":"16","cine_prov":"162","cine_com":"16207"},"geometry":{"type":"LineString","coordinates":[[-72.82391,-36.37955],[-72.82499,-36.37983],[-72.82555,-36.38042],[-72.82597,-36.38003]]}},
{"type":"Feature","properties":{"nom_reg":"Ñuble","nom_prov":"Itata","nom_com":"Cobquecura","sector":"Pullay","cine_reg":"16","cine_prov":"162","cine_com":"16202"},"geometry":{"type":"LineString","coordinates":[[-72.77154,-36.0091],[-72.77119,-36.00988],[-72.77036,-36.01077],[-72.76863,-36.0118],[-72.76846,-36.01235],[-72.76854,-36.01264],[-72.76961,-36.01393]]}},
{"type":"Feature","properties":{"nom_reg":"Ñuble","nom_prov":"Itata","nom_com":"Treguaco","sector":"Boca Itata","cine_reg":"16","cine_prov":"162","cine_com":"16207"},"geometry":{"type":"LineString","coordinates":[[-72.83061,-36.38155],[-72.83011,-36.38114],[-72.83027,-36.38087],[-72.83015,-36.38073],[-72.82963,-36.38056],[-72.82945,-36.38004]]}},
{"type":"Feature","properties":{"nom_reg":"Ñuble","nom_prov":"Itata","nom_com":"Treguaco","sector":"Boca Itata","cine_reg":"16","cine_prov":"162","cine_com":"16207"},"geometry":{"type":"LineString","coordinates":[[-72.8548,-36.37102],[-72.8539,-36.37183],[-72.85249,-36.37203]]}},
{"type":"Feature","properties":{"nom_reg":"Ñuble","nom_prov":"Itata","nom_com":"Treguaco","sector":"Mela (Treguaco)","cine_reg":"16","cine_prov":"162","cine_com":"16207"},"geometry":{"type":"LineString","coordinates":[[-72.81164,-36.3542],[-72.81088,-36.35451],[-72.8104,-36.3545],[-72.8092,-36.35439],[-72.80856,-36.35401],[-72.80828,-36.35413]]}},
{"type":"Feature","properties":{"nom_reg":"Ñuble","nom_prov":"Itata","nom_com":"Treguaco","sector":"Boca Itata","cine_reg":"16","cine_prov":"162","cine_com":"16207"},"geometry":{"type":"LineString","coordinates":[[-72.82209,-36.37917],[-72.82253,-36.37916],[-72.82328,-36.37941],[-72.82343,-36.37907],[-72.82394,-36.37872],[-72.82479,-36.37859]]}},
{"type":"Feature","properties":{"nom_reg":"Ñuble","nom_prov":"Itata","nom_com":"Treguaco","sector":"Boca Itata","cine_reg":"16","cine_prov":"162","cine_com":"16207"},"geometry":{"type":"LineString","coordinates":[[-72.8339,-36.38166],[-72.83398,-36.3812],[-72.83362,-36.38082],[-72.83396,-36.38055],[-72.83323,-36.3802]]}},
{"type":"Feature","properties":{"nom_reg":"Ñuble","nom_prov":"Itata","nom_com":"Treguaco","sector":"Puahun (Treguaco)","cine_reg":"16","cine_prov":"162","cine_com":"16207"},"geometry":{"type":"LineString","coordinates":[[-72.81406,-36.38029],[-72.81125,-36.3803],[-72.80881,-36.38158],[-72.80777,-36.38196],[-72.80637,-36.38222],[-72.8055,-36.38343],[-72.80348,-36.38534],[-72.8015,-36.38645],[-72.80037,-36.38486],[-72.8007,-36.38408],[-72.80008,-36.38326],[-72.80006,-36.3827],[-72.79954,-36.38195]]}},
{"type":"Feature","properties":{"nom_reg":"Ñuble","nom_prov":"Itata","nom_com":"Treguaco","sector":"Puahun (Treguaco)","cine_reg":"16","cine_prov":"162","cine_com":"16207"},"geometry":{"type":"LineString","coordinates":[[-72.79625,-36.39108],[-72.797,-36.39061],[-72.79913,-36.38861],[-72.79939,-36.38819],[-72.80139,-36.38653]]}},
{"type":"Feature","properties":{"nom_reg":"Ñuble","nom_prov":"Itata","nom_com":"Treguaco","sector":"Boca Itata","cine_reg":"16","cine_prov":"162","cine_com":"16207"},"geometry":{"type":"LineString","coordinates":[[-72.83989,-36.38087],[-72.84084,-36.3804],[-72.84049,-36.38005]]}},
{"type":"Feature","properties":{"nom_reg":"Ñuble","nom_prov":"Itata","nom_com":"Treguaco","sector":"Boca Itata","cine_reg":"16","cine_prov":"162","cine_com":"16207"},"geometry":{"type":"LineString","coordinates":[[-72.83959,-36.38013],[-72.84016,-36.38012],[-72.84085,-36.37984],[-72.84106,-36.37909],[-72.84139,-36.37889],[-72.84108,-36.37819]]}},
{"type":"Feature","properties":{"nom_reg":"Ñuble","nom_prov":"Itata","nom_com":"Treguaco","sector":"Boca Itata","cine_reg":"16","cine_prov":"162","cine_com":"16207"},"geometry":{"type":"LineString","coordinates":[[-72.84793,-36.37743],[-72.84586,-36.37781],[-72.84347,-36.37849],[-72.84286,-36.37838]]}},
{"type":"Feature","properties":{"nom_reg":"Ñuble","nom_prov":"Itata","nom_com":"Treguaco","sector":"Boca Itata","cine_reg":"16","cine_prov":"162","cine_com":"16207"},"geometry":{"type":"LineString","coordinates":[[-72.86029,-36.37077],[-72.85936,-36.36934],[-72.85885,-36.36901],[-72.85869,-36.36864],[-72.85789,-36.36886]]}},
{"type":"Feature","properties":{"nom_reg":"Ñuble","nom_prov":"Itata","nom_com":"Treguaco","sector":"Boca Itata","cine_reg":"16","cine_prov":"162","cine_com":"16207"},"geometry":{"type":"LineString","coordinates":[[-72.85575,-36.37004],[-72.85775,-36.36895],[-72.85828,-36.3681],[-72.8586,-36.36798],[-72.85851,-36.36747]]}},
{"type":"Feature","properties":{"nom_reg":"Ñuble","nom_prov":"Itata","nom_com":"Treguaco","sector":"Boca Itata","cine_reg":"16","cine_prov":"162","cine_com":"16207"},"geometry":{"type":"LineString","coordinates":[[-72.85104,-36.37485],[-72.85226,-36.37255],[-72.85257,-36.37079],[-72.85405,-36.36939],[-72.8544,-36.36753],[-72.85421,-36.36661],[-72.85392,-36.36639]]}},
{"type":"Feature","properties":{"nom_reg":"Ñuble","nom_prov":"Itata","nom_com":"Treguaco","sector":"Mela (Treguaco)","cine_reg":"16","cine_prov":"162","cine_com":"16207"},"geometry":{"type":"LineString","coordinates":[[-72.85026,-36.35923],[-72.851,-36.36],[-72.85193,-36.36043],[-72.8524,-36.36047],[-72.85264,-36.361],[-72.85317,-36.36073],[-72.85352,-36.36074],[-72.85503,-36.3617]]}},
{"type":"Feature","properties":{"nom_reg":"Biobío","nom_prov":"Concepción","nom_com":"Tomé","sector":"Punta de Parra","cine_reg":"08","cine_prov":"081","cine_com":"08111"},"geometry":{"type":"LineString","coordinates":[[-72.96877,-36.65296],[-72.96959,-36.65372],[-72.9701,-36.65472],[-72.97095,-36.65753],[-72.972,-36.6586],[-72.97189,-36.65904],[-72.97143,-36.65922],[-72.97149,-36.65985],[-72.9709,-36.66304]]}},
{"type":"Feature","properties":{"nom_reg":"Biobío","nom_prov":"Concepción","nom_com":"Tomé","sector":"Alto Coliumo","cine_reg":"08","cine_prov":"081","cine_com":"08111"},"geometry":{"type":"LineString","coordinates":[[-72.95791,-36.55595],[-72.9586,-36.55591],[-72.95895,-36.55619],[-72.95985,-36.55625],[-72.96046,-36.55688]]}},
{"type":"Feature","properties":{"nom_reg":"Biobío","nom_prov":"Concepción","nom_com":"Tomé","sector":"Pudá","cine_reg":"08","cine_prov":"081","cine_com":"08111"},"geometry":{"type":"LineString","coordinates":[[-72.90301,-36.4981],[-72.90269,-36.4991],[-72.9031,-36.49943],[-72.90373,-36.49944],[-72.90456,-36.49913],[-72.90559,-36.49924]]}},
{"type":"Feature","properties":{"nom_reg":"Biobío","nom_prov":"Concepción","nom_com":"Tomé","sector":"Pudá","cine_reg":"08","cine_prov":"081","cine_com":"08111"},"geometry":{"type":"LineString","coordinates":[[-72.90303,-36.49762],[-72.90307,-36.49659],[-72.90362,-36.49629],[-72.90371,-36.49607],[-72.90353,-36.49542],[-72.90304,-36.49465]]}},
{"type":"Feature","properties":{"nom_reg":"Biobío","nom_prov":"Concepción","nom_com":"Tomé","sector":"Purema (Tomé)","cine_reg":"08","cine_prov":"081","cine_com":"08111"},"geometry":{"type":"LineString","coordinates":[[-72.87974,-36.44679],[-72.88008,-36.44821],[-72.88093,-36.44838],[-72.88273,-36.44798],[-72.88398,-36.44728],[-72.88295,-36.44823],[-72.88152,-36.44872]]}},
{"type":"Feature","properties":{"nom_reg":"Biobío","nom_prov":"Concepción","nom_com":"Tomé","sector":"Merquinche","cine_reg":"08","cine_prov":"081","cine_com":"08111"},"geometry":{"type":"LineString","coordinates":[[-72.90703,-36.48421],[-72.90776,-36.48394],[-72.90923,-36.4837],[-72.90954,-36.48345],[-72.90923,-36.48317],[-72.90857,-36.48338],[-72.90786,-36.48323]]}},
{"type":"Feature","properties":{"nom_reg":"Biobío","nom_prov":"Concepción","nom_com":"Tomé","sector":"Merquinche","cine_reg":"08","cine_prov":"081","cine_com":"08111"},"geometry":{"type":"LineString","coordinates":[[-72.9066,-36.48443],[-72.9064,-36.48461],[-72.90638,-36.48493],[-72.90687,-36.48525],[-72.90591,-36.48541]]}},
{"type":"Feature","properties":{"nom_reg":"Biobío","nom_prov":"Concepción","nom_com":"Tomé","sector":"Burca","cine_reg":"08","cine_prov":"081","cine_com":"08111"},"geometry":{"type":"LineString","coordinates":[[-72.91094,-36.47748],[-72.90773,-36.47929]]}},
{"type":"Feature","properties":{"nom_reg":"Biobío","nom_prov":"Concepción","nom_com":"Tomé","sector":"Alto Coliumo","cine_reg":"08","cine_prov":"081","cine_com":"08111"},"geometry":{"type":"LineString","coordinates":[[-72.96282,-36.56531],[-72.96303,-36.56513],[-72.9629,-36.56488],[-72.963,-36.56473],[-72.96401,-36.56516],[-72.96481,-36.56498],[-72.96496,-36.56478],[-72.96486,-36.56304],[-72.96532,-36.56262],[-72.96605,-36.56226],[-72.96736,-36.56194]]}},
{"type":"Feature","properties":{"nom_reg":"Biobío","nom_prov":"Concepción","nom_com":"Tomé","sector":"Alto Coliumo","cine_reg":"08","cine_prov":"081","cine_com":"08111"},"geometry":{"type":"LineString","coordinates":[[-72.95771,-36.55392],[-72.95687,-36.55116],[-72.95637,-36.55056],[-72.95643,-36.55028],[-72.95691,-36.54978]]}},
{"type":"Feature","properties":{"nom_reg":"Biobío","nom_prov":"Concepción","nom_com":"Tomé","sector":"Tomé","cine_reg":"08","cine_prov":"081","cine_com":"08111"},"geometry":{"type":"LineString","coordinates":[[-72.94235,-36.62372],[-72.94187,-36.62379],[-72.94003,-36.62347],[-72.93902,-36.62375],[-72.93835,-36.62367],[-72.9371,-36.62308],[-72.93577,-36.6232],[-72.93521,-36.62294]]}},
{"type":"Feature","properties":{"nom_reg":"Biobío","nom_prov":"Concepción","nom_com":"Tomé","sector":"Tomé","cine_reg":"08","cine_prov":"081","cine_com":"08111"},"geometry":{"type":"LineString","coordinates":[[-72.94887,-36.64489],[-72.95004,-36.63953],[-72.95038,-36.63894],[-72.94868,-36.63857],[-72.94729,-36.64012],[-72.9474,-36.64092],[-72.94628,-36.64247]]}},
{"type":"Feature","properties":{"nom_reg":"Biobío","nom_prov":"Concepción","nom_com":"Tomé","sector":"Colchogue","cine_reg":"08","cine_prov":"081","cine_com":"08111"},"geometry":{"type":"LineString","coordinates":[[-72.97805,-36.60609],[-72.97834,-36.6072],[-72.97823,-36.60726],[-72.97764,-36.60665],[-72.97736,-36.60583],[-72.9774,-36.60701]]}},
{"type":"Feature","properties":{"nom_reg":"Biobío","nom_prov":"Concepción","nom_com":"Tomé","sector":"Tomé","cine_reg":"08","cine_prov":"081","cine_com":"08111"},"geometry":{"type":"LineString","coordinates":[[-72.95303,-36.60897],[-72.95166,-36.60944],[-72.95119,-36.60895],[-72.9509,-36.60888],[-72.94985,-36.60955]]}},
{"type":"Feature","properties":{"nom_reg":"Biobío","nom_prov":"Concepción","nom_com":"Tomé","sector":"Cocholgue","cine_reg":"08","cine_prov":"081","cine_com":"08111"},"geometry":{"type":"LineString","coordinates":[[-72.97696,-36.59697],[-72.97619,-36.59705],[-72.97629,-36.59548],[-72.97471,-36.59557],[-72.97443,-36.59601],[-72.97392,-36.59582],[-72.97375,-36.59599],[-72.97328,-36.59682],[-72.97317,-36.59761]]}},
{"type":"Feature","properties":{"nom_reg":"Biobío","nom_prov":"Concepción","nom_com":"Tomé","sector":"Cocholgue","cine_reg":"08","cine_prov":"081","cine_com":"08111"},"geometry":{"type":"LineString","coordinates":[[-72.97794,-36.59309],[-72.97751,-36.59407],[-72.97726,-36.59414],[-72.97711,-36.59362],[-72.97741,-36.5924],[-72.97698,-36.59229],[-72.97691,-36.59295],[-72.97654,-36.59365],[-72.97664,-36.59431]]}},
{"type":"Feature","properties":{"nom_reg":"Biobío","nom_prov":"Concepción","nom_com":"Tomé","sector":"Dichato","cine_reg":"08","cine_prov":"081","cine_com":"08111"},"geometry":{"type":"LineString","coordinates":[[-72.93028,-36.54391],[-72.92831,-36.54424],[-72.92742,-36.54402],[-72.92634,-36.54405],[-72.92598,-36.54382]]}},
{"type":"Feature","properties":{"nom_reg":"Biobío","nom_prov":"Concepción","nom_com":"Tomé","sector":"Tomé","cine_reg":"08","cine_prov":"081","cine_com":"08111"},"geometry":{"type":"LineString","coordinates":[[-72.95617,-36.63261],[-72.95563,-36.6327],[-72.95505,-36.63344],[-72.95384,-36.63351],[-72.95371,-36.6337],[-72.95385,-36.63422],[-72.95081,-36.6352],[-72.9511,-36.63587],[-72.94852,-36.63662],[-72.94829,-36.63701],[-72.94865,-36.63777],[-72.94819,-36.6386],[-72.94732,-36.63916],[-72.94776,-36.63865]]}},
{"type":"Feature","properties":{"nom_reg":"Biobío","nom_prov":"Concepción","nom_com":"Tomé","sector":"Dichato","cine_reg":"08","cine_prov":"081","cine_com":"08111"},"geometry":{"type":"LineString","coordinates":[[-72.94604,-36.54786],[-72.94619,-36.54816],[-72.94559,-36.54866],[-72.94565,-36.54904],[-72.94686,-36.54874]]}},
{"type":"Feature","properties":{"nom_reg":"Biobío","nom_prov":"Concepción","nom_com":"Tomé","sector":"Dichato","cine_reg":"08","cine_prov":"081","cine_com":"08111"},"geometry":{"type":"LineString","coordinates":[[-72.9392,-36.54771],[-72.93643,-36.54872],[-72.93805,-36.55011],[-72.93813,-36.5513]]}},
{"type":"Feature","properties":{"nom_reg":"Biobío","nom_prov":"Concepción","nom_com":"Tomé","sector":"Dichato","cine_reg":"08","cine_prov":"081","cine_com":"08111"},"geometry":{"type":"LineString","coordinates":[[-72.93172,-36.54789],[-72.92914,-36.54887],[-72.92794,-36.54795]]}},
{"type":"Feature","properties":{"nom_reg":"Biobío","nom_prov":"Concepción","nom_com":"Tomé","sector":"Dichato","cine_reg":"08","cine_prov":"081","cine_com":"08111"},"geometry":{"type":"LineString","coordinates":[[-72.93474,-36.53687],[-72.93405,-36.53727],[-72.93369,-36.5377],[-72.93346,-36.53824],[-72.93343,-36.53895],[-72.93286,-36.53968],[-72.93275,-36.54053],[-72.93157,-36.54282],[-72.93083,-36.54318],[-72.93079,-36.54382],[-72.93059,-36.54318],[-72.93104,-36.54159],[-72.93164,-36.54061]]}},
{"type":"Feature","properties":{"nom_reg":"Biobío","nom_prov":"Concepción","nom_com":"Tomé","sector":"Dichato","cine_reg":"08","cine_prov":"081","cine_com":"08111"},"geometry":{"type":"LineString","coordinates":[[-72.93483,-36.54931],[-72.93233,-36.55035],[-72.93174,-36.55036],[-72.93206,-36.55178],[-72.92963,-36.55215],[-72.92942,-36.55202],[-72.92917,-36.55098],[-72.92895,-36.55122],[-72.92892,-36.55154]]}},
{"type":"Feature","properties":{"nom_reg":"Biobío","nom_prov":"Concepción","nom_com":"Tomé","sector":"Coliumo","cine_reg":"08","cine_prov":"081","cine_com":"08111"},"geometry":{"type":"LineString","coordinates":[[-72.95756,-36.52746],[-72.95824,-36.52721],[-72.95837,-36.52733],[-72.95811,-36.52762],[-72.95821,-36.52771],[-72.95896,-36.52732],[-72.96209,-36.52774]]}},
{"type":"Feature","properties":{"nom_reg":"Biobío","nom_prov":"Concepción","nom_com":"Tomé","sector":"Tomé","cine_reg":"08","cine_prov":"081","cine_com":"08111"},"geometry":{"type":"LineString","coordinates":[[-72.95028,-36.619],[-72.94995,-36.61924],[-72.94848,-36.61945],[-72.94783,-36.62039],[-72.94725,-36.62085],[-72.947,-36.62197],[-72.94647,-36.62254],[-72.94579,-36.62274],[-72.94444,-36.6226]]}},
{"type":"Feature","properties":{"nom_reg":"Biobío","nom_prov":"Concepción","nom_com":"Tomé","sector":"Tomé","cine_reg":"08","cine_prov":"081","cine_com":"08111"},"geometry":{"type":"LineString","coordinates":[[-72.95295,-36.63529],[-72.95097,-36.63752],[-72.95095,-36.63786],[-72.9504,-36.6389]]}},
{"type":"Feature","properties":{"nom_reg":"Biobío","nom_prov":"Concepción","nom_com":"Tomé","sector":"Tomé","cine_reg":"08","cine_prov":"081","cine_com":"08111"},"geometry":{"type":"LineString","coordinates":[[-72.9573,-36.61171],[-72.95558,-36.60898],[-72.95511,-36.60869],[-72.95484,-36.60828],[-72.95481,-36.60797],[-72.95528,-36.6079]]}},
{"type":"Feature","properties":{"nom_reg":"Biobío","nom_prov":"Concepción","nom_com":"Tomé","sector":"Tomé","cine_reg":"08","cine_prov":"081","cine_com":"08111"},"geometry":{"type":"LineString","coordinates":[[-72.95746,-36.61455],[-72.95552,-36.61528],[-72.9536,-36.61314],[-72.95305,-36.61328],[-72.9516,-36.61278],[-72.95137,-36.61292],[-72.95128,-36.61321]]}},
{"type":"Feature","properties":{"nom_reg":"Biobío","nom_prov":"Concepción","nom_com":"Tomé","sector":"Tomé","cine_reg":"08","cine_prov":"081","cine_com":"08111"},"geometry":{"type":"LineString","coordinates":[[-72.95409,-36.61079],[-72.9529,-36.6113],[-72.95171,-36.61033],[-72.95104,-36.61044],[-72.95086,-36.61],[-72.95026,-36.60953],[-72.94858,-36.60957],[-72.94809,-36.60881]]}},
{"type":"Feature","properties":{"nom_reg":"Biobío","nom_prov":"Concepción","nom_com":"Tomé","sector":"Tomé","cine_reg":"08","cine_prov":"081","cine_com":"08111"},"geometry":{"type":"LineString","coordinates":[[-72.95998,-36.61646],[-72.96141,-36.61728],[-72.96298,-36.61676],[-72.9628,-36.61496],[-72.96309,-36.61421],[-72.96413,-36.61303]]}},
{"type":"Feature","properties":{"nom_reg":"Biobío","nom_prov":"Concepción","nom_com":"Tomé","sector":"Tomé","cine_reg":"08","cine_prov":"081","cine_com":"08111"},"geometry":{"type":"LineString","coordinates":[[-72.95972,-36.61711],[-72.95343,-36.61609],[-72.95318,-36.61676],[-72.95206,-36.61664],[-72.94927,-36.61746],[-72.94631,-36.61735],[-72.94304,-36.6167],[-72.94072,-36.61715],[-72.93773,-36.61728]]}},
{"type":"Feature","properties":{"nom_reg":"Biobío","nom_prov":"Concepción","nom_com":"Tomé","sector":"Tomé","cine_reg":"08","cine_prov":"081","cine_com":"08111"},"geometry":{"type":"LineString","coordinates":[[-72.95858,-36.61927],[-72.95425,-36.618],[-72.95416,-36.61852],[-72.95394,-36.61876],[-72.95407,-36.61891],[-72.95273,-36.61887]]}},
{"type":"Feature","properties":{"nom_reg":"Biobío","nom_prov":"Concepción","nom_com":"Tomé","sector":"Tomé","cine_reg":"08","cine_prov":"081","cine_com":"08111"},"geometry":{"type":"LineString","coordinates":[[-72.95782,-36.62035],[-72.95658,-36.62068],[-72.95657,-36.62153],[-72.95539,-36.62267],[-72.95482,-36.62391]]}},
{"type":"Feature","properties":{"nom_reg":"Biobío","nom_prov":"Concepción","nom_com":"Tomé","sector":"Tomé","cine_reg":"08","cine_prov":"081","cine_com":"08111"},"geometry":{"type":"LineString","coordinates":[[-72.95643,-36.62334],[-72.95623,-36.62371],[-72.95575,-36.6236],[-72.95508,-36.62499]]}},
{"type":"Feature","properties":{"nom_reg":"Biobío","nom_prov":"Concepción","nom_com":"Tomé","sector":"Tomé","cine_reg":"08","cine_prov":"081","cine_com":"08111"},"geometry":{"type":"LineString","coordinates":[[-72.95569,-36.62682],[-72.95527,-36.62613],[-72.95461,-36.62575]]}},
{"type":"Feature","properties":{"nom_reg":"Biobío","nom_prov":"Concepción","nom_com":"Tomé","sector":"Tomé","cine_reg":"08","cine_prov":"081","cine_com":"08111"},"geometry":{"type":"LineString","coordinates":[[-72.95599,-36.63191],[-72.95579,-36.62851],[-72.95556,-36.62853],[-72.95525,-36.62806],[-72.95409,-36.62808],[-72.95407,-36.62904],[-72.95311,-36.62907]]}},
{"type":"Feature","properties":{"nom_reg":"Biobío","nom_prov":"Concepción","nom_com":"Tomé","sector":"Tomé","cine_reg":"08","cine_prov":"081","cine_com":"08111"},"geometry":{"type":"LineString","coordinates":[[-72.95741,-36.63518],[-72.95706,-36.63527],[-72.9573,-36.63592],[-72.95813,-36.63676],[-72.95916,-36.63863]]}},
{"type":"Feature","properties":{"nom_reg":"Biobío","nom_prov":"Concepción","nom_com":"Tomé","sector":"Coliumo","cine_reg":"08","cine_prov":"081","cine_com":"08111"},"geometry":{"type":"LineString","coordinates":[[-72.95887,-36.53034],[-72.95907,-36.53065],[-72.95955,-36.53056],[-72.95962,-36.53175],[-72.95983,-36.53231],[-72.95972,-36.53244],[-72.95993,-36.533]]}},
{"type":"Feature","properties":{"nom_reg":"Biobío","nom_prov":"Concepción","nom_com":"Tomé","sector":"Pingueral","cine_reg":"08","cine_prov":"081","cine_com":"08111"},"geometry":{"type":"LineString","coordinates":[[-72.9325,-36.52799],[-72.93193,-36.52717],[-72.93015,-36.52708],[-72.92887,-36.5274],[-72.92843,-36.52627],[-72.92709,-36.52677],[-72.92611,-36.52807],[-72.92563,-36.52845],[-72.9251,-36.52815]]}},
{"type":"Feature","properties":{"nom_reg":"Biobío","nom_prov":"Concepción","nom_com":"Tomé","sector":"Pingueral","cine_reg":"08","cine_prov":"081","cine_com":"08111"},"geometry":{"type":"LineString","coordinates":[[-72.93461,-36.53028],[-72.93293,-36.5312],[-72.93282,-36.53146],[-72.93261,-36.53146],[-72.93178,-36.53257],[-72.9302,-36.53304],[-72.93052,-36.53453],[-72.93,-36.53494],[-72.92848,-36.53516],[-72.92788,-36.53558]]}},
{"type":"Feature","properties":{"nom_reg":"Biobío","nom_prov":"Concepción","nom_com":"Tomé","sector":"Coliumo","cine_reg":"08","cine_prov":"081","cine_com":"08111"},"geometry":{"type":"LineString","coordinates":[[-72.95908,-36.53812],[-72.95964,-36.5382],[-72.96001,-36.53844],[-72.96013,-36.53905],[-72.96046,-36.53905],[-72.96075,-36.53841],[-72.96049,-36.53779],[-72.961,-36.53772],[-72.9617,-36.53802]]}},
{"type":"Feature","properties":{"nom_reg":"Biobío","nom_prov":"Concepción","nom_com":"Tomé","sector":"Coliumo","cine_reg":"08","cine_prov":"081","cine_com":"08111"},"geometry":{"type":"LineString","coordinates":[[-72.95871,-36.52986],[-72.95922,-36.52979],[-72.9592,-36.52951],[-72.96057,-36.52835],[-72.96208,-36.52785]]}},
{"type":"Feature","properties":{"nom_reg":"Ñuble","nom_prov":"Itata","nom_com":"Cobquecura","sector":"Pullay","cine_reg":"16","cine_prov":"162","cine_com":"16202"},"geometry":{"type":"LineString","coordinates":[[-72.77541,-36.03551],[-72.7746,-36.03603],[-72.77319,-36.03616],[-72.77213,-36.03586],[-72.77183,-36.03547],[-72.77087,-36.03551],[-72.76964,-36.03496],[-72.76926,-36.03503],[-72.76839,-36.0358],[-72.7679,-36.03667]]}},
{"type":"Feature","properties":{"nom_reg":"Ñuble","nom_prov":"Itata","nom_com":"Cobquecura","sector":"Colmuyao","cine_reg":"16","cine_prov":"162","cine_com":"16202"},"geometry":{"type":"LineString","coordinates":[[-72.7971,-36.27575],[-72.79674,-36.27669],[-72.7972,-36.27707],[-72.79712,-36.27787],[-72.79789,-36.2785],[-72.79849,-36.27846],[-72.79864,-36.27792],[-72.79927,-36.27769],[-72.8004,-36.27763],[-72.80179,-36.27799]]}},
{"type":"Feature","properties":{"nom_reg":"Ñuble","nom_prov":"Itata","nom_com":"Cobquecura","sector":"Pullay","cine_reg":"16","cine_prov":"162","cine_com":"16202"},"geometry":{"type":"LineString","coordinates":[[-72.77512,-36.02851],[-72.77165,-36.02874],[-72.7697,-36.02846],[-72.76908,-36.02855],[-72.76819,-36.02814]]}},
{"type":"Feature","properties":{"nom_reg":"Ñuble","nom_prov":"Itata","nom_com":"Cobquecura","sector":"Cobquecura","cine_reg":"16","cine_prov":"162","cine_com":"16202"},"geometry":{"type":"LineString","coordinates":[[-72.80209,-36.12367],[-72.80215,-36.12313],[-72.80137,-36.12162],[-72.80042,-36.12184],[-72.79923,-36.12142],[-72.79802,-36.12125],[-72.79783,-36.12116],[-72.79774,-36.12052],[-72.79743,-36.12012]]}},
{"type":"Feature","properties":{"nom_reg":"Ñuble","nom_prov":"Itata","nom_com":"Cobquecura","sector":"Cobquecura","cine_reg":"16","cine_prov":"162","cine_com":"16202"},"geometry":{"type":"LineString","coordinates":[[-72.81063,-36.0974],[-72.80987,-36.09596],[-72.80965,-36.09514],[-72.80809,-36.09382]]}},
{"type":"Feature","properties":{"nom_reg":"Ñuble","nom_prov":"Itata","nom_com":"Cobquecura","sector":"Cobquecura","cine_reg":"16","cine_prov":"162","cine_com":"16202"},"geometry":{"type":"LineString","coordinates":[[-72.80564,-36.16063],[-72.80469,-36.16041],[-72.80447,-36.16007],[-72.80334,-36.15997],[-72.80301,-36.1593],[-72.80198,-36.15936]]}},
{"type":"Feature","properties":{"nom_reg":"Ñuble","nom_prov":"Itata","nom_com":"Cobquecura","sector":"Colmuyao","cine_reg":"16","cine_prov":"162","cine_com":"16202"},"geometry":{"type":"LineString","coordinates":[[-72.80401,-36.26502],[-72.80407,-36.26448],[-72.80339,-36.2644],[-72.80349,-36.26407],[-72.80335,-36.26392],[-72.80299,-36.26404],[-72.8021,-36.26368]]}},
{"type":"Feature","properties":{"nom_reg":"Ñuble","nom_prov":"Itata","nom_com":"Cobquecura","sector":"Cobquecura","cine_reg":"16","cine_prov":"162","cine_com":"16202"},"geometry":{"type":"LineString","coordinates":[[-72.8032,-36.13493],[-72.80075,-36.13469],[-72.79695,-36.13344],[-72.79506,-36.13752],[-72.78933,-36.13867]]}},
{"type":"Feature","properties":{"nom_reg":"Ñuble","nom_prov":"Itata","nom_com":"Cobquecura","sector":"Nogueche Sur","cine_reg":"16","cine_prov":"162","cine_com":"16202"},"geometry":{"type":"LineString","coordinates":[[-72.81036,-36.24388],[-72.80856,-36.24379],[-72.80724,-36.24331],[-72.80595,-36.24356],[-72.80527,-36.24415],[-72.80489,-36.24415],[-72.80438,-36.24389]]}},
{"type":"Feature","properties":{"nom_reg":"Ñuble","nom_prov":"Itata","nom_com":"Cobquecura","sector":"Taucu","cine_reg":"16","cine_prov":"162","cine_com":"16202"},"geometry":{"type":"LineString","coordinates":[[-72.80913,-36.1737],[-72.80892,-36.17501],[-72.80859,-36.17535],[-72.80416,-36.17812]]}},
{"type":"Feature","properties":{"nom_reg":"Ñuble","nom_prov":"Itata","nom_com":"Cobquecura","sector":"Taucu","cine_reg":"16","cine_prov":"162","cine_com":"16202"},"geometry":{"type":"LineString","coordinates":[[-72.81054,-36.17533],[-72.81042,-36.17598],[-72.81064,-36.17694],[-72.81045,-36.17831],[-72.81062,-36.18121]]}},
{"type":"Feature","properties":{"nom_reg":"Biobío","nom_prov":"Concepción","nom_com":"Tomé","sector":"Dichato","cine_reg":"08","cine_prov":"081","cine_com":"08111"},"geometry":{"type":"LineString","coordinates":[[-72.93547,-36.54635],[-72.93336,-36.54777],[-72.93199,-36.54834],[-72.93175,-36.54796]]}},
{"type":"Feature","properties":{"nom_reg":"Ñuble","nom_prov":"Itata","nom_com":"Cobquecura","sector":"Cobquecura","cine_reg":"16","cine_prov":"162","cine_com":"16202"},"geometry":{"type":"LineString","coordinates":[[-72.80342,-36.15641],[-72.80286,-36.15575],[-72.80256,-36.15493],[-72.8023,-36.15335],[-72.80229,-36.1513]]}},
{"type":"Feature","properties":{"nom_reg":"Ñuble","nom_prov":"Itata","nom_com":"Coelemu","sector":"Perales","cine_reg":"16","cine_prov":"162","cine_com":"16203"},"geometry":{"type":"LineString","coordinates":[[-72.87139,-36.42537],[-72.87157,-36.42636],[-72.87151,-36.42751],[-72.87253,-36.42908],[-72.87255,-36.42962],[-72.87339,-36.43055]]}},
{"type":"Feature","properties":{"nom_reg":"Ñuble","nom_prov":"Itata","nom_com":"Cobquecura","sector":"Buchupureo","cine_reg":"16","cine_prov":"162","cine_com":"16202"},"geometry":{"type":"LineString","coordinates":[[-72.7938,-36.07802],[-72.79411,-36.07874],[-72.79456,-36.07927],[-72.79567,-36.08007],[-72.79625,-36.07992],[-72.79653,-36.07943],[-72.79712,-36.07901],[-72.79857,-36.07861]]}},
{"type":"Feature","properties":{"nom_reg":"Ñuble","nom_prov":"Itata","nom_com":"Cobquecura","sector":"Pullay","cine_reg":"16","cine_prov":"162","cine_com":"16202"},"geometry":{"type":"LineString","coordinates":[[-72.77686,-36.0398],[-72.77719,-36.04096],[-72.77714,-36.04124],[-72.77439,-36.04461],[-72.77361,-36.04515],[-72.77353,-36.04577]]}},
{"type":"Feature","properties":{"nom_reg":"Biobío","nom_prov":"Concepción","nom_com":"Tomé","sector":"Tomé","cine_reg":"08","cine_prov":"081","cine_com":"08111"},"geometry":{"type":"LineString","coordinates":[[-72.9569,-36.61364],[-72.95503,-36.61441]]}},
{"type":"Feature","properties":{"nom_reg":"Ñuble","nom_prov":"Itata","nom_com":"Coelemu","sector":"Perales","cine_reg":"16","cine_prov":"162","cine_com":"16203"},"geometry":{"type":"LineString","coordinates":[[-72.86745,-36.42739],[-72.86551,-36.42767],[-72.86504,-36.42834],[-72.86463,-36.4286],[-72.86479,-36.42937],[-72.86321,-36.42904],[-72.86342,-36.42871]]}},
{"type":"Feature","properties":{"nom_reg":"Ñuble","nom_prov":"Itata","nom_com":"Cobquecura","sector":"Cobquecura","cine_reg":"16","cine_prov":"162","cine_com":"16202"},"geometry":{"type":"LineString","coordinates":[[-72.79334,-36.13407],[-72.793,-36.13463],[-72.79192,-36.13468],[-72.79131,-36.13508]]}},
{"type":"Feature","properties":{"nom_reg":"Ñuble","nom_prov":"Itata","nom_com":"Cobquecura","sector":"Buchupureo","cine_reg":"16","cine_prov":"162","cine_com":"16202"},"geometry":{"type":"LineString","coordinates":[[-72.77266,-36.08108],[-72.77303,-36.08194],[-72.77258,-36.08315],[-72.77268,-36.08351],[-72.77362,-36.08391],[-72.77371,-36.08365],[-72.77346,-36.0833],[-72.77359,-36.08306],[-72.77468,-36.08295]]}},
{"type":"Feature","properties":{"nom_reg":"Ñuble","nom_prov":"Itata","nom_com":"Treguaco","sector":"Mela (Treguaco)","cine_reg":"16","cine_prov":"162","cine_com":"16207"},"geometry":{"type":"LineString","coordinates":[[-72.82661,-36.35443],[-72.82515,-36.35469],[-72.82428,-36.35522],[-72.82401,-36.35563],[-72.8243,-36.35606],[-72.82474,-36.3561]]}},
{"type":"Feature","properties":{"nom_reg":"Ñuble","nom_prov":"Itata","nom_com":"Cobquecura","sector":"Taucu","cine_reg":"16","cine_prov":"162","cine_com":"16202"},"geometry":{"type":"LineString","coordinates":[[-72.80387,-36.17276],[-72.80381,-36.17352],[-72.80339,-36.17411],[-72.80347,-36.17436],[-72.80402,-36.17482],[-72.80402,-36.17541],[-72.80372,-36.17577],[-72.80294,-36.17607],[-72.80259,-36.17606],[-72.80031,-36.17524],[-72.79991,-36.17516],[-72.79882,-36.17533]]}},
{"type":"Feature","properties":{"nom_reg":"Ñuble","nom_prov":"Itata","nom_com":"Cobquecura","sector":"Buchupureo","cine_reg":"16","cine_prov":"162","cine_com":"16202"},"geometry":{"type":"LineString","coordinates":[[-72.77728,-36.07181],[-72.77678,-36.07039],[-72.77604,-36.06542],[-72.77661,-36.06467],[-72.77671,-36.06389],[-72.77615,-36.06354],[-72.77441,-36.06354],[-72.77348,-36.06325],[-72.77338,-36.0629],[-72.77355,-36.05878],[-72.77267,-36.05729],[-72.77196,-36.05651]]}},
{"type":"Feature","properties":{"nom_reg":"Ñuble","nom_prov":"Itata","nom_com":"Cobquecura","sector":"Cobquecura","cine_reg":"16","cine_prov":"162","cine_com":"16202"},"geometry":{"type":"LineString","coordinates":[[-72.80877,-36.1048],[-72.8079,-36.10435],[-72.80781,-36.1041],[-72.80793,-36.10377],[-72.80742,-36.10386],[-72.80694,-36.10355],[-72.80629,-36.10348]]}},
{"type":"Feature","properties":{"nom_reg":"Ñuble","nom_prov":"Itata","nom_com":"Cobquecura","sector":"Cobquecura","cine_reg":"16","cine_prov":"162","cine_com":"16202"},"geometry":{"type":"LineString","coordinates":[[-72.80377,-36.11965],[-72.8014,-36.12155]]}},
{"type":"Feature","properties":{"nom_reg":"Ñuble","nom_prov":"Itata","nom_com":"Cobquecura","sector":"Cobquecura","cine_reg":"16","cine_prov":"162","cine_com":"16202"},"geometry":{"type":"LineString","coordinates":[[-72.78614,-36.12953],[-72.79014,-36.13095],[-72.78978,-36.13157],[-72.7911,-36.13196],[-72.79086,-36.13258],[-72.79325,-36.13328],[-72.79313,-36.13389],[-72.79361,-36.13372],[-72.79328,-36.13479]]}},
{"type":"Feature","properties":{"nom_reg":"Ñuble","nom_prov":"Itata","nom_com":"Cobquecura","sector":"Cobquecura","cine_reg":"16","cine_prov":"162","cine_com":"16202"},"geometry":{"type":"LineString","coordinates":[[-72.79555,-36.12797],[-72.79683,-36.12257],[-72.79835,-36.1216],[-72.79915,-36.12146]]}},
{"type":"Feature","properties":{"nom_reg":"Ñuble","nom_prov":"Itata","nom_com":"Cobquecura","sector":"Santa Rita","cine_reg":"16","cine_prov":"162","cine_com":"16202"},"geometry":{"type":"LineString","coordinates":[[-72.81848,-36.20506],[-72.81561,-36.2041],[-72.81428,-36.20445],[-72.81239,-36.20431]]}},
{"type":"Feature","properties":{"nom_reg":"Ñuble","nom_prov":"Itata","nom_com":"Cobquecura","sector":"Cobquecura","cine_reg":"16","cine_prov":"162","cine_com":"16202"},"geometry":{"type":"LineString","coordinates":[[-72.77513,-36.12373],[-72.77458,-36.12404],[-72.77409,-36.12499],[-72.7721,-36.12606]]}},
{"type":"Feature","properties":{"nom_reg":"Ñuble","nom_prov":"Itata","nom_com":"Cobquecura","sector":"Pullay","cine_reg":"16","cine_prov":"162","cine_com":"16202"},"geometry":{"type":"LineString","coordinates":[[-72.77522,-36.0263],[-72.77528,-36.02567],[-72.77501,-36.02509],[-72.77327,-36.02462],[-72.77236,-36.02413],[-72.77156,-36.02337],[-72.77191,-36.02285],[-72.77195,-36.02232],[-72.77178,-36.02102],[-72.77147,-36.02043]]}},
{"type":"Feature","properties":{"nom_reg":"Biobío","nom_prov":"Concepción","nom_com":"Tomé","sector":"Tomé","cine_reg":"08","cine_prov":"081","cine_com":"08111"},"geometry":{"type":"LineString","coordinates":[[-72.95606,-36.6122],[-72.95505,-36.61038],[-72.95559,-36.60926]]}},
{"type":"Feature","properties":{"nom_reg":"Ñuble","nom_prov":"Itata","nom_com":"Coelemu","sector":"Vegas de Itata","cine_reg":"16","cine_prov":"162","cine_com":"16203"},"geometry":{"type":"LineString","coordinates":[[-72.86306,-36.40341],[-72.8609,-36.40279],[-72.85964,-36.40278],[-72.85251,-36.40201],[-72.85209,-36.40176],[-72.85115,-36.40045]]}},
{"type":"Feature","properties":{"nom_reg":"Ñuble","nom_prov":"Itata","nom_com":"Coelemu","sector":"Perales","cine_reg":"16","cine_prov":"162","cine_com":"16203"},"geometry":{"type":"LineString","coordinates":[[-72.86999,-36.42381],[-72.86634,-36.4246],[-72.86676,-36.42511],[-72.86536,-36.42549],[-72.86559,-36.42611],[-72.86516,-36.42624],[-72.86407,-36.42598],[-72.86248,-36.42587]]}},
{"type":"Feature","properties":{"nom_reg":"Biobío","nom_prov":"Concepción","nom_com":"Tomé","sector":"Dichato","cine_reg":"08","cine_prov":"081","cine_com":"08111"},"geometry":{"type":"LineString","coordinates":[[-72.93289,-36.54478],[-72.93245,-36.54503],[-72.93179,-36.54464],[-72.92944,-36.54553],[-72.92876,-36.54426]]}},
{"type":"Feature","properties":{"nom_reg":"Ñuble","nom_prov":"Itata","nom_com":"Coelemu","sector":"Perales","cine_reg":"16","cine_prov":"162","cine_com":"16203"},"geometry":{"type":"LineString","coordinates":[[-72.86765,-36.41765],[-72.86805,-36.41921],[-72.86798,-36.42037],[-72.86846,-36.42313],[-72.86829,-36.42418]]}},
{"type":"Feature","properties":{"nom_reg":"Biobío","nom_prov":"Concepción","nom_com":"Tomé","sector":"Tomé","cine_reg":"08","cine_prov":"081","cine_com":"08111"},"geometry":{"type":"LineString","coordinates":[[-72.95648,-36.61295],[-72.95463,-36.61372]]}},
{"type":"Feature","properties":{"nom_reg":"Ñuble","nom_prov":"Itata","nom_com":"Coelemu","sector":"Vegas de Itata","cine_reg":"16","cine_prov":"162","cine_com":"16203"},"geometry":{"type":"LineString","coordinates":[[-72.83875,-36.39375],[-72.84067,-36.39465],[-72.84138,-36.39551],[-72.84218,-36.39608],[-72.84355,-36.39746],[-72.84604,-36.39866],[-72.84724,-36.39945],[-72.84897,-36.40173]]}},
{"type":"Feature","properties":{"nom_reg":"Ñuble","nom_prov":"Itata","nom_com":"Coelemu","sector":"Vegas de Itata","cine_reg":"16","cine_prov":"162","cine_com":"16203"},"geometry":{"type":"LineString","coordinates":[[-72.85115,-36.40045],[-72.84818,-36.40232],[-72.84601,-36.40446],[-72.84008,-36.40811],[-72.83955,-36.40876]]}},
{"type":"Feature","properties":{"nom_reg":"Ñuble","nom_prov":"Itata","nom_com":"Treguaco","sector":"Mela (Treguaco)","cine_reg":"16","cine_prov":"162","cine_com":"16207"},"geometry":{"type":"LineString","coordinates":[[-72.84797,-36.35693],[-72.8447,-36.35623],[-72.84388,-36.35723],[-72.84339,-36.35703],[-72.84258,-36.35744]]}},
{"type":"Feature","properties":{"nom_reg":"Valparaíso","nom_prov":"San Antonio","nom_com":"San Antonio","sector":"San Antonio","cine_reg":"05","cine_prov":"056","cine_com":"05601"},"geometry":{"type":"LineString","coordinates":[[-71.61086,-33.60642],[-71.60959,-33.60598],[-71.60857,-33.6046],[-71.60718,-33.60335],[-71.60533,-33.602],[-71.60522,-33.60167]]}},
{"type":"Feature","properties":{"nom_reg":"Magallanes y de la Antártica Chilena","nom_prov":"Tierra del Fuego","nom_com":"Timaukel","sector":"Timaukel","cine_reg":"12","cine_prov":"123","cine_com":"12303"},"geometry":{"type":"LineString","coordinates":[[-69.64853,-53.63632],[-69.6479,-53.637],[-69.64736,-53.6386],[-69.64653,-53.63989],[-69.64621,-53.64096],[-69.64668,-53.642],[-69.64803,-53.64386],[-69.64836,-53.64534],[-69.64941,-53.64766],[-69.64994,-53.64811],[-69.6512,-53.64833],[-69.65096,-53.6489],[-69.65003,-53.64905],[-69.64941,-53.6495],[-69.64895,-53.65013],[-69.64659,-53.65119],[-69.64504,-53.65239],[-69.6432,-53.6531],[-69.63749,-53.65244],[-69.62879,-53.65013],[-69.62825,-53.6501]]}},
{"type":"Feature","properties":{"nom_reg":"Magallanes y de la Antártica Chilena","nom_prov":"Tierra del Fuego","nom_com":"Timaukel","sector":"Timaukel","cine_reg":"12","cine_prov":"123","cine_com":"12303"},"geometry":{"type":"LineString","coordinates":[[-69.64872,-53.63518],[-69.6478,-53.63528],[-69.64699,-53.63564],[-69.64568,-53.63715],[-69.64541,-53.63811],[-69.6439,-53.63853],[-69.64319,-53.63901],[-69.64283,-53.63904],[-69.64229,-53.63882],[-69.64126,-53.6378],[-69.63915,-53.63684]]}},
{"type":"Feature","properties":{"nom_reg":"Magallanes y de la Antártica Chilena","nom_prov":"Tierra del Fuego","nom_com":"Timaukel","sector":"Timaukel","cine_reg":"12","cine_prov":"123","cine_com":"12303"},"geometry":{"type":"LineString","coordinates":[[-69.64558,-53.63993],[-69.64628,-53.6401]]}},
{"type":"Feature","properties":{"nom_reg":"Magallanes y de la Antártica Chilena","nom_prov":"Tierra del Fuego","nom_com":"Timaukel","sector":"Timaukel","cine_reg":"12","cine_prov":"123","cine_com":"12303"},"geometry":{"type":"LineString","coordinates":[[-69.64787,-53.64034],[-69.64682,-53.63991]]}},
{"type":"Feature","properties":{"nom_reg":"Magallanes y de la Antártica Chilena","nom_prov":"Tierra del Fuego","nom_com":"Timaukel","sector":"Timaukel","cine_reg":"12","cine_prov":"123","cine_com":"12303"},"geometry":{"type":"LineString","coordinates":[[-69.6476,-53.64092],[-69.64646,-53.6406]]}},
{"type":"Feature","properties":{"nom_reg":"Magallanes y de la Antártica Chilena","nom_prov":"Tierra del Fuego","nom_com":"Timaukel","sector":"Timaukel","cine_reg":"12","cine_prov":"123","cine_com":"12303"},"geometry":{"type":"LineString","coordinates":[[-69.64612,-53.63908],[-69.64682,-53.6393]]}},
{"type":"Feature","properties":{"nom_reg":"Magallanes y de la Antártica Chilena","nom_prov":"Magallanes","nom_com":"Punta Arenas","sector":"Punta Arenas","cine_reg":"12","cine_prov":"121","cine_com":"12101"},"geometry":{"type":"LineString","coordinates":[[-70.90784,-53.16339],[-70.91463,-53.16072]]}},
{"type":"Feature","properties":{"nom_reg":"Magallanes y de la Antártica Chilena","nom_prov":"Magallanes","nom_com":"Punta Arenas","sector":"Punta Arenas","cine_reg":"12","cine_prov":"121","cine_com":"12101"},"geometry":{"type":"LineString","coordinates":[[-70.90947,-53.1668],[-70.91787,-53.16355]]}},
{"type":"Feature","properties":{"nom_reg":"Magallanes y de la Antártica Chilena","nom_prov":"Magallanes","nom_com":"Punta Arenas","sector":"Punta Arenas","cine_reg":"12","cine_prov":"121","cine_com":"12101"},"geometry":{"type":"LineString","coordinates":[[-70.86868,-53.13025],[-70.87202,-53.12746],[-70.87272,-53.12739],[-70.87351,-53.12809],[-70.88949,-53.12014],[-70.89312,-53.12201],[-70.89363,-53.12176]]}},
{"type":"Feature","properties":{"nom_reg":"Magallanes y de la Antártica Chilena","nom_prov":"Magallanes","nom_com":"Punta Arenas","sector":"Punta Arenas","cine_reg":"12","cine_prov":"121","cine_com":"12101"},"geometry":{"type":"LineString","coordinates":[[-70.89744,-53.15041],[-70.90833,-53.144]]}},
{"type":"Feature","properties":{"nom_reg":"Magallanes y de la Antártica Chilena","nom_prov":"Magallanes","nom_com":"Punta Arenas","sector":"Punta Arenas","cine_reg":"12","cine_prov":"121","cine_com":"12101"},"geometry":{"type":"LineString","coordinates":[[-70.9203,-53.1771],[-70.92481,-53.17539]]}},
{"type":"Feature","properties":{"nom_reg":"Magallanes y de la Antártica Chilena","nom_prov":"Magallanes","nom_com":"Punta Arenas","sector":"Punta Arenas","cine_reg":"12","cine_prov":"121","cine_com":"12101"},"geometry":{"type":"LineString","coordinates":[[-70.8782,-53.14241],[-70.88753,-53.13633],[-70.89342,-53.13278]]}},
{"type":"Feature","properties":{"nom_reg":"Magallanes y de la Antártica Chilena","nom_prov":"Magallanes","nom_com":"Punta Arenas","sector":"Punta Arenas","cine_reg":"12","cine_prov":"121","cine_com":"12101"},"geometry":{"type":"LineString","coordinates":[[-70.8973,-53.16338],[-70.9118,-53.15779]]}},
{"type":"Feature","properties":{"nom_reg":"Magallanes y de la Antártica Chilena","nom_prov":"Magallanes","nom_com":"Punta Arenas","sector":"Punta Arenas","cine_reg":"12","cine_prov":"121","cine_com":"12101"},"geometry":{"type":"LineString","coordinates":[[-70.91424,-53.16894],[-70.92062,-53.16653]]}},
{"type":"Feature","properties":{"nom_reg":"Magallanes y de la Antártica Chilena","nom_prov":"Magallanes","nom_com":"Punta Arenas","sector":"Punta Arenas","cine_reg":"12","cine_prov":"121","cine_com":"12101"},"geometry":{"type":"LineString","coordinates":[[-70.87831,-53.13944],[-70.88412,-53.13571],[-70.88347,-53.13485],[-70.88667,-53.133],[-70.88819,-53.13263],[-70.88886,-53.13261],[-70.88985,-53.13226],[-70.89111,-53.1314],[-70.89471,-53.1335],[-70.89814,-53.13151]]}},
{"type":"Feature","properties":{"nom_reg":"Magallanes y de la Antártica Chilena","nom_prov":"Magallanes","nom_com":"Punta Arenas","sector":"Punta Arenas","cine_reg":"12","cine_prov":"121","cine_com":"12101"},"geometry":{"type":"LineString","coordinates":[[-70.92236,-53.17995],[-70.93097,-53.17651]]}},
{"type":"Feature","properties":{"nom_reg":"Magallanes y de la Antártica Chilena","nom_prov":"Magallanes","nom_com":"Punta Arenas","sector":"Punta Arenas","cine_reg":"12","cine_prov":"121","cine_com":"12101"},"geometry":{"type":"LineString","coordinates":[[-70.89037,-53.16215],[-70.90846,-53.15514],[-70.90614,-53.15259]]}},
{"type":"Feature","properties":{"nom_reg":"Magallanes y de la Antártica Chilena","nom_prov":"Magallanes","nom_com":"Punta Arenas","sector":"Punta Arenas","cine_reg":"12","cine_prov":"121","cine_com":"12101"},"geometry":{"type":"LineString","coordinates":[[-70.87448,-53.12967],[-70.87986,-53.1327],[-70.89664,-53.12354]]}},
{"type":"Feature","properties":{"nom_reg":"Magallanes y de la Antártica Chilena","nom_prov":"Magallanes","nom_com":"Punta Arenas","sector":"Punta Arenas","cine_reg":"12","cine_prov":"121","cine_com":"12101"},"geometry":{"type":"LineString","coordinates":[[-70.90591,-53.16153],[-70.91271,-53.15887]]}},
{"type":"Feature","properties":{"nom_reg":"Magallanes y de la Antártica Chilena","nom_prov":"Magallanes","nom_com":"Punta Arenas","sector":"Punta Arenas","cine_reg":"12","cine_prov":"121","cine_com":"12101"},"geometry":{"type":"LineString","coordinates":[[-70.91822,-53.17122],[-70.92358,-53.16924]]}},
{"type":"Feature","properties":{"nom_reg":"Magallanes y de la Antártica Chilena","nom_prov":"Magallanes","nom_com":"Punta Arenas","sector":"Punta Arenas","cine_reg":"12","cine_prov":"121","cine_com":"12101"},"geometry":{"type":"LineString","coordinates":[[-70.91586,-53.16969],[-70.92699,-53.16551]]}},
{"type":"Feature","properties":{"nom_reg":"Magallanes y de la Antártica Chilena","nom_prov":"Magallanes","nom_com":"Punta Arenas","sector":"Punta Arenas","cine_reg":"12","cine_prov":"121","cine_com":"12101"},"geometry":{"type":"LineString","coordinates":[[-70.89433,-53.14672],[-70.90624,-53.13971]]}},
{"type":"Feature","properties":{"nom_reg":"Magallanes y de la Antártica Chilena","nom_prov":"Magallanes","nom_com":"Punta Arenas","sector":"Punta Arenas","cine_reg":"12","cine_prov":"121","cine_com":"12101"},"geometry":{"type":"LineString","coordinates":[[-70.8857,-53.14618],[-70.90428,-53.13507]]}},
{"type":"Feature","properties":{"nom_reg":"Magallanes y de la Antártica Chilena","nom_prov":"Magallanes","nom_com":"Punta Arenas","sector":"Punta Arenas","cine_reg":"12","cine_prov":"121","cine_com":"12101"},"geometry":{"type":"LineString","coordinates":[[-70.90024,-53.15571],[-70.90667,-53.15339]]}},
{"type":"Feature","properties":{"nom_reg":"Magallanes y de la Antártica Chilena","nom_prov":"Magallanes","nom_com":"Punta Arenas","sector":"Punta Arenas","cine_reg":"12","cine_prov":"121","cine_com":"12101"},"geometry":{"type":"LineString","coordinates":[[-70.90528,-53.15146],[-70.90463,-53.15075],[-70.90822,-53.14883]]}},
{"type":"Feature","properties":{"nom_reg":"Magallanes y de la Antártica Chilena","nom_prov":"Magallanes","nom_com":"Punta Arenas","sector":"Punta Arenas","cine_reg":"12","cine_prov":"121","cine_com":"12101"},"geometry":{"type":"LineString","coordinates":[[-70.89131,-53.15787],[-70.90035,-53.15441],[-70.91062,-53.15091],[-70.91626,-53.14783],[-70.91519,-53.14727]]}},
{"type":"Feature","properties":{"nom_reg":"Magallanes y de la Antártica Chilena","nom_prov":"Magallanes","nom_com":"Punta Arenas","sector":"Punta Arenas","cine_reg":"12","cine_prov":"121","cine_com":"12101"},"geometry":{"type":"LineString","coordinates":[[-70.87913,-53.10205],[-70.88041,-53.10046],[-70.88236,-53.09906],[-70.88229,-53.09871],[-70.88073,-53.09781],[-70.8834,-53.09719]]}},
{"type":"Feature","properties":{"nom_reg":"Magallanes y de la Antártica Chilena","nom_prov":"Antártica Chilena","nom_com":"Cabo de Hornos","sector":"Puerto Williams","cine_reg":"12","cine_prov":"122","cine_com":"12201"},"geometry":{"type":"LineString","coordinates":[[-67.61306,-54.93392],[-67.61406,-54.93482],[-67.61438,-54.93545],[-67.61364,-54.9363],[-67.61328,-54.93646],[-67.61343,-54.93723],[-67.61281,-54.93745]]}},
{"type":"Feature","properties":{"nom_reg":"Magallanes y de la Antártica Chilena","nom_prov":"Antártica Chilena","nom_com":"Cabo de Hornos","sector":"Puerto Williams","cine_reg":"12","cine_prov":"122","cine_com":"12201"},"geometry":{"type":"LineString","coordinates":[[-67.60724,-54.93336],[-67.60711,-54.93422],[-67.60593,-54.93433],[-67.60596,-54.93538],[-67.60951,-54.93708]]}},
{"type":"Feature","properties":{"nom_reg":"Magallanes y de la Antártica Chilena","nom_prov":"Tierra del Fuego","nom_com":"Porvenir","sector":"Porvenir","cine_reg":"12","cine_prov":"123","cine_com":"12301"},"geometry":{"type":"LineString","coordinates":[[-70.3691,-53.29833],[-70.36992,-53.29406]]}},
{"type":"Feature","properties":{"nom_reg":"Magallanes y de la Antártica Chilena","nom_prov":"Última Esperanza","nom_com":"Natales","sector":"Puerto Natales","cine_reg":"12","cine_prov":"124","cine_com":"12401"},"geometry":{"type":"LineString","coordinates":[[-72.50473,-51.72752],[-72.50433,-51.72851],[-72.49751,-51.72757],[-72.49756,-51.72736],[-72.49651,-51.72722]]}},
{"type":"Feature","properties":{"nom_reg":"Magallanes y de la Antártica Chilena","nom_prov":"Tierra del Fuego","nom_com":"Porvenir","sector":"Porvenir","cine_reg":"12","cine_prov":"123","cine_com":"12301"},"geometry":{"type":"LineString","coordinates":[[-70.36683,-53.29828],[-70.35968,-53.29769],[-70.36047,-53.29472]]}},
{"type":"Feature","properties":{"nom_reg":"Magallanes y de la Antártica Chilena","nom_prov":"Antártica Chilena","nom_com":"Cabo de Hornos","sector":"Puerto Williams","cine_reg":"12","cine_prov":"122","cine_com":"12201"},"geometry":{"type":"LineString","coordinates":[[-67.60024,-54.93389],[-67.60174,-54.93425],[-67.60355,-54.93434],[-67.60295,-54.937]]}},
{"type":"Feature","properties":{"nom_reg":"Magallanes y de la Antártica Chilena","nom_prov":"Última Esperanza","nom_com":"Natales","sector":"Puerto Natales","cine_reg":"12","cine_prov":"124","cine_com":"12401"},"geometry":{"type":"LineString","coordinates":[[-72.50754,-51.7244],[-72.50232,-51.7264],[-72.50161,-51.72589],[-72.49677,-51.72514],[-72.49603,-51.72694]]}},
{"type":"Feature","properties":{"nom_reg":"Magallanes y de la Antártica Chilena","nom_prov":"Última Esperanza","nom_com":"Natales","sector":"Puerto Natales","cine_reg":"12","cine_prov":"124","cine_com":"12401"},"geometry":{"type":"LineString","coordinates":[[-72.49194,-51.73656],[-72.48716,-51.73137]]}},
{"type":"Feature","properties":{"nom_reg":"Magallanes y de la Antártica Chilena","nom_prov":"Última Esperanza","nom_com":"Natales","sector":"Puerto Natales","cine_reg":"12","cine_prov":"124","cine_com":"12401"},"geometry":{"type":"LineString","coordinates":[[-72.49877,-51.73563],[-72.49553,-51.73494],[-72.49111,-51.73016]]}},
{"type":"Feature","properties":{"nom_reg":"Magallanes y de la Antártica Chilena","nom_prov":"Última Esperanza","nom_com":"Natales","sector":"Puerto Natales","cine_reg":"12","cine_prov":"124","cine_com":"12401"},"geometry":{"type":"LineString","coordinates":[[-72.49395,-51.73722],[-72.49476,-51.73691],[-72.48917,-51.73074]]}},
{"type":"Feature","properties":{"nom_reg":"Magallanes y de la Antártica Chilena","nom_prov":"Última Esperanza","nom_com":"Natales","sector":"Puerto Natales","cine_reg":"12","cine_prov":"124","cine_com":"12401"},"geometry":{"type":"LineString","coordinates":[[-72.50417,-51.7333],[-72.49235,-51.73101],[-72.49143,-51.72998]]}},
{"type":"Feature","properties":{"nom_reg":"Magallanes y de la Antártica Chilena","nom_prov":"Tierra del Fuego","nom_com":"Porvenir","sector":"Porvenir","cine_reg":"12","cine_prov":"123","cine_com":"12301"},"geometry":{"type":"LineString","coordinates":[[-70.38249,-53.29454],[-70.37609,-53.29433]]}},
{"type":"Feature","properties":{"nom_reg":"Magallanes y de la Antártica Chilena","nom_prov":"Tierra del Fuego","nom_com":"Porvenir","sector":"Porvenir","cine_reg":"12","cine_prov":"123","cine_com":"12301"},"geometry":{"type":"LineString","coordinates":[[-70.36728,-53.30823],[-70.35459,-53.30919]]}},
{"type":"Feature","properties":{"nom_reg":"Magallanes y de la Antártica Chilena","nom_prov":"Tierra del Fuego","nom_com":"Porvenir","sector":"Porvenir","cine_reg":"12","cine_prov":"123","cine_com":"12301"},"geometry":{"type":"LineString","coordinates":[[-70.43655,-53.30285],[-70.43632,-53.30208],[-70.4359,-53.30157],[-70.4359,-53.29859]]}},
{"type":"Feature","properties":{"nom_reg":"Magallanes y de la Antártica Chilena","nom_prov":"Antártica Chilena","nom_com":"Cabo de Hornos","sector":"Puerto Williams","cine_reg":"12","cine_prov":"122","cine_com":"12201"},"geometry":{"type":"LineString","coordinates":[[-67.58991,-54.93325],[-67.58682,-54.93304],[-67.58496,-54.9331],[-67.58432,-54.93326],[-67.58414,-54.93347]]}},
{"type":"Feature","properties":{"nom_reg":"Magallanes y de la Antártica Chilena","nom_prov":"Última Esperanza","nom_com":"Natales","sector":"Puerto Natales","cine_reg":"12","cine_prov":"124","cine_com":"12401"},"geometry":{"type":"LineString","coordinates":[[-72.48692,-51.74017],[-72.48632,-51.7401],[-72.4866,-51.73898],[-72.48689,-51.73884],[-72.48705,-51.73843],[-72.4793,-51.73749]]}},
{"type":"Feature","properties":{"nom_reg":"Magallanes y de la Antártica Chilena","nom_prov":"Última Esperanza","nom_com":"Natales","sector":"Puerto Natales","cine_reg":"12","cine_prov":"124","cine_com":"12401"},"geometry":{"type":"LineString","coordinates":[[-72.49738,-51.73157],[-72.49765,-51.73087],[-72.49159,-51.72973]]}},
{"type":"Feature","properties":{"nom_reg":"Magallanes y de la Antártica Chilena","nom_prov":"Tierra del Fuego","nom_com":"Porvenir","sector":"Porvenir","cine_reg":"12","cine_prov":"123","cine_com":"12301"},"geometry":{"type":"LineString","coordinates":[[-70.37474,-53.2988],[-70.37561,-53.29444]]}},
{"type":"Feature","properties":{"nom_reg":"Magallanes y de la Antártica Chilena","nom_prov":"Tierra del Fuego","nom_com":"Porvenir","sector":"Porvenir","cine_reg":"12","cine_prov":"123","cine_com":"12301"},"geometry":{"type":"LineString","coordinates":[[-70.36675,-53.296],[-70.36024,-53.29547]]}},
{"type":"Feature","properties":{"nom_reg":"Magallanes y de la Antártica Chilena","nom_prov":"Tierra del Fuego","nom_com":"Porvenir","sector":"Porvenir","cine_reg":"12","cine_prov":"123","cine_com":"12301"},"geometry":{"type":"LineString","coordinates":[[-70.38137,-53.28547],[-70.36577,-53.2847]]}},
{"type":"Feature","properties":{"nom_reg":"Magallanes y de la Antártica Chilena","nom_prov":"Tierra del Fuego","nom_com":"Porvenir","sector":"Porvenir","cine_reg":"12","cine_prov":"123","cine_com":"12301"},"geometry":{"type":"LineString","coordinates":[[-70.38001,-53.29059],[-70.37982,-53.29108],[-70.3752,-53.2907]]}},
{"type":"Feature","properties":{"nom_reg":"Magallanes y de la Antártica Chilena","nom_prov":"Última Esperanza","nom_com":"Natales","sector":"Puerto Natales","cine_reg":"12","cine_prov":"124","cine_com":"12401"},"geometry":{"type":"LineString","coordinates":[[-72.5077,-51.73013],[-72.49431,-51.72813]]}},
{"type":"Feature","properties":{"nom_reg":"Magallanes y de la Antártica Chilena","nom_prov":"Antártica Chilena","nom_com":"Cabo de Hornos","sector":"Puerto Williams","cine_reg":"12","cine_prov":"122","cine_com":"12201"},"geometry":{"type":"LineString","coordinates":[[-67.595,-54.93345],[-67.60134,-54.93468],[-67.6034,-54.93477]]}},
{"type":"Feature","properties":{"nom_reg":"Magallanes y de la Antártica Chilena","nom_prov":"Última Esperanza","nom_com":"Natales","sector":"Puerto Natales","cine_reg":"12","cine_prov":"124","cine_com":"12401"},"geometry":{"type":"LineString","coordinates":[[-72.49619,-51.72023],[-72.49596,-51.72109],[-72.49557,-51.72147],[-72.48591,-51.72507],[-72.48659,-51.72555],[-72.48746,-51.72656]]}},
{"type":"Feature","properties":{"nom_reg":"Magallanes y de la Antártica Chilena","nom_prov":"Antártica Chilena","nom_com":"Cabo de Hornos","sector":"Puerto Williams","cine_reg":"12","cine_prov":"122","cine_com":"12201"},"geometry":{"type":"LineString","coordinates":[[-67.61668,-54.93694],[-67.61361,-54.93641]]}},
{"type":"Feature","properties":{"nom_reg":"Magallanes y de la Antártica Chilena","nom_prov":"Tierra del Fuego","nom_com":"Porvenir","sector":"Porvenir","cine_reg":"12","cine_prov":"123","cine_com":"12301"},"geometry":{"type":"LineString","coordinates":[[-70.35418,-53.30103],[-70.35402,-53.30866]]}},
{"type":"Feature","properties":{"nom_reg":"Magallanes y de la Antártica Chilena","nom_prov":"Magallanes","nom_com":"Punta Arenas","sector":"Punta Arenas","cine_reg":"12","cine_prov":"121","cine_com":"12101"},"geometry":{"type":"LineString","coordinates":[[-70.88561,-53.15302],[-70.89596,-53.14944],[-70.89547,-53.1489],[-70.90687,-53.1421]]}},
{"type":"Feature","properties":{"nom_reg":"Coquimbo","nom_prov":"Limarí","nom_com":"Ovalle","sector":"Caleta Sierra","cine_reg":"04","cine_prov":"043","cine_com":"04301"},"geometry":{"type":"LineString","coordinates":[[-71.66302,-31.14616],[-71.66339,-31.14625],[-71.66345,-31.14644],[-71.66427,-31.14639],[-71.66387,-31.14669],[-71.66301,-31.14691]]}},
{"type":"Feature","properties":{"nom_reg":"Coquimbo","nom_prov":"Limarí","nom_com":"Ovalle","sector":"Cebada Sur","cine_reg":"04","cine_prov":"043","cine_com":"04301"},"geometry":{"type":"LineString","coordinates":[[-71.64419,-31.00456],[-71.64367,-31.00438],[-71.64373,-31.00414],[-71.64287,-31.00361],[-71.6429,-31.00313],[-71.64247,-31.00277],[-71.64244,-31.00241],[-71.64217,-31.00213]]}},
{"type":"Feature","properties":{"nom_reg":"Coquimbo","nom_prov":"Limarí","nom_com":"Ovalle","sector":"Caleta Talquilla","cine_reg":"04","cine_prov":"043","cine_com":"04301"},"geometry":{"type":"LineString","coordinates":[[-71.67494,-30.89302],[-71.67468,-30.89263],[-71.6744,-30.89266]]}},
{"type":"Feature","properties":{"nom_reg":"Coquimbo","nom_prov":"Limarí","nom_com":"Ovalle","sector":"Caleta Talquilla","cine_reg":"04","cine_prov":"043","cine_com":"04301"},"geometry":{"type":"LineString","coordinates":[[-71.67373,-30.89099],[-71.67409,-30.89139],[-71.67439,-30.89239],[-71.67437,-30.89268],[-71.67369,-30.89357]]}},
{"type":"Feature","properties":{"nom_reg":"Coquimbo","nom_prov":"Limarí","nom_com":"Ovalle","sector":"Caleta Talquilla","cine_reg":"04","cine_prov":"043","cine_com":"04301"},"geometry":{"type":"LineString","coordinates":[[-71.68032,-30.87987],[-71.67935,-30.87863]]}},
{"type":"Feature","properties":{"nom_reg":"Coquimbo","nom_prov":"Limarí","nom_com":"Ovalle","sector":"Loros","cine_reg":"04","cine_prov":"043","cine_com":"04301"},"geometry":{"type":"LineString","coordinates":[[-71.7033,-30.78652],[-71.70297,-30.78673],[-71.70263,-30.78656],[-71.70114,-30.78448]]}},
{"type":"Feature","properties":{"nom_reg":"Coquimbo","nom_prov":"Limarí","nom_com":"Ovalle","sector":"Loros","cine_reg":"04","cine_prov":"043","cine_com":"04301"},"geometry":{"type":"LineString","coordinates":[[-71.70283,-30.78414],[-71.70245,-30.78391],[-71.70177,-30.78449],[-71.7013,-30.78436]]}},
{"type":"Feature","properties":{"nom_reg":"Coquimbo","nom_prov":"Limarí","nom_com":"Ovalle","sector":"Caleta El Sauce","cine_reg":"04","cine_prov":"043","cine_com":"04301"},"geometry":{"type":"LineString","coordinates":[[-71.7021,-30.55807],[-71.70193,-30.5577],[-71.70147,-30.55752],[-71.70072,-30.55643]]}},
{"type":"Feature","properties":{"nom_reg":"Coquimbo","nom_prov":"Limarí","nom_com":"Ovalle","sector":"Caleta El Sauce","cine_reg":"04","cine_prov":"043","cine_com":"04301"},"geometry":{"type":"LineString","coordinates":[[-71.69212,-30.53992],[-71.69187,-30.54024],[-71.69125,-30.54025]]}},
{"type":"Feature","properties":{"nom_reg":"Coquimbo","nom_prov":"Limarí","nom_com":"Ovalle","sector":"Caleta El Sauce","cine_reg":"04","cine_prov":"043","cine_com":"04301"},"geometry":{"type":"LineString","coordinates":[[-71.69074,-30.53014],[-71.68979,-30.53044],[-71.68903,-30.53088]]}},
{"type":"Feature","properties":{"nom_reg":"Coquimbo","nom_prov":"Limarí","nom_com":"Ovalle","sector":"Caleta Talquilla","cine_reg":"04","cine_prov":"043","cine_com":"04301"},"geometry":{"type":"LineString","coordinates":[[-71.67565,-30.8854],[-71.67501,-30.88628],[-71.67461,-30.88729],[-71.67415,-30.88798],[-71.67339,-30.88847],[-71.67274,-30.88803],[-71.67229,-30.88871]]}},
{"type":"Feature","properties":{"nom_reg":"Coquimbo","nom_prov":"Limarí","nom_com":"Ovalle","sector":"Cebada Sur","cine_reg":"04","cine_prov":"043","cine_com":"04301"},"geometry":{"type":"LineString","coordinates":[[-71.6504,-31.01681],[-71.65037,-31.01703],[-71.65091,-31.01722],[-71.65113,-31.01777],[-71.65012,-31.01804],[-71.64996,-31.01824]]}},
{"type":"Feature","properties":{"nom_reg":"Coquimbo","nom_prov":"Limarí","nom_com":"Ovalle","sector":"Cebada Sur","cine_reg":"04","cine_prov":"043","cine_com":"04301"},"geometry":{"type":"LineString","coordinates":[[-71.64491,-31.01152],[-71.64511,-31.01181],[-71.64526,-31.01301],[-71.64405,-31.01313]]}},
{"type":"Feature","properties":{"nom_reg":"Coquimbo","nom_prov":"Limarí","nom_com":"Ovalle","sector":"Cebada","cine_reg":"04","cine_prov":"043","cine_com":"04301"},"geometry":{"type":"LineString","coordinates":[[-71.64864,-30.97857],[-71.64836,-30.9789],[-71.64784,-30.97816],[-71.64651,-30.97852]]}},
{"type":"Feature","properties":{"nom_reg":"Coquimbo","nom_prov":"Limarí","nom_com":"Ovalle","sector":"Cebada","cine_reg":"04","cine_prov":"043","cine_com":"04301"},"geometry":{"type":"LineString","coordinates":[[-71.64864,-30.97656],[-71.64751,-30.97645],[-71.64664,-30.97672],[-71.64706,-30.97702],[-71.64714,-30.97729],[-71.64689,-30.97743],[-71.64699,-30.97775],[-71.64634,-30.97821],[-71.6464,-30.97844]]}},
{"type":"Feature","properties":{"nom_reg":"Coquimbo","nom_prov":"Limarí","nom_com":"Ovalle","sector":"Punta de Talca","cine_reg":"04","cine_prov":"043","cine_com":"04301"},"geometry":{"type":"LineString","coordinates":[[-71.67477,-30.92835],[-71.67407,-30.928],[-71.67395,-30.92714],[-71.67487,-30.92676],[-71.67577,-30.92603],[-71.67596,-30.92623]]}},
{"type":"Feature","properties":{"nom_reg":"Coquimbo","nom_prov":"Limarí","nom_com":"Ovalle","sector":"Caleta El Toro","cine_reg":"04","cine_prov":"043","cine_com":"04301"},"geometry":{"type":"LineString","coordinates":[[-71.70121,-30.75444],[-71.70081,-30.75474],[-71.70049,-30.75602],[-71.7,-30.7562]]}},
{"type":"Feature","properties":{"nom_reg":"Coquimbo","nom_prov":"Limarí","nom_com":"Ovalle","sector":"Caleta El Toro","cine_reg":"04","cine_prov":"043","cine_com":"04301"},"geometry":{"type":"LineString","coordinates":[[-71.70059,-30.73536],[-71.70075,-30.73595],[-71.70013,-30.73596],[-71.69896,-30.7363]]}},
{"type":"Feature","properties":{"nom_reg":"Coquimbo","nom_prov":"Limarí","nom_com":"Ovalle","sector":"Caleta El Toro","cine_reg":"04","cine_prov":"043","cine_com":"04301"},"geometry":{"type":"LineString","coordinates":[[-71.69997,-30.7422],[-71.69914,-30.74267]]}},
{"type":"Feature","properties":{"nom_reg":"Coquimbo","nom_prov":"Limarí","nom_com":"Ovalle","sector":"Caleta Totoral","cine_reg":"04","cine_prov":"043","cine_com":"04301"},"geometry":{"type":"LineString","coordinates":[[-71.66945,-30.36801],[-71.67042,-30.36872],[-71.6699,-30.3699],[-71.67026,-30.37072],[-71.67008,-30.3712]]}},
{"type":"Feature","properties":{"nom_reg":"Coquimbo","nom_prov":"Limarí","nom_com":"Ovalle","sector":"Caleta Talquilla","cine_reg":"04","cine_prov":"043","cine_com":"04301"},"geometry":{"type":"LineString","coordinates":[[-71.68114,-30.87802],[-71.68005,-30.87848],[-71.67973,-30.87841],[-71.67912,-30.87857],[-71.67857,-30.87845],[-71.67768,-30.87748],[-71.67752,-30.87753],[-71.67751,-30.87776]]}},
{"type":"Feature","properties":{"nom_reg":"Coquimbo","nom_prov":"Limarí","nom_com":"Ovalle","sector":"Talcaruca","cine_reg":"04","cine_prov":"043","cine_com":"04301"},"geometry":{"type":"LineString","coordinates":[[-71.69621,-30.47675],[-71.69555,-30.4774],[-71.69517,-30.47753],[-71.69284,-30.47774],[-71.69222,-30.47759]]}},
{"type":"Feature","properties":{"nom_reg":"Coquimbo","nom_prov":"Limarí","nom_com":"Ovalle","sector":"Caleta El Sauce","cine_reg":"04","cine_prov":"043","cine_com":"04301"},"geometry":{"type":"LineString","coordinates":[[-71.69572,-30.54832],[-71.69733,-30.54885],[-71.69784,-30.54946]]}},
{"type":"Feature","properties":{"nom_reg":"Coquimbo","nom_prov":"Limarí","nom_com":"Ovalle","sector":"Caleta El Toro","cine_reg":"04","cine_prov":"043","cine_com":"04301"},"geometry":{"type":"LineString","coordinates":[[-71.69902,-30.74059],[-71.69798,-30.74117]]}},
{"type":"Feature","properties":{"nom_reg":"Coquimbo","nom_prov":"Limarí","nom_com":"Ovalle","sector":"Caleta Sierra","cine_reg":"04","cine_prov":"043","cine_com":"04301"},"geometry":{"type":"LineString","coordinates":[[-71.66212,-31.14646],[-71.66133,-31.14713],[-71.66161,-31.14729],[-71.66243,-31.14706],[-71.66217,-31.14835]]}},
{"type":"Feature","properties":{"nom_reg":"Coquimbo","nom_prov":"Choapa","nom_com":"Los Vilos","sector":"Pichidangui","cine_reg":"04","cine_prov":"042","cine_com":"04203"},"geometry":{"type":"LineString","coordinates":[[-71.52542,-32.14192],[-71.52509,-32.14172],[-71.52036,-32.14184],[-71.51831,-32.14154],[-71.51612,-32.14147]]}},
{"type":"Feature","properties":{"nom_reg":"Coquimbo","nom_prov":"Choapa","nom_com":"Los Vilos","sector":"Pichidangui","cine_reg":"04","cine_prov":"042","cine_com":"04203"},"geometry":{"type":"LineString","coordinates":[[-71.53435,-32.13466],[-71.533,-32.13455],[-71.53178,-32.13497],[-71.53037,-32.13636],[-71.52877,-32.13704],[-71.52827,-32.13747],[-71.52666,-32.13986],[-71.52472,-32.14093],[-71.52068,-32.14116],[-71.51787,-32.14078],[-71.51668,-32.14076],[-71.5163,-32.14091],[-71.5134,-32.14814],[-71.51303,-32.14983],[-71.51249,-32.1512],[-71.51221,-32.15172],[-71.5112,-32.15273]]}},
{"type":"Feature","properties":{"nom_reg":"Coquimbo","nom_prov":"Choapa","nom_com":"Los Vilos","sector":"Totoralillo","cine_reg":"04","cine_prov":"042","cine_com":"04203"},"geometry":{"type":"LineString","coordinates":[[-71.51716,-32.00141],[-71.5173,-32.00157],[-71.51729,-32.00232]]}},
{"type":"Feature","properties":{"nom_reg":"Coquimbo","nom_prov":"Choapa","nom_com":"Los Vilos","sector":"Totoralillo","cine_reg":"04","cine_prov":"042","cine_com":"04203"},"geometry":{"type":"LineString","coordinates":[[-71.51318,-32.00906],[-71.51228,-32.00816],[-71.51197,-32.00808],[-71.51156,-32.00827]]}},
{"type":"Feature","properties":{"nom_reg":"Coquimbo","nom_prov":"Choapa","nom_com":"Los Vilos","sector":"Totoralillo","cine_reg":"04","cine_prov":"042","cine_com":"04203"},"geometry":{"type":"LineString","coordinates":[[-71.51791,-32.01034],[-71.51797,-32.00933],[-71.51756,-32.00808],[-71.51742,-32.00689],[-71.5176,-32.00653]]}},
{"type":"Feature","properties":{"nom_reg":"Coquimbo","nom_prov":"Choapa","nom_com":"Los Vilos","sector":"Totoralillo","cine_reg":"04","cine_prov":"042","cine_com":"04203"},"geometry":{"type":"LineString","coordinates":[[-71.52154,-32.00629],[-71.52112,-32.00568],[-71.52051,-32.00553]]}},
{"type":"Feature","properties":{"nom_reg":"Coquimbo","nom_prov":"Choapa","nom_com":"Los Vilos","sector":"Totoralillo","cine_reg":"04","cine_prov":"042","cine_com":"04203"},"geometry":{"type":"LineString","coordinates":[[-71.5228,-32.00433],[-71.52227,-32.00442],[-71.52199,-32.00421],[-71.52158,-32.00437],[-71.52085,-32.00418],[-71.52046,-32.0053]]}},
{"type":"Feature","properties":{"nom_reg":"Coquimbo","nom_prov":"Choapa","nom_com":"Los Vilos","sector":"Totoralillo","cine_reg":"04","cine_prov":"042","cine_com":"04203"},"geometry":{"type":"LineString","coordinates":[[-71.52016,-32.00151],[-71.51998,-32.00185],[-71.51919,-32.00141],[-71.5182,-32.00213],[-71.51679,-32.00235],[-71.51535,-32.00179],[-71.515,-32.0008]]}},
{"type":"Feature","properties":{"nom_reg":"Coquimbo","nom_prov":"Choapa","nom_com":"Los Vilos","sector":"Totoralillo","cine_reg":"04","cine_prov":"042","cine_com":"04203"},"geometry":{"type":"LineString","coordinates":[[-71.50905,-32.02331],[-71.50847,-32.02339],[-71.50903,-32.0238],[-71.50908,-32.02397],[-71.5089,-32.02413],[-71.50838,-32.02403],[-71.50757,-32.02352],[-71.50739,-32.02383],[-71.50732,-32.02518]]}},
{"type":"Feature","properties":{"nom_reg":"Coquimbo","nom_prov":"Choapa","nom_com":"Los Vilos","sector":"Totoralillo","cine_reg":"04","cine_prov":"042","cine_com":"04203"},"geometry":{"type":"LineString","coordinates":[[-71.50932,-32.02087],[-71.50952,-32.02532],[-71.50608,-32.02533]]}},
{"type":"Feature","properties":{"nom_reg":"Coquimbo","nom_prov":"Choapa","nom_com":"Los Vilos","sector":"Totoralillo","cine_reg":"04","cine_prov":"042","cine_com":"04203"},"geometry":{"type":"LineString","coordinates":[[-71.51269,-32.02687],[-71.5131,-32.02715],[-71.51301,-32.02754],[-71.51339,-32.0286]]}},
{"type":"Feature","properties":{"nom_reg":"Coquimbo","nom_prov":"Choapa","nom_com":"Los Vilos","sector":"Totoralillo","cine_reg":"04","cine_prov":"042","cine_com":"04203"},"geometry":{"type":"LineString","coordinates":[[-71.51353,-32.02612],[-71.51451,-32.02659],[-71.51471,-32.02728],[-71.51446,-32.02779],[-71.51331,-32.02872],[-71.51204,-32.02886],[-71.51119,-32.02962],[-71.5117,-32.03052]]}},
{"type":"Feature","properties":{"nom_reg":"Coquimbo","nom_prov":"Choapa","nom_com":"Los Vilos","sector":"Totoralillo","cine_reg":"04","cine_prov":"042","cine_com":"04203"},"geometry":{"type":"LineString","coordinates":[[-71.51532,-32.02819],[-71.51623,-32.02924],[-71.51621,-32.03027],[-71.51649,-32.03085],[-71.51656,-32.03158],[-71.51713,-32.03217]]}},
{"type":"Feature","properties":{"nom_reg":"Coquimbo","nom_prov":"Choapa","nom_com":"Los Vilos","sector":"Totoralillo","cine_reg":"04","cine_prov":"042","cine_com":"04203"},"geometry":{"type":"LineString","coordinates":[[-71.52261,-32.03527],[-71.52214,-32.03515],[-71.52127,-32.03537],[-71.52076,-32.03532],[-71.51877,-32.03383],[-71.51718,-32.03224],[-71.51457,-32.0325]]}},
{"type":"Feature","properties":{"nom_reg":"Coquimbo","nom_prov":"Choapa","nom_com":"Los Vilos","sector":"Totoralillo","cine_reg":"04","cine_prov":"042","cine_com":"04203"},"geometry":{"type":"LineString","coordinates":[[-71.51177,-32.01016],[-71.51135,-32.01012],[-71.51158,-32.00868],[-71.51125,-32.00701]]}},
{"type":"Feature","properties":{"nom_reg":"Coquimbo","nom_prov":"Choapa","nom_com":"Los Vilos","sector":"Pichidangui","cine_reg":"04","cine_prov":"042","cine_com":"04203"},"geometry":{"type":"LineString","coordinates":[[-71.53541,-32.13536],[-71.53591,-32.13602],[-71.53584,-32.13633],[-71.53492,-32.13684],[-71.53368,-32.13702],[-71.53251,-32.13858],[-71.53224,-32.14078],[-71.53258,-32.14167],[-71.53314,-32.1421],[-71.5333,-32.14292],[-71.53229,-32.14355],[-71.53212,-32.14429],[-71.53101,-32.14502],[-71.53044,-32.1445],[-71.52973,-32.14437],[-71.52903,-32.14334],[-71.52687,-32.14167],[-71.52495,-32.14338],[-71.52434,-32.14315],[-71.52432,-32.14242],[-71.52044,-32.1425],[-71.51587,-32.14211]]}},
{"type":"Feature","properties":{"nom_reg":"Coquimbo","nom_prov":"Choapa","nom_com":"Los Vilos","sector":"Quilimarí","cine_reg":"04","cine_prov":"042","cine_com":"04203"},"geometry":{"type":"LineString","coordinates":[[-71.49567,-32.11366],[-71.49507,-32.11289],[-71.49472,-32.11201],[-71.49437,-32.11182]]}},
{"type":"Feature","properties":{"nom_reg":"Coquimbo","nom_prov":"Choapa","nom_com":"Los Vilos","sector":"Quilimarí","cine_reg":"04","cine_prov":"042","cine_com":"04203"},"geometry":{"type":"LineString","coordinates":[[-71.49765,-32.11872],[-71.49534,-32.11881],[-71.49466,-32.11926]]}},
{"type":"Feature","properties":{"nom_reg":"Coquimbo","nom_prov":"Choapa","nom_com":"Los Vilos","sector":"Quilimarí","cine_reg":"04","cine_prov":"042","cine_com":"04203"},"geometry":{"type":"LineString","coordinates":[[-71.49129,-32.11909],[-71.49236,-32.11947],[-71.49279,-32.11924],[-71.49417,-32.12009]]}},
{"type":"Feature","properties":{"nom_reg":"Coquimbo","nom_prov":"Choapa","nom_com":"Los Vilos","sector":"Quilimarí","cine_reg":"04","cine_prov":"042","cine_com":"04203"},"geometry":{"type":"LineString","coordinates":[[-71.49114,-32.11677],[-71.49065,-32.11883]]}},
{"type":"Feature","properties":{"nom_reg":"Coquimbo","nom_prov":"Choapa","nom_com":"Los Vilos","sector":"Quilimarí","cine_reg":"04","cine_prov":"042","cine_com":"04203"},"geometry":{"type":"LineString","coordinates":[[-71.48955,-32.11781],[-71.48915,-32.11817],[-71.48961,-32.11867],[-71.4909,-32.11896],[-71.49031,-32.12018]]}},
{"type":"Feature","properties":{"nom_reg":"Coquimbo","nom_prov":"Choapa","nom_com":"Los Vilos","sector":"Quilimarí","cine_reg":"04","cine_prov":"042","cine_com":"04203"},"geometry":{"type":"LineString","coordinates":[[-71.49863,-32.1183],[-71.49852,-32.11884],[-71.49935,-32.11897]]}},
{"type":"Feature","properties":{"nom_reg":"Coquimbo","nom_prov":"Choapa","nom_com":"Los Vilos","sector":"Quilimarí","cine_reg":"04","cine_prov":"042","cine_com":"04203"},"geometry":{"type":"LineString","coordinates":[[-71.4998,-32.1187],[-71.49947,-32.11899],[-71.50128,-32.11929]]}},
{"type":"Feature","properties":{"nom_reg":"Coquimbo","nom_prov":"Choapa","nom_com":"Los Vilos","sector":"Quilimarí","cine_reg":"04","cine_prov":"042","cine_com":"04203"},"geometry":{"type":"LineString","coordinates":[[-71.50101,-32.11893],[-71.50078,-32.119],[-71.50143,-32.11923]]}},
{"type":"Feature","properties":{"nom_reg":"Coquimbo","nom_prov":"Choapa","nom_com":"Los Vilos","sector":"Los Vilos","cine_reg":"04","cine_prov":"042","cine_com":"04203"},"geometry":{"type":"LineString","coordinates":[[-71.50874,-31.9166],[-71.50763,-31.91747]]}},
{"type":"Feature","properties":{"nom_reg":"Coquimbo","nom_prov":"Choapa","nom_com":"Los Vilos","sector":"Los Vilos","cine_reg":"04","cine_prov":"042","cine_com":"04203"},"geometry":{"type":"LineString","coordinates":[[-71.49562,-31.90048],[-71.4921,-31.90089],[-71.493,-31.89996],[-71.49313,-31.89944],[-71.49174,-31.8993],[-71.49054,-31.89873],[-71.49031,-31.89984],[-71.48951,-31.89976]]}},
{"type":"Feature","properties":{"nom_reg":"Coquimbo","nom_prov":"Choapa","nom_com":"Los Vilos","sector":"Los Vilos","cine_reg":"04","cine_prov":"042","cine_com":"04203"},"geometry":{"type":"LineString","coordinates":[[-71.49569,-31.90206],[-71.494,-31.90259],[-71.49382,-31.90167],[-71.49392,-31.90073]]}},
{"type":"Feature","properties":{"nom_reg":"Coquimbo","nom_prov":"Choapa","nom_com":"Los Vilos","sector":"Los Vilos","cine_reg":"04","cine_prov":"042","cine_com":"04203"},"geometry":{"type":"LineString","coordinates":[[-71.51522,-31.91452],[-71.50959,-31.91592],[-71.50913,-31.9155]]}},
{"type":"Feature","properties":{"nom_reg":"Coquimbo","nom_prov":"Choapa","nom_com":"Los Vilos","sector":"Los Vilos","cine_reg":"04","cine_prov":"042","cine_com":"04203"},"geometry":{"type":"LineString","coordinates":[[-71.51609,-31.91213],[-71.50819,-31.91424],[-71.50756,-31.91452],[-71.50581,-31.91586]]}},
{"type":"Feature","properties":{"nom_reg":"Coquimbo","nom_prov":"Choapa","nom_com":"Los Vilos","sector":"Los Vilos","cine_reg":"04","cine_prov":"042","cine_com":"04203"},"geometry":{"type":"LineString","coordinates":[[-71.50266,-31.90842],[-71.50244,-31.90868],[-71.50339,-31.90973],[-71.5031,-31.90993],[-71.50281,-31.90978],[-71.50281,-31.90999],[-71.50194,-31.91013],[-71.50086,-31.90988],[-71.49951,-31.91026]]}},
{"type":"Feature","properties":{"nom_reg":"Coquimbo","nom_prov":"Choapa","nom_com":"Los Vilos","sector":"Los Vilos","cine_reg":"04","cine_prov":"042","cine_com":"04203"},"geometry":{"type":"LineString","coordinates":[[-71.49935,-31.90507],[-71.49725,-31.90587],[-71.49671,-31.90942]]}},
{"type":"Feature","properties":{"nom_reg":"Coquimbo","nom_prov":"Choapa","nom_com":"Los Vilos","sector":"Los Vilos","cine_reg":"04","cine_prov":"042","cine_com":"04203"},"geometry":{"type":"LineString","coordinates":[[-71.50094,-31.90688],[-71.49772,-31.90978]]}},
{"type":"Feature","properties":{"nom_reg":"Coquimbo","nom_prov":"Choapa","nom_com":"Los Vilos","sector":"Los Vilos","cine_reg":"04","cine_prov":"042","cine_com":"04203"},"geometry":{"type":"LineString","coordinates":[[-71.51438,-31.91581],[-71.51191,-31.91639],[-71.51183,-31.91622],[-71.51054,-31.91649],[-71.51001,-31.91663],[-71.5099,-31.91703],[-71.50922,-31.91708],[-71.5089,-31.91828],[-71.50892,-31.91898]]}},
{"type":"Feature","properties":{"nom_reg":"Coquimbo","nom_prov":"Choapa","nom_com":"Los Vilos","sector":"Los Vilos","cine_reg":"04","cine_prov":"042","cine_com":"04203"},"geometry":{"type":"LineString","coordinates":[[-71.51724,-31.91304],[-71.50992,-31.91489],[-71.50727,-31.91694]]}},
{"type":"Feature","properties":{"nom_reg":"Coquimbo","nom_prov":"Choapa","nom_com":"Los Vilos","sector":"Los Vilos","cine_reg":"04","cine_prov":"042","cine_com":"04203"},"geometry":{"type":"LineString","coordinates":[[-71.51671,-31.91087],[-71.50717,-31.91335],[-71.50676,-31.91313],[-71.50649,-31.91335],[-71.50648,-31.91358],[-71.50603,-31.91386],[-71.50621,-31.91411],[-71.50485,-31.91509]]}},
{"type":"Feature","properties":{"nom_reg":"Coquimbo","nom_prov":"Choapa","nom_com":"Los Vilos","sector":"Los Vilos","cine_reg":"04","cine_prov":"042","cine_com":"04203"},"geometry":{"type":"LineString","coordinates":[[-71.51599,-31.90993],[-71.50625,-31.91249],[-71.50594,-31.91301],[-71.50387,-31.91425]]}},
{"type":"Feature","properties":{"nom_reg":"Coquimbo","nom_prov":"Choapa","nom_com":"Los Vilos","sector":"Los Vilos","cine_reg":"04","cine_prov":"042","cine_com":"04203"},"geometry":{"type":"LineString","coordinates":[[-71.5131,-31.90962],[-71.50638,-31.91125],[-71.50473,-31.9111],[-71.50205,-31.91145],[-71.50035,-31.91132]]}},
{"type":"Feature","properties":{"nom_reg":"Coquimbo","nom_prov":"Choapa","nom_com":"Los Vilos","sector":"Chigualoco (Los Vilos)","cine_reg":"04","cine_prov":"042","cine_com":"04203"},"geometry":{"type":"LineString","coordinates":[[-71.5182,-31.75325],[-71.51723,-31.75315],[-71.5136,-31.75081],[-71.51296,-31.75017],[-71.51372,-31.74836]]}},
{"type":"Feature","properties":{"nom_reg":"Coquimbo","nom_prov":"Choapa","nom_com":"Los Vilos","sector":"Chigualoco (Los Vilos)","cine_reg":"04","cine_prov":"042","cine_com":"04203"},"geometry":{"type":"LineString","coordinates":[[-71.53625,-31.73872],[-71.53524,-31.73896]]}},
{"type":"Feature","properties":{"nom_reg":"Coquimbo","nom_prov":"Choapa","nom_com":"Los Vilos","sector":"Chigualoco (Los Vilos)","cine_reg":"04","cine_prov":"042","cine_com":"04203"},"geometry":{"type":"LineString","coordinates":[[-71.53521,-31.74073],[-71.53441,-31.74067]]}},
{"type":"Feature","properties":{"nom_reg":"Coquimbo","nom_prov":"Elqui","nom_com":"Coquimbo","sector":"Morrillos","cine_reg":"04","cine_prov":"041","cine_com":"04102"},"geometry":{"type":"LineString","coordinates":[[-71.3724,-30.15637],[-71.36903,-30.15572],[-71.36872,-30.15333]]}},
{"type":"Feature","properties":{"nom_reg":"Coquimbo","nom_prov":"Elqui","nom_com":"Coquimbo","sector":"Morrillos","cine_reg":"04","cine_prov":"041","cine_com":"04102"},"geometry":{"type":"LineString","coordinates":[[-71.37251,-30.15855],[-71.37223,-30.16008],[-71.37114,-30.1607],[-71.37206,-30.16294]]}},
{"type":"Feature","properties":{"nom_reg":"Coquimbo","nom_prov":"Elqui","nom_com":"Coquimbo","sector":"Morrillos","cine_reg":"04","cine_prov":"041","cine_com":"04102"},"geometry":{"type":"LineString","coordinates":[[-71.37213,-30.15103],[-71.37228,-30.15197],[-71.37205,-30.15258],[-71.36886,-30.15318]]}},
{"type":"Feature","properties":{"nom_reg":"Coquimbo","nom_prov":"Elqui","nom_com":"Coquimbo","sector":"Morrillos","cine_reg":"04","cine_prov":"041","cine_com":"04102"},"geometry":{"type":"LineString","coordinates":[[-71.37527,-30.15824],[-71.37493,-30.15835],[-71.37454,-30.15823],[-71.37376,-30.15923],[-71.37281,-30.1598],[-71.37211,-30.16047],[-71.37114,-30.1607]]}},
{"type":"Feature","properties":{"nom_reg":"Coquimbo","nom_prov":"Elqui","nom_com":"Coquimbo","sector":"Puerto Aldea","cine_reg":"04","cine_prov":"041","cine_com":"04102"},"geometry":{"type":"LineString","coordinates":[[-71.6092,-30.29032],[-71.60903,-30.29058],[-71.6091,-30.29128],[-71.60942,-30.29262],[-71.61001,-30.29415]]}},
{"type":"Feature","properties":{"nom_reg":"Coquimbo","nom_prov":"Elqui","nom_com":"Coquimbo","sector":"Puerto Aldea","cine_reg":"04","cine_prov":"041","cine_com":"04102"},"geometry":{"type":"LineString","coordinates":[[-71.60777,-30.29758],[-71.60649,-30.3004],[-71.60741,-30.30126]]}},
{"type":"Feature","properties":{"nom_reg":"Coquimbo","nom_prov":"Elqui","nom_com":"Coquimbo","sector":"Puerto Aldea","cine_reg":"04","cine_prov":"041","cine_com":"04102"},"geometry":{"type":"LineString","coordinates":[[-71.60777,-30.29723],[-71.60778,-30.29688],[-71.60881,-30.29624]]}},
{"type":"Feature","properties":{"nom_reg":"Coquimbo","nom_prov":"Elqui","nom_com":"Coquimbo","sector":"Tongoy-Puerto Velero","cine_reg":"04","cine_prov":"041","cine_com":"04102"},"geometry":{"type":"LineString","coordinates":[[-71.48864,-30.27121],[-71.48693,-30.26969]]}},
{"type":"Feature","properties":{"nom_reg":"Coquimbo","nom_prov":"Elqui","nom_com":"Coquimbo","sector":"Tongoy-Puerto Velero","cine_reg":"04","cine_prov":"041","cine_com":"04102"},"geometry":{"type":"LineString","coordinates":[[-71.48921,-30.27072],[-71.48727,-30.269]]}},
{"type":"Feature","properties":{"nom_reg":"Coquimbo","nom_prov":"Elqui","nom_com":"Coquimbo","sector":"Tongoy-Puerto Velero","cine_reg":"04","cine_prov":"041","cine_com":"04102"},"geometry":{"type":"LineString","coordinates":[[-71.47734,-30.23475],[-71.47766,-30.23593],[-71.47726,-30.23625]]}},
{"type":"Feature","properties":{"nom_reg":"Coquimbo","nom_prov":"Elqui","nom_com":"Coquimbo","sector":"Playa Blanca","cine_reg":"04","cine_prov":"041","cine_com":"04102"},"geometry":{"type":"LineString","coordinates":[[-71.47602,-30.22112],[-71.47502,-30.22011]]}},
{"type":"Feature","properties":{"nom_reg":"Coquimbo","nom_prov":"Elqui","nom_com":"Coquimbo","sector":"Tongoy-Puerto Velero","cine_reg":"04","cine_prov":"041","cine_com":"04102"},"geometry":{"type":"LineString","coordinates":[[-71.47806,-30.23794],[-71.47809,-30.23886],[-71.47783,-30.23927],[-71.47698,-30.24024],[-71.47628,-30.23999]]}},
{"type":"Feature","properties":{"nom_reg":"Coquimbo","nom_prov":"Elqui","nom_com":"Coquimbo","sector":"Tongoy-Puerto Velero","cine_reg":"04","cine_prov":"041","cine_com":"04102"},"geometry":{"type":"LineString","coordinates":[[-71.49544,-30.26605],[-71.49426,-30.26635],[-71.49213,-30.26718],[-71.49211,-30.26796],[-71.49046,-30.26677],[-71.48907,-30.26469],[-71.48664,-30.26324]]}},
{"type":"Feature","properties":{"nom_reg":"Coquimbo","nom_prov":"Elqui","nom_com":"Coquimbo","sector":"Tongoy-Puerto Velero","cine_reg":"04","cine_prov":"041","cine_com":"04102"},"geometry":{"type":"LineString","coordinates":[[-71.4746,-30.24341],[-71.47331,-30.24407],[-71.47368,-30.24383],[-71.47367,-30.24361],[-71.47405,-30.2433]]}},
{"type":"Feature","properties":{"nom_reg":"Coquimbo","nom_prov":"Elqui","nom_com":"Coquimbo","sector":"Tongoy-Puerto Velero","cine_reg":"04","cine_prov":"041","cine_com":"04102"},"geometry":{"type":"LineString","coordinates":[[-71.47674,-30.24068],[-71.47517,-30.24272],[-71.47498,-30.24221]]}},
{"type":"Feature","properties":{"nom_reg":"Coquimbo","nom_prov":"Elqui","nom_com":"Coquimbo","sector":"Tongoy-Puerto Velero","cine_reg":"04","cine_prov":"041","cine_com":"04102"},"geometry":{"type":"LineString","coordinates":[[-71.49455,-30.26215],[-71.49359,-30.26222],[-71.49212,-30.26191],[-71.49014,-30.26017],[-71.48969,-30.26004]]}},
{"type":"Feature","properties":{"nom_reg":"Coquimbo","nom_prov":"Elqui","nom_com":"Coquimbo","sector":"Tongoy-Puerto Velero","cine_reg":"04","cine_prov":"041","cine_com":"04102"},"geometry":{"type":"LineString","coordinates":[[-71.5068,-30.25338],[-71.50695,-30.25395],[-71.50594,-30.25402],[-71.50573,-30.25387],[-71.50552,-30.2542],[-71.50524,-30.25397],[-71.50482,-30.25419]]}},
{"type":"Feature","properties":{"nom_reg":"Coquimbo","nom_prov":"Elqui","nom_com":"Coquimbo","sector":"Playa Blanca","cine_reg":"04","cine_prov":"041","cine_com":"04102"},"geometry":{"type":"LineString","coordinates":[[-71.47805,-30.21896],[-71.47703,-30.21682]]}},
{"type":"Feature","properties":{"nom_reg":"Coquimbo","nom_prov":"Elqui","nom_com":"Coquimbo","sector":"Tongoy-Puerto Velero","cine_reg":"04","cine_prov":"041","cine_com":"04102"},"geometry":{"type":"LineString","coordinates":[[-71.50139,-30.24883],[-71.50124,-30.24911],[-71.49996,-30.25011],[-71.49896,-30.25056],[-71.49836,-30.2513]]}},
{"type":"Feature","properties":{"nom_reg":"Coquimbo","nom_prov":"Elqui","nom_com":"Coquimbo","sector":"Playa Blanca","cine_reg":"04","cine_prov":"041","cine_com":"04102"},"geometry":{"type":"LineString","coordinates":[[-71.4789,-30.21855],[-71.4776,-30.21752],[-71.4769,-30.2167]]}},
{"type":"Feature","properties":{"nom_reg":"Coquimbo","nom_prov":"Elqui","nom_com":"Coquimbo","sector":"Tongoy-Puerto Velero","cine_reg":"04","cine_prov":"041","cine_com":"04102"},"geometry":{"type":"LineString","coordinates":[[-71.46803,-30.24872],[-71.46829,-30.24832],[-71.46889,-30.2481],[-71.46865,-30.24692]]}},
{"type":"Feature","properties":{"nom_reg":"Coquimbo","nom_prov":"Elqui","nom_com":"Coquimbo","sector":"Playa Blanca","cine_reg":"04","cine_prov":"041","cine_com":"04102"},"geometry":{"type":"LineString","coordinates":[[-71.47631,-30.22403],[-71.47591,-30.2234],[-71.47571,-30.22378]]}},
{"type":"Feature","properties":{"nom_reg":"Coquimbo","nom_prov":"Elqui","nom_com":"Coquimbo","sector":"Tongoy-Puerto Velero","cine_reg":"04","cine_prov":"041","cine_com":"04102"},"geometry":{"type":"LineString","coordinates":[[-71.49287,-30.25724],[-71.49017,-30.25941],[-71.48639,-30.26337],[-71.48592,-30.26405],[-71.48555,-30.26473],[-71.48227,-30.27418]]}},
{"type":"Feature","properties":{"nom_reg":"Coquimbo","nom_prov":"Elqui","nom_com":"Coquimbo","sector":"Tongoy-Puerto Velero","cine_reg":"04","cine_prov":"041","cine_com":"04102"},"geometry":{"type":"LineString","coordinates":[[-71.49093,-30.26928],[-71.48808,-30.26673],[-71.48627,-30.27126],[-71.48611,-30.27127],[-71.48405,-30.26958]]}},
{"type":"Feature","properties":{"nom_reg":"Coquimbo","nom_prov":"Elqui","nom_com":"Coquimbo","sector":"Tongoy-Puerto Velero","cine_reg":"04","cine_prov":"041","cine_com":"04102"},"geometry":{"type":"LineString","coordinates":[[-71.47783,-30.24444],[-71.4774,-30.24439],[-71.47615,-30.24466],[-71.47483,-30.2457],[-71.47361,-30.24615],[-71.47299,-30.24609],[-71.47203,-30.24516],[-71.47128,-30.24562],[-71.47116,-30.24554],[-71.4715,-30.24484]]}},
{"type":"Feature","properties":{"nom_reg":"Coquimbo","nom_prov":"Elqui","nom_com":"Coquimbo","sector":"Playa Blanca","cine_reg":"04","cine_prov":"041","cine_com":"04102"},"geometry":{"type":"LineString","coordinates":[[-71.47611,-30.22249],[-71.47518,-30.22028]]}},
{"type":"Feature","properties":{"nom_reg":"Coquimbo","nom_prov":"Elqui","nom_com":"Coquimbo","sector":"Tongoy-Puerto Velero","cine_reg":"04","cine_prov":"041","cine_com":"04102"},"geometry":{"type":"LineString","coordinates":[[-71.49838,-30.25565],[-71.49848,-30.25511],[-71.49904,-30.25509],[-71.49887,-30.25404]]}},
{"type":"Feature","properties":{"nom_reg":"Coquimbo","nom_prov":"Elqui","nom_com":"Coquimbo","sector":"Tongoy-Puerto Velero","cine_reg":"04","cine_prov":"041","cine_com":"04102"},"geometry":{"type":"LineString","coordinates":[[-71.49378,-30.25314],[-71.49521,-30.25311],[-71.49533,-30.25395]]}},
{"type":"Feature","properties":{"nom_reg":"Coquimbo","nom_prov":"Elqui","nom_com":"Coquimbo","sector":"Tongoy-Puerto Velero","cine_reg":"04","cine_prov":"041","cine_com":"04102"},"geometry":{"type":"LineString","coordinates":[[-71.47802,-30.23749],[-71.4776,-30.23599]]}},
{"type":"Feature","properties":{"nom_reg":"Coquimbo","nom_prov":"Elqui","nom_com":"Coquimbo","sector":"Tongoy-Puerto Velero","cine_reg":"04","cine_prov":"041","cine_com":"04102"},"geometry":{"type":"LineString","coordinates":[[-71.50261,-30.24931],[-71.50266,-30.24959],[-71.50195,-30.24985],[-71.50199,-30.25028],[-71.50116,-30.25013],[-71.50148,-30.25053],[-71.50126,-30.25092]]}},
{"type":"Feature","properties":{"nom_reg":"Coquimbo","nom_prov":"Elqui","nom_com":"Coquimbo","sector":"Tongoy-Puerto Velero","cine_reg":"04","cine_prov":"041","cine_com":"04102"},"geometry":{"type":"LineString","coordinates":[[-71.49472,-30.25422],[-71.49804,-30.25304]]}},
{"type":"Feature","properties":{"nom_reg":"Coquimbo","nom_prov":"Elqui","nom_com":"Coquimbo","sector":"Tongoy-Puerto Velero","cine_reg":"04","cine_prov":"041","cine_com":"04102"},"geometry":{"type":"LineString","coordinates":[[-71.50255,-30.25456],[-71.50265,-30.25374]]}},
{"type":"Feature","properties":{"nom_reg":"Coquimbo","nom_prov":"Elqui","nom_com":"Coquimbo","sector":"Guanaqueros","cine_reg":"04","cine_prov":"041","cine_com":"04102"},"geometry":{"type":"LineString","coordinates":[[-71.4202,-30.1951],[-71.42012,-30.19578],[-71.42116,-30.1965]]}},
{"type":"Feature","properties":{"nom_reg":"Coquimbo","nom_prov":"Elqui","nom_com":"Coquimbo","sector":"Guanaqueros","cine_reg":"04","cine_prov":"041","cine_com":"04102"},"geometry":{"type":"LineString","coordinates":[[-71.4265,-30.1973],[-71.42667,-30.19796],[-71.4267,-30.19957],[-71.42743,-30.19958]]}},
{"type":"Feature","properties":{"nom_reg":"Coquimbo","nom_prov":"Elqui","nom_com":"Coquimbo","sector":"Guanaqueros","cine_reg":"04","cine_prov":"041","cine_com":"04102"},"geometry":{"type":"LineString","coordinates":[[-71.4297,-30.19582],[-71.43008,-30.19687],[-71.43008,-30.19727]]}},
{"type":"Feature","properties":{"nom_reg":"Coquimbo","nom_prov":"Elqui","nom_com":"Coquimbo","sector":"Guanaqueros","cine_reg":"04","cine_prov":"041","cine_com":"04102"},"geometry":{"type":"LineString","coordinates":[[-71.41193,-30.19473],[-71.41199,-30.19518],[-71.41136,-30.19642],[-71.41116,-30.19719]]}},
{"type":"Feature","properties":{"nom_reg":"Coquimbo","nom_prov":"Elqui","nom_com":"Coquimbo","sector":"Guanaqueros","cine_reg":"04","cine_prov":"041","cine_com":"04102"},"geometry":{"type":"LineString","coordinates":[[-71.43045,-30.19638],[-71.43069,-30.19721],[-71.43052,-30.19808],[-71.43164,-30.19851]]}},
{"type":"Feature","properties":{"nom_reg":"Coquimbo","nom_prov":"Elqui","nom_com":"Coquimbo","sector":"Guanaqueros","cine_reg":"04","cine_prov":"041","cine_com":"04102"},"geometry":{"type":"LineString","coordinates":[[-71.41456,-30.19378],[-71.41586,-30.19409],[-71.41583,-30.19516],[-71.41512,-30.19792]]}},
{"type":"Feature","properties":{"nom_reg":"Coquimbo","nom_prov":"Elqui","nom_com":"Coquimbo","sector":"Guanaqueros","cine_reg":"04","cine_prov":"041","cine_com":"04102"},"geometry":{"type":"LineString","coordinates":[[-71.42207,-30.1966],[-71.42202,-30.19758],[-71.42188,-30.19777],[-71.42234,-30.19975]]}},
{"type":"Feature","properties":{"nom_reg":"Coquimbo","nom_prov":"Elqui","nom_com":"Coquimbo","sector":"Guanaqueros","cine_reg":"04","cine_prov":"041","cine_com":"04102"},"geometry":{"type":"LineString","coordinates":[[-71.43122,-30.19381],[-71.43144,-30.19536]]}},
{"type":"Feature","properties":{"nom_reg":"Coquimbo","nom_prov":"Elqui","nom_com":"Coquimbo","sector":"Guanaqueros","cine_reg":"04","cine_prov":"041","cine_com":"04102"},"geometry":{"type":"LineString","coordinates":[[-71.40644,-30.19138],[-71.40642,-30.19315],[-71.40613,-30.19345],[-71.39865,-30.19503]]}},
{"type":"Feature","properties":{"nom_reg":"Coquimbo","nom_prov":"Elqui","nom_com":"Coquimbo","sector":"Guanaqueros","cine_reg":"04","cine_prov":"041","cine_com":"04102"},"geometry":{"type":"LineString","coordinates":[[-71.43072,-30.19607],[-71.43141,-30.19552],[-71.43165,-30.19551],[-71.43198,-30.19607],[-71.43222,-30.19604]]}},
{"type":"Feature","properties":{"nom_reg":"Coquimbo","nom_prov":"Elqui","nom_com":"Coquimbo","sector":"Guanaqueros","cine_reg":"04","cine_prov":"041","cine_com":"04102"},"geometry":{"type":"LineString","coordinates":[[-71.42171,-30.1954],[-71.421,-30.19715],[-71.4211,-30.19806],[-71.42009,-30.19905],[-71.42046,-30.19936]]}},
{"type":"Feature","properties":{"nom_reg":"Coquimbo","nom_prov":"Elqui","nom_com":"Coquimbo","sector":"Guanaqueros","cine_reg":"04","cine_prov":"041","cine_com":"04102"},"geometry":{"type":"LineString","coordinates":[[-71.42841,-30.19698],[-71.42845,-30.1983],[-71.42836,-30.19855],[-71.4281,-30.1986],[-71.42749,-30.19982]]}},
{"type":"Feature","properties":{"nom_reg":"Coquimbo","nom_prov":"Elqui","nom_com":"Coquimbo","sector":"Guanaqueros","cine_reg":"04","cine_prov":"041","cine_com":"04102"},"geometry":{"type":"LineString","coordinates":[[-71.41005,-30.19258],[-71.40954,-30.19379],[-71.40794,-30.19324],[-71.4064,-30.19352],[-71.40632,-30.19666]]}},
{"type":"Feature","properties":{"nom_reg":"Coquimbo","nom_prov":"Elqui","nom_com":"Coquimbo","sector":"Guanaqueros","cine_reg":"04","cine_prov":"041","cine_com":"04102"},"geometry":{"type":"LineString","coordinates":[[-71.42973,-30.19697],[-71.43019,-30.19765],[-71.43008,-30.19807],[-71.42958,-30.19871],[-71.42951,-30.19934]]}},
{"type":"Feature","properties":{"nom_reg":"Coquimbo","nom_prov":"Elqui","nom_com":"Coquimbo","sector":"Coquimbo","cine_reg":"04","cine_prov":"041","cine_com":"04102"},"geometry":{"type":"LineString","coordinates":[[-71.30894,-29.96352],[-71.30669,-29.96676]]}},
{"type":"Feature","properties":{"nom_reg":"Coquimbo","nom_prov":"Elqui","nom_com":"Coquimbo","sector":"Coquimbo","cine_reg":"04","cine_prov":"041","cine_com":"04102"},"geometry":{"type":"LineString","coordinates":[[-71.32852,-29.96734],[-71.3288,-29.96955],[-71.3299,-29.96947],[-71.32992,-29.97031]]}},
{"type":"Feature","properties":{"nom_reg":"Coquimbo","nom_prov":"Elqui","nom_com":"Coquimbo","sector":"Coquimbo","cine_reg":"04","cine_prov":"041","cine_com":"04102"},"geometry":{"type":"LineString","coordinates":[[-71.33669,-29.96066],[-71.33858,-29.96178]]}},
{"type":"Feature","properties":{"nom_reg":"Coquimbo","nom_prov":"Elqui","nom_com":"Coquimbo","sector":"Coquimbo","cine_reg":"04","cine_prov":"041","cine_com":"04102"},"geometry":{"type":"LineString","coordinates":[[-71.33849,-29.9587],[-71.3391,-29.95913],[-71.33974,-29.95903],[-71.33979,-29.95918]]}},
{"type":"Feature","properties":{"nom_reg":"Coquimbo","nom_prov":"Elqui","nom_com":"Coquimbo","sector":"Coquimbo","cine_reg":"04","cine_prov":"041","cine_com":"04102"},"geometry":{"type":"LineString","coordinates":[[-71.33001,-29.96244],[-71.33152,-29.96452]]}},
{"type":"Feature","properties":{"nom_reg":"Coquimbo","nom_prov":"Elqui","nom_com":"Coquimbo","sector":"Coquimbo","cine_reg":"04","cine_prov":"041","cine_com":"04102"},"geometry":{"type":"LineString","coordinates":[[-71.33077,-29.96193],[-71.33214,-29.9639]]}},
{"type":"Feature","properties":{"nom_reg":"Coquimbo","nom_prov":"Elqui","nom_com":"Coquimbo","sector":"Coquimbo","cine_reg":"04","cine_prov":"041","cine_com":"04102"},"geometry":{"type":"LineString","coordinates":[[-71.33167,-29.96148],[-71.33219,-29.96224],[-71.33238,-29.96214],[-71.33313,-29.96315],[-71.33086,-29.96509],[-71.33084,-29.96538]]}},
{"type":"Feature","properties":{"nom_reg":"Coquimbo","nom_prov":"Elqui","nom_com":"Coquimbo","sector":"Coquimbo","cine_reg":"04","cine_prov":"041","cine_com":"04102"},"geometry":{"type":"LineString","coordinates":[[-71.33412,-29.96011],[-71.33559,-29.96199],[-71.33699,-29.96279]]}},
{"type":"Feature","properties":{"nom_reg":"Coquimbo","nom_prov":"Elqui","nom_com":"Coquimbo","sector":"Coquimbo","cine_reg":"04","cine_prov":"041","cine_com":"04102"},"geometry":{"type":"LineString","coordinates":[[-71.35464,-29.98385],[-71.35443,-29.9842],[-71.35334,-29.9842],[-71.35328,-29.98596],[-71.35142,-29.98768]]}},
{"type":"Feature","properties":{"nom_reg":"Coquimbo","nom_prov":"Elqui","nom_com":"Coquimbo","sector":"Coquimbo","cine_reg":"04","cine_prov":"041","cine_com":"04102"},"geometry":{"type":"LineString","coordinates":[[-71.36221,-29.98474],[-71.36234,-29.9877],[-71.36095,-29.98817]]}},
{"type":"Feature","properties":{"nom_reg":"Coquimbo","nom_prov":"Elqui","nom_com":"Coquimbo","sector":"Coquimbo","cine_reg":"04","cine_prov":"041","cine_com":"04102"},"geometry":{"type":"LineString","coordinates":[[-71.3654,-29.98431],[-71.36619,-29.98512],[-71.36653,-29.98476],[-71.36697,-29.98461],[-71.36722,-29.98483],[-71.36777,-29.9847]]}},
{"type":"Feature","properties":{"nom_reg":"Coquimbo","nom_prov":"Elqui","nom_com":"Coquimbo","sector":"Coquimbo","cine_reg":"04","cine_prov":"041","cine_com":"04102"},"geometry":{"type":"LineString","coordinates":[[-71.36713,-29.98366],[-71.36797,-29.98446],[-71.36866,-29.9859],[-71.36906,-29.98602]]}},
{"type":"Feature","properties":{"nom_reg":"Coquimbo","nom_prov":"Elqui","nom_com":"Coquimbo","sector":"Coquimbo","cine_reg":"04","cine_prov":"041","cine_com":"04102"},"geometry":{"type":"LineString","coordinates":[[-71.36047,-29.98601],[-71.36072,-29.98674],[-71.36081,-29.98932],[-71.36122,-29.98933]]}},
{"type":"Feature","properties":{"nom_reg":"Coquimbo","nom_prov":"Elqui","nom_com":"Coquimbo","sector":"Coquimbo","cine_reg":"04","cine_prov":"041","cine_com":"04102"},"geometry":{"type":"LineString","coordinates":[[-71.35956,-29.98634],[-71.35979,-29.98682],[-71.35986,-29.98921]]}},
{"type":"Feature","properties":{"nom_reg":"Coquimbo","nom_prov":"Elqui","nom_com":"Coquimbo","sector":"Coquimbo","cine_reg":"04","cine_prov":"041","cine_com":"04102"},"geometry":{"type":"LineString","coordinates":[[-71.34946,-29.96702],[-71.34691,-29.96585],[-71.346,-29.96501],[-71.34555,-29.96535]]}},
{"type":"Feature","properties":{"nom_reg":"Coquimbo","nom_prov":"Elqui","nom_com":"Coquimbo","sector":"Coquimbo","cine_reg":"04","cine_prov":"041","cine_com":"04102"},"geometry":{"type":"LineString","coordinates":[[-71.34863,-29.96754],[-71.34547,-29.96689],[-71.34549,-29.96608],[-71.34529,-29.96588]]}},
{"type":"Feature","properties":{"nom_reg":"Coquimbo","nom_prov":"Elqui","nom_com":"Coquimbo","sector":"Coquimbo","cine_reg":"04","cine_prov":"041","cine_com":"04102"},"geometry":{"type":"LineString","coordinates":[[-71.34873,-29.96841],[-71.34591,-29.96788],[-71.3458,-29.9683]]}},
{"type":"Feature","properties":{"nom_reg":"Coquimbo","nom_prov":"Elqui","nom_com":"Coquimbo","sector":"Coquimbo","cine_reg":"04","cine_prov":"041","cine_com":"04102"},"geometry":{"type":"LineString","coordinates":[[-71.34816,-29.96931],[-71.34675,-29.96909],[-71.34527,-29.96814],[-71.34361,-29.96681]]}},
{"type":"Feature","properties":{"nom_reg":"Coquimbo","nom_prov":"Elqui","nom_com":"Coquimbo","sector":"Coquimbo","cine_reg":"04","cine_prov":"041","cine_com":"04102"},"geometry":{"type":"LineString","coordinates":[[-71.3459,-29.97042],[-71.34399,-29.96908],[-71.3442,-29.9689],[-71.34269,-29.96782]]}},
{"type":"Feature","properties":{"nom_reg":"Coquimbo","nom_prov":"Elqui","nom_com":"Coquimbo","sector":"Coquimbo","cine_reg":"04","cine_prov":"041","cine_com":"04102"},"geometry":{"type":"LineString","coordinates":[[-71.34564,-29.97081],[-71.3438,-29.96956],[-71.34302,-29.96974],[-71.34191,-29.96898]]}},
{"type":"Feature","properties":{"nom_reg":"Coquimbo","nom_prov":"Elqui","nom_com":"Coquimbo","sector":"Coquimbo","cine_reg":"04","cine_prov":"041","cine_com":"04102"},"geometry":{"type":"LineString","coordinates":[[-71.3463,-29.97439],[-71.34227,-29.9713],[-71.34179,-29.97133],[-71.34054,-29.97234],[-71.34019,-29.97234],[-71.33938,-29.97165]]}},
{"type":"Feature","properties":{"nom_reg":"Coquimbo","nom_prov":"Elqui","nom_com":"Coquimbo","sector":"Coquimbo","cine_reg":"04","cine_prov":"041","cine_com":"04102"},"geometry":{"type":"LineString","coordinates":[[-71.34639,-29.97502],[-71.34488,-29.97554],[-71.34441,-29.97617],[-71.3409,-29.97919]]}},
{"type":"Feature","properties":{"nom_reg":"Coquimbo","nom_prov":"Elqui","nom_com":"Coquimbo","sector":"Coquimbo","cine_reg":"04","cine_prov":"041","cine_com":"04102"},"geometry":{"type":"LineString","coordinates":[[-71.34633,-29.97751],[-71.34219,-29.98034]]}},
{"type":"Feature","properties":{"nom_reg":"Coquimbo","nom_prov":"Elqui","nom_com":"Coquimbo","sector":"Coquimbo","cine_reg":"04","cine_prov":"041","cine_com":"04102"},"geometry":{"type":"LineString","coordinates":[[-71.34788,-29.97815],[-71.34458,-29.98037],[-71.3447,-29.98075],[-71.34376,-29.98152]]}},
{"type":"Feature","properties":{"nom_reg":"Coquimbo","nom_prov":"Elqui","nom_com":"Coquimbo","sector":"Coquimbo","cine_reg":"04","cine_prov":"041","cine_com":"04102"},"geometry":{"type":"LineString","coordinates":[[-71.3504,-29.98059],[-71.34983,-29.98151],[-71.34619,-29.9842]]}},
{"type":"Feature","properties":{"nom_reg":"Coquimbo","nom_prov":"Elqui","nom_com":"Coquimbo","sector":"Coquimbo","cine_reg":"04","cine_prov":"041","cine_com":"04102"},"geometry":{"type":"LineString","coordinates":[[-71.29512,-29.94909],[-71.29461,-29.95053],[-71.29132,-29.95225],[-71.2904,-29.95345],[-71.29003,-29.95423],[-71.29052,-29.95503],[-71.29034,-29.95528]]}},
{"type":"Feature","properties":{"nom_reg":"Coquimbo","nom_prov":"Elqui","nom_com":"Coquimbo","sector":"Coquimbo","cine_reg":"04","cine_prov":"041","cine_com":"04102"},"geometry":{"type":"LineString","coordinates":[[-71.30045,-29.9531],[-71.2998,-29.95399],[-71.29995,-29.95429],[-71.29982,-29.95453],[-71.29668,-29.95981]]}},
{"type":"Feature","properties":{"nom_reg":"Coquimbo","nom_prov":"Elqui","nom_com":"Coquimbo","sector":"Coquimbo","cine_reg":"04","cine_prov":"041","cine_com":"04102"},"geometry":{"type":"LineString","coordinates":[[-71.30863,-29.95733],[-71.30742,-29.95917],[-71.30703,-29.95941],[-71.30696,-29.95978],[-71.30488,-29.96288],[-71.30395,-29.96512]]}},
{"type":"Feature","properties":{"nom_reg":"Coquimbo","nom_prov":"Elqui","nom_com":"Coquimbo","sector":"Coquimbo","cine_reg":"04","cine_prov":"041","cine_com":"04102"},"geometry":{"type":"LineString","coordinates":[[-71.31821,-29.95973],[-71.31652,-29.96321],[-71.30882,-29.96797]]}},
{"type":"Feature","properties":{"nom_reg":"Coquimbo","nom_prov":"Elqui","nom_com":"Coquimbo","sector":"Coquimbo","cine_reg":"04","cine_prov":"041","cine_com":"04102"},"geometry":{"type":"LineString","coordinates":[[-71.32071,-29.96601],[-71.31957,-29.96631],[-71.31906,-29.96669],[-71.31895,-29.96696],[-71.31895,-29.96988],[-71.3196,-29.9707],[-71.32008,-29.97173]]}},
{"type":"Feature","properties":{"nom_reg":"Coquimbo","nom_prov":"Elqui","nom_com":"Coquimbo","sector":"Coquimbo","cine_reg":"04","cine_prov":"041","cine_com":"04102"},"geometry":{"type":"LineString","coordinates":[[-71.32916,-29.96287],[-71.33057,-29.96485],[-71.33072,-29.96537]]}},
{"type":"Feature","properties":{"nom_reg":"Coquimbo","nom_prov":"Elqui","nom_com":"Coquimbo","sector":"Coquimbo","cine_reg":"04","cine_prov":"041","cine_com":"04102"},"geometry":{"type":"LineString","coordinates":[[-71.32816,-29.96343],[-71.32654,-29.96442],[-71.32595,-29.96538],[-71.32648,-29.97072]]}},
{"type":"Feature","properties":{"nom_reg":"Coquimbo","nom_prov":"Elqui","nom_com":"Coquimbo","sector":"Coquimbo","cine_reg":"04","cine_prov":"041","cine_com":"04102"},"geometry":{"type":"LineString","coordinates":[[-71.3275,-29.96657],[-71.3296,-29.96544],[-71.3305,-29.96535],[-71.33417,-29.96688],[-71.33528,-29.96758],[-71.33556,-29.96751],[-71.33564,-29.96717],[-71.33623,-29.96717]]}},
{"type":"Feature","properties":{"nom_reg":"Coquimbo","nom_prov":"Elqui","nom_com":"Coquimbo","sector":"Coquimbo","cine_reg":"04","cine_prov":"041","cine_com":"04102"},"geometry":{"type":"LineString","coordinates":[[-71.33645,-29.94857],[-71.33786,-29.94829],[-71.33804,-29.94906],[-71.33894,-29.94889]]}},
{"type":"Feature","properties":{"nom_reg":"Coquimbo","nom_prov":"Elqui","nom_com":"Coquimbo","sector":"Coquimbo","cine_reg":"04","cine_prov":"041","cine_com":"04102"},"geometry":{"type":"LineString","coordinates":[[-71.33716,-29.95691],[-71.34092,-29.95618]]}},
{"type":"Feature","properties":{"nom_reg":"Coquimbo","nom_prov":"Elqui","nom_com":"Coquimbo","sector":"Coquimbo","cine_reg":"04","cine_prov":"041","cine_com":"04102"},"geometry":{"type":"LineString","coordinates":[[-71.33775,-29.9585],[-71.34128,-29.95788]]}},
{"type":"Feature","properties":{"nom_reg":"Coquimbo","nom_prov":"Elqui","nom_com":"Coquimbo","sector":"Coquimbo","cine_reg":"04","cine_prov":"041","cine_com":"04102"},"geometry":{"type":"LineString","coordinates":[[-71.33537,-29.95809],[-71.34112,-29.95703]]}},
{"type":"Feature","properties":{"nom_reg":"Coquimbo","nom_prov":"Elqui","nom_com":"Coquimbo","sector":"Coquimbo","cine_reg":"04","cine_prov":"041","cine_com":"04102"},"geometry":{"type":"LineString","coordinates":[[-71.33587,-29.95545],[-71.34043,-29.95452]]}},
{"type":"Feature","properties":{"nom_reg":"Coquimbo","nom_prov":"Elqui","nom_com":"Coquimbo","sector":"Coquimbo","cine_reg":"04","cine_prov":"041","cine_com":"04102"},"geometry":{"type":"LineString","coordinates":[[-71.33581,-29.95454],[-71.3402,-29.9537]]}},
{"type":"Feature","properties":{"nom_reg":"Coquimbo","nom_prov":"Elqui","nom_com":"Coquimbo","sector":"Coquimbo","cine_reg":"04","cine_prov":"041","cine_com":"04102"},"geometry":{"type":"LineString","coordinates":[[-71.33611,-29.95229],[-71.33958,-29.95169]]}},
{"type":"Feature","properties":{"nom_reg":"Coquimbo","nom_prov":"Elqui","nom_com":"Coquimbo","sector":"Coquimbo","cine_reg":"04","cine_prov":"041","cine_com":"04102"},"geometry":{"type":"LineString","coordinates":[[-71.33627,-29.95131],[-71.33941,-29.9507]]}},
{"type":"Feature","properties":{"nom_reg":"Coquimbo","nom_prov":"Elqui","nom_com":"Coquimbo","sector":"Coquimbo","cine_reg":"04","cine_prov":"041","cine_com":"04102"},"geometry":{"type":"LineString","coordinates":[[-71.33639,-29.95029],[-71.3391,-29.94977]]}},
{"type":"Feature","properties":{"nom_reg":"Coquimbo","nom_prov":"Elqui","nom_com":"Coquimbo","sector":"Coquimbo","cine_reg":"04","cine_prov":"041","cine_com":"04102"},"geometry":{"type":"LineString","coordinates":[[-71.28818,-29.94146],[-71.28493,-29.94359],[-71.28403,-29.94436],[-71.28792,-29.94933],[-71.28724,-29.94943],[-71.28538,-29.94908],[-71.28353,-29.94943],[-71.28305,-29.94976],[-71.28115,-29.95196]]}},
{"type":"Feature","properties":{"nom_reg":"Coquimbo","nom_prov":"Elqui","nom_com":"La Higuera","sector":"Punta de Choros","cine_reg":"04","cine_prov":"041","cine_com":"04104"},"geometry":{"type":"LineString","coordinates":[[-71.46456,-29.24445],[-71.46389,-29.24482]]}},
{"type":"Feature","properties":{"nom_reg":"Coquimbo","nom_prov":"Elqui","nom_com":"La Higuera","sector":"Punta de Choros","cine_reg":"04","cine_prov":"041","cine_com":"04104"},"geometry":{"type":"LineString","coordinates":[[-71.46346,-29.24263],[-71.4624,-29.24302]]}},
{"type":"Feature","properties":{"nom_reg":"Coquimbo","nom_prov":"Elqui","nom_com":"La Higuera","sector":"Punta de Choros","cine_reg":"04","cine_prov":"041","cine_com":"04104"},"geometry":{"type":"LineString","coordinates":[[-71.4654,-29.24669],[-71.46232,-29.24304],[-71.46175,-29.24286],[-71.46013,-29.24319]]}},
{"type":"Feature","properties":{"nom_reg":"Coquimbo","nom_prov":"Elqui","nom_com":"La Serena","sector":"La Serena","cine_reg":"04","cine_prov":"041","cine_com":"04101"},"geometry":{"type":"LineString","coordinates":[[-71.275,-29.91316],[-71.26483,-29.91482],[-71.26458,-29.91503],[-71.26178,-29.91555],[-71.26176,-29.91598],[-71.26112,-29.9162],[-71.26038,-29.91458],[-71.25966,-29.91445],[-71.25938,-29.91379],[-71.25766,-29.9141],[-71.25571,-29.91407],[-71.25451,-29.9144]]}},
{"type":"Feature","properties":{"nom_reg":"Coquimbo","nom_prov":"Elqui","nom_com":"La Higuera","sector":"Totoralillo Norte","cine_reg":"04","cine_prov":"041","cine_com":"04104"},"geometry":{"type":"LineString","coordinates":[[-71.32522,-29.49377],[-71.32453,-29.49441],[-71.32091,-29.4964],[-71.31945,-29.4979]]}},
{"type":"Feature","properties":{"nom_reg":"Coquimbo","nom_prov":"Elqui","nom_com":"La Higuera","sector":"Chungungo","cine_reg":"04","cine_prov":"041","cine_com":"04104"},"geometry":{"type":"LineString","coordinates":[[-71.30234,-29.44672],[-71.30205,-29.44708]]}},
{"type":"Feature","properties":{"nom_reg":"Coquimbo","nom_prov":"Elqui","nom_com":"La Higuera","sector":"Punta de Choros","cine_reg":"04","cine_prov":"041","cine_com":"04104"},"geometry":{"type":"LineString","coordinates":[[-71.46187,-29.24645],[-71.4615,-29.24492],[-71.4607,-29.24507]]}},
{"type":"Feature","properties":{"nom_reg":"Coquimbo","nom_prov":"Elqui","nom_com":"La Higuera","sector":"Punta de Choros","cine_reg":"04","cine_prov":"041","cine_com":"04104"},"geometry":{"type":"LineString","coordinates":[[-71.46071,-29.24238],[-71.46017,-29.24017]]}},
{"type":"Feature","properties":{"nom_reg":"Coquimbo","nom_prov":"Elqui","nom_com":"La Serena","sector":"La Serena","cine_reg":"04","cine_prov":"041","cine_com":"04101"},"geometry":{"type":"LineString","coordinates":[[-71.27625,-29.91985],[-71.26625,-29.92173],[-71.2656,-29.92217],[-71.25956,-29.92363],[-71.25925,-29.92266],[-71.25799,-29.92295]]}},
{"type":"Feature","properties":{"nom_reg":"Coquimbo","nom_prov":"Elqui","nom_com":"La Serena","sector":"La Serena","cine_reg":"04","cine_prov":"041","cine_com":"04101"},"geometry":{"type":"LineString","coordinates":[[-71.26913,-29.92648],[-71.26025,-29.92909]]}},
{"type":"Feature","properties":{"nom_reg":"Coquimbo","nom_prov":"Elqui","nom_com":"La Serena","sector":"La Serena","cine_reg":"04","cine_prov":"041","cine_com":"04101"},"geometry":{"type":"LineString","coordinates":[[-71.2839,-29.9368],[-71.28074,-29.93949],[-71.27983,-29.93987],[-71.27966,-29.93968],[-71.2729,-29.94541],[-71.27232,-29.94496],[-71.27083,-29.94693],[-71.27128,-29.9474]]}},
{"type":"Feature","properties":{"nom_reg":"Coquimbo","nom_prov":"Choapa","nom_com":"Canela","sector":"Huentelauquén","cine_reg":"04","cine_prov":"042","cine_com":"04202"},"geometry":{"type":"LineString","coordinates":[[-71.54668,-31.59438],[-71.54679,-31.59517],[-71.54818,-31.5951]]}},
{"type":"Feature","properties":{"nom_reg":"Coquimbo","nom_prov":"Choapa","nom_com":"Canela","sector":"Huentelauquén","cine_reg":"04","cine_prov":"042","cine_com":"04202"},"geometry":{"type":"LineString","coordinates":[[-71.54776,-31.59645],[-71.54683,-31.59527]]}},
{"type":"Feature","properties":{"nom_reg":"Coquimbo","nom_prov":"Choapa","nom_com":"Canela","sector":"Huentelauquén","cine_reg":"04","cine_prov":"042","cine_com":"04202"},"geometry":{"type":"LineString","coordinates":[[-71.53285,-31.58711],[-71.53358,-31.58632],[-71.53431,-31.5859],[-71.53631,-31.58701]]}},
{"type":"Feature","properties":{"nom_reg":"Coquimbo","nom_prov":"Choapa","nom_com":"Canela","sector":"Huentelauquén","cine_reg":"04","cine_prov":"042","cine_com":"04202"},"geometry":{"type":"LineString","coordinates":[[-71.52768,-31.60713],[-71.52713,-31.60684],[-71.52689,-31.60649],[-71.52637,-31.6063]]}},
{"type":"Feature","properties":{"nom_reg":"Coquimbo","nom_prov":"Choapa","nom_com":"Canela","sector":"Huentelauquén","cine_reg":"04","cine_prov":"042","cine_com":"04202"},"geometry":{"type":"LineString","coordinates":[[-71.52158,-31.60314],[-71.52141,-31.6041],[-71.52052,-31.60437],[-71.52046,-31.60456],[-71.52109,-31.6051],[-71.52157,-31.60585]]}},
{"type":"Feature","properties":{"nom_reg":"Coquimbo","nom_prov":"Choapa","nom_com":"Canela","sector":"Huentelauquén","cine_reg":"04","cine_prov":"042","cine_com":"04202"},"geometry":{"type":"LineString","coordinates":[[-71.52372,-31.60622],[-71.52361,-31.6083],[-71.52253,-31.60847],[-71.52263,-31.60908],[-71.52252,-31.6092],[-71.5213,-31.60936],[-71.52111,-31.6092],[-71.52044,-31.60925],[-71.51963,-31.6104]]}},
{"type":"Feature","properties":{"nom_reg":"Coquimbo","nom_prov":"Choapa","nom_com":"Canela","sector":"Huentelauquén Sur","cine_reg":"04","cine_prov":"042","cine_com":"04202"},"geometry":{"type":"LineString","coordinates":[[-71.55696,-31.64765],[-71.55584,-31.64787],[-71.55541,-31.64838],[-71.55408,-31.6486],[-71.55256,-31.64939],[-71.5498,-31.64916],[-71.54817,-31.6493],[-71.54654,-31.65025],[-71.54548,-31.65128]]}},
{"type":"Feature","properties":{"nom_reg":"Coquimbo","nom_prov":"Choapa","nom_com":"Canela","sector":"Puerto Manso","cine_reg":"04","cine_prov":"042","cine_com":"04202"},"geometry":{"type":"LineString","coordinates":[[-71.57227,-31.51887],[-71.57279,-31.51915],[-71.57397,-31.51944],[-71.57425,-31.51982],[-71.57437,-31.52013],[-71.57416,-31.5209],[-71.57413,-31.52217],[-71.56142,-31.52315]]}},
{"type":"Feature","properties":{"nom_reg":"Coquimbo","nom_prov":"Choapa","nom_com":"Canela","sector":"Puerto Manso","cine_reg":"04","cine_prov":"042","cine_com":"04202"},"geometry":{"type":"LineString","coordinates":[[-71.5693,-31.5154],[-71.56919,-31.51618],[-71.56879,-31.51691],[-71.56828,-31.51732],[-71.56725,-31.51764],[-71.566,-31.51757],[-71.56577,-31.51736],[-71.56521,-31.51742],[-71.56097,-31.51594]]}},
{"type":"Feature","properties":{"nom_reg":"Coquimbo","nom_prov":"Choapa","nom_com":"Canela","sector":"Puerto Oscuro","cine_reg":"04","cine_prov":"042","cine_com":"04202"},"geometry":{"type":"LineString","coordinates":[[-71.59537,-31.42203],[-71.59594,-31.42224]]}},
{"type":"Feature","properties":{"nom_reg":"Coquimbo","nom_prov":"Choapa","nom_com":"Canela","sector":"Puerto Oscuro","cine_reg":"04","cine_prov":"042","cine_com":"04202"},"geometry":{"type":"LineString","coordinates":[[-71.59602,-31.42225],[-71.59643,-31.4222]]}},
{"type":"Feature","properties":{"nom_reg":"Coquimbo","nom_prov":"Choapa","nom_com":"Canela","sector":"Puerto Oscuro","cine_reg":"04","cine_prov":"042","cine_com":"04202"},"geometry":{"type":"LineString","coordinates":[[-71.59619,-31.42266],[-71.596,-31.42229]]}},
{"type":"Feature","properties":{"nom_reg":"Coquimbo","nom_prov":"Choapa","nom_com":"Canela","sector":"Puerto Oscuro","cine_reg":"04","cine_prov":"042","cine_com":"04202"},"geometry":{"type":"LineString","coordinates":[[-71.59352,-31.42358],[-71.59217,-31.42294],[-71.59175,-31.42313],[-71.59174,-31.42331]]}},
{"type":"Feature","properties":{"nom_reg":"Coquimbo","nom_prov":"Choapa","nom_com":"Canela","sector":"Caleta Maitencillo","cine_reg":"04","cine_prov":"042","cine_com":"04202"},"geometry":{"type":"LineString","coordinates":[[-71.62973,-31.26256],[-71.629,-31.26294],[-71.62924,-31.2643]]}},
{"type":"Feature","properties":{"nom_reg":"Coquimbo","nom_prov":"Choapa","nom_com":"Canela","sector":"Caleta Maitencillo","cine_reg":"04","cine_prov":"042","cine_com":"04202"},"geometry":{"type":"LineString","coordinates":[[-71.63361,-31.2611],[-71.63362,-31.26099],[-71.63222,-31.26065],[-71.63029,-31.26137],[-71.63022,-31.26216],[-71.62999,-31.26253],[-71.63011,-31.26303],[-71.62987,-31.26404],[-71.6294,-31.26443]]}},
{"type":"Feature","properties":{"nom_reg":"Coquimbo","nom_prov":"Elqui","nom_com":"La Serena","sector":"La Serena","cine_reg":"04","cine_prov":"041","cine_com":"04101"},"geometry":{"type":"LineString","coordinates":[[-71.27093,-29.82061],[-71.27011,-29.81933],[-71.27013,-29.8188],[-71.26943,-29.81801],[-71.26928,-29.81795],[-71.26891,-29.81821],[-71.26811,-29.81751]]}},
{"type":"Feature","properties":{"nom_reg":"Coquimbo","nom_prov":"Elqui","nom_com":"La Serena","sector":"La Serena","cine_reg":"04","cine_prov":"041","cine_com":"04101"},"geometry":{"type":"LineString","coordinates":[[-71.26982,-29.89988],[-71.26629,-29.89983],[-71.26451,-29.90009],[-71.26246,-29.90201],[-71.2615,-29.90247],[-71.2601,-29.9026],[-71.25997,-29.90307],[-71.25898,-29.9047],[-71.2589,-29.90561]]}},
{"type":"Feature","properties":{"nom_reg":"Coquimbo","nom_prov":"Elqui","nom_com":"La Serena","sector":"La Serena","cine_reg":"04","cine_prov":"041","cine_com":"04101"},"geometry":{"type":"LineString","coordinates":[[-71.28196,-29.93342],[-71.28097,-29.93378],[-71.28009,-29.93432],[-71.27003,-29.94152],[-71.26685,-29.94236]]}},
{"type":"Feature","properties":{"nom_reg":"Coquimbo","nom_prov":"Elqui","nom_com":"La Serena","sector":"La Serena","cine_reg":"04","cine_prov":"041","cine_com":"04101"},"geometry":{"type":"LineString","coordinates":[[-71.27461,-29.90991],[-71.25323,-29.90997],[-71.25342,-29.91095]]}},
{"type":"Feature","properties":{"nom_reg":"Aysén del General Carlos Ibáñez del Campo","nom_prov":"Aisén","nom_com":"Aisén","sector":"Puerto Aysen","cine_reg":"11","cine_prov":"112","cine_com":"11201"},"geometry":{"type":"LineString","coordinates":[[-72.71205,-45.39477],[-72.71118,-45.39366],[-72.71002,-45.39327],[-72.69522,-45.39044],[-72.68897,-45.39006]]}},
{"type":"Feature","properties":{"nom_reg":"Coquimbo","nom_prov":"Elqui","nom_com":"La Serena","sector":"La Serena","cine_reg":"04","cine_prov":"041","cine_com":"04101"},"geometry":{"type":"LineString","coordinates":[[-71.27308,-29.83226],[-71.26956,-29.83152],[-71.26524,-29.82959],[-71.26465,-29.83016],[-71.26408,-29.83134],[-71.26411,-29.83214],[-71.26353,-29.83328],[-71.26268,-29.83398],[-71.25996,-29.83917],[-71.25942,-29.84093],[-71.25923,-29.84089],[-71.25882,-29.84222],[-71.25824,-29.84208],[-71.2585,-29.84115],[-71.259,-29.84046],[-71.26065,-29.83727],[-71.25964,-29.83682],[-71.2601,-29.83514],[-71.26371,-29.82694]]}},
{"type":"Feature","properties":{"nom_reg":"Coquimbo","nom_prov":"Elqui","nom_com":"La Serena","sector":"La Serena","cine_reg":"04","cine_prov":"041","cine_com":"04101"},"geometry":{"type":"LineString","coordinates":[[-71.27803,-29.84426],[-71.27292,-29.84334],[-71.27241,-29.84309],[-71.27163,-29.84325],[-71.27023,-29.8431],[-71.26924,-29.84282],[-71.26659,-29.84168],[-71.25952,-29.84089]]}},
{"type":"Feature","properties":{"nom_reg":"Coquimbo","nom_prov":"Elqui","nom_com":"La Serena","sector":"La Serena","cine_reg":"04","cine_prov":"041","cine_com":"04101"},"geometry":{"type":"LineString","coordinates":[[-71.2785,-29.92661],[-71.26342,-29.93197],[-71.26129,-29.9325],[-71.26139,-29.93286]]}},
{"type":"Feature","properties":{"nom_reg":"Coquimbo","nom_prov":"Elqui","nom_com":"La Serena","sector":"La Serena","cine_reg":"04","cine_prov":"041","cine_com":"04101"},"geometry":{"type":"LineString","coordinates":[[-71.27397,-29.90556],[-71.25429,-29.90581],[-71.25417,-29.9049]]}},
{"type":"Feature","properties":{"nom_reg":"Coquimbo","nom_prov":"Elqui","nom_com":"La Serena","sector":"La Serena","cine_reg":"04","cine_prov":"041","cine_com":"04101"},"geometry":{"type":"LineString","coordinates":[[-71.2728,-29.8825],[-71.26921,-29.882],[-71.25539,-29.88074],[-71.25447,-29.88095],[-71.25364,-29.88172],[-71.25293,-29.88178],[-71.25287,-29.88007]]}},
{"type":"Feature","properties":{"nom_reg":"Coquimbo","nom_prov":"Elqui","nom_com":"La Serena","sector":"La Serena","cine_reg":"04","cine_prov":"041","cine_com":"04101"},"geometry":{"type":"LineString","coordinates":[[-71.27322,-29.87457],[-71.25986,-29.87401],[-71.25561,-29.87353],[-71.25571,-29.87529],[-71.25634,-29.87853],[-71.25697,-29.87958],[-71.25709,-29.88048],[-71.25788,-29.88089]]}},
{"type":"Feature","properties":{"nom_reg":"Coquimbo","nom_prov":"Elqui","nom_com":"La Higuera","sector":"Punta de Choros","cine_reg":"04","cine_prov":"041","cine_com":"04104"},"geometry":{"type":"LineString","coordinates":[[-71.462,-29.24377],[-71.46039,-29.24411]]}},
{"type":"Feature","properties":{"nom_reg":"Coquimbo","nom_prov":"Elqui","nom_com":"La Higuera","sector":"Punta de Choros","cine_reg":"04","cine_prov":"041","cine_com":"04104"},"geometry":{"type":"LineString","coordinates":[[-71.46231,-29.24964],[-71.46196,-29.249],[-71.46158,-29.24875],[-71.46144,-29.24836],[-71.4599,-29.24252],[-71.45901,-29.24259],[-71.45871,-29.23975],[-71.45771,-29.23979]]}},
{"type":"Feature","properties":{"nom_reg":"Coquimbo","nom_prov":"Choapa","nom_com":"Canela","sector":"Puerto Oscuro","cine_reg":"04","cine_prov":"042","cine_com":"04202"},"geometry":{"type":"LineString","coordinates":[[-71.59261,-31.42275],[-71.59317,-31.42251],[-71.59371,-31.42186],[-71.59437,-31.42165]]}},
{"type":"Feature","properties":{"nom_reg":"Coquimbo","nom_prov":"Choapa","nom_com":"Canela","sector":"Puerto Oscuro","cine_reg":"04","cine_prov":"042","cine_com":"04202"},"geometry":{"type":"LineString","coordinates":[[-71.5951,-31.42191],[-71.59435,-31.42161],[-71.59379,-31.42169],[-71.59313,-31.42217],[-71.59239,-31.42246],[-71.59142,-31.42197],[-71.59067,-31.42184]]}},
{"type":"Feature","properties":{"nom_reg":"Coquimbo","nom_prov":"Choapa","nom_com":"Canela","sector":"Puerto Manso","cine_reg":"04","cine_prov":"042","cine_com":"04202"},"geometry":{"type":"LineString","coordinates":[[-71.56932,-31.51281],[-71.56614,-31.51266],[-71.56312,-31.51176]]}},
{"type":"Feature","properties":{"nom_reg":"Coquimbo","nom_prov":"Choapa","nom_com":"Canela","sector":"Puerto Manso","cine_reg":"04","cine_prov":"042","cine_com":"04202"},"geometry":{"type":"LineString","coordinates":[[-71.56908,-31.51139],[-71.56798,-31.51123],[-71.56599,-31.50988]]}},
{"type":"Feature","properties":{"nom_reg":"Coquimbo","nom_prov":"Elqui","nom_com":"La Higuera","sector":"Caleta Hornos","cine_reg":"04","cine_prov":"041","cine_com":"04104"},"geometry":{"type":"LineString","coordinates":[[-71.28568,-29.61927],[-71.28409,-29.61932],[-71.28352,-29.61953]]}},
{"type":"Feature","properties":{"nom_reg":"Coquimbo","nom_prov":"Elqui","nom_com":"La Higuera","sector":"Caleta Hornos","cine_reg":"04","cine_prov":"041","cine_com":"04104"},"geometry":{"type":"LineString","coordinates":[[-71.2895,-29.62336],[-71.29075,-29.62331]]}},
{"type":"Feature","properties":{"nom_reg":"Coquimbo","nom_prov":"Elqui","nom_com":"La Higuera","sector":"Caleta Hornos","cine_reg":"04","cine_prov":"041","cine_com":"04104"},"geometry":{"type":"LineString","coordinates":[[-71.28924,-29.62341],[-71.28846,-29.62365]]}},
{"type":"Feature","properties":{"nom_reg":"Coquimbo","nom_prov":"Elqui","nom_com":"La Higuera","sector":"Caleta Hornos","cine_reg":"04","cine_prov":"041","cine_com":"04104"},"geometry":{"type":"LineString","coordinates":[[-71.28917,-29.62277],[-71.28832,-29.62339],[-71.28852,-29.62416]]}},
{"type":"Feature","properties":{"nom_reg":"Coquimbo","nom_prov":"Elqui","nom_com":"La Higuera","sector":"Caleta Hornos","cine_reg":"04","cine_prov":"041","cine_com":"04104"},"geometry":{"type":"LineString","coordinates":[[-71.28562,-29.62133],[-71.28459,-29.62175],[-71.28513,-29.6223],[-71.28456,-29.6224],[-71.28403,-29.62284],[-71.28405,-29.62309]]}},
{"type":"Feature","properties":{"nom_reg":"Coquimbo","nom_prov":"Elqui","nom_com":"La Higuera","sector":"Caleta Hornos","cine_reg":"04","cine_prov":"041","cine_com":"04104"},"geometry":{"type":"LineString","coordinates":[[-71.28624,-29.62076],[-71.28665,-29.622],[-71.2852,-29.62241]]}},
{"type":"Feature","properties":{"nom_reg":"Coquimbo","nom_prov":"Elqui","nom_com":"La Higuera","sector":"Chungungo","cine_reg":"04","cine_prov":"041","cine_com":"04104"},"geometry":{"type":"LineString","coordinates":[[-71.31381,-29.45243],[-71.31357,-29.45256],[-71.31326,-29.45241],[-71.3126,-29.45157],[-71.31092,-29.45221],[-71.31057,-29.45261]]}},
{"type":"Feature","properties":{"nom_reg":"Coquimbo","nom_prov":"Elqui","nom_com":"La Higuera","sector":"Chungungo","cine_reg":"04","cine_prov":"041","cine_com":"04104"},"geometry":{"type":"LineString","coordinates":[[-71.30273,-29.45083],[-71.30065,-29.45026],[-71.29848,-29.45031]]}},
{"type":"Feature","properties":{"nom_reg":"Coquimbo","nom_prov":"Elqui","nom_com":"La Higuera","sector":"Chungungo","cine_reg":"04","cine_prov":"041","cine_com":"04104"},"geometry":{"type":"LineString","coordinates":[[-71.30432,-29.44656],[-71.30385,-29.44633],[-71.30363,-29.44651],[-71.30323,-29.4464],[-71.30254,-29.44651],[-71.30274,-29.44506],[-71.30263,-29.44448],[-71.3017,-29.44464]]}},
{"type":"Feature","properties":{"nom_reg":"Coquimbo","nom_prov":"Elqui","nom_com":"La Higuera","sector":"Chungungo","cine_reg":"04","cine_prov":"041","cine_com":"04104"},"geometry":{"type":"LineString","coordinates":[[-71.30175,-29.44819],[-71.30248,-29.44776],[-71.30205,-29.44717],[-71.30136,-29.4471],[-71.30099,-29.44682],[-71.30081,-29.44701],[-71.30003,-29.44642],[-71.29989,-29.44656]]}},
{"type":"Feature","properties":{"nom_reg":"Coquimbo","nom_prov":"Choapa","nom_com":"Canela","sector":"Huentelauquén","cine_reg":"04","cine_prov":"042","cine_com":"04202"},"geometry":{"type":"LineString","coordinates":[[-71.54671,-31.59404],[-71.54671,-31.59311],[-71.5461,-31.59283],[-71.54617,-31.59159],[-71.54515,-31.5894]]}},
{"type":"Feature","properties":{"nom_reg":"Coquimbo","nom_prov":"Choapa","nom_com":"Canela","sector":"Huentelauquén","cine_reg":"04","cine_prov":"042","cine_com":"04202"},"geometry":{"type":"LineString","coordinates":[[-71.53085,-31.60747],[-71.53011,-31.60665],[-71.52809,-31.6061],[-71.52665,-31.60598]]}},
{"type":"Feature","properties":{"nom_reg":"Coquimbo","nom_prov":"Choapa","nom_com":"Canela","sector":"Huentelauquén","cine_reg":"04","cine_prov":"042","cine_com":"04202"},"geometry":{"type":"LineString","coordinates":[[-71.52706,-31.60404],[-71.52671,-31.60576],[-71.52636,-31.60623]]}},
{"type":"Feature","properties":{"nom_reg":"Coquimbo","nom_prov":"Choapa","nom_com":"Canela","sector":"Huentelauquén","cine_reg":"04","cine_prov":"042","cine_com":"04202"},"geometry":{"type":"LineString","coordinates":[[-71.52478,-31.60879],[-71.52496,-31.60879],[-71.52499,-31.61115],[-71.52474,-31.61202],[-71.52542,-31.61218],[-71.52586,-31.61309],[-71.52564,-31.61417],[-71.52541,-31.61433]]}},
{"type":"Feature","properties":{"nom_reg":"Coquimbo","nom_prov":"Choapa","nom_com":"Canela","sector":"Huentelauquén","cine_reg":"04","cine_prov":"042","cine_com":"04202"},"geometry":{"type":"LineString","coordinates":[[-71.52259,-31.60626],[-71.52249,-31.60569],[-71.52191,-31.60531],[-71.52167,-31.60582],[-71.52121,-31.60607],[-71.52064,-31.60628],[-71.52024,-31.60613]]}},
{"type":"Feature","properties":{"nom_reg":"Coquimbo","nom_prov":"Elqui","nom_com":"La Higuera","sector":"Punta de Choros","cine_reg":"04","cine_prov":"041","cine_com":"04104"},"geometry":{"type":"LineString","coordinates":[[-71.46305,-29.24705],[-71.46128,-29.24749]]}},
{"type":"Feature","properties":{"nom_reg":"Coquimbo","nom_prov":"Elqui","nom_com":"La Higuera","sector":"Punta de Choros","cine_reg":"04","cine_prov":"041","cine_com":"04104"},"geometry":{"type":"LineString","coordinates":[[-71.46268,-29.24522],[-71.46244,-29.24544],[-71.46175,-29.24559]]}},
{"type":"Feature","properties":{"nom_reg":"Coquimbo","nom_prov":"Choapa","nom_com":"Canela","sector":"Huentelauquén","cine_reg":"04","cine_prov":"042","cine_com":"04202"},"geometry":{"type":"LineString","coordinates":[[-71.54418,-31.59128],[-71.54459,-31.59207],[-71.54517,-31.59272],[-71.54558,-31.59298],[-71.5461,-31.59283]]}},
{"type":"Feature","properties":{"nom_reg":"Coquimbo","nom_prov":"Choapa","nom_com":"Canela","sector":"Huentelauquén","cine_reg":"04","cine_prov":"042","cine_com":"04202"},"geometry":{"type":"LineString","coordinates":[[-71.54154,-31.58938],[-71.541,-31.58833],[-71.53977,-31.58741],[-71.53727,-31.58733],[-71.53638,-31.58707],[-71.53633,-31.58637],[-71.53755,-31.58482],[-71.53774,-31.58401]]}},
{"type":"Feature","properties":{"nom_reg":"Coquimbo","nom_prov":"Elqui","nom_com":"La Higuera","sector":"Caleta Hornos","cine_reg":"04","cine_prov":"041","cine_com":"04104"},"geometry":{"type":"LineString","coordinates":[[-71.28694,-29.62281],[-71.28594,-29.62232]]}},
{"type":"Feature","properties":{"nom_reg":"Coquimbo","nom_prov":"Elqui","nom_com":"La Higuera","sector":"Caleta Hornos","cine_reg":"04","cine_prov":"041","cine_com":"04104"},"geometry":{"type":"LineString","coordinates":[[-71.28783,-29.62284],[-71.28717,-29.62317],[-71.2873,-29.6234],[-71.28835,-29.62367]]}},
{"type":"Feature","properties":{"nom_reg":"Coquimbo","nom_prov":"Elqui","nom_com":"Coquimbo","sector":"Totoralillo","cine_reg":"04","cine_prov":"041","cine_com":"04102"},"geometry":{"type":"LineString","coordinates":[[-71.37488,-30.07352],[-71.37464,-30.07209],[-71.37484,-30.07149]]}},
{"type":"Feature","properties":{"nom_reg":"Coquimbo","nom_prov":"Elqui","nom_com":"Coquimbo","sector":"Totoralillo","cine_reg":"04","cine_prov":"041","cine_com":"04102"},"geometry":{"type":"LineString","coordinates":[[-71.37613,-30.07097],[-71.37492,-30.07144]]}},
{"type":"Feature","properties":{"nom_reg":"Coquimbo","nom_prov":"Elqui","nom_com":"Coquimbo","sector":"Totoralillo","cine_reg":"04","cine_prov":"041","cine_com":"04102"},"geometry":{"type":"LineString","coordinates":[[-71.3754,-30.07207],[-71.37428,-30.07064],[-71.37359,-30.06924],[-71.37391,-30.06735],[-71.37373,-30.06697],[-71.37326,-30.06682],[-71.37056,-30.06727]]}},
{"type":"Feature","properties":{"nom_reg":"Coquimbo","nom_prov":"Elqui","nom_com":"Coquimbo","sector":"Las Tacas","cine_reg":"04","cine_prov":"041","cine_com":"04102"},"geometry":{"type":"LineString","coordinates":[[-71.37148,-30.08639],[-71.37027,-30.08622],[-71.36867,-30.08734],[-71.36741,-30.08738],[-71.36667,-30.08788],[-71.36594,-30.08899]]}},
{"type":"Feature","properties":{"nom_reg":"Coquimbo","nom_prov":"Elqui","nom_com":"Coquimbo","sector":"Las Tacas","cine_reg":"04","cine_prov":"041","cine_com":"04102"},"geometry":{"type":"LineString","coordinates":[[-71.36951,-30.08565],[-71.369,-30.08654],[-71.36913,-30.08685]]}},
{"type":"Feature","properties":{"nom_reg":"Antofagasta","nom_prov":"Tocopilla","nom_com":"Tocopilla","sector":"Tocopilla","cine_reg":"02","cine_prov":"023","cine_com":"02301"},"geometry":{"type":"LineString","coordinates":[[-70.19716,-22.08944],[-70.19593,-22.09083],[-70.19645,-22.09125]]}},
{"type":"Feature","properties":{"nom_reg":"Antofagasta","nom_prov":"Antofagasta","nom_com":"Taltal","sector":"Taltal","cine_reg":"02","cine_prov":"021","cine_com":"02104"},"geometry":{"type":"LineString","coordinates":[[-70.47268,-25.39813],[-70.47151,-25.3989]]}},
{"type":"Feature","properties":{"nom_reg":"Antofagasta","nom_prov":"Antofagasta","nom_com":"Taltal","sector":"Tierra del Moro","cine_reg":"02","cine_prov":"021","cine_com":"02104"},"geometry":{"type":"LineString","coordinates":[[-70.46256,-25.38791],[-70.46151,-25.39055],[-70.46088,-25.39141],[-70.46042,-25.39161]]}},
{"type":"Feature","properties":{"nom_reg":"Antofagasta","nom_prov":"Antofagasta","nom_com":"Taltal","sector":"Tierra del Moro","cine_reg":"02","cine_prov":"021","cine_com":"02104"},"geometry":{"type":"LineString","coordinates":[[-70.45541,-25.38482],[-70.45368,-25.38418],[-70.45273,-25.38424]]}},
{"type":"Feature","properties":{"nom_reg":"Antofagasta","nom_prov":"Antofagasta","nom_com":"Taltal","sector":"Tierra del Moro","cine_reg":"02","cine_prov":"021","cine_com":"02104"},"geometry":{"type":"LineString","coordinates":[[-70.45104,-25.38041],[-70.45028,-25.38092],[-70.4499,-25.38096]]}},
{"type":"Feature","properties":{"nom_reg":"Antofagasta","nom_prov":"Antofagasta","nom_com":"Taltal","sector":"Tierra del Moro","cine_reg":"02","cine_prov":"021","cine_com":"02104"},"geometry":{"type":"LineString","coordinates":[[-70.45082,-25.3782],[-70.44971,-25.37884],[-70.44886,-25.37902]]}},
{"type":"Feature","properties":{"nom_reg":"Antofagasta","nom_prov":"Antofagasta","nom_com":"Antofagasta","sector":"Antofagasta","cine_reg":"02","cine_prov":"021","cine_com":"02101"},"geometry":{"type":"LineString","coordinates":[[-70.46057,-23.76002],[-70.46146,-23.76057],[-70.46121,-23.76093],[-70.46024,-23.76051],[-70.46009,-23.76082],[-70.46055,-23.76102],[-70.45958,-23.76102],[-70.45958,-23.7619]]}},
{"type":"Feature","properties":{"nom_reg":"Antofagasta","nom_prov":"Antofagasta","nom_com":"Antofagasta","sector":"Antofagasta","cine_reg":"02","cine_prov":"021","cine_com":"02101"},"geometry":{"type":"LineString","coordinates":[[-70.41486,-23.6829],[-70.4132,-23.68422],[-70.41372,-23.68542],[-70.41328,-23.68556]]}},
{"type":"Feature","properties":{"nom_reg":"Antofagasta","nom_prov":"Antofagasta","nom_com":"Antofagasta","sector":"Antofagasta","cine_reg":"02","cine_prov":"021","cine_com":"02101"},"geometry":{"type":"LineString","coordinates":[[-70.39606,-23.6314],[-70.39264,-23.63147],[-70.39145,-23.62905]]}},
{"type":"Feature","properties":{"nom_reg":"Antofagasta","nom_prov":"Antofagasta","nom_com":"Antofagasta","sector":"Rinconada","cine_reg":"02","cine_prov":"021","cine_com":"02101"},"geometry":{"type":"LineString","coordinates":[[-70.47849,-23.46701],[-70.46405,-23.47229]]}},
{"type":"Feature","properties":{"nom_reg":"Antofagasta","nom_prov":"Antofagasta","nom_com":"Antofagasta","sector":"Rinconada","cine_reg":"02","cine_prov":"021","cine_com":"02101"},"geometry":{"type":"LineString","coordinates":[[-70.50942,-23.46228],[-70.51177,-23.46342],[-70.51301,-23.46438],[-70.5133,-23.46498],[-70.51383,-23.4673],[-70.51433,-23.4678],[-70.5144,-23.46843],[-70.51497,-23.46844],[-70.5154,-23.46788]]}},
{"type":"Feature","properties":{"nom_reg":"Antofagasta","nom_prov":"Antofagasta","nom_com":"Antofagasta","sector":"Antofagasta","cine_reg":"02","cine_prov":"021","cine_com":"02101"},"geometry":{"type":"LineString","coordinates":[[-70.40004,-23.54839],[-70.39861,-23.55003],[-70.39772,-23.54867],[-70.39602,-23.54854],[-70.39516,-23.54777]]}},
{"type":"Feature","properties":{"nom_reg":"Antofagasta","nom_prov":"Antofagasta","nom_com":"Antofagasta","sector":"Antofagasta","cine_reg":"02","cine_prov":"021","cine_com":"02101"},"geometry":{"type":"LineString","coordinates":[[-70.43273,-23.71322],[-70.43155,-23.71359],[-70.43103,-23.71396],[-70.43069,-23.71433],[-70.43034,-23.71527],[-70.42991,-23.71541],[-70.42908,-23.71504]]}},
{"type":"Feature","properties":{"nom_reg":"Antofagasta","nom_prov":"Antofagasta","nom_com":"Antofagasta","sector":"Antofagasta","cine_reg":"02","cine_prov":"021","cine_com":"02101"},"geometry":{"type":"LineString","coordinates":[[-70.39636,-23.62755],[-70.39181,-23.62744],[-70.39176,-23.62759]]}},
{"type":"Feature","properties":{"nom_reg":"Antofagasta","nom_prov":"Tocopilla","nom_com":"Tocopilla","sector":"Tocopilla","cine_reg":"02","cine_prov":"023","cine_com":"02301"},"geometry":{"type":"LineString","coordinates":[[-70.20867,-22.09815],[-70.20837,-22.0984],[-70.2087,-22.09883],[-70.20883,-22.09935],[-70.20809,-22.10008]]}},
{"type":"Feature","properties":{"nom_reg":"Antofagasta","nom_prov":"Tocopilla","nom_com":"Tocopilla","sector":"Tocopilla","cine_reg":"02","cine_prov":"023","cine_com":"02301"},"geometry":{"type":"LineString","coordinates":[[-70.19488,-22.08617],[-70.19513,-22.08823],[-70.19256,-22.0911]]}},
{"type":"Feature","properties":{"nom_reg":"Antofagasta","nom_prov":"Antofagasta","nom_com":"Antofagasta","sector":"Antofagasta","cine_reg":"02","cine_prov":"021","cine_com":"02101"},"geometry":{"type":"LineString","coordinates":[[-70.39267,-23.60073],[-70.38931,-23.60017],[-70.38934,-23.5999],[-70.38546,-23.59955]]}},
{"type":"Feature","properties":{"nom_reg":"Antofagasta","nom_prov":"Tocopilla","nom_com":"Tocopilla","sector":"Tocopilla","cine_reg":"02","cine_prov":"023","cine_com":"02301"},"geometry":{"type":"LineString","coordinates":[[-70.21381,-22.10916],[-70.21298,-22.10847],[-70.2125,-22.10837],[-70.21031,-22.10649],[-70.20958,-22.10645]]}},
{"type":"Feature","properties":{"nom_reg":"Antofagasta","nom_prov":"Antofagasta","nom_com":"Taltal","sector":"Taltal","cine_reg":"02","cine_prov":"021","cine_com":"02104"},"geometry":{"type":"LineString","coordinates":[[-70.47604,-25.40197],[-70.47585,-25.40218],[-70.47602,-25.40322],[-70.4722,-25.40471]]}},
{"type":"Feature","properties":{"nom_reg":"Antofagasta","nom_prov":"Antofagasta","nom_com":"Antofagasta","sector":"Antofagasta","cine_reg":"02","cine_prov":"021","cine_com":"02101"},"geometry":{"type":"LineString","coordinates":[[-70.40053,-23.64611],[-70.39462,-23.65241],[-70.3942,-23.65278],[-70.39406,-23.65265]]}},
{"type":"Feature","properties":{"nom_reg":"Antofagasta","nom_prov":"Antofagasta","nom_com":"Taltal","sector":"Taltal","cine_reg":"02","cine_prov":"021","cine_com":"02104"},"geometry":{"type":"LineString","coordinates":[[-70.48615,-25.40621],[-70.48315,-25.41072]]}},
{"type":"Feature","properties":{"nom_reg":"Antofagasta","nom_prov":"Tocopilla","nom_com":"Tocopilla","sector":"Caleta Buena","cine_reg":"02","cine_prov":"023","cine_com":"02301"},"geometry":{"type":"LineString","coordinates":[[-70.25647,-22.43898],[-70.25568,-22.43877],[-70.25557,-22.43913],[-70.25487,-22.43886],[-70.25145,-22.43843]]}},
{"type":"Feature","properties":{"nom_reg":"Antofagasta","nom_prov":"Antofagasta","nom_com":"Antofagasta","sector":"Antofagasta","cine_reg":"02","cine_prov":"021","cine_com":"02101"},"geometry":{"type":"LineString","coordinates":[[-70.39772,-23.64415],[-70.3929,-23.64928]]}},
{"type":"Feature","properties":{"nom_reg":"Antofagasta","nom_prov":"Tocopilla","nom_com":"Tocopilla","sector":"Caleta Paquica","cine_reg":"02","cine_prov":"023","cine_com":"02301"},"geometry":{"type":"LineString","coordinates":[[-70.17331,-21.89797],[-70.17271,-21.89785],[-70.17224,-21.89749],[-70.1721,-21.89719],[-70.17081,-21.89652],[-70.17062,-21.89657],[-70.17032,-21.8972]]}},
{"type":"Feature","properties":{"nom_reg":"Antofagasta","nom_prov":"Antofagasta","nom_com":"Antofagasta","sector":"Antofagasta","cine_reg":"02","cine_prov":"021","cine_com":"02101"},"geometry":{"type":"LineString","coordinates":[[-70.39567,-23.57394],[-70.39114,-23.5736],[-70.39112,-23.57389]]}},
{"type":"Feature","properties":{"nom_reg":"Antofagasta","nom_prov":"Antofagasta","nom_com":"Taltal","sector":"Taltal","cine_reg":"02","cine_prov":"021","cine_com":"02104"},"geometry":{"type":"LineString","coordinates":[[-70.48731,-25.40691],[-70.48434,-25.41133]]}},
{"type":"Feature","properties":{"nom_reg":"Antofagasta","nom_prov":"Tocopilla","nom_com":"Tocopilla","sector":"Tocopilla","cine_reg":"02","cine_prov":"023","cine_com":"02301"},"geometry":{"type":"LineString","coordinates":[[-70.19412,-22.07951],[-70.19307,-22.08066],[-70.19204,-22.07979]]}},
{"type":"Feature","properties":{"nom_reg":"Antofagasta","nom_prov":"Antofagasta","nom_com":"Antofagasta","sector":"Antofagasta","cine_reg":"02","cine_prov":"021","cine_com":"02101"},"geometry":{"type":"LineString","coordinates":[[-70.39223,-23.60188],[-70.38926,-23.60131],[-70.38896,-23.60321],[-70.38831,-23.60407],[-70.38718,-23.60343],[-70.38497,-23.60397]]}},
{"type":"Feature","properties":{"nom_reg":"Antofagasta","nom_prov":"Tocopilla","nom_com":"Tocopilla","sector":"Caleta Punta Arenas","cine_reg":"02","cine_prov":"023","cine_com":"02301"},"geometry":{"type":"LineString","coordinates":[[-70.14253,-21.63534],[-70.14122,-21.63651],[-70.13924,-21.63565],[-70.13831,-21.63554],[-70.13825,-21.63592],[-70.13885,-21.63644],[-70.13896,-21.63694]]}},
{"type":"Feature","properties":{"nom_reg":"Antofagasta","nom_prov":"Antofagasta","nom_com":"Mejillones","sector":"Mejillones","cine_reg":"02","cine_prov":"021","cine_com":"02102"},"geometry":{"type":"LineString","coordinates":[[-70.45115,-23.09955],[-70.45083,-23.10164],[-70.45047,-23.10189],[-70.45153,-23.10702],[-70.45217,-23.11119],[-70.45107,-23.1114]]}},
{"type":"Feature","properties":{"nom_reg":"Antofagasta","nom_prov":"Antofagasta","nom_com":"Antofagasta","sector":"Antofagasta","cine_reg":"02","cine_prov":"021","cine_com":"02101"},"geometry":{"type":"LineString","coordinates":[[-70.38984,-23.64221],[-70.38992,-23.6406]]}},
{"type":"Feature","properties":{"nom_reg":"Antofagasta","nom_prov":"Tocopilla","nom_com":"Tocopilla","sector":"Tocopilla","cine_reg":"02","cine_prov":"023","cine_com":"02301"},"geometry":{"type":"LineString","coordinates":[[-70.19672,-22.08523],[-70.19393,-22.08546],[-70.19256,-22.08484]]}},
{"type":"Feature","properties":{"nom_reg":"Antofagasta","nom_prov":"Antofagasta","nom_com":"Antofagasta","sector":"Antofagasta","cine_reg":"02","cine_prov":"021","cine_com":"02101"},"geometry":{"type":"LineString","coordinates":[[-70.40737,-23.67078],[-70.40677,-23.6708],[-70.4067,-23.67161],[-70.40642,-23.67182],[-70.4034,-23.67306],[-70.40223,-23.67076]]}},
{"type":"Feature","properties":{"nom_reg":"Antofagasta","nom_prov":"Tocopilla","nom_com":"Tocopilla","sector":"Tocopilla","cine_reg":"02","cine_prov":"023","cine_com":"02301"},"geometry":{"type":"LineString","coordinates":[[-70.21213,-22.11107],[-70.20972,-22.11141],[-70.20967,-22.11117]]}},
{"type":"Feature","properties":{"nom_reg":"Antofagasta","nom_prov":"Tocopilla","nom_com":"Tocopilla","sector":"Tocopilla","cine_reg":"02","cine_prov":"023","cine_com":"02301"},"geometry":{"type":"LineString","coordinates":[[-70.19443,-22.08036],[-70.19369,-22.08111]]}},
{"type":"Feature","properties":{"nom_reg":"Antofagasta","nom_prov":"Antofagasta","nom_com":"Antofagasta","sector":"Abtao","cine_reg":"02","cine_prov":"021","cine_com":"02101"},"geometry":{"type":"LineString","coordinates":[[-70.53091,-23.5165],[-70.53124,-23.51611],[-70.53271,-23.51624],[-70.53298,-23.51573]]}},
{"type":"Feature","properties":{"nom_reg":"Antofagasta","nom_prov":"Antofagasta","nom_com":"Taltal","sector":"Taltal","cine_reg":"02","cine_prov":"021","cine_com":"02104"},"geometry":{"type":"LineString","coordinates":[[-70.48509,-25.40559],[-70.48212,-25.41019]]}},
{"type":"Feature","properties":{"nom_reg":"Antofagasta","nom_prov":"Antofagasta","nom_com":"Mejillones","sector":"Mejillones","cine_reg":"02","cine_prov":"021","cine_com":"02102"},"geometry":{"type":"LineString","coordinates":[[-70.45487,-23.09913],[-70.45458,-23.10103],[-70.45435,-23.10111],[-70.4527,-23.10521],[-70.45239,-23.10683],[-70.45182,-23.10697]]}},
{"type":"Feature","properties":{"nom_reg":"Antofagasta","nom_prov":"Tocopilla","nom_com":"Tocopilla","sector":"Tocopilla","cine_reg":"02","cine_prov":"023","cine_com":"02301"},"geometry":{"type":"LineString","coordinates":[[-70.20403,-22.0937],[-70.202,-22.0959]]}},
{"type":"Feature","properties":{"nom_reg":"Antofagasta","nom_prov":"Tocopilla","nom_com":"Tocopilla","sector":"Punta Atala","cine_reg":"02","cine_prov":"023","cine_com":"02301"},"geometry":{"type":"LineString","coordinates":[[-70.24288,-22.28162],[-70.24264,-22.28171],[-70.24241,-22.28211],[-70.24177,-22.28228],[-70.24182,-22.28246],[-70.24244,-22.2827],[-70.24218,-22.28406]]}},
{"type":"Feature","properties":{"nom_reg":"Antofagasta","nom_prov":"Antofagasta","nom_com":"Mejillones","sector":"Mejillones","cine_reg":"02","cine_prov":"021","cine_com":"02102"},"geometry":{"type":"LineString","coordinates":[[-70.44731,-23.09812],[-70.44669,-23.10234],[-70.44789,-23.10886],[-70.44855,-23.11166],[-70.45094,-23.11143],[-70.45103,-23.11536]]}},
{"type":"Feature","properties":{"nom_reg":"Antofagasta","nom_prov":"Antofagasta","nom_com":"Antofagasta","sector":"Antofagasta","cine_reg":"02","cine_prov":"021","cine_com":"02101"},"geometry":{"type":"LineString","coordinates":[[-70.39224,-23.61658],[-70.39085,-23.61667],[-70.39023,-23.61696],[-70.3858,-23.61775],[-70.38542,-23.61767],[-70.38537,-23.61732]]}},
{"type":"Feature","properties":{"nom_reg":"Antofagasta","nom_prov":"Tocopilla","nom_com":"Tocopilla","sector":"Tocopilla","cine_reg":"02","cine_prov":"023","cine_com":"02301"},"geometry":{"type":"LineString","coordinates":[[-70.20633,-22.0946],[-70.20442,-22.09653],[-70.20369,-22.09707]]}},
{"type":"Feature","properties":{"nom_reg":"Antofagasta","nom_prov":"Antofagasta","nom_com":"Antofagasta","sector":"Abtao","cine_reg":"02","cine_prov":"021","cine_com":"02101"},"geometry":{"type":"LineString","coordinates":[[-70.53197,-23.514],[-70.53225,-23.51449],[-70.53254,-23.51435],[-70.53338,-23.51502],[-70.533,-23.51572],[-70.53372,-23.51606]]}},
{"type":"Feature","properties":{"nom_reg":"Antofagasta","nom_prov":"Tocopilla","nom_com":"Tocopilla","sector":"Caleta Urco","cine_reg":"02","cine_prov":"023","cine_com":"02301"},"geometry":{"type":"LineString","coordinates":[[-70.1525,-21.75033],[-70.15103,-21.75126],[-70.15037,-21.75208]]}},
{"type":"Feature","properties":{"nom_reg":"Antofagasta","nom_prov":"Tocopilla","nom_com":"Tocopilla","sector":"Tocopilla","cine_reg":"02","cine_prov":"023","cine_com":"02301"},"geometry":{"type":"LineString","coordinates":[[-70.19404,-22.08624],[-70.19418,-22.08774],[-70.19306,-22.08714]]}},
{"type":"Feature","properties":{"nom_reg":"Antofagasta","nom_prov":"Tocopilla","nom_com":"Tocopilla","sector":"Caleta Urco","cine_reg":"02","cine_prov":"023","cine_com":"02301"},"geometry":{"type":"LineString","coordinates":[[-70.15422,-21.76462],[-70.15408,-21.76357]]}},
{"type":"Feature","properties":{"nom_reg":"Antofagasta","nom_prov":"Antofagasta","nom_com":"Antofagasta","sector":"Antofagasta","cine_reg":"02","cine_prov":"021","cine_com":"02101"},"geometry":{"type":"LineString","coordinates":[[-70.39897,-23.54352],[-70.3984,-23.54294],[-70.397,-23.54253]]}},
{"type":"Feature","properties":{"nom_reg":"Antofagasta","nom_prov":"Tocopilla","nom_com":"Tocopilla","sector":"Caleta Punta Arenas","cine_reg":"02","cine_prov":"023","cine_com":"02301"},"geometry":{"type":"LineString","coordinates":[[-70.13785,-21.63554],[-70.13697,-21.63582]]}},
{"type":"Feature","properties":{"nom_reg":"Antofagasta","nom_prov":"Antofagasta","nom_com":"Antofagasta","sector":"Antofagasta","cine_reg":"02","cine_prov":"021","cine_com":"02101"},"geometry":{"type":"LineString","coordinates":[[-70.3921,-23.60621],[-70.38886,-23.60627],[-70.38868,-23.60646],[-70.38719,-23.60627],[-70.38689,-23.60675],[-70.38665,-23.60657],[-70.3845,-23.60975],[-70.38417,-23.60953],[-70.38415,-23.60923],[-70.38422,-23.60787],[-70.38444,-23.60738]]}},
{"type":"Feature","properties":{"nom_reg":"Antofagasta","nom_prov":"Tocopilla","nom_com":"Tocopilla","sector":"Tocopilla","cine_reg":"02","cine_prov":"023","cine_com":"02301"},"geometry":{"type":"LineString","coordinates":[[-70.2139,-22.10136],[-70.21196,-22.1023],[-70.21138,-22.10294]]}},
{"type":"Feature","properties":{"nom_reg":"Antofagasta","nom_prov":"Tocopilla","nom_com":"Tocopilla","sector":"Tocopilla","cine_reg":"02","cine_prov":"023","cine_com":"02301"},"geometry":{"type":"LineString","coordinates":[[-70.20227,-22.0924],[-70.20035,-22.09431],[-70.20016,-22.09415]]}},
{"type":"Feature","properties":{"nom_reg":"Antofagasta","nom_prov":"Tocopilla","nom_com":"Tocopilla","sector":"Tocopilla","cine_reg":"02","cine_prov":"023","cine_com":"02301"},"geometry":{"type":"LineString","coordinates":[[-70.1961,-22.08613],[-70.19628,-22.08809],[-70.19599,-22.08864],[-70.19605,-22.08891],[-70.19399,-22.09127],[-70.19496,-22.09217]]}},
{"type":"Feature","properties":{"nom_reg":"Antofagasta","nom_prov":"Tocopilla","nom_com":"Tocopilla","sector":"Tocopilla","cine_reg":"02","cine_prov":"023","cine_com":"02301"},"geometry":{"type":"LineString","coordinates":[[-70.21113,-22.10797],[-70.21048,-22.10775],[-70.21028,-22.10731],[-70.20973,-22.1072]]}},
{"type":"Feature","properties":{"nom_reg":"Antofagasta","nom_prov":"Antofagasta","nom_com":"Antofagasta","sector":"Abtao","cine_reg":"02","cine_prov":"021","cine_com":"02101"},"geometry":{"type":"LineString","coordinates":[[-70.53423,-23.50963],[-70.5361,-23.50991]]}},
{"type":"Feature","properties":{"nom_reg":"Antofagasta","nom_prov":"Antofagasta","nom_com":"Antofagasta","sector":"Antofagasta","cine_reg":"02","cine_prov":"021","cine_com":"02101"},"geometry":{"type":"LineString","coordinates":[[-70.39956,-23.64553],[-70.39338,-23.65212],[-70.39361,-23.65239]]}},
{"type":"Feature","properties":{"nom_reg":"Antofagasta","nom_prov":"Tocopilla","nom_com":"Tocopilla","sector":"Tocopilla","cine_reg":"02","cine_prov":"023","cine_com":"02301"},"geometry":{"type":"LineString","coordinates":[[-70.2129,-22.11003],[-70.21209,-22.10933],[-70.20978,-22.10963],[-70.20944,-22.10771]]}},
{"type":"Feature","properties":{"nom_reg":"Antofagasta","nom_prov":"Tocopilla","nom_com":"Tocopilla","sector":"Tocopilla","cine_reg":"02","cine_prov":"023","cine_com":"02301"},"geometry":{"type":"LineString","coordinates":[[-70.19928,-22.09049],[-70.19713,-22.09278]]}},
{"type":"Feature","properties":{"nom_reg":"Antofagasta","nom_prov":"Tocopilla","nom_com":"Tocopilla","sector":"Caleta Urco","cine_reg":"02","cine_prov":"023","cine_com":"02301"},"geometry":{"type":"LineString","coordinates":[[-70.15353,-21.75454],[-70.15289,-21.75418],[-70.15104,-21.75477]]}},
{"type":"Feature","properties":{"nom_reg":"Antofagasta","nom_prov":"Antofagasta","nom_com":"Antofagasta","sector":"Antofagasta","cine_reg":"02","cine_prov":"021","cine_com":"02101"},"geometry":{"type":"LineString","coordinates":[[-70.44039,-23.73509],[-70.4391,-23.73534],[-70.43834,-23.73461],[-70.43798,-23.73399]]}},
{"type":"Feature","properties":{"nom_reg":"Antofagasta","nom_prov":"Antofagasta","nom_com":"Antofagasta","sector":"Antofagasta","cine_reg":"02","cine_prov":"021","cine_com":"02101"},"geometry":{"type":"LineString","coordinates":[[-70.43896,-23.73296],[-70.43777,-23.73335],[-70.43798,-23.73399],[-70.43692,-23.73412]]}},
{"type":"Feature","properties":{"nom_reg":"Antofagasta","nom_prov":"Antofagasta","nom_com":"Antofagasta","sector":"Antofagasta","cine_reg":"02","cine_prov":"021","cine_com":"02101"},"geometry":{"type":"LineString","coordinates":[[-70.44258,-23.73923],[-70.44181,-23.73968],[-70.44157,-23.73967],[-70.44174,-23.74097]]}},
{"type":"Feature","properties":{"nom_reg":"Antofagasta","nom_prov":"Tocopilla","nom_com":"Tocopilla","sector":"Caleta Cobija","cine_reg":"02","cine_prov":"023","cine_com":"02301"},"geometry":{"type":"LineString","coordinates":[[-70.26392,-22.55007],[-70.26295,-22.55199],[-70.26157,-22.55135],[-70.25968,-22.55216]]}},
{"type":"Feature","properties":{"nom_reg":"Antofagasta","nom_prov":"Antofagasta","nom_com":"Mejillones","sector":"Michilla","cine_reg":"02","cine_prov":"021","cine_com":"02102"},"geometry":{"type":"LineString","coordinates":[[-70.27592,-22.71051],[-70.27528,-22.71066],[-70.27531,-22.71082],[-70.27275,-22.71189]]}},
{"type":"Feature","properties":{"nom_reg":"Antofagasta","nom_prov":"Tocopilla","nom_com":"Tocopilla","sector":"Caleta Punta Arenas","cine_reg":"02","cine_prov":"023","cine_com":"02301"},"geometry":{"type":"LineString","coordinates":[[-70.13875,-21.63436],[-70.13747,-21.63545],[-70.13708,-21.63557],[-70.13646,-21.63713]]}},
{"type":"Feature","properties":{"nom_reg":"Antofagasta","nom_prov":"Antofagasta","nom_com":"Antofagasta","sector":"Antofagasta","cine_reg":"02","cine_prov":"021","cine_com":"02101"},"geometry":{"type":"LineString","coordinates":[[-70.42528,-23.70728],[-70.42503,-23.7078],[-70.42461,-23.70767],[-70.42397,-23.70901],[-70.42368,-23.70885]]}},
{"type":"Feature","properties":{"nom_reg":"Antofagasta","nom_prov":"Antofagasta","nom_com":"Antofagasta","sector":"Antofagasta","cine_reg":"02","cine_prov":"021","cine_com":"02101"},"geometry":{"type":"LineString","coordinates":[[-70.44131,-23.73733],[-70.43925,-23.73854]]}},
{"type":"Feature","properties":{"nom_reg":"Antofagasta","nom_prov":"Tocopilla","nom_com":"Tocopilla","sector":"Caleta Buena","cine_reg":"02","cine_prov":"023","cine_com":"02301"},"geometry":{"type":"LineString","coordinates":[[-70.25619,-22.43677],[-70.25504,-22.4363],[-70.25403,-22.43623],[-70.25321,-22.4356],[-70.25245,-22.43559]]}},
{"type":"Feature","properties":{"nom_reg":"Antofagasta","nom_prov":"Antofagasta","nom_com":"Antofagasta","sector":"Antofagasta","cine_reg":"02","cine_prov":"021","cine_com":"02101"},"geometry":{"type":"LineString","coordinates":[[-70.39672,-23.63806],[-70.39348,-23.63794],[-70.39349,-23.63882],[-70.39002,-23.63868],[-70.39006,-23.63804]]}},
{"type":"Feature","properties":{"nom_reg":"Antofagasta","nom_prov":"Antofagasta","nom_com":"Antofagasta","sector":"Antofagasta","cine_reg":"02","cine_prov":"021","cine_com":"02101"},"geometry":{"type":"LineString","coordinates":[[-70.39687,-23.59498],[-70.39535,-23.59457],[-70.39311,-23.59448],[-70.3931,-23.59379],[-70.38976,-23.5938],[-70.38973,-23.59447],[-70.38556,-23.59426],[-70.38553,-23.59634]]}},
{"type":"Feature","properties":{"nom_reg":"Antofagasta","nom_prov":"Antofagasta","nom_com":"Antofagasta","sector":"Antofagasta","cine_reg":"02","cine_prov":"021","cine_com":"02101"},"geometry":{"type":"LineString","coordinates":[[-70.40703,-23.52784],[-70.40475,-23.52726]]}},
{"type":"Feature","properties":{"nom_reg":"Antofagasta","nom_prov":"Tocopilla","nom_com":"Tocopilla","sector":"Caleta Urco","cine_reg":"02","cine_prov":"023","cine_com":"02301"},"geometry":{"type":"LineString","coordinates":[[-70.1551,-21.76011],[-70.15615,-21.76068]]}},
{"type":"Feature","properties":{"nom_reg":"Antofagasta","nom_prov":"Antofagasta","nom_com":"Antofagasta","sector":"Antofagasta","cine_reg":"02","cine_prov":"021","cine_com":"02101"},"geometry":{"type":"LineString","coordinates":[[-70.3945,-23.64441],[-70.39255,-23.64649]]}},
{"type":"Feature","properties":{"nom_reg":"Antofagasta","nom_prov":"Tocopilla","nom_com":"Tocopilla","sector":"Tocopilla","cine_reg":"02","cine_prov":"023","cine_com":"02301"},"geometry":{"type":"LineString","coordinates":[[-70.1939,-22.08809],[-70.19226,-22.08987],[-70.1919,-22.08959]]}},
{"type":"Feature","properties":{"nom_reg":"Antofagasta","nom_prov":"Antofagasta","nom_com":"Antofagasta","sector":"Antofagasta","cine_reg":"02","cine_prov":"021","cine_com":"02101"},"geometry":{"type":"LineString","coordinates":[[-70.403,-23.66039],[-70.39685,-23.66057]]}},
{"type":"Feature","properties":{"nom_reg":"Antofagasta","nom_prov":"Antofagasta","nom_com":"Antofagasta","sector":"Antofagasta","cine_reg":"02","cine_prov":"021","cine_com":"02101"},"geometry":{"type":"LineString","coordinates":[[-70.39693,-23.57158],[-70.39558,-23.57151],[-70.39579,-23.56968],[-70.39081,-23.56938],[-70.39086,-23.56812]]}},
{"type":"Feature","properties":{"nom_reg":"Antofagasta","nom_prov":"Antofagasta","nom_com":"Antofagasta","sector":"Antofagasta","cine_reg":"02","cine_prov":"021","cine_com":"02101"},"geometry":{"type":"LineString","coordinates":[[-70.39651,-23.64183],[-70.39435,-23.64185],[-70.39407,-23.64231],[-70.39355,-23.6423],[-70.39348,-23.64172],[-70.38984,-23.64221]]}},
{"type":"Feature","properties":{"nom_reg":"Antofagasta","nom_prov":"Antofagasta","nom_com":"Antofagasta","sector":"Antofagasta","cine_reg":"02","cine_prov":"021","cine_com":"02101"},"geometry":{"type":"LineString","coordinates":[[-70.39047,-23.62329],[-70.39057,-23.62377],[-70.38943,-23.62414],[-70.38819,-23.62479],[-70.38879,-23.62591]]}},
{"type":"Feature","properties":{"nom_reg":"Antofagasta","nom_prov":"Antofagasta","nom_com":"Antofagasta","sector":"Antofagasta","cine_reg":"02","cine_prov":"021","cine_com":"02101"},"geometry":{"type":"LineString","coordinates":[[-70.39386,-23.5873],[-70.39299,-23.58799],[-70.39202,-23.58823],[-70.38992,-23.588],[-70.39002,-23.58732],[-70.38926,-23.58724],[-70.38918,-23.58778],[-70.38866,-23.58775]]}},
{"type":"Feature","properties":{"nom_reg":"Antofagasta","nom_prov":"Antofagasta","nom_com":"Antofagasta","sector":"Antofagasta","cine_reg":"02","cine_prov":"021","cine_com":"02101"},"geometry":{"type":"LineString","coordinates":[[-70.44645,-23.74955],[-70.44601,-23.74955],[-70.4446,-23.75083],[-70.44445,-23.7529],[-70.44397,-23.75442]]}},
{"type":"Feature","properties":{"nom_reg":"Antofagasta","nom_prov":"Antofagasta","nom_com":"Antofagasta","sector":"Antofagasta","cine_reg":"02","cine_prov":"021","cine_com":"02101"},"geometry":{"type":"LineString","coordinates":[[-70.39501,-23.62376],[-70.39024,-23.62157],[-70.38796,-23.62241],[-70.3878,-23.62215]]}},
{"type":"Feature","properties":{"nom_reg":"Antofagasta","nom_prov":"Tocopilla","nom_com":"Tocopilla","sector":"Tocopilla","cine_reg":"02","cine_prov":"023","cine_com":"02301"},"geometry":{"type":"LineString","coordinates":[[-70.19498,-22.08216],[-70.19416,-22.08288]]}},
{"type":"Feature","properties":{"nom_reg":"Antofagasta","nom_prov":"Antofagasta","nom_com":"Antofagasta","sector":"Constitución (Santa María)","cine_reg":"02","cine_prov":"021","cine_com":"02101"},"geometry":{"type":"LineString","coordinates":[[-70.59181,-23.41246],[-70.59182,-23.41199],[-70.59159,-23.41181],[-70.58807,-23.41065],[-70.58689,-23.41008]]}},
{"type":"Feature","properties":{"nom_reg":"Antofagasta","nom_prov":"Antofagasta","nom_com":"Antofagasta","sector":"Antofagasta","cine_reg":"02","cine_prov":"021","cine_com":"02101"},"geometry":{"type":"LineString","coordinates":[[-70.39956,-23.55546],[-70.39814,-23.55662],[-70.39532,-23.55722],[-70.3955,-23.55472]]}},
{"type":"Feature","properties":{"nom_reg":"Antofagasta","nom_prov":"Tocopilla","nom_com":"Tocopilla","sector":"Tocopilla","cine_reg":"02","cine_prov":"023","cine_com":"02301"},"geometry":{"type":"LineString","coordinates":[[-70.20292,-22.09326],[-70.2011,-22.09516]]}},
{"type":"Feature","properties":{"nom_reg":"Antofagasta","nom_prov":"Antofagasta","nom_com":"Antofagasta","sector":"Antofagasta","cine_reg":"02","cine_prov":"021","cine_com":"02101"},"geometry":{"type":"LineString","coordinates":[[-70.39175,-23.61371],[-70.38487,-23.61475],[-70.38208,-23.61477],[-70.38202,-23.61442]]}},
{"type":"Feature","properties":{"nom_reg":"Antofagasta","nom_prov":"Tocopilla","nom_com":"Tocopilla","sector":"Tocopilla","cine_reg":"02","cine_prov":"023","cine_com":"02301"},"geometry":{"type":"LineString","coordinates":[[-70.21509,-22.10689],[-70.21456,-22.10664],[-70.21426,-22.10674],[-70.21413,-22.10652],[-70.21281,-22.10609],[-70.2126,-22.10614],[-70.211,-22.10495]]}},
{"type":"Feature","properties":{"nom_reg":"Antofagasta","nom_prov":"Tocopilla","nom_com":"Tocopilla","sector":"Caleta Urco","cine_reg":"02","cine_prov":"023","cine_com":"02301"},"geometry":{"type":"LineString","coordinates":[[-70.15382,-21.7696],[-70.15391,-21.76876],[-70.15432,-21.76824],[-70.15439,-21.76787],[-70.15445,-21.76636],[-70.15467,-21.76616],[-70.15426,-21.76602],[-70.1542,-21.76518]]}},
{"type":"Feature","properties":{"nom_reg":"Antofagasta","nom_prov":"Antofagasta","nom_com":"Mejillones","sector":"Hornitos","cine_reg":"02","cine_prov":"021","cine_com":"02102"},"geometry":{"type":"LineString","coordinates":[[-70.29627,-22.9196],[-70.29564,-22.92066],[-70.29344,-22.9235]]}},
{"type":"Feature","properties":{"nom_reg":"Antofagasta","nom_prov":"Antofagasta","nom_com":"Antofagasta","sector":"Antofagasta","cine_reg":"02","cine_prov":"021","cine_com":"02101"},"geometry":{"type":"LineString","coordinates":[[-70.39795,-23.5662],[-70.39542,-23.56601],[-70.39514,-23.56565],[-70.39328,-23.56554]]}},
{"type":"Feature","properties":{"nom_reg":"Antofagasta","nom_prov":"Antofagasta","nom_com":"Antofagasta","sector":"Antofagasta","cine_reg":"02","cine_prov":"021","cine_com":"02101"},"geometry":{"type":"LineString","coordinates":[[-70.39853,-23.55426],[-70.39685,-23.55257],[-70.3959,-23.55211]]}},
{"type":"Feature","properties":{"nom_reg":"Antofagasta","nom_prov":"Antofagasta","nom_com":"Antofagasta","sector":"Antofagasta","cine_reg":"02","cine_prov":"021","cine_com":"02101"},"geometry":{"type":"LineString","coordinates":[[-70.43694,-23.7273],[-70.43611,-23.72759],[-70.43602,-23.72783],[-70.43527,-23.72758]]}},
{"type":"Feature","properties":{"nom_reg":"Antofagasta","nom_prov":"Antofagasta","nom_com":"Antofagasta","sector":"Antofagasta","cine_reg":"02","cine_prov":"021","cine_com":"02101"},"geometry":{"type":"LineString","coordinates":[[-70.39318,-23.58417],[-70.39034,-23.58391],[-70.39002,-23.58732]]}},
{"type":"Feature","properties":{"nom_reg":"Antofagasta","nom_prov":"Tocopilla","nom_com":"Tocopilla","sector":"Tocopilla","cine_reg":"02","cine_prov":"023","cine_com":"02301"},"geometry":{"type":"LineString","coordinates":[[-70.19254,-22.07447],[-70.18993,-22.07542]]}},
{"type":"Feature","properties":{"nom_reg":"Antofagasta","nom_prov":"Antofagasta","nom_com":"Antofagasta","sector":"Antofagasta","cine_reg":"02","cine_prov":"021","cine_com":"02101"},"geometry":{"type":"LineString","coordinates":[[-70.42424,-23.70586],[-70.4228,-23.7067],[-70.42198,-23.70768],[-70.42175,-23.70726]]}},
{"type":"Feature","properties":{"nom_reg":"Antofagasta","nom_prov":"Antofagasta","nom_com":"Antofagasta","sector":"Antofagasta","cine_reg":"02","cine_prov":"021","cine_com":"02101"},"geometry":{"type":"LineString","coordinates":[[-70.4091,-23.67198],[-70.40813,-23.67313],[-70.40771,-23.67266],[-70.40691,-23.67301],[-70.40684,-23.67276],[-70.40372,-23.67403]]}},
{"type":"Feature","properties":{"nom_reg":"Antofagasta","nom_prov":"Antofagasta","nom_com":"Antofagasta","sector":"Antofagasta","cine_reg":"02","cine_prov":"021","cine_com":"02101"},"geometry":{"type":"LineString","coordinates":[[-70.39296,-23.62522],[-70.39152,-23.62551],[-70.39133,-23.62522],[-70.39107,-23.62529],[-70.39112,-23.62558],[-70.39041,-23.62568],[-70.38928,-23.62619]]}},
{"type":"Feature","properties":{"nom_reg":"Antofagasta","nom_prov":"Antofagasta","nom_com":"Antofagasta","sector":"Antofagasta","cine_reg":"02","cine_prov":"021","cine_com":"02101"},"geometry":{"type":"LineString","coordinates":[[-70.39862,-23.64485],[-70.3931,-23.65086]]}},
{"type":"Feature","properties":{"nom_reg":"Antofagasta","nom_prov":"Antofagasta","nom_com":"Taltal","sector":"Taltal","cine_reg":"02","cine_prov":"021","cine_com":"02104"},"geometry":{"type":"LineString","coordinates":[[-70.48312,-25.4045],[-70.48053,-25.4083]]}},
{"type":"Feature","properties":{"nom_reg":"Antofagasta","nom_prov":"Antofagasta","nom_com":"Antofagasta","sector":"Antofagasta","cine_reg":"02","cine_prov":"021","cine_com":"02101"},"geometry":{"type":"LineString","coordinates":[[-70.40359,-23.66361],[-70.39811,-23.6638]]}},
{"type":"Feature","properties":{"nom_reg":"Antofagasta","nom_prov":"Antofagasta","nom_com":"Antofagasta","sector":"Abtao","cine_reg":"02","cine_prov":"021","cine_com":"02101"},"geometry":{"type":"LineString","coordinates":[[-70.53386,-23.51104],[-70.53458,-23.51131],[-70.53507,-23.51059],[-70.53521,-23.50977]]}},
{"type":"Feature","properties":{"nom_reg":"Antofagasta","nom_prov":"Tocopilla","nom_com":"Tocopilla","sector":"Tocopilla","cine_reg":"02","cine_prov":"023","cine_com":"02301"},"geometry":{"type":"LineString","coordinates":[[-70.20144,-22.09152],[-70.19945,-22.0936]]}},
{"type":"Feature","properties":{"nom_reg":"Antofagasta","nom_prov":"Tocopilla","nom_com":"Tocopilla","sector":"Caleta Urco","cine_reg":"02","cine_prov":"023","cine_com":"02301"},"geometry":{"type":"LineString","coordinates":[[-70.15632,-21.76486],[-70.15581,-21.76525],[-70.15557,-21.7658],[-70.15423,-21.76515],[-70.15247,-21.76503]]}},
{"type":"Feature","properties":{"nom_reg":"Antofagasta","nom_prov":"Antofagasta","nom_com":"Antofagasta","sector":"Antofagasta","cine_reg":"02","cine_prov":"021","cine_com":"02101"},"geometry":{"type":"LineString","coordinates":[[-70.39285,-23.64022],[-70.3929,-23.64083],[-70.39141,-23.64088],[-70.39119,-23.64037]]}},
{"type":"Feature","properties":{"nom_reg":"Antofagasta","nom_prov":"Tocopilla","nom_com":"Tocopilla","sector":"Caleta Urco","cine_reg":"02","cine_prov":"023","cine_com":"02301"},"geometry":{"type":"LineString","coordinates":[[-70.15758,-21.76143],[-70.15615,-21.76074],[-70.15561,-21.76166],[-70.15509,-21.76198],[-70.15514,-21.76263],[-70.15501,-21.76284],[-70.15336,-21.76383]]}},
{"type":"Feature","properties":{"nom_reg":"Antofagasta","nom_prov":"Antofagasta","nom_com":"Mejillones","sector":"Mejillones","cine_reg":"02","cine_prov":"021","cine_com":"02102"},"geometry":{"type":"LineString","coordinates":[[-70.44268,-23.09733],[-70.44231,-23.09935],[-70.44163,-23.09924],[-70.44037,-23.10629],[-70.44018,-23.10661],[-70.44021,-23.10706],[-70.43961,-23.10833],[-70.44035,-23.1083],[-70.44033,-23.10861],[-70.44009,-23.10865],[-70.43976,-23.10981],[-70.43977,-23.11086],[-70.44025,-23.11083],[-70.44022,-23.11209]]}},
{"type":"Feature","properties":{"nom_reg":"Antofagasta","nom_prov":"Antofagasta","nom_com":"Antofagasta","sector":"Antofagasta","cine_reg":"02","cine_prov":"021","cine_com":"02101"},"geometry":{"type":"LineString","coordinates":[[-70.42426,-23.705],[-70.42193,-23.70609],[-70.42125,-23.70608]]}},
{"type":"Feature","properties":{"nom_reg":"Antofagasta","nom_prov":"Antofagasta","nom_com":"Antofagasta","sector":"Antofagasta","cine_reg":"02","cine_prov":"021","cine_com":"02101"},"geometry":{"type":"LineString","coordinates":[[-70.39681,-23.5923],[-70.39139,-23.59225]]}},
{"type":"Feature","properties":{"nom_reg":"Antofagasta","nom_prov":"Antofagasta","nom_com":"Antofagasta","sector":"Antofagasta","cine_reg":"02","cine_prov":"021","cine_com":"02101"},"geometry":{"type":"LineString","coordinates":[[-70.40277,-23.65884],[-70.3964,-23.65902],[-70.39637,-23.65955]]}},
{"type":"Feature","properties":{"nom_reg":"Antofagasta","nom_prov":"Antofagasta","nom_com":"Taltal","sector":"Taltal","cine_reg":"02","cine_prov":"021","cine_com":"02104"},"geometry":{"type":"LineString","coordinates":[[-70.4778,-25.40417],[-70.47697,-25.40514],[-70.47554,-25.40566]]}},
{"type":"Feature","properties":{"nom_reg":"Antofagasta","nom_prov":"Tocopilla","nom_com":"Tocopilla","sector":"Caleta Buena","cine_reg":"02","cine_prov":"023","cine_com":"02301"},"geometry":{"type":"LineString","coordinates":[[-70.25747,-22.44192],[-70.2563,-22.44149],[-70.25567,-22.4415],[-70.25522,-22.44175],[-70.2539,-22.44161],[-70.25289,-22.44175],[-70.25107,-22.44118]]}},
{"type":"Feature","properties":{"nom_reg":"Antofagasta","nom_prov":"Antofagasta","nom_com":"Antofagasta","sector":"Antofagasta","cine_reg":"02","cine_prov":"021","cine_com":"02101"},"geometry":{"type":"LineString","coordinates":[[-70.40237,-23.65053],[-70.3966,-23.65689],[-70.39597,-23.65617]]}},
{"type":"Feature","properties":{"nom_reg":"Antofagasta","nom_prov":"Tocopilla","nom_com":"Tocopilla","sector":"Tocopilla","cine_reg":"02","cine_prov":"023","cine_com":"02301"},"geometry":{"type":"LineString","coordinates":[[-70.1982,-22.08989],[-70.19629,-22.09206]]}},
{"type":"Feature","properties":{"nom_reg":"Antofagasta","nom_prov":"Antofagasta","nom_com":"Antofagasta","sector":"Antofagasta","cine_reg":"02","cine_prov":"021","cine_com":"02101"},"geometry":{"type":"LineString","coordinates":[[-70.42152,-23.69519],[-70.41652,-23.69483],[-70.41679,-23.69564]]}},
{"type":"Feature","properties":{"nom_reg":"Antofagasta","nom_prov":"Antofagasta","nom_com":"Antofagasta","sector":"Antofagasta","cine_reg":"02","cine_prov":"021","cine_com":"02101"},"geometry":{"type":"LineString","coordinates":[[-70.42184,-23.69619],[-70.4216,-23.69655],[-70.42085,-23.69691],[-70.4203,-23.69745],[-70.41806,-23.69868]]}},
{"type":"Feature","properties":{"nom_reg":"Antofagasta","nom_prov":"Tocopilla","nom_com":"Tocopilla","sector":"Tocopilla","cine_reg":"02","cine_prov":"023","cine_com":"02301"},"geometry":{"type":"LineString","coordinates":[[-70.19098,-22.06823],[-70.19107,-22.06759],[-70.19086,-22.06749],[-70.19036,-22.06762],[-70.18952,-22.06735]]}},
{"type":"Feature","properties":{"nom_reg":"Antofagasta","nom_prov":"Antofagasta","nom_com":"Antofagasta","sector":"Antofagasta","cine_reg":"02","cine_prov":"021","cine_com":"02101"},"geometry":{"type":"LineString","coordinates":[[-70.38984,-23.64221],[-70.38977,-23.64392]]}},
{"type":"Feature","properties":{"nom_reg":"Antofagasta","nom_prov":"Tocopilla","nom_com":"Tocopilla","sector":"Caleta Urco","cine_reg":"02","cine_prov":"023","cine_com":"02301"},"geometry":{"type":"LineString","coordinates":[[-70.15432,-21.76058],[-70.15507,-21.76193]]}},
{"type":"Feature","properties":{"nom_reg":"Antofagasta","nom_prov":"Tocopilla","nom_com":"Tocopilla","sector":"Tocopilla","cine_reg":"02","cine_prov":"023","cine_com":"02301"},"geometry":{"type":"LineString","coordinates":[[-70.19385,-22.07866],[-70.19339,-22.07885],[-70.19299,-22.07925]]}},
{"type":"Feature","properties":{"nom_reg":"Antofagasta","nom_prov":"Antofagasta","nom_com":"Mejillones","sector":"Hornitos","cine_reg":"02","cine_prov":"021","cine_com":"02102"},"geometry":{"type":"LineString","coordinates":[[-70.28662,-22.90915],[-70.28617,-22.9092],[-70.28578,-22.90997],[-70.28516,-22.9096],[-70.2845,-22.90954],[-70.28393,-22.90976]]}},
{"type":"Feature","properties":{"nom_reg":"Antofagasta","nom_prov":"Antofagasta","nom_com":"Antofagasta","sector":"Antofagasta","cine_reg":"02","cine_prov":"021","cine_com":"02101"},"geometry":{"type":"LineString","coordinates":[[-70.42636,-23.70768],[-70.42575,-23.70893]]}},
{"type":"Feature","properties":{"nom_reg":"Antofagasta","nom_prov":"Antofagasta","nom_com":"Mejillones","sector":"Michilla","cine_reg":"02","cine_prov":"021","cine_com":"02102"},"geometry":{"type":"LineString","coordinates":[[-70.27664,-22.71241],[-70.27574,-22.71261],[-70.27565,-22.71216],[-70.27425,-22.71247],[-70.27273,-22.71199]]}},
{"type":"Feature","properties":{"nom_reg":"Antofagasta","nom_prov":"Antofagasta","nom_com":"Antofagasta","sector":"Antofagasta","cine_reg":"02","cine_prov":"021","cine_com":"02101"},"geometry":{"type":"LineString","coordinates":[[-70.4013,-23.55993],[-70.39922,-23.55886],[-70.39826,-23.55876],[-70.39504,-23.55942],[-70.39475,-23.56053]]}},
{"type":"Feature","properties":{"nom_reg":"Antofagasta","nom_prov":"Tocopilla","nom_com":"Tocopilla","sector":"Caleta Cobija","cine_reg":"02","cine_prov":"023","cine_com":"02301"},"geometry":{"type":"LineString","coordinates":[[-70.26663,-22.55121],[-70.26377,-22.55703]]}},
{"type":"Feature","properties":{"nom_reg":"Antofagasta","nom_prov":"Antofagasta","nom_com":"Antofagasta","sector":"Antofagasta","cine_reg":"02","cine_prov":"021","cine_com":"02101"},"geometry":{"type":"LineString","coordinates":[[-70.40241,-23.65216],[-70.39681,-23.6582]]}},
{"type":"Feature","properties":{"nom_reg":"Antofagasta","nom_prov":"Tocopilla","nom_com":"Tocopilla","sector":"Caleta Urco","cine_reg":"02","cine_prov":"023","cine_com":"02301"},"geometry":{"type":"LineString","coordinates":[[-70.15557,-21.76442],[-70.15545,-21.76311],[-70.15523,-21.76256]]}},
{"type":"Feature","properties":{"nom_reg":"Antofagasta","nom_prov":"Antofagasta","nom_com":"Antofagasta","sector":"Antofagasta","cine_reg":"02","cine_prov":"021","cine_com":"02101"},"geometry":{"type":"LineString","coordinates":[[-70.40218,-23.64772],[-70.40142,-23.64851],[-70.40151,-23.64997],[-70.39583,-23.65589]]}},
{"type":"Feature","properties":{"nom_reg":"Antofagasta","nom_prov":"Antofagasta","nom_com":"Mejillones","sector":"Mejillones","cine_reg":"02","cine_prov":"021","cine_com":"02102"},"geometry":{"type":"LineString","coordinates":[[-70.44543,-23.09869],[-70.44485,-23.10185],[-70.44512,-23.10378],[-70.44509,-23.10509],[-70.4441,-23.10813],[-70.44239,-23.10823],[-70.44169,-23.10985],[-70.44168,-23.1107],[-70.44042,-23.11081]]}},
{"type":"Feature","properties":{"nom_reg":"Antofagasta","nom_prov":"Antofagasta","nom_com":"Antofagasta","sector":"Antofagasta","cine_reg":"02","cine_prov":"021","cine_com":"02101"},"geometry":{"type":"LineString","coordinates":[[-70.39358,-23.57683],[-70.3891,-23.57645],[-70.38914,-23.577]]}},
{"type":"Feature","properties":{"nom_reg":"Antofagasta","nom_prov":"Tocopilla","nom_com":"Tocopilla","sector":"Tocopilla","cine_reg":"02","cine_prov":"023","cine_com":"02301"},"geometry":{"type":"LineString","coordinates":[[-70.21313,-22.1144],[-70.21175,-22.11438],[-70.21143,-22.1141]]}},
{"type":"Feature","properties":{"nom_reg":"Antofagasta","nom_prov":"Antofagasta","nom_com":"Antofagasta","sector":"Antofagasta","cine_reg":"02","cine_prov":"021","cine_com":"02101"},"geometry":{"type":"LineString","coordinates":[[-70.42014,-23.68954],[-70.41944,-23.6898],[-70.41956,-23.69089],[-70.41919,-23.69125],[-70.41732,-23.69181],[-70.41597,-23.69248]]}},
{"type":"Feature","properties":{"nom_reg":"Antofagasta","nom_prov":"Antofagasta","nom_com":"Taltal","sector":"Taltal","cine_reg":"02","cine_prov":"021","cine_com":"02104"},"geometry":{"type":"LineString","coordinates":[[-70.48156,-25.40496],[-70.4808,-25.40643],[-70.4798,-25.40592]]}},
{"type":"Feature","properties":{"nom_reg":"Antofagasta","nom_prov":"Antofagasta","nom_com":"Antofagasta","sector":"Antofagasta","cine_reg":"02","cine_prov":"021","cine_com":"02101"},"geometry":{"type":"LineString","coordinates":[[-70.41268,-23.67762],[-70.40766,-23.67912]]}},
{"type":"Feature","properties":{"nom_reg":"Antofagasta","nom_prov":"Antofagasta","nom_com":"Taltal","sector":"Taltal","cine_reg":"02","cine_prov":"021","cine_com":"02104"},"geometry":{"type":"LineString","coordinates":[[-70.47728,-25.40279],[-70.47695,-25.40324],[-70.47619,-25.40344],[-70.47649,-25.40418],[-70.47499,-25.40468]]}},
{"type":"Feature","properties":{"nom_reg":"Antofagasta","nom_prov":"Antofagasta","nom_com":"Antofagasta","sector":"Antofagasta","cine_reg":"02","cine_prov":"021","cine_com":"02101"},"geometry":{"type":"LineString","coordinates":[[-70.41247,-23.67699],[-70.40907,-23.67797],[-70.40842,-23.67639],[-70.40585,-23.67735]]}},
{"type":"Feature","properties":{"nom_reg":"Antofagasta","nom_prov":"Antofagasta","nom_com":"Taltal","sector":"Taltal","cine_reg":"02","cine_prov":"021","cine_com":"02104"},"geometry":{"type":"LineString","coordinates":[[-70.48988,-25.40822],[-70.48637,-25.41245]]}},
{"type":"Feature","properties":{"nom_reg":"Antofagasta","nom_prov":"Antofagasta","nom_com":"Antofagasta","sector":"Antofagasta","cine_reg":"02","cine_prov":"021","cine_com":"02101"},"geometry":{"type":"LineString","coordinates":[[-70.43634,-23.72519],[-70.43581,-23.72542],[-70.43517,-23.72515],[-70.43468,-23.72553]]}},
{"type":"Feature","properties":{"nom_reg":"Antofagasta","nom_prov":"Antofagasta","nom_com":"Mejillones","sector":"Hornitos","cine_reg":"02","cine_prov":"021","cine_com":"02102"},"geometry":{"type":"LineString","coordinates":[[-70.28714,-22.89727],[-70.28617,-22.89713]]}},
{"type":"Feature","properties":{"nom_reg":"Antofagasta","nom_prov":"Antofagasta","nom_com":"Antofagasta","sector":"Antofagasta","cine_reg":"02","cine_prov":"021","cine_com":"02101"},"geometry":{"type":"LineString","coordinates":[[-70.40475,-23.66557],[-70.40353,-23.66604],[-70.4037,-23.66621],[-70.39999,-23.66775]]}},
{"type":"Feature","properties":{"nom_reg":"Antofagasta","nom_prov":"Antofagasta","nom_com":"Mejillones","sector":"Michilla","cine_reg":"02","cine_prov":"021","cine_com":"02102"},"geometry":{"type":"LineString","coordinates":[[-70.27507,-22.70961],[-70.2753,-22.7106]]}},
{"type":"Feature","properties":{"nom_reg":"Libertador General Bernardo O'Higgins","nom_prov":"Cardenal Caro","nom_com":"Navidad","sector":"Matanzas","cine_reg":"06","cine_prov":"062","cine_com":"06205"},"geometry":{"type":"LineString","coordinates":[[-71.87742,-33.9626],[-71.87445,-33.9624]]}},
{"type":"Feature","properties":{"nom_reg":"Libertador General Bernardo O'Higgins","nom_prov":"Cardenal Caro","nom_com":"Navidad","sector":"La Vega de La Boca - El Bajío","cine_reg":"06","cine_prov":"062","cine_com":"06205"},"geometry":{"type":"LineString","coordinates":[[-71.80866,-33.92574],[-71.80918,-33.92628],[-71.80927,-33.92705],[-71.80957,-33.92746],[-71.80837,-33.92829],[-71.80784,-33.92895]]}},
{"type":"Feature","properties":{"nom_reg":"Libertador General Bernardo O'Higgins","nom_prov":"Cardenal Caro","nom_com":"Navidad","sector":"La Vega de La Boca - El Bajío","cine_reg":"06","cine_prov":"062","cine_com":"06205"},"geometry":{"type":"LineString","coordinates":[[-71.80913,-33.93677],[-71.80976,-33.9358],[-71.80971,-33.93491],[-71.81009,-33.93445],[-71.80966,-33.93276],[-71.80983,-33.93225]]}},
{"type":"Feature","properties":{"nom_reg":"Libertador General Bernardo O'Higgins","nom_prov":"Cardenal Caro","nom_com":"Navidad","sector":"Las Brisas y Navidad (centro)","cine_reg":"06","cine_prov":"062","cine_com":"06205"},"geometry":{"type":"LineString","coordinates":[[-71.82588,-33.95858],[-71.82508,-33.95947],[-71.82471,-33.95955],[-71.82315,-33.95954],[-71.81976,-33.95989],[-71.81999,-33.96253],[-71.8196,-33.96286],[-71.81875,-33.96279],[-71.81811,-33.96298],[-71.81731,-33.96381],[-71.81692,-33.96389],[-71.8166,-33.96376]]}},
{"type":"Feature","properties":{"nom_reg":"Libertador General Bernardo O'Higgins","nom_prov":"Cardenal Caro","nom_com":"Navidad","sector":"Las Brisas y Navidad (centro)","cine_reg":"06","cine_prov":"062","cine_com":"06205"},"geometry":{"type":"LineString","coordinates":[[-71.8285,-33.95678],[-71.82758,-33.9579],[-71.83035,-33.95827],[-71.83085,-33.95849],[-71.83108,-33.9575],[-71.83181,-33.95671]]}},
{"type":"Feature","properties":{"nom_reg":"Libertador General Bernardo O'Higgins","nom_prov":"Cardenal Caro","nom_com":"Navidad","sector":"Las Brisas y Navidad (centro)","cine_reg":"06","cine_prov":"062","cine_com":"06205"},"geometry":{"type":"LineString","coordinates":[[-71.83265,-33.94971],[-71.83213,-33.94948],[-71.8318,-33.94882]]}},
{"type":"Feature","properties":{"nom_reg":"Libertador General Bernardo O'Higgins","nom_prov":"Cardenal Caro","nom_com":"Navidad","sector":"Las Brisas y Navidad (centro)","cine_reg":"06","cine_prov":"062","cine_com":"06205"},"geometry":{"type":"LineString","coordinates":[[-71.83278,-33.94622],[-71.83175,-33.94759],[-71.83175,-33.94865]]}},
{"type":"Feature","properties":{"nom_reg":"Libertador General Bernardo O'Higgins","nom_prov":"Cardenal Caro","nom_com":"Navidad","sector":"Las Brisas y Navidad (centro)","cine_reg":"06","cine_prov":"062","cine_com":"06205"},"geometry":{"type":"LineString","coordinates":[[-71.83374,-33.94541],[-71.83496,-33.94321]]}},
{"type":"Feature","properties":{"nom_reg":"Libertador General Bernardo O'Higgins","nom_prov":"Cardenal Caro","nom_com":"Navidad","sector":"Las Brisas y Navidad (centro)","cine_reg":"06","cine_prov":"062","cine_com":"06205"},"geometry":{"type":"LineString","coordinates":[[-71.83983,-33.94177],[-71.8389,-33.94123],[-71.83828,-33.94053]]}},
{"type":"Feature","properties":{"nom_reg":"Libertador General Bernardo O'Higgins","nom_prov":"Cardenal Caro","nom_com":"Navidad","sector":"Las Brisas y Navidad (centro)","cine_reg":"06","cine_prov":"062","cine_com":"06205"},"geometry":{"type":"LineString","coordinates":[[-71.8401,-33.9394],[-71.84181,-33.93849]]}},
{"type":"Feature","properties":{"nom_reg":"Libertador General Bernardo O'Higgins","nom_prov":"Cardenal Caro","nom_com":"Navidad","sector":"Las Brisas y Navidad (centro)","cine_reg":"06","cine_prov":"062","cine_com":"06205"},"geometry":{"type":"LineString","coordinates":[[-71.84822,-33.93811],[-71.84717,-33.93868],[-71.84662,-33.9382]]}},
{"type":"Feature","properties":{"nom_reg":"Libertador General Bernardo O'Higgins","nom_prov":"Cardenal Caro","nom_com":"Navidad","sector":"Vega de Pupuya","cine_reg":"06","cine_prov":"062","cine_com":"06205"},"geometry":{"type":"LineString","coordinates":[[-71.86091,-33.98321],[-71.85995,-33.98223],[-71.85788,-33.98285],[-71.85696,-33.98277],[-71.85501,-33.98322],[-71.85479,-33.98376],[-71.85431,-33.98358]]}},
{"type":"Feature","properties":{"nom_reg":"Libertador General Bernardo O'Higgins","nom_prov":"Cardenal Caro","nom_com":"Navidad","sector":"Vega de Pupuya","cine_reg":"06","cine_prov":"062","cine_com":"06205"},"geometry":{"type":"LineString","coordinates":[[-71.85039,-34.00208],[-71.8504,-34.00249],[-71.85318,-34.00324]]}},
{"type":"Feature","properties":{"nom_reg":"Libertador General Bernardo O'Higgins","nom_prov":"Cardenal Caro","nom_com":"Navidad","sector":"Vega de Pupuya","cine_reg":"06","cine_prov":"062","cine_com":"06205"},"geometry":{"type":"LineString","coordinates":[[-71.85174,-34.00154],[-71.85221,-34.00202],[-71.85187,-34.0024],[-71.8519,-34.00257],[-71.85339,-34.00281]]}},
{"type":"Feature","properties":{"nom_reg":"Libertador General Bernardo O'Higgins","nom_prov":"Cardenal Caro","nom_com":"Navidad","sector":"Vega de Pupuya","cine_reg":"06","cine_prov":"062","cine_com":"06205"},"geometry":{"type":"LineString","coordinates":[[-71.85099,-34.00391],[-71.85179,-34.00393],[-71.85273,-34.00427],[-71.85372,-34.0024]]}},
{"type":"Feature","properties":{"nom_reg":"Libertador General Bernardo O'Higgins","nom_prov":"Cardenal Caro","nom_com":"Navidad","sector":"Vega de Pupuya","cine_reg":"06","cine_prov":"062","cine_com":"06205"},"geometry":{"type":"LineString","coordinates":[[-71.85946,-33.99616],[-71.85778,-33.99803],[-71.85504,-33.99927],[-71.85401,-34.00192]]}},
{"type":"Feature","properties":{"nom_reg":"Libertador General Bernardo O'Higgins","nom_prov":"Cardenal Caro","nom_com":"Navidad","sector":"Vega de Pupuya","cine_reg":"06","cine_prov":"062","cine_com":"06205"},"geometry":{"type":"LineString","coordinates":[[-71.86029,-33.99497],[-71.86213,-33.9938],[-71.86307,-33.99294]]}},
{"type":"Feature","properties":{"nom_reg":"Libertador General Bernardo O'Higgins","nom_prov":"Cardenal Caro","nom_com":"Navidad","sector":"Vega de Pupuya","cine_reg":"06","cine_prov":"062","cine_com":"06205"},"geometry":{"type":"LineString","coordinates":[[-71.86538,-33.98392],[-71.86558,-33.98605]]}},
{"type":"Feature","properties":{"nom_reg":"Libertador General Bernardo O'Higgins","nom_prov":"Cardenal Caro","nom_com":"Navidad","sector":"Vega de Pupuya","cine_reg":"06","cine_prov":"062","cine_com":"06205"},"geometry":{"type":"LineString","coordinates":[[-71.87836,-33.98596],[-71.87778,-33.98785],[-71.87893,-33.98817]]}},
{"type":"Feature","properties":{"nom_reg":"Libertador General Bernardo O'Higgins","nom_prov":"Cardenal Caro","nom_com":"Navidad","sector":"Vega de Pupuya","cine_reg":"06","cine_prov":"062","cine_com":"06205"},"geometry":{"type":"LineString","coordinates":[[-71.87893,-33.98618],[-71.87843,-33.98798]]}},
{"type":"Feature","properties":{"nom_reg":"Libertador General Bernardo O'Higgins","nom_prov":"Cardenal Caro","nom_com":"Navidad","sector":"Vega de Pupuya","cine_reg":"06","cine_prov":"062","cine_com":"06205"},"geometry":{"type":"LineString","coordinates":[[-71.87978,-33.98754],[-71.87955,-33.98828]]}},
{"type":"Feature","properties":{"nom_reg":"Libertador General Bernardo O'Higgins","nom_prov":"Cardenal Caro","nom_com":"Navidad","sector":"Vega de Pupuya","cine_reg":"06","cine_prov":"062","cine_com":"06205"},"geometry":{"type":"LineString","coordinates":[[-71.8821,-33.98883],[-71.88209,-33.98945]]}},
{"type":"Feature","properties":{"nom_reg":"Libertador General Bernardo O'Higgins","nom_prov":"Cardenal Caro","nom_com":"Navidad","sector":"Vega de Pupuya","cine_reg":"06","cine_prov":"062","cine_com":"06205"},"geometry":{"type":"LineString","coordinates":[[-71.88261,-33.98828],[-71.8826,-33.98946]]}},
{"type":"Feature","properties":{"nom_reg":"Libertador General Bernardo O'Higgins","nom_prov":"Cardenal Caro","nom_com":"Navidad","sector":"La Vega de La Boca - El Bajío","cine_reg":"06","cine_prov":"062","cine_com":"06205"},"geometry":{"type":"LineString","coordinates":[[-71.80351,-33.92731],[-71.80456,-33.92727],[-71.807,-33.92868],[-71.80834,-33.92925],[-71.80966,-33.93218],[-71.81124,-33.93208],[-71.81199,-33.93231],[-71.81363,-33.93365],[-71.81433,-33.93387],[-71.81483,-33.93382]]}},
{"type":"Feature","properties":{"nom_reg":"Libertador General Bernardo O'Higgins","nom_prov":"Cardenal Caro","nom_com":"Navidad","sector":"La Vega de La Boca - El Bajío","cine_reg":"06","cine_prov":"062","cine_com":"06205"},"geometry":{"type":"LineString","coordinates":[[-71.80879,-33.92064],[-71.80826,-33.92123],[-71.80662,-33.92232],[-71.80681,-33.92312],[-71.80749,-33.92454],[-71.8094,-33.92423],[-71.81033,-33.92439]]}},
{"type":"Feature","properties":{"nom_reg":"Libertador General Bernardo O'Higgins","nom_prov":"Cardenal Caro","nom_com":"Navidad","sector":"La Vega de La Boca - El Bajío","cine_reg":"06","cine_prov":"062","cine_com":"06205"},"geometry":{"type":"LineString","coordinates":[[-71.82546,-33.92894],[-71.82429,-33.92876],[-71.82298,-33.93004],[-71.82149,-33.93224],[-71.82129,-33.93312],[-71.82157,-33.93402],[-71.8216,-33.93531],[-71.82134,-33.93545],[-71.8207,-33.93544],[-71.82003,-33.93597],[-71.8198,-33.93694],[-71.81975,-33.93733],[-71.82043,-33.93824],[-71.82021,-33.93864],[-71.81975,-33.93885],[-71.81909,-33.93874],[-71.81822,-33.93791],[-71.81785,-33.93595],[-71.8172,-33.93515],[-71.81572,-33.93386]]}},
{"type":"Feature","properties":{"nom_reg":"Libertador General Bernardo O'Higgins","nom_prov":"Cardenal Caro","nom_com":"Navidad","sector":"La Vega de La Boca - El Bajío","cine_reg":"06","cine_prov":"062","cine_com":"06205"},"geometry":{"type":"LineString","coordinates":[[-71.80237,-33.91566],[-71.80359,-33.91526],[-71.80389,-33.91542],[-71.8041,-33.91641],[-71.80387,-33.91798],[-71.8091,-33.91891],[-71.81117,-33.91861],[-71.81187,-33.91866],[-71.81371,-33.92017],[-71.81415,-33.92032]]}},
{"type":"Feature","properties":{"nom_reg":"Libertador General Bernardo O'Higgins","nom_prov":"Cardenal Caro","nom_com":"Navidad","sector":"La Vega de La Boca - El Bajío","cine_reg":"06","cine_prov":"062","cine_com":"06205"},"geometry":{"type":"LineString","coordinates":[[-71.8228,-33.91863],[-71.82461,-33.92053],[-71.82541,-33.92221]]}},
{"type":"Feature","properties":{"nom_reg":"Libertador General Bernardo O'Higgins","nom_prov":"Cardenal Caro","nom_com":"Navidad","sector":"La Vega de La Boca - El Bajío","cine_reg":"06","cine_prov":"062","cine_com":"06205"},"geometry":{"type":"LineString","coordinates":[[-71.82641,-33.92325],[-71.82532,-33.92272]]}},
{"type":"Feature","properties":{"nom_reg":"Libertador General Bernardo O'Higgins","nom_prov":"Cardenal Caro","nom_com":"Navidad","sector":"La Vega de La Boca - El Bajío","cine_reg":"06","cine_prov":"062","cine_com":"06205"},"geometry":{"type":"LineString","coordinates":[[-71.81318,-33.91299],[-71.81185,-33.91331],[-71.81201,-33.91383],[-71.81349,-33.91485],[-71.81523,-33.91529],[-71.81659,-33.91615]]}},
{"type":"Feature","properties":{"nom_reg":"Libertador General Bernardo O'Higgins","nom_prov":"Cardenal Caro","nom_com":"Navidad","sector":"La Vega de La Boca - El Bajío","cine_reg":"06","cine_prov":"062","cine_com":"06205"},"geometry":{"type":"LineString","coordinates":[[-71.81683,-33.91334],[-71.81908,-33.91452]]}},
{"type":"Feature","properties":{"nom_reg":"Libertador General Bernardo O'Higgins","nom_prov":"Cardenal Caro","nom_com":"Navidad","sector":"La Vega de La Boca - El Bajío","cine_reg":"06","cine_prov":"062","cine_com":"06205"},"geometry":{"type":"LineString","coordinates":[[-71.81912,-33.9122],[-71.81837,-33.91272],[-71.81878,-33.91344],[-71.81938,-33.914],[-71.81946,-33.91428],[-71.81924,-33.91453],[-71.81945,-33.91505],[-71.82018,-33.91552],[-71.82087,-33.91623],[-71.8205,-33.91646],[-71.81908,-33.91673],[-71.81674,-33.91609]]}},
{"type":"Feature","properties":{"nom_reg":"Libertador General Bernardo O'Higgins","nom_prov":"Cardenal Caro","nom_com":"Navidad","sector":"Las Brisas y Navidad (centro)","cine_reg":"06","cine_prov":"062","cine_com":"06205"},"geometry":{"type":"LineString","coordinates":[[-71.83164,-33.94873],[-71.83095,-33.94839],[-71.83078,-33.94851],[-71.8295,-33.95026],[-71.82881,-33.95087],[-71.8284,-33.95163],[-71.82776,-33.95217],[-71.8272,-33.95242],[-71.82679,-33.95326],[-71.82603,-33.95393],[-71.82574,-33.95405],[-71.82516,-33.95395],[-71.82471,-33.95463],[-71.82396,-33.95531],[-71.8227,-33.95564],[-71.8223,-33.95552]]}},
{"type":"Feature","properties":{"nom_reg":"Libertador General Bernardo O'Higgins","nom_prov":"Cardenal Caro","nom_com":"Navidad","sector":"Las Brisas y Navidad (centro)","cine_reg":"06","cine_prov":"062","cine_com":"06205"},"geometry":{"type":"LineString","coordinates":[[-71.84156,-33.94493],[-71.84083,-33.94564]]}},
{"type":"Feature","properties":{"nom_reg":"Libertador General Bernardo O'Higgins","nom_prov":"Cardenal Caro","nom_com":"Navidad","sector":"Las Brisas y Navidad (centro)","cine_reg":"06","cine_prov":"062","cine_com":"06205"},"geometry":{"type":"LineString","coordinates":[[-71.849,-33.93736],[-71.84864,-33.93713],[-71.84791,-33.93776],[-71.84774,-33.93753],[-71.84799,-33.93679],[-71.84711,-33.9363],[-71.84669,-33.93624]]}},
{"type":"Feature","properties":{"nom_reg":"Libertador General Bernardo O'Higgins","nom_prov":"Cardenal Caro","nom_com":"Navidad","sector":"Las Brisas y Navidad (centro)","cine_reg":"06","cine_prov":"062","cine_com":"06205"},"geometry":{"type":"LineString","coordinates":[[-71.84933,-33.93644],[-71.8488,-33.9365],[-71.84837,-33.93608],[-71.84706,-33.93553]]}},
{"type":"Feature","properties":{"nom_reg":"Libertador General Bernardo O'Higgins","nom_prov":"Cardenal Caro","nom_com":"Navidad","sector":"Las Brisas y Navidad (centro)","cine_reg":"06","cine_prov":"062","cine_com":"06205"},"geometry":{"type":"LineString","coordinates":[[-71.8359,-33.94929],[-71.83446,-33.95124]]}},
{"type":"Feature","properties":{"nom_reg":"Libertador General Bernardo O'Higgins","nom_prov":"Cardenal Caro","nom_com":"Navidad","sector":"La Boca","cine_reg":"06","cine_prov":"062","cine_com":"06205"},"geometry":{"type":"LineString","coordinates":[[-71.84054,-33.92524],[-71.84162,-33.92413]]}},
{"type":"Feature","properties":{"nom_reg":"Libertador General Bernardo O'Higgins","nom_prov":"Cardenal Caro","nom_com":"Navidad","sector":"La Boca","cine_reg":"06","cine_prov":"062","cine_com":"06205"},"geometry":{"type":"LineString","coordinates":[[-71.84766,-33.9196],[-71.84696,-33.91856],[-71.84649,-33.91676]]}},
{"type":"Feature","properties":{"nom_reg":"Libertador General Bernardo O'Higgins","nom_prov":"Cardenal Caro","nom_com":"Navidad","sector":"Vega de Pupuya","cine_reg":"06","cine_prov":"062","cine_com":"06205"},"geometry":{"type":"LineString","coordinates":[[-71.86409,-33.99069],[-71.86391,-33.98745],[-71.86356,-33.98643]]}},
{"type":"Feature","properties":{"nom_reg":"Libertador General Bernardo O'Higgins","nom_prov":"Cardenal Caro","nom_com":"Navidad","sector":"Las Brisas y Navidad (centro)","cine_reg":"06","cine_prov":"062","cine_com":"06205"},"geometry":{"type":"LineString","coordinates":[[-71.84113,-33.94246],[-71.84174,-33.94276],[-71.84289,-33.94265],[-71.84365,-33.94283],[-71.84408,-33.94309],[-71.84336,-33.94396],[-71.84355,-33.94419],[-71.84459,-33.94422],[-71.84515,-33.9452],[-71.84564,-33.94514],[-71.84665,-33.94578]]}},
{"type":"Feature","properties":{"nom_reg":"Libertador General Bernardo O'Higgins","nom_prov":"Cardenal Caro","nom_com":"Navidad","sector":"Vega de Pupuya","cine_reg":"06","cine_prov":"062","cine_com":"06205"},"geometry":{"type":"LineString","coordinates":[[-71.8833,-33.99039],[-71.88196,-33.99028],[-71.88184,-33.99346],[-71.88127,-33.99352]]}},
{"type":"Feature","properties":{"nom_reg":"Libertador General Bernardo O'Higgins","nom_prov":"Cardenal Caro","nom_com":"Navidad","sector":"La Vega de La Boca - El Bajío","cine_reg":"06","cine_prov":"062","cine_com":"06205"},"geometry":{"type":"LineString","coordinates":[[-71.82683,-33.92966],[-71.82849,-33.9303],[-71.82949,-33.93126],[-71.83147,-33.93273],[-71.83307,-33.93329],[-71.83364,-33.93367]]}},
{"type":"Feature","properties":{"nom_reg":"Libertador General Bernardo O'Higgins","nom_prov":"Cardenal Caro","nom_com":"Navidad","sector":"La Vega de La Boca - El Bajío","cine_reg":"06","cine_prov":"062","cine_com":"06205"},"geometry":{"type":"LineString","coordinates":[[-71.82069,-33.93084],[-71.81759,-33.93241],[-71.81675,-33.93297],[-71.81648,-33.93343],[-71.81596,-33.93356]]}},
{"type":"Feature","properties":{"nom_reg":"Libertador General Bernardo O'Higgins","nom_prov":"Cardenal Caro","nom_com":"Navidad","sector":"Matanzas","cine_reg":"06","cine_prov":"062","cine_com":"06205"},"geometry":{"type":"LineString","coordinates":[[-71.87352,-33.96313],[-71.87264,-33.96378],[-71.87139,-33.96406],[-71.87057,-33.96464],[-71.8692,-33.9647],[-71.86808,-33.96506],[-71.86705,-33.96514],[-71.866,-33.96592],[-71.86501,-33.96743],[-71.86398,-33.96786],[-71.86355,-33.96821],[-71.86226,-33.96818],[-71.86122,-33.96752],[-71.86032,-33.96754],[-71.85994,-33.96772],[-71.85981,-33.96816],[-71.85904,-33.96876],[-71.85904,-33.96903],[-71.85931,-33.96941],[-71.85913,-33.96974],[-71.85841,-33.96959],[-71.85734,-33.96833]]}},
{"type":"Feature","properties":{"nom_reg":"Libertador General Bernardo O'Higgins","nom_prov":"Cardenal Caro","nom_com":"Navidad","sector":"Las Brisas y Navidad (centro)","cine_reg":"06","cine_prov":"062","cine_com":"06205"},"geometry":{"type":"LineString","coordinates":[[-71.83139,-33.95341],[-71.83228,-33.95392]]}},
{"type":"Feature","properties":{"nom_reg":"Libertador General Bernardo O'Higgins","nom_prov":"Cardenal Caro","nom_com":"Navidad","sector":"Las Brisas y Navidad (centro)","cine_reg":"06","cine_prov":"062","cine_com":"06205"},"geometry":{"type":"LineString","coordinates":[[-71.83258,-33.95225],[-71.83337,-33.95267]]}},
{"type":"Feature","properties":{"nom_reg":"Libertador General Bernardo O'Higgins","nom_prov":"Cardenal Caro","nom_com":"Navidad","sector":"Vega de Pupuya","cine_reg":"06","cine_prov":"062","cine_com":"06205"},"geometry":{"type":"LineString","coordinates":[[-71.88278,-33.98362],[-71.88036,-33.98338],[-71.87941,-33.98348],[-71.87915,-33.98238],[-71.87831,-33.98151],[-71.87865,-33.98118],[-71.8782,-33.98074],[-71.87834,-33.9803]]}},
{"type":"Feature","properties":{"nom_reg":"Libertador General Bernardo O'Higgins","nom_prov":"Cardenal Caro","nom_com":"Navidad","sector":"La Boca","cine_reg":"06","cine_prov":"062","cine_com":"06205"},"geometry":{"type":"LineString","coordinates":[[-71.84859,-33.92324],[-71.84813,-33.92303],[-71.84822,-33.92384],[-71.84754,-33.9232],[-71.84651,-33.92291]]}},
{"type":"Feature","properties":{"nom_reg":"Libertador General Bernardo O'Higgins","nom_prov":"Cardenal Caro","nom_com":"Navidad","sector":"La Boca","cine_reg":"06","cine_prov":"062","cine_com":"06205"},"geometry":{"type":"LineString","coordinates":[[-71.8456,-33.91428],[-71.846,-33.91519],[-71.846,-33.91589],[-71.84641,-33.91706],[-71.8463,-33.91865]]}},
{"type":"Feature","properties":{"nom_reg":"Libertador General Bernardo O'Higgins","nom_prov":"Cardenal Caro","nom_com":"Navidad","sector":"Las Brisas y Navidad (centro)","cine_reg":"06","cine_prov":"062","cine_com":"06205"},"geometry":{"type":"LineString","coordinates":[[-71.83616,-33.9492],[-71.83728,-33.9488],[-71.84066,-33.94571],[-71.8417,-33.94651],[-71.84276,-33.94694]]}},
{"type":"Feature","properties":{"nom_reg":"Libertador General Bernardo O'Higgins","nom_prov":"Cardenal Caro","nom_com":"Navidad","sector":"Las Brisas y Navidad (centro)","cine_reg":"06","cine_prov":"062","cine_com":"06205"},"geometry":{"type":"LineString","coordinates":[[-71.84675,-33.94194],[-71.84595,-33.94211],[-71.84426,-33.94301]]}},
{"type":"Feature","properties":{"nom_reg":"Libertador General Bernardo O'Higgins","nom_prov":"Cardenal Caro","nom_com":"Navidad","sector":"Las Brisas y Navidad (centro)","cine_reg":"06","cine_prov":"062","cine_com":"06205"},"geometry":{"type":"LineString","coordinates":[[-71.84224,-33.94447],[-71.84378,-33.94327]]}},
{"type":"Feature","properties":{"nom_reg":"Libertador General Bernardo O'Higgins","nom_prov":"Cardenal Caro","nom_com":"Navidad","sector":"Las Brisas y Navidad (centro)","cine_reg":"06","cine_prov":"062","cine_com":"06205"},"geometry":{"type":"LineString","coordinates":[[-71.83938,-33.93981],[-71.83676,-33.94123],[-71.83519,-33.94306],[-71.83498,-33.94309],[-71.83495,-33.94239],[-71.83533,-33.94145],[-71.8355,-33.93915],[-71.83599,-33.93871],[-71.83606,-33.93742],[-71.83646,-33.93665]]}},
{"type":"Feature","properties":{"nom_reg":"Libertador General Bernardo O'Higgins","nom_prov":"Cardenal Caro","nom_com":"Navidad","sector":"Las Brisas y Navidad (centro)","cine_reg":"06","cine_prov":"062","cine_com":"06205"},"geometry":{"type":"LineString","coordinates":[[-71.8296,-33.95525],[-71.83091,-33.95597]]}},
{"type":"Feature","properties":{"nom_reg":"Libertador General Bernardo O'Higgins","nom_prov":"Cardenal Caro","nom_com":"Navidad","sector":"Las Brisas y Navidad (centro)","cine_reg":"06","cine_prov":"062","cine_com":"06205"},"geometry":{"type":"LineString","coordinates":[[-71.83299,-33.94976],[-71.83327,-33.94989],[-71.83341,-33.95029],[-71.83312,-33.95112],[-71.8344,-33.95138],[-71.83091,-33.95597],[-71.83178,-33.95651],[-71.83199,-33.95698],[-71.83193,-33.95721],[-71.83148,-33.95742],[-71.83142,-33.95768],[-71.83158,-33.95787],[-71.83222,-33.95826],[-71.83284,-33.95831],[-71.83505,-33.95912],[-71.83582,-33.9598]]}},
{"type":"Feature","properties":{"nom_reg":"Libertador General Bernardo O'Higgins","nom_prov":"Cardenal Caro","nom_com":"Navidad","sector":"Matanzas","cine_reg":"06","cine_prov":"062","cine_com":"06205"},"geometry":{"type":"LineString","coordinates":[[-71.87242,-33.95889],[-71.87142,-33.95791],[-71.87026,-33.95549]]}},
{"type":"Feature","properties":{"nom_reg":"Libertador General Bernardo O'Higgins","nom_prov":"Cardenal Caro","nom_com":"Navidad","sector":"Matanzas","cine_reg":"06","cine_prov":"062","cine_com":"06205"},"geometry":{"type":"LineString","coordinates":[[-71.87339,-33.96188],[-71.87263,-33.96207],[-71.8714,-33.9606],[-71.87047,-33.96012],[-71.87027,-33.96024],[-71.8704,-33.96063],[-71.87025,-33.9608],[-71.86891,-33.96058],[-71.86768,-33.96074]]}},
{"type":"Feature","properties":{"nom_reg":"Los Lagos","nom_prov":"Palena","nom_com":"Chaitén","sector":"Ayacara","cine_reg":"10","cine_prov":"104","cine_com":"10401"},"geometry":{"type":"LineString","coordinates":[[-72.78466,-42.31703],[-72.78455,-42.31826],[-72.78384,-42.3188],[-72.78291,-42.31873],[-72.78156,-42.31929]]}},
{"type":"Feature","properties":{"nom_reg":"Libertador General Bernardo O'Higgins","nom_prov":"Cardenal Caro","nom_com":"Navidad","sector":"Matanzas","cine_reg":"06","cine_prov":"062","cine_com":"06205"},"geometry":{"type":"LineString","coordinates":[[-71.87329,-33.96058],[-71.8747,-33.96344],[-71.87643,-33.96547],[-71.87694,-33.9675]]}},
{"type":"Feature","properties":{"nom_reg":"Libertador General Bernardo O'Higgins","nom_prov":"Cardenal Caro","nom_com":"Navidad","sector":"Vega de Pupuya","cine_reg":"06","cine_prov":"062","cine_com":"06205"},"geometry":{"type":"LineString","coordinates":[[-71.86407,-33.99158],[-71.86391,-33.99215],[-71.86313,-33.99289],[-71.86397,-33.99336],[-71.86312,-33.99407],[-71.86301,-33.995]]}},
{"type":"Feature","properties":{"nom_reg":"Libertador General Bernardo O'Higgins","nom_prov":"Cardenal Caro","nom_com":"Navidad","sector":"Vega de Pupuya","cine_reg":"06","cine_prov":"062","cine_com":"06205"},"geometry":{"type":"LineString","coordinates":[[-71.8787,-33.98922],[-71.87819,-33.9908],[-71.87809,-33.99249],[-71.87774,-33.99431],[-71.87674,-33.99669],[-71.87674,-33.99711],[-71.87654,-33.99732]]}},
{"type":"Feature","properties":{"nom_reg":"Libertador General Bernardo O'Higgins","nom_prov":"Cardenal Caro","nom_com":"Navidad","sector":"Vega de Pupuya","cine_reg":"06","cine_prov":"062","cine_com":"06205"},"geometry":{"type":"LineString","coordinates":[[-71.87697,-33.98763],[-71.87671,-33.98795],[-71.87656,-33.98887],[-71.87707,-33.98945],[-71.87734,-33.99019],[-71.87688,-33.99054],[-71.87682,-33.99177],[-71.87567,-33.99335],[-71.87572,-33.99419],[-71.87524,-33.99478]]}},
{"type":"Feature","properties":{"nom_reg":"Libertador General Bernardo O'Higgins","nom_prov":"Cardenal Caro","nom_com":"Navidad","sector":"Vega de Pupuya","cine_reg":"06","cine_prov":"062","cine_com":"06205"},"geometry":{"type":"LineString","coordinates":[[-71.88082,-33.98679],[-71.88063,-33.98745],[-71.87938,-33.98709],[-71.87899,-33.98817],[-71.88056,-33.98884],[-71.88058,-33.99149],[-71.88089,-33.99221],[-71.88082,-33.99274],[-71.88135,-33.99401],[-71.88205,-33.99488],[-71.8824,-33.99609]]}},
{"type":"Feature","properties":{"nom_reg":"Libertador General Bernardo O'Higgins","nom_prov":"Cardenal Caro","nom_com":"Navidad","sector":"Vega de Pupuya","cine_reg":"06","cine_prov":"062","cine_com":"06205"},"geometry":{"type":"LineString","coordinates":[[-71.87839,-33.98437],[-71.87471,-33.9837]]}},
{"type":"Feature","properties":{"nom_reg":"Libertador General Bernardo O'Higgins","nom_prov":"Cardenal Caro","nom_com":"Navidad","sector":"Vega de Pupuya","cine_reg":"06","cine_prov":"062","cine_com":"06205"},"geometry":{"type":"LineString","coordinates":[[-71.87564,-33.98707],[-71.87539,-33.98639],[-71.8753,-33.98518],[-71.87486,-33.98481],[-71.87463,-33.98418],[-71.87477,-33.98302]]}},
{"type":"Feature","properties":{"nom_reg":"Libertador General Bernardo O'Higgins","nom_prov":"Cardenal Caro","nom_com":"Navidad","sector":"Chorrillos Playa","cine_reg":"06","cine_prov":"062","cine_com":"06205"},"geometry":{"type":"LineString","coordinates":[[-71.89777,-34.00664],[-71.89559,-34.00405],[-71.89412,-34.00162],[-71.89339,-34.00075],[-71.892,-33.99932],[-71.89093,-33.99856],[-71.89082,-33.99829],[-71.88952,-33.99704],[-71.88932,-33.99718],[-71.88899,-33.99711],[-71.88833,-33.99581],[-71.88817,-33.9959],[-71.8881,-33.99627]]}},
{"type":"Feature","properties":{"nom_reg":"Libertador General Bernardo O'Higgins","nom_prov":"Cardenal Caro","nom_com":"Navidad","sector":"Chorrillos Playa","cine_reg":"06","cine_prov":"062","cine_com":"06205"},"geometry":{"type":"LineString","coordinates":[[-71.902,-34.01093],[-71.89994,-34.00948],[-71.89878,-34.00823],[-71.89864,-34.00855],[-71.8984,-34.00852],[-71.89843,-34.00898],[-71.89819,-34.00922],[-71.89879,-34.00993],[-71.89846,-34.01005],[-71.89859,-34.01032]]}},
{"type":"Feature","properties":{"nom_reg":"Libertador General Bernardo O'Higgins","nom_prov":"Cardenal Caro","nom_com":"Navidad","sector":"La Vega de La Boca - El Bajío","cine_reg":"06","cine_prov":"062","cine_com":"06205"},"geometry":{"type":"LineString","coordinates":[[-71.82672,-33.92285],[-71.82552,-33.92226],[-71.82509,-33.92299],[-71.81823,-33.92019],[-71.81627,-33.91958],[-71.81574,-33.91979]]}},
{"type":"Feature","properties":{"nom_reg":"Libertador General Bernardo O'Higgins","nom_prov":"Cardenal Caro","nom_com":"Navidad","sector":"Vega de Pupuya","cine_reg":"06","cine_prov":"062","cine_com":"06205"},"geometry":{"type":"LineString","coordinates":[[-71.87727,-33.98598],[-71.8754,-33.98545]]}},
{"type":"Feature","properties":{"nom_reg":"Libertador General Bernardo O'Higgins","nom_prov":"Cardenal Caro","nom_com":"Navidad","sector":"Vega de Pupuya","cine_reg":"06","cine_prov":"062","cine_com":"06205"},"geometry":{"type":"LineString","coordinates":[[-71.88377,-33.98956],[-71.88074,-33.98948]]}},
{"type":"Feature","properties":{"nom_reg":"Libertador General Bernardo O'Higgins","nom_prov":"Cardenal Caro","nom_com":"Navidad","sector":"Chorrillos Playa","cine_reg":"06","cine_prov":"062","cine_com":"06205"},"geometry":{"type":"LineString","coordinates":[[-71.89806,-34.00758],[-71.8984,-34.00861]]}},
{"type":"Feature","properties":{"nom_reg":"Libertador General Bernardo O'Higgins","nom_prov":"Cardenal Caro","nom_com":"Navidad","sector":"La Vega de La Boca - El Bajío","cine_reg":"06","cine_prov":"062","cine_com":"06205"},"geometry":{"type":"LineString","coordinates":[[-71.83188,-33.92699],[-71.83143,-33.92724],[-71.8312,-33.92772],[-71.83031,-33.93177]]}},
{"type":"Feature","properties":{"nom_reg":"Los Lagos","nom_prov":"Llanquihue","nom_com":"Maullín","sector":"Rivera Norte Maullin","cine_reg":"10","cine_prov":"101","cine_com":"10108"},"geometry":{"type":"LineString","coordinates":[[-73.61789,-41.58874],[-73.61901,-41.5875],[-73.62082,-41.58635],[-73.6226,-41.58586],[-73.62485,-41.58486],[-73.62552,-41.58429],[-73.63042,-41.58251],[-73.63462,-41.58008],[-73.63666,-41.57918],[-73.64569,-41.57813],[-73.64726,-41.5776],[-73.65112,-41.57698]]}},
{"type":"Feature","properties":{"nom_reg":"Libertador General Bernardo O'Higgins","nom_prov":"Cardenal Caro","nom_com":"Navidad","sector":"La Boca","cine_reg":"06","cine_prov":"062","cine_com":"06205"},"geometry":{"type":"LineString","coordinates":[[-71.83439,-33.90424],[-71.83498,-33.90496],[-71.83582,-33.90535],[-71.8363,-33.90585],[-71.83647,-33.90619],[-71.83639,-33.90653],[-71.83693,-33.90734],[-71.84137,-33.91009],[-71.84285,-33.91156],[-71.84392,-33.91361],[-71.844,-33.91491],[-71.84634,-33.91897],[-71.84648,-33.92295],[-71.84615,-33.92577],[-71.84478,-33.92863],[-71.84251,-33.93011],[-71.84225,-33.93045]]}},
{"type":"Feature","properties":{"nom_reg":"Libertador General Bernardo O'Higgins","nom_prov":"Cardenal Caro","nom_com":"Navidad","sector":"Matanzas","cine_reg":"06","cine_prov":"062","cine_com":"06205"},"geometry":{"type":"LineString","coordinates":[[-71.86773,-33.96599],[-71.86687,-33.96753],[-71.86659,-33.9684],[-71.86567,-33.96959],[-71.8652,-33.97001],[-71.86359,-33.97075],[-71.86288,-33.97161],[-71.86187,-33.97244],[-71.86038,-33.97257],[-71.85974,-33.97314]]}},
{"type":"Feature","properties":{"nom_reg":"Libertador General Bernardo O'Higgins","nom_prov":"Cardenal Caro","nom_com":"Navidad","sector":"Vega de Pupuya","cine_reg":"06","cine_prov":"062","cine_com":"06205"},"geometry":{"type":"LineString","coordinates":[[-71.87632,-33.98666],[-71.87553,-33.98644]]}},
{"type":"Feature","properties":{"nom_reg":"Libertador General Bernardo O'Higgins","nom_prov":"Cardenal Caro","nom_com":"Navidad","sector":"Puertecillo (Navidad)","cine_reg":"06","cine_prov":"062","cine_com":"06205"},"geometry":{"type":"LineString","coordinates":[[-71.94087,-34.06248],[-71.94143,-34.0643],[-71.94124,-34.06515],[-71.94135,-34.06661],[-71.94119,-34.06834],[-71.94045,-34.06863],[-71.94002,-34.06944],[-71.9394,-34.06952],[-71.93888,-34.06895],[-71.93854,-34.0689],[-71.93827,-34.06912],[-71.9386,-34.06922],[-71.9388,-34.07002],[-71.93831,-34.06965],[-71.93736,-34.07007],[-71.93512,-34.06993],[-71.93462,-34.07005]]}},
{"type":"Feature","properties":{"nom_reg":"Libertador General Bernardo O'Higgins","nom_prov":"Cardenal Caro","nom_com":"Navidad","sector":"Puertecillo (Navidad)","cine_reg":"06","cine_prov":"062","cine_com":"06205"},"geometry":{"type":"LineString","coordinates":[[-71.94014,-34.06145],[-71.94086,-34.06142],[-71.94101,-34.06128],[-71.94134,-34.0601],[-71.94086,-34.05995],[-71.94056,-34.06014],[-71.93993,-34.05927],[-71.93995,-34.06004],[-71.93956,-34.06035],[-71.9396,-34.06008],[-71.93917,-34.05997],[-71.93916,-34.05973],[-71.93851,-34.05943],[-71.93842,-34.05869],[-71.9381,-34.05812],[-71.93824,-34.05795],[-71.93828,-34.05734],[-71.93799,-34.05615]]}},
{"type":"Feature","properties":{"nom_reg":"Libertador General Bernardo O'Higgins","nom_prov":"Cardenal Caro","nom_com":"Navidad","sector":"Las Brisas y Navidad (centro)","cine_reg":"06","cine_prov":"062","cine_com":"06205"},"geometry":{"type":"LineString","coordinates":[[-71.83005,-33.95292],[-71.82949,-33.95304],[-71.82954,-33.95337],[-71.82989,-33.9533],[-71.83072,-33.9538],[-71.83032,-33.9543],[-71.83152,-33.95503]]}},
{"type":"Feature","properties":{"nom_reg":"Libertador General Bernardo O'Higgins","nom_prov":"Cardenal Caro","nom_com":"Navidad","sector":"La Vega de La Boca - El Bajío","cine_reg":"06","cine_prov":"062","cine_com":"06205"},"geometry":{"type":"LineString","coordinates":[[-71.82211,-33.91757],[-71.82177,-33.91724],[-71.82148,-33.91658],[-71.82107,-33.91634]]}},
{"type":"Feature","properties":{"nom_reg":"Libertador General Bernardo O'Higgins","nom_prov":"Cardenal Caro","nom_com":"Navidad","sector":"Vega de Pupuya","cine_reg":"06","cine_prov":"062","cine_com":"06205"},"geometry":{"type":"LineString","coordinates":[[-71.88037,-33.98785],[-71.88018,-33.98849]]}},
{"type":"Feature","properties":{"nom_reg":"Libertador General Bernardo O'Higgins","nom_prov":"Cardenal Caro","nom_com":"Navidad","sector":"Vega de Pupuya","cine_reg":"06","cine_prov":"062","cine_com":"06205"},"geometry":{"type":"LineString","coordinates":[[-71.87809,-33.98479],[-71.87471,-33.98425]]}},
{"type":"Feature","properties":{"nom_reg":"Libertador General Bernardo O'Higgins","nom_prov":"Cardenal Caro","nom_com":"Navidad","sector":"Vega de Pupuya","cine_reg":"06","cine_prov":"062","cine_com":"06205"},"geometry":{"type":"LineString","coordinates":[[-71.87684,-33.98633],[-71.87544,-33.98596]]}},
{"type":"Feature","properties":{"nom_reg":"Libertador General Bernardo O'Higgins","nom_prov":"Cardenal Caro","nom_com":"Navidad","sector":"La Boca","cine_reg":"06","cine_prov":"062","cine_com":"06205"},"geometry":{"type":"LineString","coordinates":[[-71.84438,-33.92308],[-71.84345,-33.92285],[-71.8417,-33.92399],[-71.84189,-33.92428],[-71.84383,-33.92526]]}},
{"type":"Feature","properties":{"nom_reg":"Libertador General Bernardo O'Higgins","nom_prov":"Cardenal Caro","nom_com":"Navidad","sector":"Vega de Pupuya","cine_reg":"06","cine_prov":"062","cine_com":"06205"},"geometry":{"type":"LineString","coordinates":[[-71.86945,-33.98612],[-71.86756,-33.98598],[-71.86351,-33.98637],[-71.8628,-33.9853],[-71.86245,-33.9849],[-71.86219,-33.98482],[-71.86081,-33.98509],[-71.86093,-33.98572],[-71.86134,-33.98641],[-71.86071,-33.98735]]}},
{"type":"Feature","properties":{"nom_reg":"Libertador General Bernardo O'Higgins","nom_prov":"Cardenal Caro","nom_com":"Navidad","sector":"Vega de Pupuya","cine_reg":"06","cine_prov":"062","cine_com":"06205"},"geometry":{"type":"LineString","coordinates":[[-71.86628,-33.98375],[-71.86653,-33.98598]]}},
{"type":"Feature","properties":{"nom_reg":"Libertador General Bernardo O'Higgins","nom_prov":"Cardenal Caro","nom_com":"Navidad","sector":"Las Brisas y Navidad (centro)","cine_reg":"06","cine_prov":"062","cine_com":"06205"},"geometry":{"type":"LineString","coordinates":[[-71.84738,-33.93804],[-71.84555,-33.9381],[-71.8434,-33.93787],[-71.84195,-33.93841],[-71.84169,-33.93714],[-71.84127,-33.93666]]}},
{"type":"Feature","properties":{"nom_reg":"Libertador General Bernardo O'Higgins","nom_prov":"Cardenal Caro","nom_com":"Navidad","sector":"Vega de Pupuya","cine_reg":"06","cine_prov":"062","cine_com":"06205"},"geometry":{"type":"LineString","coordinates":[[-71.88337,-33.99004],[-71.88208,-33.98996],[-71.88211,-33.99023]]}},
{"type":"Feature","properties":{"nom_reg":"Maule","nom_prov":"Talca","nom_com":"Constitución","sector":"Constitución","cine_reg":"07","cine_prov":"071","cine_com":"07102"},"geometry":{"type":"LineString","coordinates":[[-72.41298,-35.34214],[-72.41376,-35.34173],[-72.41392,-35.34224],[-72.41383,-35.34361],[-72.41462,-35.34403]]}},
{"type":"Feature","properties":{"nom_reg":"Maule","nom_prov":"Talca","nom_com":"Constitución","sector":"Constitución","cine_reg":"07","cine_prov":"071","cine_com":"07102"},"geometry":{"type":"LineString","coordinates":[[-72.41119,-35.34169],[-72.41086,-35.34186],[-72.41072,-35.34234],[-72.41002,-35.34254]]}},
{"type":"Feature","properties":{"nom_reg":"Maule","nom_prov":"Talca","nom_com":"Constitución","sector":"Constitución","cine_reg":"07","cine_prov":"071","cine_com":"07102"},"geometry":{"type":"LineString","coordinates":[[-72.40575,-35.33353],[-72.4126,-35.33633]]}},
{"type":"Feature","properties":{"nom_reg":"Maule","nom_prov":"Talca","nom_com":"Constitución","sector":"Constitución","cine_reg":"07","cine_prov":"071","cine_com":"07102"},"geometry":{"type":"LineString","coordinates":[[-72.41707,-35.33233],[-72.4164,-35.33334],[-72.41623,-35.33426],[-72.41732,-35.3373]]}},
{"type":"Feature","properties":{"nom_reg":"Maule","nom_prov":"Talca","nom_com":"Constitución","sector":"Constitución","cine_reg":"07","cine_prov":"071","cine_com":"07102"},"geometry":{"type":"LineString","coordinates":[[-72.40779,-35.32693],[-72.42252,-35.33344],[-72.42294,-35.33351],[-72.4241,-35.33326]]}},
{"type":"Feature","properties":{"nom_reg":"Maule","nom_prov":"Talca","nom_com":"Constitución","sector":"Constitución","cine_reg":"07","cine_prov":"071","cine_com":"07102"},"geometry":{"type":"LineString","coordinates":[[-72.40698,-35.32915],[-72.41526,-35.33276],[-72.41572,-35.33422],[-72.41633,-35.33494]]}},
{"type":"Feature","properties":{"nom_reg":"Maule","nom_prov":"Talca","nom_com":"Constitución","sector":"Constitución","cine_reg":"07","cine_prov":"071","cine_com":"07102"},"geometry":{"type":"LineString","coordinates":[[-72.42511,-35.32586],[-72.42398,-35.32608],[-72.42124,-35.32709],[-72.41996,-35.32712],[-72.41985,-35.3284],[-72.41911,-35.32951],[-72.41979,-35.3294]]}},
{"type":"Feature","properties":{"nom_reg":"Maule","nom_prov":"Talca","nom_com":"Constitución","sector":"Constitución","cine_reg":"07","cine_prov":"071","cine_com":"07102"},"geometry":{"type":"LineString","coordinates":[[-72.41227,-35.32486],[-72.41431,-35.32585],[-72.41458,-35.32583],[-72.41324,-35.32393],[-72.41308,-35.32345],[-72.41287,-35.32317],[-72.4124,-35.32305],[-72.41235,-35.32273]]}},
{"type":"Feature","properties":{"nom_reg":"Maule","nom_prov":"Cauquenes","nom_com":"Pelluhue","sector":"Pelluhue","cine_reg":"07","cine_prov":"072","cine_com":"07203"},"geometry":{"type":"LineString","coordinates":[[-72.56689,-35.79814],[-72.56534,-35.79858],[-72.56497,-35.79763],[-72.56362,-35.79799]]}},
{"type":"Feature","properties":{"nom_reg":"Maule","nom_prov":"Cauquenes","nom_com":"Pelluhue","sector":"Pelluhue","cine_reg":"07","cine_prov":"072","cine_com":"07203"},"geometry":{"type":"LineString","coordinates":[[-72.56561,-35.79641],[-72.56314,-35.79707],[-72.56358,-35.798],[-72.56276,-35.79824],[-72.56296,-35.79847],[-72.56267,-35.79909],[-72.55404,-35.79628],[-72.55208,-35.79584]]}},
{"type":"Feature","properties":{"nom_reg":"Maule","nom_prov":"Cauquenes","nom_com":"Pelluhue","sector":"Pelluhue","cine_reg":"07","cine_prov":"072","cine_com":"07203"},"geometry":{"type":"LineString","coordinates":[[-72.56778,-35.80055],[-72.56751,-35.8008],[-72.56745,-35.80128],[-72.56513,-35.80111],[-72.5637,-35.80134],[-72.56296,-35.80203],[-72.56265,-35.80256],[-72.56081,-35.80248],[-72.55998,-35.80184],[-72.55797,-35.80242],[-72.55473,-35.80299],[-72.55452,-35.8037]]}},
{"type":"Feature","properties":{"nom_reg":"Maule","nom_prov":"Cauquenes","nom_com":"Pelluhue","sector":"Pelluhue","cine_reg":"07","cine_prov":"072","cine_com":"07203"},"geometry":{"type":"LineString","coordinates":[[-72.57511,-35.81318],[-72.57473,-35.81498],[-72.57424,-35.81515],[-72.57379,-35.81568]]}},
{"type":"Feature","properties":{"nom_reg":"Maule","nom_prov":"Cauquenes","nom_com":"Pelluhue","sector":"Pelluhue","cine_reg":"07","cine_prov":"072","cine_com":"07203"},"geometry":{"type":"LineString","coordinates":[[-72.57003,-35.80834],[-72.57357,-35.81335],[-72.57358,-35.81362],[-72.57319,-35.81455],[-72.57469,-35.81488]]}},
{"type":"Feature","properties":{"nom_reg":"Maule","nom_prov":"Cauquenes","nom_com":"Pelluhue","sector":"Pelluhue","cine_reg":"07","cine_prov":"072","cine_com":"07203"},"geometry":{"type":"LineString","coordinates":[[-72.57207,-35.80871],[-72.5708,-35.80935]]}},
{"type":"Feature","properties":{"nom_reg":"Maule","nom_prov":"Cauquenes","nom_com":"Pelluhue","sector":"Pelluhue","cine_reg":"07","cine_prov":"072","cine_com":"07203"},"geometry":{"type":"LineString","coordinates":[[-72.58581,-35.81628],[-72.58559,-35.81696],[-72.58416,-35.81645],[-72.58406,-35.8168],[-72.58448,-35.81708],[-72.58394,-35.81783],[-72.5838,-35.81778]]}},
{"type":"Feature","properties":{"nom_reg":"Maule","nom_prov":"Cauquenes","nom_com":"Pelluhue","sector":"Pelluhue","cine_reg":"07","cine_prov":"072","cine_com":"07203"},"geometry":{"type":"LineString","coordinates":[[-72.58088,-35.81576],[-72.58061,-35.81616],[-72.58063,-35.81688],[-72.58121,-35.81687]]}},
{"type":"Feature","properties":{"nom_reg":"Maule","nom_prov":"Cauquenes","nom_com":"Pelluhue","sector":"Curanipe","cine_reg":"07","cine_prov":"072","cine_com":"07203"},"geometry":{"type":"LineString","coordinates":[[-72.62802,-35.84002],[-72.62965,-35.84163],[-72.63041,-35.84321],[-72.63027,-35.84334],[-72.62934,-35.84344],[-72.62935,-35.844],[-72.6285,-35.84393]]}},
{"type":"Feature","properties":{"nom_reg":"Maule","nom_prov":"Cauquenes","nom_com":"Pelluhue","sector":"Curanipe","cine_reg":"07","cine_prov":"072","cine_com":"07203"},"geometry":{"type":"LineString","coordinates":[[-72.63154,-35.84349],[-72.63288,-35.84417],[-72.63072,-35.8465],[-72.63051,-35.84694]]}},
{"type":"Feature","properties":{"nom_reg":"Maule","nom_prov":"Cauquenes","nom_com":"Pelluhue","sector":"Curanipe","cine_reg":"07","cine_prov":"072","cine_com":"07203"},"geometry":{"type":"LineString","coordinates":[[-72.63373,-35.84525],[-72.63229,-35.84653]]}},
{"type":"Feature","properties":{"nom_reg":"Libertador General Bernardo O'Higgins","nom_prov":"Cardenal Caro","nom_com":"Litueche","sector":"Punta Puertecillo","cine_reg":"06","cine_prov":"062","cine_com":"06203"},"geometry":{"type":"LineString","coordinates":[[-71.96196,-34.08914],[-71.95979,-34.09035],[-71.9567,-34.09016]]}},
{"type":"Feature","properties":{"nom_reg":"Libertador General Bernardo O'Higgins","nom_prov":"Cardenal Caro","nom_com":"Litueche","sector":"Punta Puertecillo","cine_reg":"06","cine_prov":"062","cine_com":"06203"},"geometry":{"type":"LineString","coordinates":[[-71.95697,-34.08872],[-71.95664,-34.09008]]}},
{"type":"Feature","properties":{"nom_reg":"Libertador General Bernardo O'Higgins","nom_prov":"Cardenal Caro","nom_com":"Litueche","sector":"Punta Puertecillo","cine_reg":"06","cine_prov":"062","cine_com":"06203"},"geometry":{"type":"LineString","coordinates":[[-71.95516,-34.08758],[-71.95372,-34.08862],[-71.95529,-34.08967],[-71.95664,-34.09014],[-71.95652,-34.09167]]}},
{"type":"Feature","properties":{"nom_reg":"Libertador General Bernardo O'Higgins","nom_prov":"Cardenal Caro","nom_com":"Litueche","sector":"Punta Puertecillo","cine_reg":"06","cine_prov":"062","cine_com":"06203"},"geometry":{"type":"LineString","coordinates":[[-71.94992,-34.08201],[-71.94814,-34.08285],[-71.94961,-34.08433],[-71.95035,-34.08593],[-71.95095,-34.08649],[-71.95092,-34.08741],[-71.95123,-34.089],[-71.94983,-34.08867],[-71.94936,-34.08839]]}},
{"type":"Feature","properties":{"nom_reg":"Libertador General Bernardo O'Higgins","nom_prov":"Cardenal Caro","nom_com":"Litueche","sector":"Topocalma-Predio","cine_reg":"06","cine_prov":"062","cine_com":"06203"},"geometry":{"type":"LineString","coordinates":[[-71.98789,-34.13226],[-71.98783,-34.13245],[-71.98707,-34.13264],[-71.9866,-34.133],[-71.98679,-34.13316],[-71.98779,-34.13307],[-71.98809,-34.13407]]}},
{"type":"Feature","properties":{"nom_reg":"Maule","nom_prov":"Talca","nom_com":"Constitución","sector":"Las Cañas","cine_reg":"07","cine_prov":"071","cine_com":"07102"},"geometry":{"type":"LineString","coordinates":[[-72.48374,-35.45868],[-72.48188,-35.45545],[-72.4799,-35.45139],[-72.47887,-35.45061],[-72.4753,-35.44898]]}},
{"type":"Feature","properties":{"nom_reg":"Maule","nom_prov":"Cauquenes","nom_com":"Pelluhue","sector":"Tregualemu","cine_reg":"07","cine_prov":"072","cine_com":"07203"},"geometry":{"type":"LineString","coordinates":[[-72.77167,-36.00259],[-72.77104,-35.99392],[-72.76996,-35.99229],[-72.76913,-35.99145],[-72.76775,-35.98907]]}},
{"type":"Feature","properties":{"nom_reg":"Maule","nom_prov":"Cauquenes","nom_com":"Pelluhue","sector":"Tregualemu","cine_reg":"07","cine_prov":"072","cine_com":"07203"},"geometry":{"type":"LineString","coordinates":[[-72.78329,-35.9766],[-72.78336,-35.97736],[-72.78385,-35.978],[-72.78398,-35.97859],[-72.7834,-35.97897],[-72.78306,-35.97951],[-72.78246,-35.97965],[-72.78199,-35.98038],[-72.78194,-35.9808],[-72.7821,-35.98122],[-72.78194,-35.98196],[-72.77922,-35.98879],[-72.7789,-35.98885],[-72.77725,-35.98837],[-72.76988,-35.98592],[-72.76936,-35.98536],[-72.76902,-35.98536],[-72.76844,-35.98507],[-72.7676,-35.9844],[-72.76635,-35.98307],[-72.76518,-35.98215],[-72.76555,-35.98317],[-72.76536,-35.98358],[-72.76543,-35.98378],[-72.76737,-35.98827]]}},
{"type":"Feature","properties":{"nom_reg":"Maule","nom_prov":"Cauquenes","nom_com":"Pelluhue","sector":"Punta Sirena y Caleta Cardonal","cine_reg":"07","cine_prov":"072","cine_com":"07203"},"geometry":{"type":"LineString","coordinates":[[-72.6606,-35.87234],[-72.65859,-35.87116],[-72.65623,-35.87024],[-72.65581,-35.87067],[-72.65616,-35.8713]]}},
{"type":"Feature","properties":{"nom_reg":"Maule","nom_prov":"Cauquenes","nom_com":"Pelluhue","sector":"Punta Sirena y Caleta Cardonal","cine_reg":"07","cine_prov":"072","cine_com":"07203"},"geometry":{"type":"LineString","coordinates":[[-72.66844,-35.87374],[-72.66821,-35.87416],[-72.66889,-35.87462],[-72.66849,-35.87519],[-72.66784,-35.87567],[-72.66793,-35.8761],[-72.66716,-35.87726]]}},
{"type":"Feature","properties":{"nom_reg":"Maule","nom_prov":"Cauquenes","nom_com":"Pelluhue","sector":"Punta Sirena y Caleta Cardonal","cine_reg":"07","cine_prov":"072","cine_com":"07203"},"geometry":{"type":"LineString","coordinates":[[-72.67725,-35.87841],[-72.67632,-35.88018],[-72.67556,-35.88089],[-72.67481,-35.88126]]}},
{"type":"Feature","properties":{"nom_reg":"Maule","nom_prov":"Cauquenes","nom_com":"Pelluhue","sector":"Punta Sirena y Caleta Cardonal","cine_reg":"07","cine_prov":"072","cine_com":"07203"},"geometry":{"type":"LineString","coordinates":[[-72.68189,-35.88338],[-72.67938,-35.88381],[-72.67876,-35.88438],[-72.67755,-35.88499],[-72.67621,-35.8867],[-72.67536,-35.8862]]}},
{"type":"Feature","properties":{"nom_reg":"Maule","nom_prov":"Cauquenes","nom_com":"Pelluhue","sector":"Punta Sirena y Caleta Cardonal","cine_reg":"07","cine_prov":"072","cine_com":"07203"},"geometry":{"type":"LineString","coordinates":[[-72.6848,-35.8911],[-72.68384,-35.89154],[-72.68321,-35.89148],[-72.68281,-35.89173],[-72.68199,-35.89306]]}},
{"type":"Feature","properties":{"nom_reg":"Maule","nom_prov":"Cauquenes","nom_com":"Pelluhue","sector":"Punta Sirena y Caleta Cardonal","cine_reg":"07","cine_prov":"072","cine_com":"07203"},"geometry":{"type":"LineString","coordinates":[[-72.6859,-35.89589],[-72.68474,-35.89537],[-72.68441,-35.8955],[-72.6839,-35.89486],[-72.68319,-35.8948],[-72.68252,-35.89345],[-72.68062,-35.8925],[-72.67988,-35.89232],[-72.67942,-35.89198],[-72.67764,-35.89151],[-72.67644,-35.89183]]}},
{"type":"Feature","properties":{"nom_reg":"Maule","nom_prov":"Cauquenes","nom_com":"Pelluhue","sector":"Punta Sirena y Caleta Cardonal","cine_reg":"07","cine_prov":"072","cine_com":"07203"},"geometry":{"type":"LineString","coordinates":[[-72.68479,-35.91074],[-72.68423,-35.90669],[-72.68277,-35.9037]]}},
{"type":"Feature","properties":{"nom_reg":"Maule","nom_prov":"Cauquenes","nom_com":"Pelluhue","sector":"Punta Sirena y Caleta Cardonal","cine_reg":"07","cine_prov":"072","cine_com":"07203"},"geometry":{"type":"LineString","coordinates":[[-72.68908,-35.91533],[-72.69256,-35.91712]]}},
{"type":"Feature","properties":{"nom_reg":"Maule","nom_prov":"Cauquenes","nom_com":"Pelluhue","sector":"Curanipe","cine_reg":"07","cine_prov":"072","cine_com":"07203"},"geometry":{"type":"LineString","coordinates":[[-72.63822,-35.8468],[-72.63878,-35.84715],[-72.63875,-35.84734],[-72.63922,-35.8481],[-72.63821,-35.8487],[-72.63712,-35.84907],[-72.63669,-35.84953],[-72.63642,-35.85045]]}},
{"type":"Feature","properties":{"nom_reg":"Maule","nom_prov":"Cauquenes","nom_com":"Pelluhue","sector":"Curanipe","cine_reg":"07","cine_prov":"072","cine_com":"07203"},"geometry":{"type":"LineString","coordinates":[[-72.63791,-35.84542],[-72.63509,-35.84788],[-72.63516,-35.84899],[-72.63578,-35.8499],[-72.63579,-35.85029]]}},
{"type":"Feature","properties":{"nom_reg":"Maule","nom_prov":"Cauquenes","nom_com":"Pelluhue","sector":"Curanipe","cine_reg":"07","cine_prov":"072","cine_com":"07203"},"geometry":{"type":"LineString","coordinates":[[-72.63051,-35.84184],[-72.62989,-35.84206]]}},
{"type":"Feature","properties":{"nom_reg":"Maule","nom_prov":"Cauquenes","nom_com":"Pelluhue","sector":"Pelluhue","cine_reg":"07","cine_prov":"072","cine_com":"07203"},"geometry":{"type":"LineString","coordinates":[[-72.59861,-35.82104],[-72.59653,-35.8197],[-72.59596,-35.82006],[-72.59535,-35.82017],[-72.59551,-35.82042],[-72.59613,-35.82069],[-72.59634,-35.82117],[-72.5943,-35.82029]]}},
{"type":"Feature","properties":{"nom_reg":"Maule","nom_prov":"Cauquenes","nom_com":"Chanco","sector":"Loanco","cine_reg":"07","cine_prov":"072","cine_com":"07202"},"geometry":{"type":"LineString","coordinates":[[-72.62221,-35.58364],[-72.62211,-35.58382],[-72.62119,-35.58377],[-72.62117,-35.58459],[-72.62294,-35.58572],[-72.62356,-35.58569]]}},
{"type":"Feature","properties":{"nom_reg":"Maule","nom_prov":"Cauquenes","nom_com":"Chanco","sector":"Loanco","cine_reg":"07","cine_prov":"072","cine_com":"07202"},"geometry":{"type":"LineString","coordinates":[[-72.62297,-35.58413],[-72.6221,-35.58523]]}},
{"type":"Feature","properties":{"nom_reg":"Maule","nom_prov":"Cauquenes","nom_com":"Chanco","sector":"Loanco","cine_reg":"07","cine_prov":"072","cine_com":"07202"},"geometry":{"type":"LineString","coordinates":[[-72.62321,-35.58427],[-72.62362,-35.58483],[-72.62333,-35.58545],[-72.62363,-35.58564]]}},
{"type":"Feature","properties":{"nom_reg":"Maule","nom_prov":"Talca","nom_com":"Constitución","sector":"Pellines","cine_reg":"07","cine_prov":"071","cine_com":"07102"},"geometry":{"type":"LineString","coordinates":[[-72.51165,-35.48742],[-72.50976,-35.48767],[-72.50805,-35.48751]]}},
{"type":"Feature","properties":{"nom_reg":"Maule","nom_prov":"Talca","nom_com":"Constitución","sector":"Pellines","cine_reg":"07","cine_prov":"071","cine_com":"07102"},"geometry":{"type":"LineString","coordinates":[[-72.51086,-35.48667],[-72.50823,-35.48652]]}},
{"type":"Feature","properties":{"nom_reg":"Maule","nom_prov":"Talca","nom_com":"Constitución","sector":"Pellines","cine_reg":"07","cine_prov":"071","cine_com":"07102"},"geometry":{"type":"LineString","coordinates":[[-72.51383,-35.49062],[-72.51354,-35.49083],[-72.51323,-35.49078],[-72.51209,-35.49118]]}},
{"type":"Feature","properties":{"nom_reg":"Maule","nom_prov":"Talca","nom_com":"Constitución","sector":"Pellines","cine_reg":"07","cine_prov":"071","cine_com":"07102"},"geometry":{"type":"LineString","coordinates":[[-72.5162,-35.49198],[-72.51653,-35.49242],[-72.51697,-35.49414]]}},
{"type":"Feature","properties":{"nom_reg":"Maule","nom_prov":"Talca","nom_com":"Constitución","sector":"Pellines","cine_reg":"07","cine_prov":"071","cine_com":"07102"},"geometry":{"type":"LineString","coordinates":[[-72.51942,-35.49366],[-72.51728,-35.49452]]}},
{"type":"Feature","properties":{"nom_reg":"Maule","nom_prov":"Talca","nom_com":"Constitución","sector":"Pellines","cine_reg":"07","cine_prov":"071","cine_com":"07102"},"geometry":{"type":"LineString","coordinates":[[-72.52081,-35.49528],[-72.51829,-35.49594],[-72.51719,-35.4948],[-72.51703,-35.49437],[-72.5163,-35.49417]]}},
{"type":"Feature","properties":{"nom_reg":"Maule","nom_prov":"Talca","nom_com":"Constitución","sector":"Pellines","cine_reg":"07","cine_prov":"071","cine_com":"07102"},"geometry":{"type":"LineString","coordinates":[[-72.52236,-35.4967],[-72.51859,-35.49769],[-72.51853,-35.49903]]}},
{"type":"Feature","properties":{"nom_reg":"Maule","nom_prov":"Talca","nom_com":"Constitución","sector":"Pellines","cine_reg":"07","cine_prov":"071","cine_com":"07102"},"geometry":{"type":"LineString","coordinates":[[-72.52188,-35.49884],[-72.51861,-35.49921]]}},
{"type":"Feature","properties":{"nom_reg":"Maule","nom_prov":"Talca","nom_com":"Constitución","sector":"Pellines","cine_reg":"07","cine_prov":"071","cine_com":"07102"},"geometry":{"type":"LineString","coordinates":[[-72.52274,-35.5022],[-72.52237,-35.50122],[-72.52195,-35.50065],[-72.52109,-35.5001],[-72.51834,-35.50061],[-72.51842,-35.49944]]}},
{"type":"Feature","properties":{"nom_reg":"Maule","nom_prov":"Talca","nom_com":"Constitución","sector":"Pellines","cine_reg":"07","cine_prov":"071","cine_com":"07102"},"geometry":{"type":"LineString","coordinates":[[-72.52649,-35.50344],[-72.52316,-35.50515],[-72.52043,-35.5061],[-72.52091,-35.50772]]}},
{"type":"Feature","properties":{"nom_reg":"Maule","nom_prov":"Talca","nom_com":"Constitución","sector":"Pellines","cine_reg":"07","cine_prov":"071","cine_com":"07102"},"geometry":{"type":"LineString","coordinates":[[-72.52754,-35.50718],[-72.52315,-35.50944],[-72.52129,-35.50819]]}},
{"type":"Feature","properties":{"nom_reg":"Maule","nom_prov":"Talca","nom_com":"Constitución","sector":"Pellines","cine_reg":"07","cine_prov":"071","cine_com":"07102"},"geometry":{"type":"LineString","coordinates":[[-72.50882,-35.47722],[-72.50766,-35.47823]]}},
{"type":"Feature","properties":{"nom_reg":"Maule","nom_prov":"Talca","nom_com":"Constitución","sector":"Pellines","cine_reg":"07","cine_prov":"071","cine_com":"07102"},"geometry":{"type":"LineString","coordinates":[[-72.50547,-35.47605],[-72.5061,-35.47567],[-72.50647,-35.47562],[-72.50664,-35.47576],[-72.50659,-35.47647],[-72.50726,-35.47685],[-72.5075,-35.47812]]}},
{"type":"Feature","properties":{"nom_reg":"Maule","nom_prov":"Talca","nom_com":"Constitución","sector":"Pellines","cine_reg":"07","cine_prov":"071","cine_com":"07102"},"geometry":{"type":"LineString","coordinates":[[-72.50421,-35.47505],[-72.50408,-35.47546],[-72.5033,-35.4754],[-72.50342,-35.47584],[-72.50331,-35.47673]]}},
{"type":"Feature","properties":{"nom_reg":"Maule","nom_prov":"Talca","nom_com":"Constitución","sector":"Las Cañas","cine_reg":"07","cine_prov":"071","cine_com":"07102"},"geometry":{"type":"LineString","coordinates":[[-72.48024,-35.44743],[-72.48005,-35.4513]]}},
{"type":"Feature","properties":{"nom_reg":"Maule","nom_prov":"Talca","nom_com":"Constitución","sector":"Puerto de Maguellines","cine_reg":"07","cine_prov":"071","cine_com":"07102"},"geometry":{"type":"LineString","coordinates":[[-72.45402,-35.35777],[-72.45448,-35.35833],[-72.45426,-35.35886],[-72.4545,-35.35905],[-72.45442,-35.35926],[-72.45492,-35.36004]]}},
{"type":"Feature","properties":{"nom_reg":"Maule","nom_prov":"Talca","nom_com":"Constitución","sector":"Puerto de Maguellines","cine_reg":"07","cine_prov":"071","cine_com":"07102"},"geometry":{"type":"LineString","coordinates":[[-72.45753,-35.35999],[-72.45767,-35.36018],[-72.45731,-35.36082],[-72.45694,-35.36101],[-72.45755,-35.36125],[-72.45764,-35.36153]]}},
{"type":"Feature","properties":{"nom_reg":"Maule","nom_prov":"Talca","nom_com":"Constitución","sector":"Constitución","cine_reg":"07","cine_prov":"071","cine_com":"07102"},"geometry":{"type":"LineString","coordinates":[[-72.40146,-35.33828],[-72.40222,-35.33862],[-72.40159,-35.33958]]}},
{"type":"Feature","properties":{"nom_reg":"Maule","nom_prov":"Talca","nom_com":"Constitución","sector":"Constitución","cine_reg":"07","cine_prov":"071","cine_com":"07102"},"geometry":{"type":"LineString","coordinates":[[-72.42388,-35.32488],[-72.41798,-35.31889],[-72.41679,-35.31808],[-72.41588,-35.31796],[-72.41548,-35.31801],[-72.41448,-35.31908],[-72.41297,-35.31913],[-72.4101,-35.32048],[-72.40964,-35.32095],[-72.40985,-35.32166],[-72.40981,-35.32304],[-72.40884,-35.32481],[-72.41287,-35.32647],[-72.41342,-35.32548]]}},
{"type":"Feature","properties":{"nom_reg":"Maule","nom_prov":"Talca","nom_com":"Curepto","sector":"Playa La Trinchera","cine_reg":"07","cine_prov":"071","cine_com":"07103"},"geometry":{"type":"LineString","coordinates":[[-72.15426,-35.13106],[-72.15494,-35.13054],[-72.15607,-35.13009],[-72.1564,-35.12937],[-72.15955,-35.12828]]}},
{"type":"Feature","properties":{"nom_reg":"Maule","nom_prov":"Talca","nom_com":"Curepto","sector":"Playa La Trinchera","cine_reg":"07","cine_prov":"071","cine_com":"07103"},"geometry":{"type":"LineString","coordinates":[[-72.17803,-35.12866],[-72.1769,-35.12815],[-72.17601,-35.12803],[-72.17398,-35.12875],[-72.17355,-35.12933],[-72.17204,-35.13007],[-72.17076,-35.13013],[-72.16728,-35.12877],[-72.16523,-35.12908],[-72.16449,-35.12905],[-72.16027,-35.12827],[-72.15891,-35.12828],[-72.1583,-35.12745]]}},
{"type":"Feature","properties":{"nom_reg":"Maule","nom_prov":"Talca","nom_com":"Curepto","sector":"Playa La Trinchera","cine_reg":"07","cine_prov":"071","cine_com":"07103"},"geometry":{"type":"LineString","coordinates":[[-72.19697,-35.13359],[-72.19249,-35.13628],[-72.19038,-35.13699],[-72.18956,-35.1362],[-72.18765,-35.13587],[-72.18686,-35.13527],[-72.18622,-35.13434],[-72.18614,-35.13395],[-72.18639,-35.13362]]}},
{"type":"Feature","properties":{"nom_reg":"Maule","nom_prov":"Curicó","nom_com":"Licantén","sector":"La Pesca","cine_reg":"07","cine_prov":"073","cine_com":"07303"},"geometry":{"type":"LineString","coordinates":[[-72.18347,-34.97322],[-72.18298,-34.97365],[-72.18238,-34.97368],[-72.1825,-34.97338]]}},
{"type":"Feature","properties":{"nom_reg":"Maule","nom_prov":"Curicó","nom_com":"Licantén","sector":"La Pesca","cine_reg":"07","cine_prov":"073","cine_com":"07303"},"geometry":{"type":"LineString","coordinates":[[-72.18149,-34.97792],[-72.18043,-34.97772],[-72.18,-34.97703]]}},
{"type":"Feature","properties":{"nom_reg":"Maule","nom_prov":"Curicó","nom_com":"Licantén","sector":"La Pesca","cine_reg":"07","cine_prov":"073","cine_com":"07303"},"geometry":{"type":"LineString","coordinates":[[-72.1844,-34.96698],[-72.18225,-34.96695],[-72.18196,-34.96719],[-72.18137,-34.96714],[-72.18116,-34.96683]]}},
{"type":"Feature","properties":{"nom_reg":"Maule","nom_prov":"Curicó","nom_com":"Licantén","sector":"La Pesca","cine_reg":"07","cine_prov":"073","cine_com":"07303"},"geometry":{"type":"LineString","coordinates":[[-72.18423,-34.95175],[-72.18333,-34.95093],[-72.18144,-34.9505],[-72.18038,-34.94996],[-72.17929,-34.94911],[-72.17901,-34.94905],[-72.1781,-34.94964],[-72.17688,-34.9499],[-72.17449,-34.95191],[-72.17409,-34.95387],[-72.17356,-34.95501],[-72.17332,-34.95542],[-72.17299,-34.95563],[-72.17189,-34.95569],[-72.17146,-34.95767]]}},
{"type":"Feature","properties":{"nom_reg":"Maule","nom_prov":"Curicó","nom_com":"Licantén","sector":"La Pesca","cine_reg":"07","cine_prov":"073","cine_com":"07303"},"geometry":{"type":"LineString","coordinates":[[-72.18481,-34.95793],[-72.1831,-34.95802],[-72.18294,-34.95866]]}},
{"type":"Feature","properties":{"nom_reg":"Maule","nom_prov":"Curicó","nom_com":"Licantén","sector":"Iloca","cine_reg":"07","cine_prov":"073","cine_com":"07303"},"geometry":{"type":"LineString","coordinates":[[-72.18032,-34.93251],[-72.17709,-34.93304],[-72.1761,-34.93185]]}},
{"type":"Feature","properties":{"nom_reg":"Maule","nom_prov":"Curicó","nom_com":"Licantén","sector":"Iloca","cine_reg":"07","cine_prov":"073","cine_com":"07303"},"geometry":{"type":"LineString","coordinates":[[-72.17977,-34.92217],[-72.17871,-34.92177],[-72.17779,-34.92249],[-72.17702,-34.92276],[-72.17534,-34.92284],[-72.17458,-34.92247]]}},
{"type":"Feature","properties":{"nom_reg":"Maule","nom_prov":"Curicó","nom_com":"Licantén","sector":"Iloca","cine_reg":"07","cine_prov":"073","cine_com":"07303"},"geometry":{"type":"LineString","coordinates":[[-72.17959,-34.92841],[-72.17712,-34.92857],[-72.17668,-34.92892],[-72.17665,-34.92866],[-72.17643,-34.92888]]}},
{"type":"Feature","properties":{"nom_reg":"Maule","nom_prov":"Curicó","nom_com":"Licantén","sector":"Iloca","cine_reg":"07","cine_prov":"073","cine_com":"07303"},"geometry":{"type":"LineString","coordinates":[[-72.18162,-34.91324],[-72.18087,-34.91349],[-72.18077,-34.91383],[-72.18057,-34.91383]]}},
{"type":"Feature","properties":{"nom_reg":"Maule","nom_prov":"Curicó","nom_com":"Licantén","sector":"Duao","cine_reg":"07","cine_prov":"073","cine_com":"07303"},"geometry":{"type":"LineString","coordinates":[[-72.17829,-34.89465],[-72.17795,-34.89478],[-72.1779,-34.895],[-72.17773,-34.89498]]}},
{"type":"Feature","properties":{"nom_reg":"Maule","nom_prov":"Curicó","nom_com":"Licantén","sector":"Duao","cine_reg":"07","cine_prov":"073","cine_com":"07303"},"geometry":{"type":"LineString","coordinates":[[-72.15613,-34.88067],[-72.15484,-34.88177],[-72.15441,-34.88315],[-72.15411,-34.88353],[-72.15364,-34.88396],[-72.15277,-34.88436],[-72.15353,-34.88504],[-72.15404,-34.88526],[-72.15482,-34.88674],[-72.15532,-34.88711]]}},
{"type":"Feature","properties":{"nom_reg":"Maule","nom_prov":"Curicó","nom_com":"Vichuquén","sector":"Llico","cine_reg":"07","cine_prov":"073","cine_com":"07309"},"geometry":{"type":"LineString","coordinates":[[-72.07773,-34.76526],[-72.07865,-34.766],[-72.07868,-34.76619],[-72.07761,-34.76646]]}},
{"type":"Feature","properties":{"nom_reg":"Maule","nom_prov":"Curicó","nom_com":"Vichuquén","sector":"Llico","cine_reg":"07","cine_prov":"073","cine_com":"07309"},"geometry":{"type":"LineString","coordinates":[[-72.07935,-34.76399],[-72.08029,-34.76511],[-72.08055,-34.76523],[-72.08101,-34.76624],[-72.08143,-34.76665],[-72.08175,-34.76648],[-72.08148,-34.76575],[-72.08161,-34.76531]]}},
{"type":"Feature","properties":{"nom_reg":"Maule","nom_prov":"Curicó","nom_com":"Vichuquén","sector":"Llico","cine_reg":"07","cine_prov":"073","cine_com":"07309"},"geometry":{"type":"LineString","coordinates":[[-72.0621,-34.77536],[-72.06376,-34.77798],[-72.0656,-34.77836],[-72.06842,-34.77848]]}},
{"type":"Feature","properties":{"nom_reg":"Maule","nom_prov":"Curicó","nom_com":"Licantén","sector":"Duao","cine_reg":"07","cine_prov":"073","cine_com":"07303"},"geometry":{"type":"LineString","coordinates":[[-72.17068,-34.88733],[-72.1704,-34.88765],[-72.17069,-34.88784],[-72.17015,-34.88768],[-72.17039,-34.88783]]}},
{"type":"Feature","properties":{"nom_reg":"Maule","nom_prov":"Curicó","nom_com":"Vichuquén","sector":"Lipimavida","cine_reg":"07","cine_prov":"073","cine_com":"07309"},"geometry":{"type":"LineString","coordinates":[[-72.14279,-34.83633],[-72.14161,-34.83661],[-72.14073,-34.83706],[-72.13995,-34.83681],[-72.13976,-34.83654]]}},
{"type":"Feature","properties":{"nom_reg":"Maule","nom_prov":"Curicó","nom_com":"Vichuquén","sector":"Lipimavida","cine_reg":"07","cine_prov":"073","cine_com":"07309"},"geometry":{"type":"LineString","coordinates":[[-72.14245,-34.84027],[-72.14065,-34.84079],[-72.13988,-34.84125]]}},
{"type":"Feature","properties":{"nom_reg":"Maule","nom_prov":"Cauquenes","nom_com":"Pelluhue","sector":"Pelluhue","cine_reg":"07","cine_prov":"072","cine_com":"07203"},"geometry":{"type":"LineString","coordinates":[[-72.57308,-35.81067],[-72.57199,-35.81117]]}},
{"type":"Feature","properties":{"nom_reg":"Maule","nom_prov":"Cauquenes","nom_com":"Pelluhue","sector":"Curanipe","cine_reg":"07","cine_prov":"072","cine_com":"07203"},"geometry":{"type":"LineString","coordinates":[[-72.60861,-35.82483],[-72.60844,-35.82545],[-72.60814,-35.82556]]}},
{"type":"Feature","properties":{"nom_reg":"Maule","nom_prov":"Cauquenes","nom_com":"Pelluhue","sector":"Curanipe","cine_reg":"07","cine_prov":"072","cine_com":"07203"},"geometry":{"type":"LineString","coordinates":[[-72.60807,-35.82481],[-72.60807,-35.82554],[-72.60741,-35.82608],[-72.607,-35.82604],[-72.60584,-35.82542]]}},
{"type":"Feature","properties":{"nom_reg":"Maule","nom_prov":"Curicó","nom_com":"Licantén","sector":"La Pesca","cine_reg":"07","cine_prov":"073","cine_com":"07303"},"geometry":{"type":"LineString","coordinates":[[-72.17861,-34.98826],[-72.17784,-34.9869],[-72.17711,-34.98698],[-72.17709,-34.98718]]}},
{"type":"Feature","properties":{"nom_reg":"Maule","nom_prov":"Curicó","nom_com":"Vichuquén","sector":"Lipimavida","cine_reg":"07","cine_prov":"073","cine_com":"07309"},"geometry":{"type":"LineString","coordinates":[[-72.14139,-34.85003],[-72.14007,-34.84989],[-72.13904,-34.84881]]}},
{"type":"Feature","properties":{"nom_reg":"Maule","nom_prov":"Curicó","nom_com":"Vichuquén","sector":"Lipimavida","cine_reg":"07","cine_prov":"073","cine_com":"07309"},"geometry":{"type":"LineString","coordinates":[[-72.14935,-34.86865],[-72.14785,-34.86949],[-72.14726,-34.87045],[-72.1472,-34.87098]]}},
{"type":"Feature","properties":{"nom_reg":"Maule","nom_prov":"Cauquenes","nom_com":"Pelluhue","sector":"Curanipe","cine_reg":"07","cine_prov":"072","cine_com":"07203"},"geometry":{"type":"LineString","coordinates":[[-72.6339,-35.84425],[-72.63363,-35.84445],[-72.63295,-35.84417]]}},
{"type":"Feature","properties":{"nom_reg":"Maule","nom_prov":"Cauquenes","nom_com":"Pelluhue","sector":"Pelluhue","cine_reg":"07","cine_prov":"072","cine_com":"07203"},"geometry":{"type":"LineString","coordinates":[[-72.569,-35.80497],[-72.56819,-35.80567]]}},
{"type":"Feature","properties":{"nom_reg":"Maule","nom_prov":"Cauquenes","nom_com":"Pelluhue","sector":"Pelluhue","cine_reg":"07","cine_prov":"072","cine_com":"07203"},"geometry":{"type":"LineString","coordinates":[[-72.59211,-35.81794],[-72.59205,-35.81806],[-72.5913,-35.81792],[-72.59109,-35.81866],[-72.5903,-35.81887],[-72.58997,-35.81961]]}},
{"type":"Feature","properties":{"nom_reg":"Maule","nom_prov":"Cauquenes","nom_com":"Pelluhue","sector":"Pelluhue","cine_reg":"07","cine_prov":"072","cine_com":"07203"},"geometry":{"type":"LineString","coordinates":[[-72.58786,-35.81724],[-72.58771,-35.81884],[-72.5886,-35.81902],[-72.58958,-35.81976]]}},
{"type":"Feature","properties":{"nom_reg":"Maule","nom_prov":"Talca","nom_com":"Constitución","sector":"Constitución","cine_reg":"07","cine_prov":"071","cine_com":"07102"},"geometry":{"type":"LineString","coordinates":[[-72.39751,-35.33987],[-72.39935,-35.33876],[-72.40342,-35.34043]]}},
{"type":"Feature","properties":{"nom_reg":"Maule","nom_prov":"Curicó","nom_com":"Vichuquén","sector":"Boyeruca (Vichuquen)","cine_reg":"07","cine_prov":"073","cine_com":"07309"},"geometry":{"type":"LineString","coordinates":[[-72.04856,-34.68847],[-72.0491,-34.68867],[-72.0488,-34.6888],[-72.04886,-34.68912]]}},
{"type":"Feature","properties":{"nom_reg":"Maule","nom_prov":"Curicó","nom_com":"Vichuquén","sector":"Boyeruca (Vichuquen)","cine_reg":"07","cine_prov":"073","cine_com":"07309"},"geometry":{"type":"LineString","coordinates":[[-72.05452,-34.68898],[-72.05496,-34.68966],[-72.05466,-34.69019],[-72.05487,-34.69061],[-72.05548,-34.69097],[-72.05593,-34.69157],[-72.05703,-34.69242],[-72.05776,-34.69236]]}},
{"type":"Feature","properties":{"nom_reg":"Maule","nom_prov":"Talca","nom_com":"Constitución","sector":"Constitución","cine_reg":"07","cine_prov":"071","cine_com":"07102"},"geometry":{"type":"LineString","coordinates":[[-72.40363,-35.33531],[-72.41093,-35.33831],[-72.41072,-35.33863],[-72.41111,-35.33904],[-72.41242,-35.33907],[-72.41322,-35.33926]]}},
{"type":"Feature","properties":{"nom_reg":"Maule","nom_prov":"Talca","nom_com":"Constitución","sector":"Constitución","cine_reg":"07","cine_prov":"071","cine_com":"07102"},"geometry":{"type":"LineString","coordinates":[[-72.40607,-35.33251],[-72.41101,-35.33451],[-72.41157,-35.33352]]}},
{"type":"Feature","properties":{"nom_reg":"Maule","nom_prov":"Talca","nom_com":"Constitución","sector":"Constitución","cine_reg":"07","cine_prov":"071","cine_com":"07102"},"geometry":{"type":"LineString","coordinates":[[-72.40654,-35.33029],[-72.41418,-35.33336]]}},
{"type":"Feature","properties":{"nom_reg":"Maule","nom_prov":"Talca","nom_com":"Constitución","sector":"Constitución","cine_reg":"07","cine_prov":"071","cine_com":"07102"},"geometry":{"type":"LineString","coordinates":[[-72.40747,-35.32795],[-72.41462,-35.33124],[-72.414,-35.33219]]}},
{"type":"Feature","properties":{"nom_reg":"Maule","nom_prov":"Cauquenes","nom_com":"Pelluhue","sector":"Curanipe","cine_reg":"07","cine_prov":"072","cine_com":"07203"},"geometry":{"type":"LineString","coordinates":[[-72.62665,-35.8386],[-72.62503,-35.83714],[-72.62332,-35.83797],[-72.62349,-35.83833]]}},
{"type":"Feature","properties":{"nom_reg":"Maule","nom_prov":"Cauquenes","nom_com":"Pelluhue","sector":"Curanipe","cine_reg":"07","cine_prov":"072","cine_com":"07203"},"geometry":{"type":"LineString","coordinates":[[-72.63932,-35.84747],[-72.64114,-35.84871],[-72.64312,-35.8533],[-72.64355,-35.85498]]}},
{"type":"Feature","properties":{"nom_reg":"Maule","nom_prov":"Cauquenes","nom_com":"Pelluhue","sector":"Curanipe","cine_reg":"07","cine_prov":"072","cine_com":"07203"},"geometry":{"type":"LineString","coordinates":[[-72.63599,-35.84555],[-72.6354,-35.84617],[-72.63513,-35.84612],[-72.63489,-35.84654],[-72.63334,-35.84574]]}},
{"type":"Feature","properties":{"nom_reg":"Maule","nom_prov":"Cauquenes","nom_com":"Pelluhue","sector":"Curanipe","cine_reg":"07","cine_prov":"072","cine_com":"07203"},"geometry":{"type":"LineString","coordinates":[[-72.62305,-35.83574],[-72.62503,-35.83714]]}},
{"type":"Feature","properties":{"nom_reg":"Maule","nom_prov":"Cauquenes","nom_com":"Pelluhue","sector":"Pelluhue","cine_reg":"07","cine_prov":"072","cine_com":"07203"},"geometry":{"type":"LineString","coordinates":[[-72.59371,-35.81834],[-72.59334,-35.81909],[-72.59443,-35.81952],[-72.59414,-35.81998]]}},
{"type":"Feature","properties":{"nom_reg":"Maule","nom_prov":"Cauquenes","nom_com":"Pelluhue","sector":"Pelluhue","cine_reg":"07","cine_prov":"072","cine_com":"07203"},"geometry":{"type":"LineString","coordinates":[[-72.57704,-35.81369],[-72.57583,-35.81719],[-72.57668,-35.81712]]}},
{"type":"Feature","properties":{"nom_reg":"Maule","nom_prov":"Cauquenes","nom_com":"Pelluhue","sector":"Pelluhue","cine_reg":"07","cine_prov":"072","cine_com":"07203"},"geometry":{"type":"LineString","coordinates":[[-72.57787,-35.81416],[-72.57799,-35.81462],[-72.57754,-35.81696],[-72.57707,-35.817]]}},
{"type":"Feature","properties":{"nom_reg":"Maule","nom_prov":"Cauquenes","nom_com":"Pelluhue","sector":"Pelluhue","cine_reg":"07","cine_prov":"072","cine_com":"07203"},"geometry":{"type":"LineString","coordinates":[[-72.57393,-35.81185],[-72.57296,-35.81241]]}},
{"type":"Feature","properties":{"nom_reg":"Maule","nom_prov":"Cauquenes","nom_com":"Pelluhue","sector":"Pelluhue","cine_reg":"07","cine_prov":"072","cine_com":"07203"},"geometry":{"type":"LineString","coordinates":[[-72.5682,-35.8031],[-72.56662,-35.80361]]}},
{"type":"Feature","properties":{"nom_reg":"Maule","nom_prov":"Talca","nom_com":"Constitución","sector":"Constitución","cine_reg":"07","cine_prov":"071","cine_com":"07102"},"geometry":{"type":"LineString","coordinates":[[-72.39714,-35.34012],[-72.39639,-35.34067],[-72.39672,-35.34217],[-72.3974,-35.34262],[-72.39885,-35.34285],[-72.39941,-35.3432],[-72.40042,-35.34342],[-72.40049,-35.3444]]}},
{"type":"Feature","properties":{"nom_reg":"Maule","nom_prov":"Curicó","nom_com":"Vichuquén","sector":"Lipimavida","cine_reg":"07","cine_prov":"073","cine_com":"07309"},"geometry":{"type":"LineString","coordinates":[[-72.14143,-34.85134],[-72.14036,-34.85199],[-72.13939,-34.85182],[-72.1384,-34.85191],[-72.13825,-34.85254],[-72.13846,-34.85275]]}},
{"type":"Feature","properties":{"nom_reg":"Maule","nom_prov":"Talca","nom_com":"Constitución","sector":"Constitución","cine_reg":"07","cine_prov":"071","cine_com":"07102"},"geometry":{"type":"LineString","coordinates":[[-72.4066,-35.33151],[-72.41407,-35.33451]]}},
{"type":"Feature","properties":{"nom_reg":"Maule","nom_prov":"Talca","nom_com":"Curepto","sector":"Playa La Trinchera","cine_reg":"07","cine_prov":"071","cine_com":"07103"},"geometry":{"type":"LineString","coordinates":[[-72.19932,-35.11089],[-72.19467,-35.11293],[-72.19425,-35.11346],[-72.19374,-35.11361],[-72.19286,-35.11287],[-72.192,-35.11164],[-72.19166,-35.11168],[-72.19049,-35.11238],[-72.18947,-35.1122]]}},
{"type":"Feature","properties":{"nom_reg":"Maule","nom_prov":"Cauquenes","nom_com":"Pelluhue","sector":"Curanipe","cine_reg":"07","cine_prov":"072","cine_com":"07203"},"geometry":{"type":"LineString","coordinates":[[-72.60694,-35.82403],[-72.60673,-35.82458],[-72.60584,-35.82542],[-72.60527,-35.82508],[-72.60493,-35.82542]]}},
{"type":"Feature","properties":{"nom_reg":"Maule","nom_prov":"Cauquenes","nom_com":"Pelluhue","sector":"Pelluhue","cine_reg":"07","cine_prov":"072","cine_com":"07203"},"geometry":{"type":"LineString","coordinates":[[-72.56882,-35.8067],[-72.56487,-35.80112]]}},
{"type":"Feature","properties":{"nom_reg":"Libertador General Bernardo O'Higgins","nom_prov":"Cardenal Caro","nom_com":"Litueche","sector":"Punta Puertecillo","cine_reg":"06","cine_prov":"062","cine_com":"06203"},"geometry":{"type":"LineString","coordinates":[[-71.95183,-34.08427],[-71.95015,-34.08549]]}},
{"type":"Feature","properties":{"nom_reg":"Libertador General Bernardo O'Higgins","nom_prov":"Cardenal Caro","nom_com":"Litueche","sector":"Punta Puertecillo","cine_reg":"06","cine_prov":"062","cine_com":"06203"},"geometry":{"type":"LineString","coordinates":[[-71.95871,-34.08931],[-71.95985,-34.08957],[-71.96071,-34.08944],[-71.96099,-34.08956],[-71.96077,-34.08989]]}},
{"type":"Feature","properties":{"nom_reg":"Los Lagos","nom_prov":"Chiloé","nom_com":"Castro","sector":"Castro","cine_reg":"10","cine_prov":"102","cine_com":"10201"},"geometry":{"type":"LineString","coordinates":[[-73.7675,-42.46913],[-73.77058,-42.46973]]}},
{"type":"Feature","properties":{"nom_reg":"Maule","nom_prov":"Curicó","nom_com":"Vichuquén","sector":"Boyeruca (Vichuquen)","cine_reg":"07","cine_prov":"073","cine_com":"07309"},"geometry":{"type":"LineString","coordinates":[[-72.05805,-34.68764],[-72.05835,-34.68833],[-72.05855,-34.6894]]}},
{"type":"Feature","properties":{"nom_reg":"Libertador General Bernardo O'Higgins","nom_prov":"Cardenal Caro","nom_com":"Litueche","sector":"Punta Puertecillo","cine_reg":"06","cine_prov":"062","cine_com":"06203"},"geometry":{"type":"LineString","coordinates":[[-71.95271,-34.08529],[-71.9515,-34.08593],[-71.95122,-34.08648],[-71.95128,-34.08663],[-71.95104,-34.0868]]}},
{"type":"Feature","properties":{"nom_reg":"Maule","nom_prov":"Curicó","nom_com":"Vichuquén","sector":"Llico","cine_reg":"07","cine_prov":"073","cine_com":"07309"},"geometry":{"type":"LineString","coordinates":[[-72.07481,-34.76624],[-72.07462,-34.76706],[-72.07472,-34.7673],[-72.07502,-34.7674],[-72.07568,-34.76725],[-72.07658,-34.76824]]}},
{"type":"Feature","properties":{"nom_reg":"Libertador General Bernardo O'Higgins","nom_prov":"Cardenal Caro","nom_com":"Litueche","sector":"Punta Puertecillo","cine_reg":"06","cine_prov":"062","cine_com":"06203"},"geometry":{"type":"LineString","coordinates":[[-71.95356,-34.08604],[-71.95181,-34.08716],[-71.95128,-34.08672]]}},
{"type":"Feature","properties":{"nom_reg":"Los Lagos","nom_prov":"Chiloé","nom_com":"Quemchi","sector":"Quemchi","cine_reg":"10","cine_prov":"102","cine_com":"10209"},"geometry":{"type":"LineString","coordinates":[[-73.47699,-42.14126],[-73.47624,-42.14186],[-73.47614,-42.14224]]}},
{"type":"Feature","properties":{"nom_reg":"Los Lagos","nom_prov":"Chiloé","nom_com":"Quemchi","sector":"Quemchi","cine_reg":"10","cine_prov":"102","cine_com":"10209"},"geometry":{"type":"LineString","coordinates":[[-73.49114,-42.14989],[-73.49108,-42.14892],[-73.4914,-42.14753],[-73.49188,-42.14631]]}},
{"type":"Feature","properties":{"nom_reg":"Los Lagos","nom_prov":"Chiloé","nom_com":"Quemchi","sector":"Quemchi","cine_reg":"10","cine_prov":"102","cine_com":"10209"},"geometry":{"type":"LineString","coordinates":[[-73.48472,-42.1454],[-73.48783,-42.14502],[-73.48849,-42.1452],[-73.48893,-42.14601],[-73.48922,-42.14624],[-73.48976,-42.14629],[-73.49144,-42.14602],[-73.49183,-42.14618]]}},
{"type":"Feature","properties":{"nom_reg":"Los Lagos","nom_prov":"Chiloé","nom_com":"Quemchi","sector":"Quemchi","cine_reg":"10","cine_prov":"102","cine_com":"10209"},"geometry":{"type":"LineString","coordinates":[[-73.48805,-42.1563],[-73.48929,-42.15432],[-73.49138,-42.15334],[-73.49271,-42.152]]}},
{"type":"Feature","properties":{"nom_reg":"Los Lagos","nom_prov":"Chiloé","nom_com":"Quemchi","sector":"Quemchi","cine_reg":"10","cine_prov":"102","cine_com":"10209"},"geometry":{"type":"LineString","coordinates":[[-73.47718,-42.14312],[-73.47568,-42.1433]]}},
{"type":"Feature","properties":{"nom_reg":"Los Lagos","nom_prov":"Chiloé","nom_com":"Quemchi","sector":"Quemchi","cine_reg":"10","cine_prov":"102","cine_com":"10209"},"geometry":{"type":"LineString","coordinates":[[-73.4758,-42.14385],[-73.47564,-42.14331],[-73.47613,-42.1423],[-73.47512,-42.14168],[-73.47445,-42.14096]]}},
{"type":"Feature","properties":{"nom_reg":"Los Lagos","nom_prov":"Chiloé","nom_com":"Quemchi","sector":"Quemchi","cine_reg":"10","cine_prov":"102","cine_com":"10209"},"geometry":{"type":"LineString","coordinates":[[-73.4903,-42.15074],[-73.49128,-42.15062],[-73.49183,-42.15154],[-73.49388,-42.15227],[-73.49489,-42.1523]]}},
{"type":"Feature","properties":{"nom_reg":"Los Lagos","nom_prov":"Chiloé","nom_com":"Quemchi","sector":"Quemchi","cine_reg":"10","cine_prov":"102","cine_com":"10209"},"geometry":{"type":"LineString","coordinates":[[-73.47339,-42.14409],[-73.47285,-42.14325],[-73.47324,-42.14262],[-73.47434,-42.14168],[-73.47437,-42.13998],[-73.47481,-42.13743]]}},
{"type":"Feature","properties":{"nom_reg":"Los Lagos","nom_prov":"Chiloé","nom_com":"Quemchi","sector":"Quemchi","cine_reg":"10","cine_prov":"102","cine_com":"10209"},"geometry":{"type":"LineString","coordinates":[[-73.48407,-42.14552],[-73.48138,-42.14584],[-73.4795,-42.14535],[-73.48101,-42.14378],[-73.48133,-42.14365]]}},
{"type":"Feature","properties":{"nom_reg":"Los Lagos","nom_prov":"Chiloé","nom_com":"Quemchi","sector":"Quemchi","cine_reg":"10","cine_prov":"102","cine_com":"10209"},"geometry":{"type":"LineString","coordinates":[[-73.4774,-42.14334],[-73.47744,-42.14366],[-73.47813,-42.14478],[-73.47853,-42.14492],[-73.47993,-42.14414],[-73.48093,-42.143]]}},
{"type":"Feature","properties":{"nom_reg":"Los Lagos","nom_prov":"Chiloé","nom_com":"Quellón","sector":"Quellón","cine_reg":"10","cine_prov":"102","cine_com":"10208"},"geometry":{"type":"LineString","coordinates":[[-73.60009,-43.11999],[-73.60069,-43.11975],[-73.60109,-43.11936],[-73.60221,-43.11756],[-73.60347,-43.11691],[-73.60229,-43.11595],[-73.60173,-43.11598],[-73.60071,-43.11409],[-73.60032,-43.11396],[-73.59987,-43.11405],[-73.59919,-43.11266],[-73.59906,-43.11174],[-73.59958,-43.11157],[-73.59945,-43.11132]]}},
{"type":"Feature","properties":{"nom_reg":"Los Lagos","nom_prov":"Chiloé","nom_com":"Queilén","sector":"Queilen","cine_reg":"10","cine_prov":"102","cine_com":"10207"},"geometry":{"type":"LineString","coordinates":[[-73.47195,-42.89303],[-73.47038,-42.89074],[-73.47002,-42.88979],[-73.46986,-42.88902],[-73.46997,-42.88871],[-73.47011,-42.88876],[-73.47066,-42.88813],[-73.47031,-42.88726],[-73.46837,-42.88575],[-73.46772,-42.88297]]}},
{"type":"Feature","properties":{"nom_reg":"Los Lagos","nom_prov":"Chiloé","nom_com":"Queilén","sector":"Queilen","cine_reg":"10","cine_prov":"102","cine_com":"10207"},"geometry":{"type":"LineString","coordinates":[[-73.47232,-42.89042],[-73.47286,-42.8893],[-73.47265,-42.88921],[-73.47259,-42.88792],[-73.47328,-42.88706],[-73.47404,-42.88644],[-73.47365,-42.88587],[-73.47376,-42.88522],[-73.47343,-42.88481]]}},
{"type":"Feature","properties":{"nom_reg":"Los Lagos","nom_prov":"Chiloé","nom_com":"Queilén","sector":"Queilen","cine_reg":"10","cine_prov":"102","cine_com":"10207"},"geometry":{"type":"LineString","coordinates":[[-73.47679,-42.89565],[-73.47654,-42.89433],[-73.47686,-42.89169],[-73.47242,-42.89044]]}},
{"type":"Feature","properties":{"nom_reg":"Los Lagos","nom_prov":"Chiloé","nom_com":"Queilén","sector":"Queilen","cine_reg":"10","cine_prov":"102","cine_com":"10207"},"geometry":{"type":"LineString","coordinates":[[-73.47001,-42.88639],[-73.47152,-42.88632],[-73.47302,-42.88477]]}},
{"type":"Feature","properties":{"nom_reg":"Los Lagos","nom_prov":"Chiloé","nom_com":"Queilén","sector":"Queilen","cine_reg":"10","cine_prov":"102","cine_com":"10207"},"geometry":{"type":"LineString","coordinates":[[-73.47072,-42.88998],[-73.47218,-42.89034]]}},
{"type":"Feature","properties":{"nom_reg":"Los Lagos","nom_prov":"Chiloé","nom_com":"Queilén","sector":"Queilen","cine_reg":"10","cine_prov":"102","cine_com":"10207"},"geometry":{"type":"LineString","coordinates":[[-73.4689,-42.88564],[-73.47045,-42.88536],[-73.4715,-42.88449],[-73.47183,-42.88314],[-73.47126,-42.88308]]}},
{"type":"Feature","properties":{"nom_reg":"Los Lagos","nom_prov":"Chiloé","nom_com":"Queilén","sector":"Queilen","cine_reg":"10","cine_prov":"102","cine_com":"10207"},"geometry":{"type":"LineString","coordinates":[[-73.47726,-42.89041],[-73.47294,-42.88933]]}},
{"type":"Feature","properties":{"nom_reg":"Los Lagos","nom_prov":"Chiloé","nom_com":"Dalcahue","sector":"Dalcahue","cine_reg":"10","cine_prov":"102","cine_com":"10205"},"geometry":{"type":"LineString","coordinates":[[-73.64307,-42.37505],[-73.64403,-42.37586],[-73.64503,-42.3738],[-73.64553,-42.37393]]}},
{"type":"Feature","properties":{"nom_reg":"Los Lagos","nom_prov":"Chiloé","nom_com":"Dalcahue","sector":"Dalcahue","cine_reg":"10","cine_prov":"102","cine_com":"10205"},"geometry":{"type":"LineString","coordinates":[[-73.64389,-42.37763],[-73.64471,-42.37634],[-73.64437,-42.3761],[-73.64477,-42.37566],[-73.64555,-42.3741]]}},
{"type":"Feature","properties":{"nom_reg":"Los Lagos","nom_prov":"Chiloé","nom_com":"Dalcahue","sector":"Dalcahue","cine_reg":"10","cine_prov":"102","cine_com":"10205"},"geometry":{"type":"LineString","coordinates":[[-73.65234,-42.37666],[-73.65261,-42.37628],[-73.65229,-42.37594],[-73.65365,-42.37416]]}},
{"type":"Feature","properties":{"nom_reg":"Los Lagos","nom_prov":"Chiloé","nom_com":"Dalcahue","sector":"Dalcahue","cine_reg":"10","cine_prov":"102","cine_com":"10205"},"geometry":{"type":"LineString","coordinates":[[-73.65548,-42.38177],[-73.65528,-42.38084],[-73.65396,-42.38018],[-73.65578,-42.3781],[-73.65687,-42.37753]]}},
{"type":"Feature","properties":{"nom_reg":"Los Lagos","nom_prov":"Chiloé","nom_com":"Dalcahue","sector":"Dalcahue","cine_reg":"10","cine_prov":"102","cine_com":"10205"},"geometry":{"type":"LineString","coordinates":[[-73.65019,-42.38118],[-73.65159,-42.37933],[-73.65267,-42.37965],[-73.65489,-42.37687]]}},
{"type":"Feature","properties":{"nom_reg":"Los Lagos","nom_prov":"Chiloé","nom_com":"Dalcahue","sector":"Dalcahue","cine_reg":"10","cine_prov":"102","cine_com":"10205"},"geometry":{"type":"LineString","coordinates":[[-73.65658,-42.38096],[-73.66173,-42.38117],[-73.66174,-42.38085],[-73.66272,-42.37964]]}},
{"type":"Feature","properties":{"nom_reg":"Los Lagos","nom_prov":"Llanquihue","nom_com":"Cochamó","sector":"Cochamó","cine_reg":"10","cine_prov":"101","cine_com":"10103"},"geometry":{"type":"LineString","coordinates":[[-72.30905,-41.49525],[-72.30767,-41.49178]]}},
{"type":"Feature","properties":{"nom_reg":"Los Lagos","nom_prov":"Llanquihue","nom_com":"Cochamó","sector":"Cochamó","cine_reg":"10","cine_prov":"101","cine_com":"10103"},"geometry":{"type":"LineString","coordinates":[[-72.29728,-41.49464],[-72.29947,-41.49436],[-72.30166,-41.49388],[-72.30136,-41.49331],[-72.30142,-41.49273]]}},
{"type":"Feature","properties":{"nom_reg":"Los Lagos","nom_prov":"Chiloé","nom_com":"Queilén","sector":"Queilen","cine_reg":"10","cine_prov":"102","cine_com":"10207"},"geometry":{"type":"LineString","coordinates":[[-73.47851,-42.8821],[-73.47763,-42.88224],[-73.47544,-42.88193],[-73.475,-42.88214],[-73.47229,-42.88236],[-73.47252,-42.88156],[-73.47253,-42.88024]]}},
{"type":"Feature","properties":{"nom_reg":"Los Lagos","nom_prov":"Llanquihue","nom_com":"Puerto Montt","sector":"Puerto Montt","cine_reg":"10","cine_prov":"101","cine_com":"10101"},"geometry":{"type":"LineString","coordinates":[[-72.92514,-41.47504],[-72.92227,-41.47469],[-72.92129,-41.47478],[-72.92098,-41.47344],[-72.92166,-41.4727],[-72.92171,-41.4714],[-72.92058,-41.4712],[-72.92027,-41.4721]]}},
{"type":"Feature","properties":{"nom_reg":"Los Lagos","nom_prov":"Chiloé","nom_com":"Chonchi","sector":"Chonchi","cine_reg":"10","cine_prov":"102","cine_com":"10203"},"geometry":{"type":"LineString","coordinates":[[-73.78161,-42.61544],[-73.78098,-42.61563],[-73.78021,-42.61623],[-73.77861,-42.61756],[-73.77735,-42.61885],[-73.77627,-42.61958]]}},
{"type":"Feature","properties":{"nom_reg":"Los Lagos","nom_prov":"Llanquihue","nom_com":"Puerto Montt","sector":"Puerto Montt","cine_reg":"10","cine_prov":"101","cine_com":"10101"},"geometry":{"type":"LineString","coordinates":[[-72.93529,-41.47375],[-72.93466,-41.47284],[-72.93558,-41.46968]]}},
{"type":"Feature","properties":{"nom_reg":"Los Lagos","nom_prov":"Osorno","nom_com":"San Juan de la Costa","sector":"Bahía Mansa","cine_reg":"10","cine_prov":"103","cine_com":"10306"},"geometry":{"type":"LineString","coordinates":[[-73.73613,-40.58058],[-73.73492,-40.58087],[-73.73419,-40.58044],[-73.73381,-40.58047],[-73.73264,-40.58108],[-73.73222,-40.58113],[-73.73205,-40.58134],[-73.73066,-40.5811]]}},
{"type":"Feature","properties":{"nom_reg":"Los Lagos","nom_prov":"Chiloé","nom_com":"Puqueldón","sector":"Puqueldon","cine_reg":"10","cine_prov":"102","cine_com":"10206"},"geometry":{"type":"LineString","coordinates":[[-73.67857,-42.60249],[-73.67537,-42.60292],[-73.67369,-42.60364],[-73.67106,-42.60409]]}},
{"type":"Feature","properties":{"nom_reg":"Los Lagos","nom_prov":"Palena","nom_com":"Hualaihué","sector":"Contao","cine_reg":"10","cine_prov":"104","cine_com":"10403"},"geometry":{"type":"LineString","coordinates":[[-72.72071,-41.80004],[-72.72078,-41.80102],[-72.71921,-41.8032],[-72.71937,-41.80379],[-72.72077,-41.80399],[-72.72233,-41.8049],[-72.72245,-41.80552],[-72.72205,-41.80676]]}},
{"type":"Feature","properties":{"nom_reg":"Los Lagos","nom_prov":"Chiloé","nom_com":"Quinchao","sector":"Achao","cine_reg":"10","cine_prov":"102","cine_com":"10210"},"geometry":{"type":"LineString","coordinates":[[-73.49622,-42.46846],[-73.49683,-42.46968]]}},
{"type":"Feature","properties":{"nom_reg":"Los Lagos","nom_prov":"Osorno","nom_com":"San Juan de la Costa","sector":"Pucatrihue","cine_reg":"10","cine_prov":"103","cine_com":"10306"},"geometry":{"type":"LineString","coordinates":[[-73.71486,-40.53942],[-73.71466,-40.53899],[-73.71405,-40.53849],[-73.71314,-40.53834],[-73.71252,-40.53858],[-73.71265,-40.53937]]}},
{"type":"Feature","properties":{"nom_reg":"Los Lagos","nom_prov":"Chiloé","nom_com":"Quellón","sector":"Quellón","cine_reg":"10","cine_prov":"102","cine_com":"10208"},"geometry":{"type":"LineString","coordinates":[[-73.60931,-43.12112],[-73.60955,-43.11953],[-73.60957,-43.11761],[-73.60904,-43.11671],[-73.60821,-43.11576],[-73.60685,-43.11516],[-73.6068,-43.11499],[-73.60729,-43.1143],[-73.60738,-43.11326]]}},
{"type":"Feature","properties":{"nom_reg":"Los Lagos","nom_prov":"Chiloé","nom_com":"Quinchao","sector":"Achao","cine_reg":"10","cine_prov":"102","cine_com":"10210"},"geometry":{"type":"LineString","coordinates":[[-73.48958,-42.46939],[-73.48981,-42.47008]]}},
{"type":"Feature","properties":{"nom_reg":"Los Lagos","nom_prov":"Chiloé","nom_com":"Quinchao","sector":"Achao","cine_reg":"10","cine_prov":"102","cine_com":"10210"},"geometry":{"type":"LineString","coordinates":[[-73.49522,-42.4687],[-73.4957,-42.46991]]}},
{"type":"Feature","properties":{"nom_reg":"Los Lagos","nom_prov":"Chiloé","nom_com":"Chonchi","sector":"Chonchi","cine_reg":"10","cine_prov":"102","cine_com":"10203"},"geometry":{"type":"LineString","coordinates":[[-73.77073,-42.62077],[-73.7697,-42.62159],[-73.77022,-42.62213],[-73.76741,-42.62425],[-73.76576,-42.62493]]}},
{"type":"Feature","properties":{"nom_reg":"Los Lagos","nom_prov":"Osorno","nom_com":"San Juan de la Costa","sector":"Maicolpue","cine_reg":"10","cine_prov":"103","cine_com":"10306"},"geometry":{"type":"LineString","coordinates":[[-73.74335,-40.60487],[-73.74406,-40.60455],[-73.74585,-40.60472],[-73.74826,-40.60429],[-73.74926,-40.60454],[-73.75002,-40.60438]]}},
{"type":"Feature","properties":{"nom_reg":"Los Lagos","nom_prov":"Chiloé","nom_com":"Chonchi","sector":"Chonchi","cine_reg":"10","cine_prov":"102","cine_com":"10203"},"geometry":{"type":"LineString","coordinates":[[-73.77106,-42.61827],[-73.7735,-42.61731],[-73.77469,-42.61731],[-73.77592,-42.61706],[-73.77855,-42.61738]]}},
{"type":"Feature","properties":{"nom_reg":"Los Lagos","nom_prov":"Chiloé","nom_com":"Chonchi","sector":"Chonchi","cine_reg":"10","cine_prov":"102","cine_com":"10203"},"geometry":{"type":"LineString","coordinates":[[-73.77209,-42.62194],[-73.77286,-42.62369]]}},
{"type":"Feature","properties":{"nom_reg":"Los Lagos","nom_prov":"Llanquihue","nom_com":"Puerto Montt","sector":"Puerto Montt","cine_reg":"10","cine_prov":"101","cine_com":"10101"},"geometry":{"type":"LineString","coordinates":[[-72.94887,-41.47592],[-72.94968,-41.47663],[-72.9504,-41.47608],[-72.95141,-41.47491],[-72.95188,-41.47462],[-72.95246,-41.4745],[-72.95268,-41.47424],[-72.95318,-41.47229]]}},
{"type":"Feature","properties":{"nom_reg":"Los Lagos","nom_prov":"Llanquihue","nom_com":"Puerto Montt","sector":"Puerto Montt","cine_reg":"10","cine_prov":"101","cine_com":"10101"},"geometry":{"type":"LineString","coordinates":[[-72.89945,-41.48993],[-72.89965,-41.48932],[-72.89912,-41.48864]]}},
{"type":"Feature","properties":{"nom_reg":"Los Lagos","nom_prov":"Llanquihue","nom_com":"Puerto Montt","sector":"Puerto Montt","cine_reg":"10","cine_prov":"101","cine_com":"10101"},"geometry":{"type":"MultiLineString","coordinates":[[[-72.90187,-41.48656],[-72.90107,-41.4842]],[[-72.90107,-41.48418],[-72.90096,-41.48403],[-72.89907,-41.48382],[-72.89776,-41.48253]]]}},
{"type":"Feature","properties":{"nom_reg":"Los Lagos","nom_prov":"Llanquihue","nom_com":"Puerto Montt","sector":"Puerto Montt","cine_reg":"10","cine_prov":"101","cine_com":"10101"},"geometry":{"type":"LineString","coordinates":[[-72.95275,-41.47938],[-72.954,-41.47876],[-72.95456,-41.47869],[-72.95357,-41.47645],[-72.9526,-41.47537],[-72.9539,-41.47411]]}},
{"type":"Feature","properties":{"nom_reg":"Los Lagos","nom_prov":"Llanquihue","nom_com":"Puerto Montt","sector":"Puerto Montt","cine_reg":"10","cine_prov":"101","cine_com":"10101"},"geometry":{"type":"LineString","coordinates":[[-72.90127,-41.48396],[-72.90191,-41.48385],[-72.90286,-41.48396],[-72.90364,-41.48466],[-72.90404,-41.48483],[-72.90541,-41.485],[-72.90604,-41.48488]]}},
{"type":"Feature","properties":{"nom_reg":"Los Lagos","nom_prov":"Palena","nom_com":"Hualaihué","sector":"Hornopiren","cine_reg":"10","cine_prov":"104","cine_com":"10403"},"geometry":{"type":"LineString","coordinates":[[-72.46919,-41.96737],[-72.47116,-41.96628]]}},
{"type":"Feature","properties":{"nom_reg":"Los Lagos","nom_prov":"Llanquihue","nom_com":"Puerto Montt","sector":"Puerto Montt","cine_reg":"10","cine_prov":"101","cine_com":"10101"},"geometry":{"type":"LineString","coordinates":[[-72.90506,-41.48634],[-72.90189,-41.48653]]}},
{"type":"Feature","properties":{"nom_reg":"Los Lagos","nom_prov":"Chiloé","nom_com":"Quellón","sector":"Quellón","cine_reg":"10","cine_prov":"102","cine_com":"10208"},"geometry":{"type":"LineString","coordinates":[[-73.61442,-43.1208],[-73.61467,-43.11638],[-73.61446,-43.11548],[-73.61419,-43.1155],[-73.6142,-43.1146]]}},
{"type":"Feature","properties":{"nom_reg":"Los Lagos","nom_prov":"Chiloé","nom_com":"Quinchao","sector":"Achao","cine_reg":"10","cine_prov":"102","cine_com":"10210"},"geometry":{"type":"LineString","coordinates":[[-73.48786,-42.47122],[-73.48812,-42.47241]]}},
{"type":"Feature","properties":{"nom_reg":"Los Lagos","nom_prov":"Llanquihue","nom_com":"Puerto Montt","sector":"Puerto Montt","cine_reg":"10","cine_prov":"101","cine_com":"10101"},"geometry":{"type":"LineString","coordinates":[[-72.96298,-41.48439],[-72.96316,-41.48554],[-72.964,-41.48521],[-72.96498,-41.48521],[-72.96661,-41.48607],[-72.96725,-41.48579],[-72.96806,-41.48496],[-72.96844,-41.48478],[-72.97133,-41.48425],[-72.97248,-41.48384]]}},
{"type":"Feature","properties":{"nom_reg":"Los Lagos","nom_prov":"Llanquihue","nom_com":"Puerto Montt","sector":"Puerto Montt","cine_reg":"10","cine_prov":"101","cine_com":"10101"},"geometry":{"type":"LineString","coordinates":[[-72.94232,-41.47189],[-72.9527,-41.47346]]}},
{"type":"Feature","properties":{"nom_reg":"Los Lagos","nom_prov":"Llanquihue","nom_com":"Puerto Montt","sector":"Puerto Montt","cine_reg":"10","cine_prov":"101","cine_com":"10101"},"geometry":{"type":"LineString","coordinates":[[-72.93915,-41.47201],[-72.93978,-41.4699],[-72.94065,-41.46953],[-72.93919,-41.46953]]}},
{"type":"Feature","properties":{"nom_reg":"Los Lagos","nom_prov":"Llanquihue","nom_com":"Puerto Montt","sector":"Puerto Montt","cine_reg":"10","cine_prov":"101","cine_com":"10101"},"geometry":{"type":"LineString","coordinates":[[-72.94144,-41.47283],[-72.94312,-41.46685],[-72.94224,-41.46678],[-72.94218,-41.46743],[-72.94179,-41.4678],[-72.94152,-41.46785],[-72.94136,-41.46768],[-72.93989,-41.46791],[-72.94018,-41.46887],[-72.93961,-41.46917]]}},
{"type":"Feature","properties":{"nom_reg":"Los Lagos","nom_prov":"Llanquihue","nom_com":"Cochamó","sector":"Cochamó","cine_reg":"10","cine_prov":"101","cine_com":"10103"},"geometry":{"type":"LineString","coordinates":[[-72.29592,-41.49599],[-72.2984,-41.49487],[-72.29872,-41.49448]]}},
{"type":"Feature","properties":{"nom_reg":"Los Lagos","nom_prov":"Chiloé","nom_com":"Quellón","sector":"Quellón","cine_reg":"10","cine_prov":"102","cine_com":"10208"},"geometry":{"type":"LineString","coordinates":[[-73.61186,-43.12083],[-73.61221,-43.11773],[-73.61217,-43.11659],[-73.61284,-43.11414],[-73.61351,-43.11247]]}},
{"type":"Feature","properties":{"nom_reg":"Los Lagos","nom_prov":"Chiloé","nom_com":"Quellón","sector":"Quellón","cine_reg":"10","cine_prov":"102","cine_com":"10208"},"geometry":{"type":"LineString","coordinates":[[-73.62148,-43.12085],[-73.62079,-43.11836],[-73.62146,-43.1166],[-73.62157,-43.11592],[-73.62193,-43.11544]]}},
{"type":"Feature","properties":{"nom_reg":"Los Lagos","nom_prov":"Palena","nom_com":"Hualaihué","sector":"Hornopiren","cine_reg":"10","cine_prov":"104","cine_com":"10403"},"geometry":{"type":"LineString","coordinates":[[-72.47067,-41.96165],[-72.46998,-41.96108]]}},
{"type":"Feature","properties":{"nom_reg":"Los Lagos","nom_prov":"Chiloé","nom_com":"Quellón","sector":"Quellón","cine_reg":"10","cine_prov":"102","cine_com":"10208"},"geometry":{"type":"LineString","coordinates":[[-73.63123,-43.11771],[-73.63109,-43.11647],[-73.63038,-43.11648]]}},
{"type":"Feature","properties":{"nom_reg":"Los Lagos","nom_prov":"Palena","nom_com":"Hualaihué","sector":"Contao","cine_reg":"10","cine_prov":"104","cine_com":"10403"},"geometry":{"type":"LineString","coordinates":[[-72.71124,-41.80426],[-72.7132,-41.80276],[-72.71192,-41.80197],[-72.71153,-41.80136],[-72.71052,-41.79783],[-72.7095,-41.79833],[-72.70694,-41.8001],[-72.70584,-41.80067]]}},
{"type":"Feature","properties":{"nom_reg":"Los Lagos","nom_prov":"Chiloé","nom_com":"Quellón","sector":"Quellón","cine_reg":"10","cine_prov":"102","cine_com":"10208"},"geometry":{"type":"LineString","coordinates":[[-73.62787,-43.11669],[-73.62768,-43.11487],[-73.62731,-43.11491]]}},
{"type":"Feature","properties":{"nom_reg":"Los Lagos","nom_prov":"Osorno","nom_com":"San Juan de la Costa","sector":"Maicolpue","cine_reg":"10","cine_prov":"103","cine_com":"10306"},"geometry":{"type":"LineString","coordinates":[[-73.73702,-40.59837],[-73.73645,-40.5983],[-73.73604,-40.59843],[-73.73561,-40.59787]]}},
{"type":"Feature","properties":{"nom_reg":"Los Lagos","nom_prov":"Chiloé","nom_com":"Quinchao","sector":"Achao","cine_reg":"10","cine_prov":"102","cine_com":"10210"},"geometry":{"type":"LineString","coordinates":[[-73.49212,-42.47075],[-73.49309,-42.47056]]}},
{"type":"Feature","properties":{"nom_reg":"Los Lagos","nom_prov":"Chiloé","nom_com":"Quinchao","sector":"Achao","cine_reg":"10","cine_prov":"102","cine_com":"10210"},"geometry":{"type":"LineString","coordinates":[[-73.49246,-42.469],[-73.49363,-42.47181]]}},
{"type":"Feature","properties":{"nom_reg":"Los Lagos","nom_prov":"Osorno","nom_com":"San Juan de la Costa","sector":"Pucatrihue","cine_reg":"10","cine_prov":"103","cine_com":"10306"},"geometry":{"type":"LineString","coordinates":[[-73.70572,-40.56046],[-73.70506,-40.56212],[-73.70485,-40.56225],[-73.70349,-40.56212],[-73.70337,-40.56255],[-73.70478,-40.5648],[-73.70653,-40.56594],[-73.70703,-40.56666],[-73.70756,-40.56665]]}},
{"type":"Feature","properties":{"nom_reg":"Los Lagos","nom_prov":"Chiloé","nom_com":"Quinchao","sector":"Achao","cine_reg":"10","cine_prov":"102","cine_com":"10210"},"geometry":{"type":"LineString","coordinates":[[-73.49006,-42.47072],[-73.4907,-42.47243],[-73.48777,-42.47251],[-73.48609,-42.47368],[-73.4856,-42.47378],[-73.485,-42.47367],[-73.48367,-42.4724]]}},
{"type":"Feature","properties":{"nom_reg":"Los Lagos","nom_prov":"Llanquihue","nom_com":"Puerto Montt","sector":"Puerto Montt","cine_reg":"10","cine_prov":"101","cine_com":"10101"},"geometry":{"type":"LineString","coordinates":[[-72.93555,-41.46958],[-72.93527,-41.46932],[-72.93423,-41.46904],[-72.93525,-41.46864],[-72.93767,-41.4681],[-72.93805,-41.46907],[-72.93869,-41.4696]]}},
{"type":"Feature","properties":{"nom_reg":"Los Lagos","nom_prov":"Osorno","nom_com":"San Juan de la Costa","sector":"Pucatrihue","cine_reg":"10","cine_prov":"103","cine_com":"10306"},"geometry":{"type":"LineString","coordinates":[[-73.70756,-40.56175],[-73.70691,-40.56206],[-73.70675,-40.56255],[-73.70607,-40.56335],[-73.70537,-40.56413],[-73.7047,-40.56454]]}},
{"type":"Feature","properties":{"nom_reg":"Los Lagos","nom_prov":"Palena","nom_com":"Hualaihué","sector":"Hornopiren","cine_reg":"10","cine_prov":"104","cine_com":"10403"},"geometry":{"type":"LineString","coordinates":[[-72.47747,-41.97154],[-72.47729,-41.97091],[-72.47444,-41.96892]]}},
{"type":"Feature","properties":{"nom_reg":"Los Lagos","nom_prov":"Chiloé","nom_com":"Quinchao","sector":"Achao","cine_reg":"10","cine_prov":"102","cine_com":"10210"},"geometry":{"type":"LineString","coordinates":[[-73.49077,-42.4691],[-73.49287,-42.47334],[-73.49425,-42.47474],[-73.49509,-42.47625],[-73.4953,-42.47748]]}},
{"type":"Feature","properties":{"nom_reg":"Los Lagos","nom_prov":"Chiloé","nom_com":"Puqueldón","sector":"Puqueldon","cine_reg":"10","cine_prov":"102","cine_com":"10206"},"geometry":{"type":"LineString","coordinates":[[-73.67914,-42.59904],[-73.67848,-42.59955],[-73.67816,-42.59941],[-73.67666,-42.59973]]}},
{"type":"Feature","properties":{"nom_reg":"Los Lagos","nom_prov":"Chiloé","nom_com":"Quellón","sector":"Quellón","cine_reg":"10","cine_prov":"102","cine_com":"10208"},"geometry":{"type":"LineString","coordinates":[[-73.63026,-43.11772],[-73.6303,-43.1165],[-73.63009,-43.11466]]}},
{"type":"Feature","properties":{"nom_reg":"Los Lagos","nom_prov":"Palena","nom_com":"Hualaihué","sector":"Contao","cine_reg":"10","cine_prov":"104","cine_com":"10403"},"geometry":{"type":"LineString","coordinates":[[-72.71658,-41.7987],[-72.71799,-41.79966],[-72.7159,-41.80099],[-72.71816,-41.80265],[-72.71874,-41.80295],[-72.71926,-41.80298]]}},
{"type":"Feature","properties":{"nom_reg":"Los Lagos","nom_prov":"Osorno","nom_com":"San Juan de la Costa","sector":"Maicolpue","cine_reg":"10","cine_prov":"103","cine_com":"10306"},"geometry":{"type":"LineString","coordinates":[[-73.73294,-40.59497],[-73.72934,-40.59593],[-73.72932,-40.59603],[-73.73088,-40.59603],[-73.73155,-40.59648]]}},
{"type":"Feature","properties":{"nom_reg":"Los Lagos","nom_prov":"Llanquihue","nom_com":"Puerto Montt","sector":"Puerto Montt","cine_reg":"10","cine_prov":"101","cine_com":"10101"},"geometry":{"type":"LineString","coordinates":[[-72.8991,-41.48858],[-72.89449,-41.48958]]}},
{"type":"Feature","properties":{"nom_reg":"Los Lagos","nom_prov":"Chiloé","nom_com":"Quinchao","sector":"Achao","cine_reg":"10","cine_prov":"102","cine_com":"10210"},"geometry":{"type":"LineString","coordinates":[[-73.48806,-42.46971],[-73.48824,-42.47049]]}},
{"type":"Feature","properties":{"nom_reg":"Los Lagos","nom_prov":"Chiloé","nom_com":"Puqueldón","sector":"Puqueldon","cine_reg":"10","cine_prov":"102","cine_com":"10206"},"geometry":{"type":"LineString","coordinates":[[-73.6794,-42.6007],[-73.67858,-42.60042],[-73.67867,-42.59998],[-73.67849,-42.59955]]}},
{"type":"Feature","properties":{"nom_reg":"Los Lagos","nom_prov":"Llanquihue","nom_com":"Puerto Montt","sector":"Puerto Montt","cine_reg":"10","cine_prov":"101","cine_com":"10101"},"geometry":{"type":"LineString","coordinates":[[-72.95848,-41.48322],[-72.95775,-41.48305],[-72.95718,-41.48255],[-72.95628,-41.48128],[-72.95476,-41.47648],[-72.95473,-41.47539],[-72.95405,-41.47407]]}},
{"type":"Feature","properties":{"nom_reg":"Los Lagos","nom_prov":"Chiloé","nom_com":"Quinchao","sector":"Achao","cine_reg":"10","cine_prov":"102","cine_com":"10210"},"geometry":{"type":"LineString","coordinates":[[-73.49404,-42.46897],[-73.49454,-42.47018]]}},
{"type":"Feature","properties":{"nom_reg":"Los Lagos","nom_prov":"Osorno","nom_com":"San Juan de la Costa","sector":"Maicolpue","cine_reg":"10","cine_prov":"103","cine_com":"10306"},"geometry":{"type":"LineString","coordinates":[[-73.7387,-40.60477],[-73.73799,-40.60541],[-73.73764,-40.6061],[-73.7386,-40.60736],[-73.73913,-40.60742],[-73.74009,-40.60707],[-73.74056,-40.60731],[-73.74282,-40.60683],[-73.74361,-40.60691],[-73.74447,-40.60732],[-73.74495,-40.60704]]}},
{"type":"Feature","properties":{"nom_reg":"Los Lagos","nom_prov":"Chiloé","nom_com":"Quellón","sector":"Quellón","cine_reg":"10","cine_prov":"102","cine_com":"10208"},"geometry":{"type":"LineString","coordinates":[[-73.62966,-43.11757],[-73.62939,-43.11649],[-73.6303,-43.11647]]}},
{"type":"Feature","properties":{"nom_reg":"Los Lagos","nom_prov":"Chiloé","nom_com":"Quinchao","sector":"Achao","cine_reg":"10","cine_prov":"102","cine_com":"10210"},"geometry":{"type":"LineString","coordinates":[[-73.48751,-42.46984],[-73.48767,-42.47039]]}},
{"type":"Feature","properties":{"nom_reg":"Los Lagos","nom_prov":"Chiloé","nom_com":"Quellón","sector":"Quellón","cine_reg":"10","cine_prov":"102","cine_com":"10208"},"geometry":{"type":"LineString","coordinates":[[-73.61998,-43.11467],[-73.6201,-43.11334],[-73.61987,-43.11295]]}},
{"type":"Feature","properties":{"nom_reg":"Los Lagos","nom_prov":"Llanquihue","nom_com":"Puerto Montt","sector":"Puerto Montt","cine_reg":"10","cine_prov":"101","cine_com":"10101"},"geometry":{"type":"LineString","coordinates":[[-72.89935,-41.48703],[-72.8996,-41.48684],[-72.9018,-41.48654]]}},
{"type":"Feature","properties":{"nom_reg":"Los Lagos","nom_prov":"Llanquihue","nom_com":"Puerto Montt","sector":"Puerto Montt","cine_reg":"10","cine_prov":"101","cine_com":"10101"},"geometry":{"type":"LineString","coordinates":[[-72.94257,-41.47129],[-72.95286,-41.47285]]}},
{"type":"Feature","properties":{"nom_reg":"Los Lagos","nom_prov":"Osorno","nom_com":"San Juan de la Costa","sector":"Pucatrihue","cine_reg":"10","cine_prov":"103","cine_com":"10306"},"geometry":{"type":"LineString","coordinates":[[-73.71332,-40.53473],[-73.71257,-40.53509],[-73.71163,-40.53474],[-73.71253,-40.5335],[-73.71354,-40.53051],[-73.71466,-40.52952],[-73.71538,-40.52822],[-73.71634,-40.52746],[-73.71649,-40.52718],[-73.71646,-40.52651]]}},
{"type":"Feature","properties":{"nom_reg":"Los Lagos","nom_prov":"Palena","nom_com":"Hualaihué","sector":"Hornopiren","cine_reg":"10","cine_prov":"104","cine_com":"10403"},"geometry":{"type":"LineString","coordinates":[[-72.47753,-41.96953],[-72.4754,-41.96809]]}},
{"type":"Feature","properties":{"nom_reg":"Los Lagos","nom_prov":"Osorno","nom_com":"San Juan de la Costa","sector":"Bahía Mansa","cine_reg":"10","cine_prov":"103","cine_com":"10306"},"geometry":{"type":"LineString","coordinates":[[-73.73361,-40.58142],[-73.73302,-40.58197],[-73.73253,-40.58189],[-73.73204,-40.58136]]}},
{"type":"Feature","properties":{"nom_reg":"Los Lagos","nom_prov":"Chiloé","nom_com":"Quinchao","sector":"Achao","cine_reg":"10","cine_prov":"102","cine_com":"10210"},"geometry":{"type":"LineString","coordinates":[[-73.49071,-42.46993],[-73.48832,-42.47056],[-73.48697,-42.47053],[-73.48516,-42.47085],[-73.48409,-42.47139],[-73.48307,-42.47272]]}},
{"type":"Feature","properties":{"nom_reg":"Los Lagos","nom_prov":"Llanquihue","nom_com":"Puerto Montt","sector":"Puerto Montt","cine_reg":"10","cine_prov":"101","cine_com":"10101"},"geometry":{"type":"LineString","coordinates":[[-72.93995,-41.47216],[-72.94037,-41.47053]]}},
{"type":"Feature","properties":{"nom_reg":"Los Lagos","nom_prov":"Chiloé","nom_com":"Quellón","sector":"Quellón","cine_reg":"10","cine_prov":"102","cine_com":"10208"},"geometry":{"type":"LineString","coordinates":[[-73.62553,-43.11806],[-73.62546,-43.11717],[-73.62565,-43.11713],[-73.62551,-43.11605],[-73.62601,-43.11601],[-73.62582,-43.11518]]}},
{"type":"Feature","properties":{"nom_reg":"Los Lagos","nom_prov":"Llanquihue","nom_com":"Puerto Montt","sector":"Puerto Montt","cine_reg":"10","cine_prov":"101","cine_com":"10101"},"geometry":{"type":"LineString","coordinates":[[-72.93706,-41.47173],[-72.9351,-41.47142]]}},
{"type":"Feature","properties":{"nom_reg":"Los Lagos","nom_prov":"Palena","nom_com":"Hualaihué","sector":"Hornopiren","cine_reg":"10","cine_prov":"104","cine_com":"10403"},"geometry":{"type":"LineString","coordinates":[[-72.46792,-41.96579],[-72.46949,-41.9648]]}},
{"type":"Feature","properties":{"nom_reg":"Los Lagos","nom_prov":"Llanquihue","nom_com":"Puerto Montt","sector":"Puerto Montt","cine_reg":"10","cine_prov":"101","cine_com":"10101"},"geometry":{"type":"LineString","coordinates":[[-72.89914,-41.48729],[-72.89936,-41.48834],[-72.8991,-41.48858]]}},
{"type":"Feature","properties":{"nom_reg":"Los Lagos","nom_prov":"Osorno","nom_com":"San Juan de la Costa","sector":"Maicolpue","cine_reg":"10","cine_prov":"103","cine_com":"10306"},"geometry":{"type":"LineString","coordinates":[[-73.73496,-40.59566],[-73.73439,-40.59609]]}},
{"type":"Feature","properties":{"nom_reg":"Los Lagos","nom_prov":"Llanquihue","nom_com":"Puerto Montt","sector":"Puerto Montt","cine_reg":"10","cine_prov":"101","cine_com":"10101"},"geometry":{"type":"LineString","coordinates":[[-72.94076,-41.47233],[-72.94144,-41.46981]]}},
{"type":"Feature","properties":{"nom_reg":"Los Lagos","nom_prov":"Palena","nom_com":"Hualaihué","sector":"Hornopiren","cine_reg":"10","cine_prov":"104","cine_com":"10403"},"geometry":{"type":"LineString","coordinates":[[-72.46966,-41.96249],[-72.46789,-41.96089]]}},
{"type":"Feature","properties":{"nom_reg":"Los Lagos","nom_prov":"Chiloé","nom_com":"Chonchi","sector":"Chonchi","cine_reg":"10","cine_prov":"102","cine_com":"10203"},"geometry":{"type":"LineString","coordinates":[[-73.7705,-42.61918],[-73.77102,-42.62052],[-73.77174,-42.621],[-73.77202,-42.6217],[-73.77576,-42.61981]]}},
{"type":"Feature","properties":{"nom_reg":"Los Lagos","nom_prov":"Chiloé","nom_com":"Quellón","sector":"Quellón","cine_reg":"10","cine_prov":"102","cine_com":"10208"},"geometry":{"type":"LineString","coordinates":[[-73.61697,-43.1203],[-73.61679,-43.1155],[-73.61632,-43.11545],[-73.61637,-43.11469]]}},
{"type":"Feature","properties":{"nom_reg":"Los Lagos","nom_prov":"Chiloé","nom_com":"Quinchao","sector":"Achao","cine_reg":"10","cine_prov":"102","cine_com":"10210"},"geometry":{"type":"LineString","coordinates":[[-73.49359,-42.47045],[-73.4945,-42.47026]]}},
{"type":"Feature","properties":{"nom_reg":"Los Lagos","nom_prov":"Palena","nom_com":"Hualaihué","sector":"Hornopiren","cine_reg":"10","cine_prov":"104","cine_com":"10403"},"geometry":{"type":"LineString","coordinates":[[-72.47252,-41.96721],[-72.46699,-41.96259],[-72.46637,-41.96223],[-72.46686,-41.9616],[-72.46748,-41.96114],[-72.47113,-41.95877]]}},
{"type":"Feature","properties":{"nom_reg":"Los Lagos","nom_prov":"Llanquihue","nom_com":"Puerto Montt","sector":"Puerto Montt","cine_reg":"10","cine_prov":"101","cine_com":"10101"},"geometry":{"type":"LineString","coordinates":[[-72.92045,-41.47328],[-72.91973,-41.47334],[-72.91787,-41.47402],[-72.91705,-41.47364],[-72.91605,-41.47247]]}},
{"type":"Feature","properties":{"nom_reg":"Los Lagos","nom_prov":"Chiloé","nom_com":"Quinchao","sector":"Achao","cine_reg":"10","cine_prov":"102","cine_com":"10210"},"geometry":{"type":"LineString","coordinates":[[-73.49282,-42.47189],[-73.49703,-42.47194],[-73.49708,-42.47348],[-73.49813,-42.47467],[-73.4986,-42.47463],[-73.49891,-42.47431]]}},
{"type":"Feature","properties":{"nom_reg":"Los Lagos","nom_prov":"Osorno","nom_com":"San Juan de la Costa","sector":"Maicolpue","cine_reg":"10","cine_prov":"103","cine_com":"10306"},"geometry":{"type":"LineString","coordinates":[[-73.73434,-40.59612],[-73.73538,-40.59678],[-73.73557,-40.59732]]}},
{"type":"Feature","properties":{"nom_reg":"Los Lagos","nom_prov":"Palena","nom_com":"Hualaihué","sector":"Contao","cine_reg":"10","cine_prov":"104","cine_com":"10403"},"geometry":{"type":"LineString","coordinates":[[-72.71429,-41.80165],[-72.71292,-41.80038],[-72.71205,-41.79911],[-72.71162,-41.79939],[-72.71096,-41.79947]]}},
{"type":"Feature","properties":{"nom_reg":"Los Lagos","nom_prov":"Chiloé","nom_com":"Dalcahue","sector":"Dalcahue","cine_reg":"10","cine_prov":"102","cine_com":"10205"},"geometry":{"type":"LineString","coordinates":[[-73.64773,-42.38045],[-73.64815,-42.3795],[-73.6477,-42.3794],[-73.64855,-42.37826],[-73.64827,-42.37811],[-73.6494,-42.37684],[-73.65039,-42.37647],[-73.65051,-42.37562],[-73.6503,-42.37536]]}},
{"type":"Feature","properties":{"nom_reg":"Los Lagos","nom_prov":"Palena","nom_com":"Hualaihué","sector":"Hornopiren","cine_reg":"10","cine_prov":"104","cine_com":"10403"},"geometry":{"type":"LineString","coordinates":[[-72.4723,-41.97019],[-72.47525,-41.96811],[-72.48104,-41.96346],[-72.48319,-41.96222],[-72.48387,-41.96163],[-72.48409,-41.9611],[-72.48457,-41.96061]]}},
{"type":"Feature","properties":{"nom_reg":"Los Lagos","nom_prov":"Chiloé","nom_com":"Quellón","sector":"Quellón","cine_reg":"10","cine_prov":"102","cine_com":"10208"},"geometry":{"type":"LineString","coordinates":[[-73.60887,-43.11786],[-73.60763,-43.11786],[-73.60563,-43.11713],[-73.6051,-43.11672],[-73.6048,-43.11623],[-73.60453,-43.11511]]}},
{"type":"Feature","properties":{"nom_reg":"Los Lagos","nom_prov":"Osorno","nom_com":"San Juan de la Costa","sector":"Maicolpue","cine_reg":"10","cine_prov":"103","cine_com":"10306"},"geometry":{"type":"LineString","coordinates":[[-73.73373,-40.59403],[-73.73366,-40.59466],[-73.73381,-40.59508],[-73.73356,-40.59559],[-73.73407,-40.5959],[-73.73361,-40.59633]]}},
{"type":"Feature","properties":{"nom_reg":"Los Lagos","nom_prov":"Palena","nom_com":"Hualaihué","sector":"Contao","cine_reg":"10","cine_prov":"104","cine_com":"10403"},"geometry":{"type":"LineString","coordinates":[[-72.72433,-41.80229],[-72.72295,-41.8033],[-72.71944,-41.803]]}},
{"type":"Feature","properties":{"nom_reg":"Los Lagos","nom_prov":"Palena","nom_com":"Hualaihué","sector":"Hornopiren","cine_reg":"10","cine_prov":"104","cine_com":"10403"},"geometry":{"type":"LineString","coordinates":[[-72.47498,-41.9713],[-72.47326,-41.96974]]}},
{"type":"Feature","properties":{"nom_reg":"Los Lagos","nom_prov":"Chiloé","nom_com":"Quinchao","sector":"Achao","cine_reg":"10","cine_prov":"102","cine_com":"10210"},"geometry":{"type":"LineString","coordinates":[[-73.49787,-42.46807],[-73.49847,-42.46945],[-73.49458,-42.47025],[-73.49526,-42.47171]]}},
{"type":"Feature","properties":{"nom_reg":"Los Lagos","nom_prov":"Chiloé","nom_com":"Quellón","sector":"Quellón","cine_reg":"10","cine_prov":"102","cine_com":"10208"},"geometry":{"type":"LineString","coordinates":[[-73.62366,-43.11889],[-73.6233,-43.11466]]}},
{"type":"Feature","properties":{"nom_reg":"Los Lagos","nom_prov":"Chiloé","nom_com":"Quellón","sector":"Quellón","cine_reg":"10","cine_prov":"102","cine_com":"10208"},"geometry":{"type":"LineString","coordinates":[[-73.6197,-43.12027],[-73.61956,-43.11747],[-73.61998,-43.11471],[-73.619,-43.11468]]}},
{"type":"Feature","properties":{"nom_reg":"Los Lagos","nom_prov":"Osorno","nom_com":"San Juan de la Costa","sector":"Pucatrihue","cine_reg":"10","cine_prov":"103","cine_com":"10306"},"geometry":{"type":"LineString","coordinates":[[-73.7183,-40.54444],[-73.71795,-40.54502],[-73.71687,-40.54573]]}},
{"type":"Feature","properties":{"nom_reg":"Libertador General Bernardo O'Higgins","nom_prov":"Cardenal Caro","nom_com":"Navidad","sector":"La Boca","cine_reg":"06","cine_prov":"062","cine_com":"06205"},"geometry":{"type":"LineString","coordinates":[[-71.83978,-33.92691],[-71.84193,-33.92641],[-71.84476,-33.92479],[-71.84526,-33.92419],[-71.8463,-33.92427]]}},
{"type":"Feature","properties":{"nom_reg":"Libertador General Bernardo O'Higgins","nom_prov":"Cardenal Caro","nom_com":"Pichilemu","sector":"Pichilemu","cine_reg":"06","cine_prov":"062","cine_com":"06201"},"geometry":{"type":"LineString","coordinates":[[-72.02682,-34.40942],[-72.02424,-34.40941],[-72.02425,-34.41033]]}},
{"type":"Feature","properties":{"nom_reg":"Libertador General Bernardo O'Higgins","nom_prov":"Cardenal Caro","nom_com":"Navidad","sector":"Rapel","cine_reg":"06","cine_prov":"062","cine_com":"06205"},"geometry":{"type":"LineString","coordinates":[[-71.73647,-33.94114],[-71.73825,-33.9464],[-71.73484,-33.95179],[-71.73312,-33.95374],[-71.73022,-33.95848],[-71.7288,-33.96414],[-71.72889,-33.96444],[-71.73074,-33.96556],[-71.73094,-33.96612],[-71.73155,-33.96699],[-71.7316,-33.96761],[-71.73138,-33.96866],[-71.73083,-33.96901],[-71.73036,-33.96964],[-71.72979,-33.96995],[-71.72947,-33.97053],[-71.72964,-33.97202],[-71.73055,-33.97165],[-71.7309,-33.97175],[-71.73104,-33.97206],[-71.73032,-33.9731],[-71.7296,-33.97374],[-71.72926,-33.97374]]}},
{"type":"Feature","properties":{"nom_reg":"Libertador General Bernardo O'Higgins","nom_prov":"Cardenal Caro","nom_com":"Navidad","sector":"Rapel","cine_reg":"06","cine_prov":"062","cine_com":"06205"},"geometry":{"type":"LineString","coordinates":[[-71.74133,-33.94536],[-71.74215,-33.94508],[-71.74335,-33.94493],[-71.74877,-33.94721]]}},
{"type":"Feature","properties":{"nom_reg":"Libertador General Bernardo O'Higgins","nom_prov":"Cardenal Caro","nom_com":"Navidad","sector":"Rapel","cine_reg":"06","cine_prov":"062","cine_com":"06205"},"geometry":{"type":"LineString","coordinates":[[-71.73687,-33.94624],[-71.7349,-33.94684]]}},
{"type":"Feature","properties":{"nom_reg":"Libertador General Bernardo O'Higgins","nom_prov":"Cardenal Caro","nom_com":"Navidad","sector":"Rapel","cine_reg":"06","cine_prov":"062","cine_com":"06205"},"geometry":{"type":"LineString","coordinates":[[-71.73552,-33.94168],[-71.7361,-33.94351],[-71.73384,-33.944],[-71.73503,-33.94734],[-71.73474,-33.94727],[-71.73442,-33.94776],[-71.73357,-33.94841]]}},
{"type":"Feature","properties":{"nom_reg":"Libertador General Bernardo O'Higgins","nom_prov":"Cardenal Caro","nom_com":"Navidad","sector":"Rapel","cine_reg":"06","cine_prov":"062","cine_com":"06205"},"geometry":{"type":"LineString","coordinates":[[-71.74076,-33.95293],[-71.74018,-33.9529],[-71.73908,-33.95322],[-71.73865,-33.95304],[-71.73754,-33.95349],[-71.73691,-33.95235],[-71.73557,-33.95088]]}},
{"type":"Feature","properties":{"nom_reg":"Libertador General Bernardo O'Higgins","nom_prov":"Cardenal Caro","nom_com":"Navidad","sector":"Rapel","cine_reg":"06","cine_prov":"062","cine_com":"06205"},"geometry":{"type":"LineString","coordinates":[[-71.74287,-33.95117],[-71.74371,-33.95067],[-71.74432,-33.95009],[-71.74463,-33.94905],[-71.74483,-33.94895],[-71.74857,-33.94786],[-71.74928,-33.94731],[-71.75596,-33.94529],[-71.75658,-33.94379],[-71.75813,-33.94225]]}},
{"type":"Feature","properties":{"nom_reg":"Libertador General Bernardo O'Higgins","nom_prov":"Cardenal Caro","nom_com":"Navidad","sector":"Licancheu","cine_reg":"06","cine_prov":"062","cine_com":"06205"},"geometry":{"type":"LineString","coordinates":[[-71.79379,-33.94123],[-71.79433,-33.93948],[-71.79415,-33.93895],[-71.7934,-33.93848],[-71.79186,-33.93842],[-71.79053,-33.93876],[-71.78953,-33.93943],[-71.78566,-33.94039],[-71.78401,-33.94159],[-71.78171,-33.94274],[-71.7805,-33.94364],[-71.7776,-33.94427],[-71.77634,-33.94416],[-71.77562,-33.94459],[-71.77349,-33.94531],[-71.77238,-33.94534],[-71.77161,-33.9456],[-71.77087,-33.94525],[-71.7697,-33.94536]]}},
{"type":"Feature","properties":{"nom_reg":"Libertador General Bernardo O'Higgins","nom_prov":"Cardenal Caro","nom_com":"Navidad","sector":"Licancheu","cine_reg":"06","cine_prov":"062","cine_com":"06205"},"geometry":{"type":"LineString","coordinates":[[-71.79756,-33.93674],[-71.79805,-33.93808],[-71.79792,-33.94026],[-71.79814,-33.94081],[-71.79818,-33.94208],[-71.79761,-33.94259],[-71.79722,-33.94393],[-71.79638,-33.94429],[-71.79954,-33.94823],[-71.80154,-33.94953],[-71.80301,-33.95078],[-71.80584,-33.95182],[-71.80614,-33.95248],[-71.80609,-33.95422],[-71.80652,-33.95528],[-71.80763,-33.95586],[-71.80907,-33.95717]]}},
{"type":"Feature","properties":{"nom_reg":"Libertador General Bernardo O'Higgins","nom_prov":"Cardenal Caro","nom_com":"Navidad","sector":"Licancheu","cine_reg":"06","cine_prov":"062","cine_com":"06205"},"geometry":{"type":"LineString","coordinates":[[-71.76954,-33.93745],[-71.76796,-33.93876],[-71.76744,-33.93896],[-71.7679,-33.93963],[-71.76812,-33.94121],[-71.76805,-33.94183],[-71.76768,-33.94267],[-71.76632,-33.94435],[-71.76629,-33.9447],[-71.76667,-33.94499],[-71.76724,-33.9449],[-71.76762,-33.94416],[-71.76815,-33.94371]]}},
{"type":"Feature","properties":{"nom_reg":"Libertador General Bernardo O'Higgins","nom_prov":"Cardenal Caro","nom_com":"Navidad","sector":"Licancheu","cine_reg":"06","cine_prov":"062","cine_com":"06205"},"geometry":{"type":"LineString","coordinates":[[-71.79403,-33.93015],[-71.79318,-33.93148],[-71.79341,-33.93327],[-71.7933,-33.93375],[-71.79243,-33.93493],[-71.79233,-33.93529],[-71.79337,-33.93839]]}},
{"type":"Feature","properties":{"nom_reg":"Libertador General Bernardo O'Higgins","nom_prov":"Cardenal Caro","nom_com":"Navidad","sector":"Puertecillo (Navidad)","cine_reg":"06","cine_prov":"062","cine_com":"06205"},"geometry":{"type":"LineString","coordinates":[[-71.94113,-34.06982],[-71.94161,-34.06951],[-71.9417,-34.06913],[-71.94124,-34.06838]]}},
{"type":"Feature","properties":{"nom_reg":"Maule","nom_prov":"Talca","nom_com":"Constitución","sector":"Constitución","cine_reg":"07","cine_prov":"071","cine_com":"07102"},"geometry":{"type":"LineString","coordinates":[[-72.41908,-35.32687],[-72.41855,-35.3278],[-72.41923,-35.32802],[-72.419,-35.32874]]}},
{"type":"Feature","properties":{"nom_reg":"Maule","nom_prov":"Talca","nom_com":"Constitución","sector":"Constitución","cine_reg":"07","cine_prov":"071","cine_com":"07102"},"geometry":{"type":"LineString","coordinates":[[-72.4074,-35.32545],[-72.41473,-35.3286],[-72.41527,-35.32777]]}},
{"type":"Feature","properties":{"nom_reg":"Valparaíso","nom_prov":"Petorca","nom_com":"Papudo","sector":"Las Salinas Playa","cine_reg":"05","cine_prov":"054","cine_com":"05403"},"geometry":{"type":"LineString","coordinates":[[-71.41261,-32.41626],[-71.41336,-32.41642],[-71.41494,-32.41812]]}},
{"type":"Feature","properties":{"nom_reg":"Los Lagos","nom_prov":"Palena","nom_com":"Chaitén","sector":"Chaiten","cine_reg":"10","cine_prov":"104","cine_com":"10401"},"geometry":{"type":"LineString","coordinates":[[-72.70996,-42.92052],[-72.70898,-42.91482]]}},
{"type":"Feature","properties":{"nom_reg":"Los Lagos","nom_prov":"Palena","nom_com":"Chaitén","sector":"Chaiten","cine_reg":"10","cine_prov":"104","cine_com":"10401"},"geometry":{"type":"LineString","coordinates":[[-72.70485,-42.91868],[-72.70792,-42.91839]]}},
{"type":"Feature","properties":{"nom_reg":"Los Lagos","nom_prov":"Palena","nom_com":"Chaitén","sector":"Chaiten","cine_reg":"10","cine_prov":"104","cine_com":"10401"},"geometry":{"type":"LineString","coordinates":[[-72.70615,-42.91731],[-72.70578,-42.91512]]}},
{"type":"Feature","properties":{"nom_reg":"Los Lagos","nom_prov":"Palena","nom_com":"Chaitén","sector":"Chaiten","cine_reg":"10","cine_prov":"104","cine_com":"10401"},"geometry":{"type":"LineString","coordinates":[[-72.7041,-42.91524],[-72.71036,-42.91458]]}},
{"type":"Feature","properties":{"nom_reg":"Los Lagos","nom_prov":"Palena","nom_com":"Chaitén","sector":"Chaiten","cine_reg":"10","cine_prov":"104","cine_com":"10401"},"geometry":{"type":"LineString","coordinates":[[-72.70838,-42.9207],[-72.7074,-42.91499]]}},
{"type":"Feature","properties":{"nom_reg":"Los Lagos","nom_prov":"Chiloé","nom_com":"Castro","sector":"Isla Quehui","cine_reg":"10","cine_prov":"102","cine_com":"10201"},"geometry":{"type":"LineString","coordinates":[[-73.50334,-42.62229],[-73.50321,-42.62288],[-73.50388,-42.62334],[-73.5042,-42.62396],[-73.50374,-42.62431]]}},
{"type":"Feature","properties":{"nom_reg":"Los Lagos","nom_prov":"Chiloé","nom_com":"Castro","sector":"Isla Quehui","cine_reg":"10","cine_prov":"102","cine_com":"10201"},"geometry":{"type":"LineString","coordinates":[[-73.43362,-42.62213],[-73.43622,-42.62087],[-73.43879,-42.62049]]}},
{"type":"Feature","properties":{"nom_reg":"Los Lagos","nom_prov":"Chiloé","nom_com":"Castro","sector":"Isla Quehui","cine_reg":"10","cine_prov":"102","cine_com":"10201"},"geometry":{"type":"LineString","coordinates":[[-73.43432,-42.61935],[-73.4356,-42.62101]]}},
{"type":"Feature","properties":{"nom_reg":"Los Lagos","nom_prov":"Chiloé","nom_com":"Castro","sector":"Isla Quehui","cine_reg":"10","cine_prov":"102","cine_com":"10201"},"geometry":{"type":"LineString","coordinates":[[-73.44326,-42.61847],[-73.4434,-42.61891],[-73.44334,-42.61995],[-73.44275,-42.61969],[-73.43942,-42.62042]]}},
{"type":"Feature","properties":{"nom_reg":"Los Lagos","nom_prov":"Chiloé","nom_com":"Castro","sector":"Isla Quehui","cine_reg":"10","cine_prov":"102","cine_com":"10201"},"geometry":{"type":"LineString","coordinates":[[-73.49114,-42.61547],[-73.49152,-42.61486],[-73.49141,-42.61422],[-73.49184,-42.61391]]}},
{"type":"Feature","properties":{"nom_reg":"Los Lagos","nom_prov":"Chiloé","nom_com":"Castro","sector":"Isla Quehui","cine_reg":"10","cine_prov":"102","cine_com":"10201"},"geometry":{"type":"LineString","coordinates":[[-73.49285,-42.61451],[-73.49214,-42.61434],[-73.49174,-42.61343],[-73.4895,-42.61304],[-73.48836,-42.613],[-73.48606,-42.61365],[-73.4854,-42.61357]]}},
{"type":"Feature","properties":{"nom_reg":"Los Lagos","nom_prov":"Chiloé","nom_com":"Castro","sector":"Isla Quehui","cine_reg":"10","cine_prov":"102","cine_com":"10201"},"geometry":{"type":"LineString","coordinates":[[-73.49992,-42.61581],[-73.49949,-42.61381],[-73.49881,-42.61308],[-73.49695,-42.61223],[-73.49675,-42.61138],[-73.49587,-42.60953],[-73.49503,-42.60859]]}},
{"type":"Feature","properties":{"nom_reg":"Los Lagos","nom_prov":"Chiloé","nom_com":"Castro","sector":"Isla Chelin","cine_reg":"10","cine_prov":"102","cine_com":"10201"},"geometry":{"type":"LineString","coordinates":[[-73.53272,-42.59816],[-73.53329,-42.59728],[-73.53335,-42.59683],[-73.5332,-42.59634],[-73.53404,-42.59581],[-73.53462,-42.59515],[-73.5352,-42.59398],[-73.53503,-42.59355],[-73.53515,-42.59226],[-73.53427,-42.59073],[-73.53363,-42.58831],[-73.53309,-42.58751]]}},
{"type":"Feature","properties":{"nom_reg":"Los Lagos","nom_prov":"Chiloé","nom_com":"Castro","sector":"Isla Chelin","cine_reg":"10","cine_prov":"102","cine_com":"10201"},"geometry":{"type":"LineString","coordinates":[[-73.51544,-42.60061],[-73.51553,-42.59941],[-73.51576,-42.59873],[-73.51752,-42.59627],[-73.51892,-42.5948],[-73.51867,-42.59001],[-73.51828,-42.5876],[-73.51833,-42.58683],[-73.51888,-42.58475]]}},
{"type":"Feature","properties":{"nom_reg":"Los Lagos","nom_prov":"Chiloé","nom_com":"Castro","sector":"Castro","cine_reg":"10","cine_prov":"102","cine_com":"10201"},"geometry":{"type":"LineString","coordinates":[[-73.75619,-42.47203],[-73.75461,-42.47326],[-73.75405,-42.47352],[-73.75152,-42.4746],[-73.7496,-42.47523],[-73.74927,-42.47519],[-73.74835,-42.47471],[-73.7474,-42.47236],[-73.74734,-42.47147],[-73.74763,-42.47087],[-73.74801,-42.47078],[-73.74884,-42.47088],[-73.74899,-42.47152],[-73.74917,-42.47163],[-73.74985,-42.47149],[-73.75018,-42.47106]]}},
{"type":"Feature","properties":{"nom_reg":"Los Lagos","nom_prov":"Chiloé","nom_com":"Castro","sector":"Castro","cine_reg":"10","cine_prov":"102","cine_com":"10201"},"geometry":{"type":"LineString","coordinates":[[-73.74805,-42.46744],[-73.74889,-42.46763],[-73.74893,-42.46862],[-73.74946,-42.46873],[-73.75013,-42.46933],[-73.75025,-42.47083]]}},
{"type":"Feature","properties":{"nom_reg":"Los Lagos","nom_prov":"Chiloé","nom_com":"Castro","sector":"Nercon","cine_reg":"10","cine_prov":"102","cine_com":"10201"},"geometry":{"type":"LineString","coordinates":[[-73.79324,-42.51345],[-73.79503,-42.51359],[-73.7957,-42.51322]]}},
{"type":"Feature","properties":{"nom_reg":"Los Lagos","nom_prov":"Chiloé","nom_com":"Castro","sector":"Nercon","cine_reg":"10","cine_prov":"102","cine_com":"10201"},"geometry":{"type":"LineString","coordinates":[[-73.79082,-42.51199],[-73.79018,-42.51043],[-73.79275,-42.50989],[-73.79301,-42.50971]]}},
{"type":"Feature","properties":{"nom_reg":"Los Lagos","nom_prov":"Chiloé","nom_com":"Castro","sector":"Nercon","cine_reg":"10","cine_prov":"102","cine_com":"10201"},"geometry":{"type":"LineString","coordinates":[[-73.78831,-42.50756],[-73.78987,-42.50802]]}},
{"type":"Feature","properties":{"nom_reg":"Los Lagos","nom_prov":"Chiloé","nom_com":"Castro","sector":"Nercon","cine_reg":"10","cine_prov":"102","cine_com":"10201"},"geometry":{"type":"LineString","coordinates":[[-73.79028,-42.50948],[-73.79072,-42.50828],[-73.78959,-42.50781],[-73.79003,-42.50653],[-73.79038,-42.50622],[-73.79183,-42.5058]]}},
{"type":"Feature","properties":{"nom_reg":"Los Lagos","nom_prov":"Chiloé","nom_com":"Castro","sector":"Nercon","cine_reg":"10","cine_prov":"102","cine_com":"10201"},"geometry":{"type":"LineString","coordinates":[[-73.78673,-42.50626],[-73.78519,-42.50292],[-73.78417,-42.50202],[-73.78451,-42.50184],[-73.78648,-42.50161],[-73.78871,-42.49982]]}},
{"type":"Feature","properties":{"nom_reg":"Los Lagos","nom_prov":"Chiloé","nom_com":"Castro","sector":"Nercon","cine_reg":"10","cine_prov":"102","cine_com":"10201"},"geometry":{"type":"LineString","coordinates":[[-73.78586,-42.50849],[-73.786,-42.50739],[-73.78582,-42.50592],[-73.78619,-42.50523]]}},
{"type":"Feature","properties":{"nom_reg":"Los Lagos","nom_prov":"Chiloé","nom_com":"Castro","sector":"Nercon","cine_reg":"10","cine_prov":"102","cine_com":"10201"},"geometry":{"type":"LineString","coordinates":[[-73.78051,-42.49759],[-73.78116,-42.49737],[-73.78102,-42.49682],[-73.78219,-42.49644]]}},
{"type":"Feature","properties":{"nom_reg":"Los Lagos","nom_prov":"Chiloé","nom_com":"Castro","sector":"Nercon","cine_reg":"10","cine_prov":"102","cine_com":"10201"},"geometry":{"type":"LineString","coordinates":[[-73.7795,-42.49901],[-73.78005,-42.49761],[-73.78044,-42.49487]]}},
{"type":"Feature","properties":{"nom_reg":"Los Lagos","nom_prov":"Chiloé","nom_com":"Castro","sector":"Nercon","cine_reg":"10","cine_prov":"102","cine_com":"10201"},"geometry":{"type":"LineString","coordinates":[[-73.78194,-42.50067],[-73.77956,-42.49911]]}},
{"type":"Feature","properties":{"nom_reg":"Los Lagos","nom_prov":"Chiloé","nom_com":"Castro","sector":"Nercon","cine_reg":"10","cine_prov":"102","cine_com":"10201"},"geometry":{"type":"LineString","coordinates":[[-73.77587,-42.49889],[-73.77938,-42.49904]]}},
{"type":"Feature","properties":{"nom_reg":"Los Lagos","nom_prov":"Chiloé","nom_com":"Castro","sector":"Nercon","cine_reg":"10","cine_prov":"102","cine_com":"10201"},"geometry":{"type":"LineString","coordinates":[[-73.77303,-42.49744],[-73.77216,-42.49678],[-73.77166,-42.49583],[-73.7717,-42.49485],[-73.77206,-42.49368]]}},
{"type":"Feature","properties":{"nom_reg":"Los Lagos","nom_prov":"Chiloé","nom_com":"Castro","sector":"Castro","cine_reg":"10","cine_prov":"102","cine_com":"10201"},"geometry":{"type":"LineString","coordinates":[[-73.77226,-42.48219],[-73.77237,-42.48356]]}},
{"type":"Feature","properties":{"nom_reg":"Los Lagos","nom_prov":"Chiloé","nom_com":"Castro","sector":"Castro","cine_reg":"10","cine_prov":"102","cine_com":"10201"},"geometry":{"type":"LineString","coordinates":[[-73.77252,-42.48437],[-73.77309,-42.48565],[-73.77367,-42.48609]]}},
{"type":"Feature","properties":{"nom_reg":"Los Lagos","nom_prov":"Chiloé","nom_com":"Castro","sector":"Castro","cine_reg":"10","cine_prov":"102","cine_com":"10201"},"geometry":{"type":"LineString","coordinates":[[-73.77394,-42.48439],[-73.77402,-42.48527],[-73.77367,-42.48669]]}},
{"type":"Feature","properties":{"nom_reg":"Los Lagos","nom_prov":"Chiloé","nom_com":"Castro","sector":"Castro","cine_reg":"10","cine_prov":"102","cine_com":"10201"},"geometry":{"type":"LineString","coordinates":[[-73.75936,-42.46953],[-73.76082,-42.46848],[-73.76255,-42.46806],[-73.76354,-42.46685],[-73.76471,-42.46618],[-73.76465,-42.46537],[-73.76533,-42.46466],[-73.76497,-42.46437],[-73.76488,-42.464],[-73.76541,-42.46263],[-73.76443,-42.46117],[-73.76388,-42.46065],[-73.76349,-42.46051],[-73.76285,-42.46046],[-73.7617,-42.46083],[-73.76102,-42.46074],[-73.75997,-42.46138],[-73.75965,-42.46176],[-73.75936,-42.46176]]}},
{"type":"Feature","properties":{"nom_reg":"Los Lagos","nom_prov":"Chiloé","nom_com":"Castro","sector":"Castro","cine_reg":"10","cine_prov":"102","cine_com":"10201"},"geometry":{"type":"LineString","coordinates":[[-73.77141,-42.45838],[-73.77277,-42.45725],[-73.77302,-42.4569],[-73.7729,-42.45666]]}},
{"type":"Feature","properties":{"nom_reg":"Los Lagos","nom_prov":"Chiloé","nom_com":"Castro","sector":"Castro","cine_reg":"10","cine_prov":"102","cine_com":"10201"},"geometry":{"type":"LineString","coordinates":[[-73.76758,-42.4596],[-73.76673,-42.45851],[-73.76791,-42.45524],[-73.76946,-42.45576],[-73.77259,-42.45645]]}},
{"type":"Feature","properties":{"nom_reg":"Los Lagos","nom_prov":"Chiloé","nom_com":"Castro","sector":"Castro","cine_reg":"10","cine_prov":"102","cine_com":"10201"},"geometry":{"type":"LineString","coordinates":[[-73.76181,-42.45342],[-73.76297,-42.45342],[-73.76366,-42.4539],[-73.76488,-42.4541],[-73.76599,-42.45397],[-73.76722,-42.4534],[-73.76805,-42.45332]]}},
{"type":"Feature","properties":{"nom_reg":"Los Lagos","nom_prov":"Chiloé","nom_com":"Castro","sector":"Castro","cine_reg":"10","cine_prov":"102","cine_com":"10201"},"geometry":{"type":"LineString","coordinates":[[-73.75047,-42.45648],[-73.75142,-42.45546],[-73.75277,-42.45529],[-73.7534,-42.45503],[-73.75454,-42.45354],[-73.75641,-42.45275],[-73.75707,-42.45263],[-73.75796,-42.45197]]}},
{"type":"Feature","properties":{"nom_reg":"Los Lagos","nom_prov":"Chiloé","nom_com":"Castro","sector":"LLaullao","cine_reg":"10","cine_prov":"102","cine_com":"10201"},"geometry":{"type":"LineString","coordinates":[[-73.77595,-42.43287],[-73.77707,-42.43014]]}},
{"type":"Feature","properties":{"nom_reg":"Los Lagos","nom_prov":"Chiloé","nom_com":"Castro","sector":"LLaullao","cine_reg":"10","cine_prov":"102","cine_com":"10201"},"geometry":{"type":"LineString","coordinates":[[-73.77201,-42.43213],[-73.7747,-42.43166],[-73.77555,-42.43092],[-73.77652,-42.43047],[-73.77739,-42.42968],[-73.77922,-42.42967]]}},
{"type":"Feature","properties":{"nom_reg":"Los Lagos","nom_prov":"Chiloé","nom_com":"Castro","sector":"LLaullao","cine_reg":"10","cine_prov":"102","cine_com":"10201"},"geometry":{"type":"LineString","coordinates":[[-73.76852,-42.4311],[-73.76786,-42.42985],[-73.76773,-42.42925],[-73.76791,-42.42803],[-73.76853,-42.42685]]}},
{"type":"Feature","properties":{"nom_reg":"Los Lagos","nom_prov":"Chiloé","nom_com":"Castro","sector":"LLaullao","cine_reg":"10","cine_prov":"102","cine_com":"10201"},"geometry":{"type":"LineString","coordinates":[[-73.76478,-42.42733],[-73.76709,-42.42772],[-73.76767,-42.42809]]}},
{"type":"Feature","properties":{"nom_reg":"Los Lagos","nom_prov":"Chiloé","nom_com":"Castro","sector":"LLaullao","cine_reg":"10","cine_prov":"102","cine_com":"10201"},"geometry":{"type":"LineString","coordinates":[[-73.76735,-42.42994],[-73.76651,-42.43254]]}},
{"type":"Feature","properties":{"nom_reg":"Los Lagos","nom_prov":"Chiloé","nom_com":"Castro","sector":"LLaullao","cine_reg":"10","cine_prov":"102","cine_com":"10201"},"geometry":{"type":"LineString","coordinates":[[-73.76231,-42.42829],[-73.76281,-42.42863],[-73.76291,-42.42917],[-73.76358,-42.4295],[-73.76504,-42.43178],[-73.76624,-42.43248]]}},
{"type":"Feature","properties":{"nom_reg":"Los Lagos","nom_prov":"Chiloé","nom_com":"Castro","sector":"LLaullao","cine_reg":"10","cine_prov":"102","cine_com":"10201"},"geometry":{"type":"LineString","coordinates":[[-73.75922,-42.42687],[-73.75813,-42.42537],[-73.75644,-42.42456],[-73.75642,-42.42438],[-73.75706,-42.42338]]}},
{"type":"Feature","properties":{"nom_reg":"Los Lagos","nom_prov":"Chiloé","nom_com":"Castro","sector":"Putemun","cine_reg":"10","cine_prov":"102","cine_com":"10201"},"geometry":{"type":"LineString","coordinates":[[-73.75494,-42.4192],[-73.75394,-42.41676],[-73.75308,-42.4138],[-73.75225,-42.41219]]}},
{"type":"Feature","properties":{"nom_reg":"Los Lagos","nom_prov":"Chiloé","nom_com":"Castro","sector":"Putemun","cine_reg":"10","cine_prov":"102","cine_com":"10201"},"geometry":{"type":"LineString","coordinates":[[-73.73706,-42.41921],[-73.73749,-42.41848],[-73.7373,-42.41634],[-73.7375,-42.41561]]}},
{"type":"Feature","properties":{"nom_reg":"Los Lagos","nom_prov":"Chiloé","nom_com":"Castro","sector":"Putemun","cine_reg":"10","cine_prov":"102","cine_com":"10201"},"geometry":{"type":"LineString","coordinates":[[-73.73173,-42.4184],[-73.7308,-42.41541],[-73.7308,-42.41423],[-73.72997,-42.41271]]}},
{"type":"Feature","properties":{"nom_reg":"Los Lagos","nom_prov":"Chiloé","nom_com":"Castro","sector":"Putemun","cine_reg":"10","cine_prov":"102","cine_com":"10201"},"geometry":{"type":"LineString","coordinates":[[-73.72874,-42.41936],[-73.72744,-42.41958],[-73.72675,-42.41954],[-73.7261,-42.41928],[-73.7213,-42.41525]]}},
{"type":"Feature","properties":{"nom_reg":"Los Lagos","nom_prov":"Chiloé","nom_com":"Castro","sector":"Putemun","cine_reg":"10","cine_prov":"102","cine_com":"10201"},"geometry":{"type":"LineString","coordinates":[[-73.72513,-42.4206],[-73.72314,-42.42179],[-73.71962,-42.42249],[-73.71526,-42.41965],[-73.71477,-42.41912],[-73.71337,-42.41873]]}},
{"type":"Feature","properties":{"nom_reg":"Los Lagos","nom_prov":"Chiloé","nom_com":"Castro","sector":"Putemun","cine_reg":"10","cine_prov":"102","cine_com":"10201"},"geometry":{"type":"LineString","coordinates":[[-73.71882,-42.42446],[-73.7197,-42.42261]]}},
{"type":"Feature","properties":{"nom_reg":"Los Lagos","nom_prov":"Chiloé","nom_com":"Castro","sector":"Putemun","cine_reg":"10","cine_prov":"102","cine_com":"10201"},"geometry":{"type":"LineString","coordinates":[[-73.71856,-42.42576],[-73.71853,-42.42677],[-73.71904,-42.42807]]}},
{"type":"Feature","properties":{"nom_reg":"Los Lagos","nom_prov":"Chiloé","nom_com":"Castro","sector":"Putemun","cine_reg":"10","cine_prov":"102","cine_com":"10201"},"geometry":{"type":"LineString","coordinates":[[-73.72425,-42.42789],[-73.72244,-42.42745],[-73.72153,-42.42745],[-73.71913,-42.42813],[-73.71883,-42.4288],[-73.71746,-42.43041],[-73.71602,-42.43163]]}},
{"type":"Feature","properties":{"nom_reg":"Los Lagos","nom_prov":"Chiloé","nom_com":"Castro","sector":"Quilco","cine_reg":"10","cine_prov":"102","cine_com":"10201"},"geometry":{"type":"LineString","coordinates":[[-73.72863,-42.44926],[-73.72573,-42.44972],[-73.72397,-42.44848],[-73.7231,-42.4473]]}},
{"type":"Feature","properties":{"nom_reg":"Libertador General Bernardo O'Higgins","nom_prov":"Cardenal Caro","nom_com":"Paredones","sector":"El Cardal","cine_reg":"06","cine_prov":"062","cine_com":"06206"},"geometry":{"type":"LineString","coordinates":[[-71.9712,-34.69858],[-71.97034,-34.69848],[-71.96796,-34.6986],[-71.96755,-34.69822],[-71.96729,-34.69758],[-71.96613,-34.69696]]}},
{"type":"Feature","properties":{"nom_reg":"Libertador General Bernardo O'Higgins","nom_prov":"Cardenal Caro","nom_com":"Paredones","sector":"Lo Valdivia","cine_reg":"06","cine_prov":"062","cine_com":"06206"},"geometry":{"type":"LineString","coordinates":[[-72.00757,-34.68483],[-72.01042,-34.68646],[-72.01087,-34.68762],[-72.01157,-34.68829]]}},
{"type":"Feature","properties":{"nom_reg":"Antofagasta","nom_prov":"Antofagasta","nom_com":"Taltal","sector":"Taltal","cine_reg":"02","cine_prov":"021","cine_com":"02104"},"geometry":{"type":"LineString","coordinates":[[-70.47856,-25.40337],[-70.47712,-25.40591]]}},
{"type":"Feature","properties":{"nom_reg":"Antofagasta","nom_prov":"Antofagasta","nom_com":"Taltal","sector":"Taltal","cine_reg":"02","cine_prov":"021","cine_com":"02104"},"geometry":{"type":"LineString","coordinates":[[-70.48114,-25.40731],[-70.47961,-25.40735]]}},
{"type":"Feature","properties":{"nom_reg":"Antofagasta","nom_prov":"Antofagasta","nom_com":"Taltal","sector":"Cifuncho","cine_reg":"02","cine_prov":"021","cine_com":"02104"},"geometry":{"type":"LineString","coordinates":[[-70.64643,-25.65391],[-70.64747,-25.65476],[-70.648,-25.65568],[-70.6484,-25.65597]]}},
{"type":"Feature","properties":{"nom_reg":"Antofagasta","nom_prov":"Antofagasta","nom_com":"Taltal","sector":"Cifuncho","cine_reg":"02","cine_prov":"021","cine_com":"02104"},"geometry":{"type":"LineString","coordinates":[[-70.6468,-25.65336],[-70.64793,-25.65389]]}},
{"type":"Feature","properties":{"nom_reg":"Antofagasta","nom_prov":"Antofagasta","nom_com":"Taltal","sector":"Paposo","cine_reg":"02","cine_prov":"021","cine_com":"02104"},"geometry":{"type":"LineString","coordinates":[[-70.46567,-25.00956],[-70.46475,-25.00979],[-70.46408,-25.00864]]}},
{"type":"Feature","properties":{"nom_reg":"Valparaíso","nom_prov":"Petorca","nom_com":"Papudo","sector":"Las Salinas Playa","cine_reg":"05","cine_prov":"054","cine_com":"05403"},"geometry":{"type":"LineString","coordinates":[[-71.41959,-32.41185],[-71.4194,-32.413],[-71.41969,-32.41298],[-71.42033,-32.41397],[-71.42129,-32.41356],[-71.42192,-32.41465],[-71.42072,-32.41512],[-71.41995,-32.41569]]}},
{"type":"Feature","properties":{"nom_reg":"Valparaíso","nom_prov":"Petorca","nom_com":"Papudo","sector":"Papudo","cine_reg":"05","cine_prov":"054","cine_com":"05403"},"geometry":{"type":"LineString","coordinates":[[-71.44721,-32.51022],[-71.44688,-32.50985],[-71.44697,-32.50917],[-71.44615,-32.50856]]}},
{"type":"Feature","properties":{"nom_reg":"Valparaíso","nom_prov":"Petorca","nom_com":"Papudo","sector":"Papudo","cine_reg":"05","cine_prov":"054","cine_com":"05403"},"geometry":{"type":"LineString","coordinates":[[-71.44769,-32.50609],[-71.44688,-32.50729]]}},
{"type":"Feature","properties":{"nom_reg":"Valparaíso","nom_prov":"Petorca","nom_com":"Papudo","sector":"Papudo","cine_reg":"05","cine_prov":"054","cine_com":"05403"},"geometry":{"type":"LineString","coordinates":[[-71.4291,-32.51058],[-71.42889,-32.51019],[-71.42821,-32.5098]]}},
{"type":"Feature","properties":{"nom_reg":"Valparaíso","nom_prov":"Petorca","nom_com":"Papudo","sector":"Papudo","cine_reg":"05","cine_prov":"054","cine_com":"05403"},"geometry":{"type":"LineString","coordinates":[[-71.42407,-32.50782],[-71.42551,-32.50855]]}},
{"type":"Feature","properties":{"nom_reg":"Valparaíso","nom_prov":"Petorca","nom_com":"Papudo","sector":"Papudo","cine_reg":"05","cine_prov":"054","cine_com":"05403"},"geometry":{"type":"LineString","coordinates":[[-71.43303,-32.5074],[-71.43504,-32.50693],[-71.43531,-32.50778]]}},
{"type":"Feature","properties":{"nom_reg":"Valparaíso","nom_prov":"Petorca","nom_com":"Papudo","sector":"Papudo","cine_reg":"05","cine_prov":"054","cine_com":"05403"},"geometry":{"type":"LineString","coordinates":[[-71.45437,-32.50335],[-71.45394,-32.50362]]}},
{"type":"Feature","properties":{"nom_reg":"Valparaíso","nom_prov":"Petorca","nom_com":"Papudo","sector":"Papudo","cine_reg":"05","cine_prov":"054","cine_com":"05403"},"geometry":{"type":"LineString","coordinates":[[-71.4363,-32.50684],[-71.43803,-32.50768]]}},
{"type":"Feature","properties":{"nom_reg":"Valparaíso","nom_prov":"Petorca","nom_com":"Papudo","sector":"Papudo","cine_reg":"05","cine_prov":"054","cine_com":"05403"},"geometry":{"type":"LineString","coordinates":[[-71.43349,-32.50822],[-71.43513,-32.50783]]}},
{"type":"Feature","properties":{"nom_reg":"Valparaíso","nom_prov":"Petorca","nom_com":"Papudo","sector":"Papudo","cine_reg":"05","cine_prov":"054","cine_com":"05403"},"geometry":{"type":"LineString","coordinates":[[-71.43561,-32.50107],[-71.43436,-32.49948]]}},
{"type":"Feature","properties":{"nom_reg":"Valparaíso","nom_prov":"Petorca","nom_com":"Papudo","sector":"Papudo","cine_reg":"05","cine_prov":"054","cine_com":"05403"},"geometry":{"type":"LineString","coordinates":[[-71.44932,-32.50625],[-71.44889,-32.50801],[-71.44776,-32.50784],[-71.44679,-32.50736],[-71.44547,-32.50936]]}},
{"type":"Feature","properties":{"nom_reg":"Valparaíso","nom_prov":"Petorca","nom_com":"Papudo","sector":"Papudo","cine_reg":"05","cine_prov":"054","cine_com":"05403"},"geometry":{"type":"LineString","coordinates":[[-71.42854,-32.50331],[-71.4275,-32.50187]]}},
{"type":"Feature","properties":{"nom_reg":"Valparaíso","nom_prov":"Petorca","nom_com":"Papudo","sector":"Papudo","cine_reg":"05","cine_prov":"054","cine_com":"05403"},"geometry":{"type":"LineString","coordinates":[[-71.44508,-32.50578],[-71.44274,-32.50921],[-71.44432,-32.51]]}},
{"type":"Feature","properties":{"nom_reg":"Valparaíso","nom_prov":"Petorca","nom_com":"Papudo","sector":"Papudo","cine_reg":"05","cine_prov":"054","cine_com":"05403"},"geometry":{"type":"LineString","coordinates":[[-71.43572,-32.50946],[-71.43534,-32.50796],[-71.43722,-32.5089]]}},
{"type":"Feature","properties":{"nom_reg":"Valparaíso","nom_prov":"Petorca","nom_com":"Papudo","sector":"Papudo","cine_reg":"05","cine_prov":"054","cine_com":"05403"},"geometry":{"type":"LineString","coordinates":[[-71.44121,-32.50738],[-71.44041,-32.50848],[-71.43988,-32.50855],[-71.43935,-32.50829],[-71.43788,-32.50873]]}},
{"type":"Feature","properties":{"nom_reg":"Valparaíso","nom_prov":"Petorca","nom_com":"Papudo","sector":"Papudo","cine_reg":"05","cine_prov":"054","cine_com":"05403"},"geometry":{"type":"LineString","coordinates":[[-71.44086,-32.50609],[-71.43989,-32.50566],[-71.43911,-32.50569],[-71.43817,-32.50584],[-71.43686,-32.50641]]}},
{"type":"Feature","properties":{"nom_reg":"Valparaíso","nom_prov":"Petorca","nom_com":"Papudo","sector":"Papudo","cine_reg":"05","cine_prov":"054","cine_com":"05403"},"geometry":{"type":"LineString","coordinates":[[-71.45171,-32.50404],[-71.4523,-32.50466],[-71.45301,-32.50427]]}},
{"type":"Feature","properties":{"nom_reg":"Valparaíso","nom_prov":"Petorca","nom_com":"Papudo","sector":"Papudo","cine_reg":"05","cine_prov":"054","cine_com":"05403"},"geometry":{"type":"LineString","coordinates":[[-71.42969,-32.50877],[-71.42895,-32.50911],[-71.4288,-32.50894]]}},
{"type":"Feature","properties":{"nom_reg":"Valparaíso","nom_prov":"Petorca","nom_com":"Papudo","sector":"Papudo","cine_reg":"05","cine_prov":"054","cine_com":"05403"},"geometry":{"type":"LineString","coordinates":[[-71.4341,-32.50911],[-71.43525,-32.50886],[-71.43542,-32.50857]]}},
{"type":"Feature","properties":{"nom_reg":"Valparaíso","nom_prov":"Petorca","nom_com":"Papudo","sector":"Papudo","cine_reg":"05","cine_prov":"054","cine_com":"05403"},"geometry":{"type":"LineString","coordinates":[[-71.44005,-32.5069],[-71.43941,-32.50782],[-71.43799,-32.5081]]}},
{"type":"Feature","properties":{"nom_reg":"Valparaíso","nom_prov":"Petorca","nom_com":"Papudo","sector":"Papudo","cine_reg":"05","cine_prov":"054","cine_com":"05403"},"geometry":{"type":"LineString","coordinates":[[-71.43897,-32.50637],[-71.43845,-32.50717]]}},
{"type":"Feature","properties":{"nom_reg":"Valparaíso","nom_prov":"Petorca","nom_com":"Papudo","sector":"Papudo","cine_reg":"05","cine_prov":"054","cine_com":"05403"},"geometry":{"type":"LineString","coordinates":[[-71.4262,-32.50832],[-71.42535,-32.50881]]}},
{"type":"Feature","properties":{"nom_reg":"Valparaíso","nom_prov":"Petorca","nom_com":"Papudo","sector":"Papudo","cine_reg":"05","cine_prov":"054","cine_com":"05403"},"geometry":{"type":"LineString","coordinates":[[-71.45808,-32.50181],[-71.45719,-32.50149],[-71.45669,-32.50173],[-71.45668,-32.50205],[-71.45622,-32.50222],[-71.45531,-32.50293],[-71.4548,-32.50437]]}},
{"type":"Feature","properties":{"nom_reg":"Valparaíso","nom_prov":"Petorca","nom_com":"Papudo","sector":"Papudo","cine_reg":"05","cine_prov":"054","cine_com":"05403"},"geometry":{"type":"LineString","coordinates":[[-71.45563,-32.50214],[-71.45624,-32.50174],[-71.45662,-32.50173]]}},
{"type":"Feature","properties":{"nom_reg":"Valparaíso","nom_prov":"Petorca","nom_com":"Papudo","sector":"Papudo","cine_reg":"05","cine_prov":"054","cine_com":"05403"},"geometry":{"type":"LineString","coordinates":[[-71.4295,-32.50836],[-71.42863,-32.5087],[-71.42879,-32.50891]]}},
{"type":"Feature","properties":{"nom_reg":"Valparaíso","nom_prov":"Petorca","nom_com":"Papudo","sector":"Papudo","cine_reg":"05","cine_prov":"054","cine_com":"05403"},"geometry":{"type":"LineString","coordinates":[[-71.44338,-32.50623],[-71.44135,-32.50922],[-71.44216,-32.50962]]}},
{"type":"Feature","properties":{"nom_reg":"Valparaíso","nom_prov":"Petorca","nom_com":"Papudo","sector":"Papudo","cine_reg":"05","cine_prov":"054","cine_com":"05403"},"geometry":{"type":"LineString","coordinates":[[-71.44658,-32.50561],[-71.44433,-32.50891],[-71.44558,-32.50951]]}},
{"type":"Feature","properties":{"nom_reg":"Valparaíso","nom_prov":"Petorca","nom_com":"Papudo","sector":"Papudo","cine_reg":"05","cine_prov":"054","cine_com":"05403"},"geometry":{"type":"LineString","coordinates":[[-71.43271,-32.49587],[-71.43325,-32.49749],[-71.43423,-32.4993],[-71.43269,-32.50011],[-71.43237,-32.49993],[-71.432,-32.49933],[-71.43092,-32.49847],[-71.43068,-32.49757],[-71.43017,-32.49698],[-71.42919,-32.49688]]}},
{"type":"Feature","properties":{"nom_reg":"Valparaíso","nom_prov":"Petorca","nom_com":"Papudo","sector":"Papudo","cine_reg":"05","cine_prov":"054","cine_com":"05403"},"geometry":{"type":"LineString","coordinates":[[-71.45248,-32.50352],[-71.45395,-32.50516]]}},
{"type":"Feature","properties":{"nom_reg":"Valparaíso","nom_prov":"Petorca","nom_com":"Papudo","sector":"Papudo","cine_reg":"05","cine_prov":"054","cine_com":"05403"},"geometry":{"type":"LineString","coordinates":[[-71.42973,-32.50254],[-71.42872,-32.50097],[-71.42614,-32.50259],[-71.42595,-32.50214]]}},
{"type":"Feature","properties":{"nom_reg":"Valparaíso","nom_prov":"Petorca","nom_com":"Papudo","sector":"Papudo","cine_reg":"05","cine_prov":"054","cine_com":"05403"},"geometry":{"type":"LineString","coordinates":[[-71.45417,-32.50261],[-71.45495,-32.50352]]}},
{"type":"Feature","properties":{"nom_reg":"Valparaíso","nom_prov":"Petorca","nom_com":"Papudo","sector":"Papudo","cine_reg":"05","cine_prov":"054","cine_com":"05403"},"geometry":{"type":"LineString","coordinates":[[-71.43127,-32.50048],[-71.4291,-32.50037],[-71.42825,-32.50056],[-71.42597,-32.50201],[-71.42445,-32.50355],[-71.4236,-32.5033]]}},
{"type":"Feature","properties":{"nom_reg":"Valparaíso","nom_prov":"Petorca","nom_com":"Papudo","sector":"Papudo","cine_reg":"05","cine_prov":"054","cine_com":"05403"},"geometry":{"type":"LineString","coordinates":[[-71.43373,-32.50868],[-71.43532,-32.50832]]}},
{"type":"Feature","properties":{"nom_reg":"Valparaíso","nom_prov":"Petorca","nom_com":"Papudo","sector":"Papudo","cine_reg":"05","cine_prov":"054","cine_com":"05403"},"geometry":{"type":"LineString","coordinates":[[-71.43895,-32.50329],[-71.43847,-32.5039],[-71.43662,-32.50473],[-71.43649,-32.50507],[-71.4367,-32.50648],[-71.43852,-32.50732],[-71.4377,-32.50842]]}},
{"type":"Feature","properties":{"nom_reg":"Valparaíso","nom_prov":"Petorca","nom_com":"Papudo","sector":"Camino Las Salinas","cine_reg":"05","cine_prov":"054","cine_com":"05403"},"geometry":{"type":"LineString","coordinates":[[-71.35492,-32.43681],[-71.35489,-32.43743],[-71.35425,-32.43759],[-71.35381,-32.43796]]}},
{"type":"Feature","properties":{"nom_reg":"Valparaíso","nom_prov":"Petorca","nom_com":"Papudo","sector":"Papudo","cine_reg":"05","cine_prov":"054","cine_com":"05403"},"geometry":{"type":"LineString","coordinates":[[-71.42874,-32.50895],[-71.42717,-32.50979],[-71.4269,-32.50953]]}},
{"type":"Feature","properties":{"nom_reg":"Valparaíso","nom_prov":"Petorca","nom_com":"Papudo","sector":"Papudo","cine_reg":"05","cine_prov":"054","cine_com":"05403"},"geometry":{"type":"LineString","coordinates":[[-71.45269,-32.50507],[-71.45295,-32.50541],[-71.45255,-32.50557],[-71.45237,-32.50653],[-71.45271,-32.50704]]}},
{"type":"Feature","properties":{"nom_reg":"Valparaíso","nom_prov":"Petorca","nom_com":"Papudo","sector":"Papudo","cine_reg":"05","cine_prov":"054","cine_com":"05403"},"geometry":{"type":"LineString","coordinates":[[-71.43562,-32.50298],[-71.43645,-32.50394],[-71.4366,-32.50458]]}},
{"type":"Feature","properties":{"nom_reg":"Valparaíso","nom_prov":"Petorca","nom_com":"Papudo","sector":"Papudo","cine_reg":"05","cine_prov":"054","cine_com":"05403"},"geometry":{"type":"LineString","coordinates":[[-71.42349,-32.50803],[-71.42506,-32.50895],[-71.42531,-32.50881],[-71.42617,-32.50978]]}},
{"type":"Feature","properties":{"nom_reg":"Valparaíso","nom_prov":"Petorca","nom_com":"Papudo","sector":"Papudo","cine_reg":"05","cine_prov":"054","cine_com":"05403"},"geometry":{"type":"LineString","coordinates":[[-71.42931,-32.50996],[-71.42863,-32.50948],[-71.42751,-32.51019],[-71.42727,-32.50992]]}},
{"type":"Feature","properties":{"nom_reg":"Valparaíso","nom_prov":"Petorca","nom_com":"Papudo","sector":"Papudo","cine_reg":"05","cine_prov":"054","cine_com":"05403"},"geometry":{"type":"LineString","coordinates":[[-71.43561,-32.50765],[-71.43748,-32.50856]]}},
{"type":"Feature","properties":{"nom_reg":"Valparaíso","nom_prov":"Petorca","nom_com":"Papudo","sector":"Papudo","cine_reg":"05","cine_prov":"054","cine_com":"05403"},"geometry":{"type":"LineString","coordinates":[[-71.45319,-32.50293],[-71.45452,-32.5045]]}},
{"type":"Feature","properties":{"nom_reg":"Valparaíso","nom_prov":"Petorca","nom_com":"Papudo","sector":"Papudo","cine_reg":"05","cine_prov":"054","cine_com":"05403"},"geometry":{"type":"LineString","coordinates":[[-71.43495,-32.50251],[-71.43132,-32.50402],[-71.43026,-32.50479],[-71.42994,-32.50524],[-71.42857,-32.50603],[-71.42857,-32.50639],[-71.42953,-32.5081],[-71.42842,-32.50853],[-71.42634,-32.50977]]}},
{"type":"Feature","properties":{"nom_reg":"Valparaíso","nom_prov":"Petorca","nom_com":"Papudo","sector":"Papudo","cine_reg":"05","cine_prov":"054","cine_com":"05403"},"geometry":{"type":"LineString","coordinates":[[-71.43162,-32.49875],[-71.4319,-32.49755],[-71.43154,-32.49689],[-71.43093,-32.49659],[-71.42972,-32.49672]]}},
{"type":"Feature","properties":{"nom_reg":"Libertador General Bernardo O'Higgins","nom_prov":"Cardenal Caro","nom_com":"Paredones","sector":"Lo Valdivia","cine_reg":"06","cine_prov":"062","cine_com":"06206"},"geometry":{"type":"LineString","coordinates":[[-72.00874,-34.70109],[-72.00768,-34.70042],[-72.00697,-34.6996],[-72.00679,-34.69911],[-72.0067,-34.69765],[-72.00635,-34.69564],[-72.00763,-34.69533]]}},
{"type":"Feature","properties":{"nom_reg":"Libertador General Bernardo O'Higgins","nom_prov":"Cardenal Caro","nom_com":"Paredones","sector":"Lo Valdivia","cine_reg":"06","cine_prov":"062","cine_com":"06206"},"geometry":{"type":"LineString","coordinates":[[-72.01209,-34.69626],[-72.01279,-34.69529],[-72.01272,-34.6935],[-72.01222,-34.69272],[-72.01139,-34.69042],[-72.01188,-34.68861]]}},
{"type":"Feature","properties":{"nom_reg":"Libertador General Bernardo O'Higgins","nom_prov":"Cardenal Caro","nom_com":"Paredones","sector":"Bucalemu","cine_reg":"06","cine_prov":"062","cine_com":"06206"},"geometry":{"type":"LineString","coordinates":[[-72.03511,-34.64348],[-72.03571,-34.64467],[-72.03612,-34.64474],[-72.03662,-34.64529],[-72.03734,-34.64559]]}},
{"type":"Feature","properties":{"nom_reg":"Libertador General Bernardo O'Higgins","nom_prov":"Cardenal Caro","nom_com":"Paredones","sector":"Bucalemu","cine_reg":"06","cine_prov":"062","cine_com":"06206"},"geometry":{"type":"LineString","coordinates":[[-72.04398,-34.64026],[-72.04387,-34.64118],[-72.04423,-34.64114],[-72.04438,-34.64156],[-72.04466,-34.64134],[-72.04518,-34.64208]]}},
{"type":"Feature","properties":{"nom_reg":"Libertador General Bernardo O'Higgins","nom_prov":"Cardenal Caro","nom_com":"Pichilemu","sector":"Pichilemu","cine_reg":"06","cine_prov":"062","cine_com":"06201"},"geometry":{"type":"LineString","coordinates":[[-72.02743,-34.41133],[-72.02389,-34.41155],[-72.02156,-34.41198],[-72.02145,-34.41197],[-72.02141,-34.41155],[-72.02113,-34.41141]]}},
{"type":"Feature","properties":{"nom_reg":"Libertador General Bernardo O'Higgins","nom_prov":"Cardenal Caro","nom_com":"Paredones","sector":"La Capilla","cine_reg":"06","cine_prov":"062","cine_com":"06206"},"geometry":{"type":"LineString","coordinates":[[-72.01941,-34.65638],[-72.01718,-34.65653],[-72.01758,-34.65703],[-72.01796,-34.65822],[-72.01834,-34.65861],[-72.01826,-34.65958]]}},
{"type":"Feature","properties":{"nom_reg":"Libertador General Bernardo O'Higgins","nom_prov":"Cardenal Caro","nom_com":"Paredones","sector":"Bucalemu","cine_reg":"06","cine_prov":"062","cine_com":"06206"},"geometry":{"type":"LineString","coordinates":[[-72.03132,-34.64693],[-72.03291,-34.64706],[-72.03421,-34.64828]]}},
{"type":"Feature","properties":{"nom_reg":"Libertador General Bernardo O'Higgins","nom_prov":"Cardenal Caro","nom_com":"Pichilemu","sector":"Pichilemu","cine_reg":"06","cine_prov":"062","cine_com":"06201"},"geometry":{"type":"LineString","coordinates":[[-72.0276,-34.4121],[-72.02407,-34.41284]]}},
{"type":"Feature","properties":{"nom_reg":"Libertador General Bernardo O'Higgins","nom_prov":"Cardenal Caro","nom_com":"Pichilemu","sector":"Pichilemu","cine_reg":"06","cine_prov":"062","cine_com":"06201"},"geometry":{"type":"LineString","coordinates":[[-72.02826,-34.41355],[-72.0274,-34.41347],[-72.02598,-34.41365],[-72.0249,-34.41443],[-72.0233,-34.41456]]}},
{"type":"Feature","properties":{"nom_reg":"Libertador General Bernardo O'Higgins","nom_prov":"Cardenal Caro","nom_com":"Pichilemu","sector":"Pichilemu","cine_reg":"06","cine_prov":"062","cine_com":"06201"},"geometry":{"type":"LineString","coordinates":[[-71.98508,-34.38722],[-71.98774,-34.38619],[-71.98814,-34.38577],[-71.99102,-34.3864]]}},
{"type":"Feature","properties":{"nom_reg":"Libertador General Bernardo O'Higgins","nom_prov":"Cardenal Caro","nom_com":"Pichilemu","sector":"Pichilemu","cine_reg":"06","cine_prov":"062","cine_com":"06201"},"geometry":{"type":"LineString","coordinates":[[-72.02699,-34.41016],[-72.02625,-34.41039],[-72.02345,-34.41039],[-72.02305,-34.41059]]}},
{"type":"Feature","properties":{"nom_reg":"Libertador General Bernardo O'Higgins","nom_prov":"Cardenal Caro","nom_com":"Pichilemu","sector":"Pichilemu","cine_reg":"06","cine_prov":"062","cine_com":"06201"},"geometry":{"type":"LineString","coordinates":[[-72.02565,-34.4073],[-72.02293,-34.40789]]}},
{"type":"Feature","properties":{"nom_reg":"Los Lagos","nom_prov":"Llanquihue","nom_com":"Maullín","sector":"Maullin","cine_reg":"10","cine_prov":"101","cine_com":"10108"},"geometry":{"type":"LineString","coordinates":[[-73.60369,-41.61483],[-73.60102,-41.61477]]}},
{"type":"Feature","properties":{"nom_reg":"Libertador General Bernardo O'Higgins","nom_prov":"Cardenal Caro","nom_com":"Pichilemu","sector":"Pichilemu","cine_reg":"06","cine_prov":"062","cine_com":"06201"},"geometry":{"type":"LineString","coordinates":[[-72.02593,-34.40033],[-72.02354,-34.40108],[-72.02346,-34.40094],[-72.01922,-34.40228]]}},
{"type":"Feature","properties":{"nom_reg":"Libertador General Bernardo O'Higgins","nom_prov":"Cardenal Caro","nom_com":"Pichilemu","sector":"Pichilemu","cine_reg":"06","cine_prov":"062","cine_com":"06201"},"geometry":{"type":"LineString","coordinates":[[-72.00841,-34.38482],[-72.00433,-34.3904]]}},
{"type":"Feature","properties":{"nom_reg":"Libertador General Bernardo O'Higgins","nom_prov":"Cardenal Caro","nom_com":"Pichilemu","sector":"Pichilemu","cine_reg":"06","cine_prov":"062","cine_com":"06201"},"geometry":{"type":"LineString","coordinates":[[-72.00868,-34.38792],[-72.00625,-34.39131]]}},
{"type":"Feature","properties":{"nom_reg":"Libertador General Bernardo O'Higgins","nom_prov":"Cardenal Caro","nom_com":"Pichilemu","sector":"Pichilemu","cine_reg":"06","cine_prov":"062","cine_com":"06201"},"geometry":{"type":"LineString","coordinates":[[-72.00608,-34.38445],[-72.00237,-34.38962],[-72.01013,-34.39358],[-72.01083,-34.39377],[-72.0114,-34.39372],[-72.01172,-34.39423],[-72.01209,-34.39447]]}},
{"type":"Feature","properties":{"nom_reg":"Libertador General Bernardo O'Higgins","nom_prov":"Cardenal Caro","nom_com":"Pichilemu","sector":"Pichilemu","cine_reg":"06","cine_prov":"062","cine_com":"06201"},"geometry":{"type":"LineString","coordinates":[[-72.0256,-34.40128],[-72.01831,-34.40313]]}},
{"type":"Feature","properties":{"nom_reg":"Libertador General Bernardo O'Higgins","nom_prov":"Cardenal Caro","nom_com":"Pichilemu","sector":"Pichilemu","cine_reg":"06","cine_prov":"062","cine_com":"06201"},"geometry":{"type":"LineString","coordinates":[[-72.02741,-34.40322],[-72.02083,-34.40475],[-72.02069,-34.40455],[-72.01917,-34.4048]]}},
{"type":"Feature","properties":{"nom_reg":"Libertador General Bernardo O'Higgins","nom_prov":"Cardenal Caro","nom_com":"Pichilemu","sector":"Pichilemu","cine_reg":"06","cine_prov":"062","cine_com":"06201"},"geometry":{"type":"LineString","coordinates":[[-71.99945,-34.38573],[-71.99733,-34.39056],[-71.99599,-34.39015],[-71.99566,-34.39084],[-71.99573,-34.40434],[-71.99503,-34.40437]]}},
{"type":"Feature","properties":{"nom_reg":"Libertador General Bernardo O'Higgins","nom_prov":"Cardenal Caro","nom_com":"Paredones","sector":"Lo Valdivia","cine_reg":"06","cine_prov":"062","cine_com":"06206"},"geometry":{"type":"LineString","coordinates":[[-72.01986,-34.69442],[-72.01994,-34.69382],[-72.0193,-34.69036]]}},
{"type":"Feature","properties":{"nom_reg":"Libertador General Bernardo O'Higgins","nom_prov":"Cardenal Caro","nom_com":"Pichilemu","sector":"Cahuil","cine_reg":"06","cine_prov":"062","cine_com":"06201"},"geometry":{"type":"LineString","coordinates":[[-72.01168,-34.48162],[-72.01131,-34.48075],[-72.0112,-34.4808],[-72.01022,-34.48261],[-72.00971,-34.48473],[-72.00952,-34.48495],[-72.00918,-34.48502],[-72.00899,-34.48478],[-72.00891,-34.48387],[-72.009,-34.4822],[-72.00855,-34.48198],[-72.00752,-34.48035],[-72.0072,-34.48026],[-72.0066,-34.48049],[-72.00609,-34.48021],[-72.00571,-34.48034]]}},
{"type":"Feature","properties":{"nom_reg":"Libertador General Bernardo O'Higgins","nom_prov":"Cardenal Caro","nom_com":"Pichilemu","sector":"Cahuil","cine_reg":"06","cine_prov":"062","cine_com":"06201"},"geometry":{"type":"LineString","coordinates":[[-72.0095,-34.48708],[-72.0096,-34.4866],[-72.00932,-34.48615],[-72.00882,-34.4859],[-72.00713,-34.48561],[-72.00777,-34.48548],[-72.00852,-34.48504],[-72.00918,-34.48502]]}},
{"type":"Feature","properties":{"nom_reg":"Libertador General Bernardo O'Higgins","nom_prov":"Cardenal Caro","nom_com":"Pichilemu","sector":"Cahuil","cine_reg":"06","cine_prov":"062","cine_com":"06201"},"geometry":{"type":"LineString","coordinates":[[-72.01566,-34.47877],[-72.01458,-34.47753],[-72.01154,-34.47546]]}},
{"type":"Feature","properties":{"nom_reg":"Libertador General Bernardo O'Higgins","nom_prov":"Cardenal Caro","nom_com":"Pichilemu","sector":"Pichilemu","cine_reg":"06","cine_prov":"062","cine_com":"06201"},"geometry":{"type":"LineString","coordinates":[[-72.0177,-34.39262],[-72.01531,-34.39416]]}},
{"type":"Feature","properties":{"nom_reg":"Libertador General Bernardo O'Higgins","nom_prov":"Cardenal Caro","nom_com":"Pichilemu","sector":"Pichilemu","cine_reg":"06","cine_prov":"062","cine_com":"06201"},"geometry":{"type":"LineString","coordinates":[[-72.02031,-34.38939],[-72.0204,-34.38987],[-72.01486,-34.39343]]}},
{"type":"Feature","properties":{"nom_reg":"Libertador General Bernardo O'Higgins","nom_prov":"Cardenal Caro","nom_com":"Pichilemu","sector":"Pichilemu","cine_reg":"06","cine_prov":"062","cine_com":"06201"},"geometry":{"type":"LineString","coordinates":[[-72.01709,-34.38441],[-72.01064,-34.38759],[-72.01464,-34.39328],[-72.01524,-34.39478],[-72.01446,-34.39494],[-72.01458,-34.39534]]}},
{"type":"Feature","properties":{"nom_reg":"Libertador General Bernardo O'Higgins","nom_prov":"Cardenal Caro","nom_com":"Pichilemu","sector":"Barranca","cine_reg":"06","cine_prov":"062","cine_com":"06201"},"geometry":{"type":"LineString","coordinates":[[-71.97614,-34.51818],[-71.97547,-34.51854],[-71.97474,-34.51846],[-71.97477,-34.51991],[-71.97522,-34.52044]]}},
{"type":"Feature","properties":{"nom_reg":"Libertador General Bernardo O'Higgins","nom_prov":"Cardenal Caro","nom_com":"Pichilemu","sector":"Barranca","cine_reg":"06","cine_prov":"062","cine_com":"06201"},"geometry":{"type":"LineString","coordinates":[[-71.97961,-34.50676],[-71.9787,-34.50734],[-71.97776,-34.50735],[-71.9765,-34.50829],[-71.97546,-34.50801]]}},
{"type":"Feature","properties":{"nom_reg":"Libertador General Bernardo O'Higgins","nom_prov":"Cardenal Caro","nom_com":"Pichilemu","sector":"Barranca","cine_reg":"06","cine_prov":"062","cine_com":"06201"},"geometry":{"type":"LineString","coordinates":[[-71.98515,-34.50239],[-71.98361,-34.50245],[-71.98016,-34.50316],[-71.97995,-34.50249],[-71.98003,-34.50175],[-71.98043,-34.50058],[-71.98121,-34.49983],[-71.98131,-34.49934],[-71.98125,-34.49895],[-71.98042,-34.4983]]}},
{"type":"Feature","properties":{"nom_reg":"Libertador General Bernardo O'Higgins","nom_prov":"Cardenal Caro","nom_com":"Paredones","sector":"Bucalemu","cine_reg":"06","cine_prov":"062","cine_com":"06206"},"geometry":{"type":"LineString","coordinates":[[-72.04073,-34.64245],[-72.0371,-34.64268],[-72.0371,-34.64455],[-72.03742,-34.64527]]}},
{"type":"Feature","properties":{"nom_reg":"Libertador General Bernardo O'Higgins","nom_prov":"Cardenal Caro","nom_com":"Paredones","sector":"Bucalemu","cine_reg":"06","cine_prov":"062","cine_com":"06206"},"geometry":{"type":"LineString","coordinates":[[-72.0458,-34.64026],[-72.04499,-34.64027],[-72.04464,-34.64043],[-72.0454,-34.64159],[-72.04434,-34.64452]]}},
{"type":"Feature","properties":{"nom_reg":"Libertador General Bernardo O'Higgins","nom_prov":"Cardenal Caro","nom_com":"Paredones","sector":"Cabecera","cine_reg":"06","cine_prov":"062","cine_com":"06206"},"geometry":{"type":"LineString","coordinates":[[-71.98103,-34.61938],[-71.98173,-34.61872],[-71.98245,-34.61759]]}},
{"type":"Feature","properties":{"nom_reg":"Libertador General Bernardo O'Higgins","nom_prov":"Cardenal Caro","nom_com":"Paredones","sector":"Cabecera","cine_reg":"06","cine_prov":"062","cine_com":"06206"},"geometry":{"type":"LineString","coordinates":[[-71.99664,-34.62841],[-71.99765,-34.62405]]}},
{"type":"Feature","properties":{"nom_reg":"Libertador General Bernardo O'Higgins","nom_prov":"Cardenal Caro","nom_com":"Paredones","sector":"El Cardal","cine_reg":"06","cine_prov":"062","cine_com":"06206"},"geometry":{"type":"LineString","coordinates":[[-71.98435,-34.70547],[-71.98762,-34.70407]]}},
{"type":"Feature","properties":{"nom_reg":"Libertador General Bernardo O'Higgins","nom_prov":"Cardenal Caro","nom_com":"Paredones","sector":"El Cardal","cine_reg":"06","cine_prov":"062","cine_com":"06206"},"geometry":{"type":"LineString","coordinates":[[-71.98701,-34.70797],[-71.98748,-34.70468]]}},
{"type":"Feature","properties":{"nom_reg":"Libertador General Bernardo O'Higgins","nom_prov":"Cardenal Caro","nom_com":"Paredones","sector":"El Cardal","cine_reg":"06","cine_prov":"062","cine_com":"06206"},"geometry":{"type":"LineString","coordinates":[[-71.9898,-34.70696],[-71.98933,-34.70579],[-71.9883,-34.70436]]}},
{"type":"Feature","properties":{"nom_reg":"Libertador General Bernardo O'Higgins","nom_prov":"Cardenal Caro","nom_com":"Paredones","sector":"La Capilla","cine_reg":"06","cine_prov":"062","cine_com":"06206"},"geometry":{"type":"LineString","coordinates":[[-72.01228,-34.65812],[-72.01163,-34.65883],[-72.00908,-34.65975],[-72.00783,-34.66114],[-72.00747,-34.66215],[-72.00647,-34.66286]]}},
{"type":"Feature","properties":{"nom_reg":"Libertador General Bernardo O'Higgins","nom_prov":"Cardenal Caro","nom_com":"Pichilemu","sector":"Pichilemu","cine_reg":"06","cine_prov":"062","cine_com":"06201"},"geometry":{"type":"LineString","coordinates":[[-71.99267,-34.38408],[-71.99189,-34.38645],[-71.99145,-34.38642],[-71.99056,-34.3884],[-71.98968,-34.39096],[-71.99049,-34.39101],[-71.99051,-34.39158],[-71.99066,-34.39168],[-71.98986,-34.39349],[-71.98995,-34.39447]]}},
{"type":"Feature","properties":{"nom_reg":"Libertador General Bernardo O'Higgins","nom_prov":"Cardenal Caro","nom_com":"Pichilemu","sector":"Pichilemu","cine_reg":"06","cine_prov":"062","cine_com":"06201"},"geometry":{"type":"LineString","coordinates":[[-72.01997,-34.39723],[-72.01346,-34.39963],[-72.01345,-34.39854]]}},
{"type":"Feature","properties":{"nom_reg":"Aysén del General Carlos Ibáñez del Campo","nom_prov":"Aisén","nom_com":"Aisén","sector":"Caleta Andrade - Puerto Aguirre","cine_reg":"11","cine_prov":"112","cine_com":"11201"},"geometry":{"type":"LineString","coordinates":[[-73.52834,-45.16193],[-73.52834,-45.16239],[-73.5281,-45.16237],[-73.52713,-45.163],[-73.52417,-45.16366]]}},
{"type":"Feature","properties":{"nom_reg":"Los Lagos","nom_prov":"Palena","nom_com":"Chaitén","sector":"Ayacara","cine_reg":"10","cine_prov":"104","cine_com":"10401"},"geometry":{"type":"LineString","coordinates":[[-72.7822,-42.3039],[-72.78181,-42.30347],[-72.78113,-42.3031],[-72.77954,-42.3038],[-72.77835,-42.30381]]}},
{"type":"Feature","properties":{"nom_reg":"Los Lagos","nom_prov":"Llanquihue","nom_com":"Maullín","sector":"Rivera Norte Maullin","cine_reg":"10","cine_prov":"101","cine_com":"10108"},"geometry":{"type":"LineString","coordinates":[[-73.65278,-41.58159],[-73.65249,-41.58206],[-73.65278,-41.58312],[-73.6535,-41.58256],[-73.65402,-41.58319]]}},
{"type":"Feature","properties":{"nom_reg":"Los Lagos","nom_prov":"Chiloé","nom_com":"Ancud","sector":"Ancud","cine_reg":"10","cine_prov":"102","cine_com":"10202"},"geometry":{"type":"LineString","coordinates":[[-73.83048,-41.8634],[-73.82894,-41.86324],[-73.82887,-41.86318],[-73.82934,-41.863],[-73.82931,-41.86287],[-73.8286,-41.86273]]}},
{"type":"Feature","properties":{"nom_reg":"Los Lagos","nom_prov":"Chiloé","nom_com":"Castro","sector":"Castro","cine_reg":"10","cine_prov":"102","cine_com":"10201"},"geometry":{"type":"LineString","coordinates":[[-73.76171,-42.48516],[-73.7619,-42.48305]]}},
{"type":"Feature","properties":{"nom_reg":"Los Lagos","nom_prov":"Chiloé","nom_com":"Ancud","sector":"Ancud","cine_reg":"10","cine_prov":"102","cine_com":"10202"},"geometry":{"type":"LineString","coordinates":[[-73.81978,-41.86828],[-73.81958,-41.8675],[-73.81879,-41.86753],[-73.81842,-41.86742],[-73.81822,-41.86711]]}},
{"type":"Feature","properties":{"nom_reg":"Los Lagos","nom_prov":"Palena","nom_com":"Chaitén","sector":"Ayacara","cine_reg":"10","cine_prov":"104","cine_com":"10401"},"geometry":{"type":"LineString","coordinates":[[-72.78382,-42.31272],[-72.7837,-42.31221],[-72.78395,-42.31141],[-72.78379,-42.31087],[-72.78382,-42.30908],[-72.78361,-42.309],[-72.78287,-42.30918],[-72.78223,-42.309],[-72.78145,-42.30946],[-72.78039,-42.3096]]}},
{"type":"Feature","properties":{"nom_reg":"Aysén del General Carlos Ibáñez del Campo","nom_prov":"Capitán Prat","nom_com":"Tortel","sector":"Caleta Tortel","cine_reg":"11","cine_prov":"113","cine_com":"11303"},"geometry":{"type":"LineString","coordinates":[[-73.53515,-47.79767],[-73.53427,-47.79726],[-73.53241,-47.79566],[-73.53173,-47.79571]]}},
{"type":"Feature","properties":{"nom_reg":"Antofagasta","nom_prov":"Antofagasta","nom_com":"Taltal","sector":"Taltal","cine_reg":"02","cine_prov":"021","cine_com":"02104"},"geometry":{"type":"LineString","coordinates":[[-70.4841,-25.40501],[-70.48153,-25.40893]]}},
{"type":"Feature","properties":{"nom_reg":"Libertador General Bernardo O'Higgins","nom_prov":"Cardenal Caro","nom_com":"Pichilemu","sector":"Pichilemu","cine_reg":"06","cine_prov":"062","cine_com":"06201"},"geometry":{"type":"LineString","coordinates":[[-72.005,-34.38423],[-72.0014,-34.38913],[-72.00234,-34.3896]]}},
{"type":"Feature","properties":{"nom_reg":"Los Lagos","nom_prov":"Chiloé","nom_com":"Ancud","sector":"Ancud","cine_reg":"10","cine_prov":"102","cine_com":"10202"},"geometry":{"type":"LineString","coordinates":[[-73.78787,-41.88445],[-73.78952,-41.8836],[-73.79616,-41.88123]]}},
{"type":"Feature","properties":{"nom_reg":"Libertador General Bernardo O'Higgins","nom_prov":"Cardenal Caro","nom_com":"Pichilemu","sector":"Pichilemu","cine_reg":"06","cine_prov":"062","cine_com":"06201"},"geometry":{"type":"LineString","coordinates":[[-72.02454,-34.3983],[-72.02237,-34.3991],[-72.02258,-34.39958],[-72.02133,-34.40039],[-72.01933,-34.4013]]}},
{"type":"Feature","properties":{"nom_reg":"Antofagasta","nom_prov":"Antofagasta","nom_com":"Taltal","sector":"Paposo","cine_reg":"02","cine_prov":"021","cine_com":"02104"},"geometry":{"type":"LineString","coordinates":[[-70.46592,-25.00872],[-70.46391,-25.00786]]}},
{"type":"Feature","properties":{"nom_reg":"Los Lagos","nom_prov":"Palena","nom_com":"Chaitén","sector":"Ayacara","cine_reg":"10","cine_prov":"104","cine_com":"10401"},"geometry":{"type":"LineString","coordinates":[[-72.78655,-42.30557],[-72.78674,-42.30537],[-72.78738,-42.30521],[-72.78744,-42.30481],[-72.78827,-42.30361],[-72.78853,-42.30229]]}},
{"type":"Feature","properties":{"nom_reg":"Aysén del General Carlos Ibáñez del Campo","nom_prov":"Aisén","nom_com":"Aisén","sector":"Puerto Aysen","cine_reg":"11","cine_prov":"112","cine_com":"11201"},"geometry":{"type":"LineString","coordinates":[[-72.66651,-45.39944],[-72.67744,-45.40149],[-72.68378,-45.40321]]}},
{"type":"Feature","properties":{"nom_reg":"Los Lagos","nom_prov":"Palena","nom_com":"Chaitén","sector":"Chaiten","cine_reg":"10","cine_prov":"104","cine_com":"10401"},"geometry":{"type":"LineString","coordinates":[[-72.71428,-42.92699],[-72.70961,-42.92746],[-72.70877,-42.92298],[-72.70627,-42.92317],[-72.70533,-42.92301],[-72.70423,-42.92217],[-72.70327,-42.92169],[-72.70224,-42.92173],[-72.70239,-42.92079],[-72.70159,-42.92075],[-72.70095,-42.92088],[-72.70075,-42.9211]]}},
{"type":"Feature","properties":{"nom_reg":"Los Lagos","nom_prov":"Chiloé","nom_com":"Castro","sector":"Castro","cine_reg":"10","cine_prov":"102","cine_com":"10201"},"geometry":{"type":"LineString","coordinates":[[-73.76049,-42.47848],[-73.76064,-42.47934],[-73.76023,-42.48008],[-73.76129,-42.4802],[-73.76148,-42.48052],[-73.76309,-42.48051]]}},
{"type":"Feature","properties":{"nom_reg":"Los Lagos","nom_prov":"Llanquihue","nom_com":"Maullín","sector":"Carelmapu","cine_reg":"10","cine_prov":"101","cine_com":"10108"},"geometry":{"type":"LineString","coordinates":[[-73.70457,-41.74462],[-73.70635,-41.74566],[-73.70605,-41.74642],[-73.70596,-41.74794],[-73.70612,-41.74877],[-73.70669,-41.75033],[-73.70756,-41.75116]]}},
{"type":"Feature","properties":{"nom_reg":"Los Lagos","nom_prov":"Chiloé","nom_com":"Castro","sector":"Castro","cine_reg":"10","cine_prov":"102","cine_com":"10201"},"geometry":{"type":"LineString","coordinates":[[-73.77102,-42.48108],[-73.7702,-42.48133],[-73.76829,-42.48237],[-73.76832,-42.48221]]}},
{"type":"Feature","properties":{"nom_reg":"Aysén del General Carlos Ibáñez del Campo","nom_prov":"Aisén","nom_com":"Guaitecas","sector":"Melinka","cine_reg":"11","cine_prov":"112","cine_com":"11203"},"geometry":{"type":"LineString","coordinates":[[-73.74942,-43.89608],[-73.74876,-43.89657],[-73.74752,-43.89692],[-73.74669,-43.89653]]}},
{"type":"Feature","properties":{"nom_reg":"Aysén del General Carlos Ibáñez del Campo","nom_prov":"Aisén","nom_com":"Aisén","sector":"Puerto Aysen","cine_reg":"11","cine_prov":"112","cine_com":"11201"},"geometry":{"type":"LineString","coordinates":[[-72.69357,-45.41405],[-72.6931,-45.41459],[-72.69276,-45.41463],[-72.68436,-45.41504]]}},
{"type":"Feature","properties":{"nom_reg":"Aysén del General Carlos Ibáñez del Campo","nom_prov":"Aisén","nom_com":"Aisén","sector":"Caleta Andrade - Puerto Aguirre","cine_reg":"11","cine_prov":"112","cine_com":"11201"},"geometry":{"type":"LineString","coordinates":[[-73.52362,-45.16452],[-73.52411,-45.16368],[-73.52353,-45.16353]]}},
{"type":"Feature","properties":{"nom_reg":"Aysén del General Carlos Ibáñez del Campo","nom_prov":"Aisén","nom_com":"Aisén","sector":"Puerto Aysen","cine_reg":"11","cine_prov":"112","cine_com":"11201"},"geometry":{"type":"LineString","coordinates":[[-72.68914,-45.39754],[-72.68944,-45.3961],[-72.68823,-45.39602]]}},
{"type":"Feature","properties":{"nom_reg":"Libertador General Bernardo O'Higgins","nom_prov":"Cardenal Caro","nom_com":"Pichilemu","sector":"Pichilemu","cine_reg":"06","cine_prov":"062","cine_com":"06201"},"geometry":{"type":"LineString","coordinates":[[-71.9919,-34.38398],[-71.99168,-34.38503],[-71.99189,-34.38567],[-71.99174,-34.38644]]}},
{"type":"Feature","properties":{"nom_reg":"Aysén del General Carlos Ibáñez del Campo","nom_prov":"Aisén","nom_com":"Aisén","sector":"Puerto Chacabuco","cine_reg":"11","cine_prov":"112","cine_com":"11201"},"geometry":{"type":"LineString","coordinates":[[-72.81557,-45.46346],[-72.81683,-45.46449]]}},
{"type":"Feature","properties":{"nom_reg":"Antofagasta","nom_prov":"Antofagasta","nom_com":"Taltal","sector":"Taltal","cine_reg":"02","cine_prov":"021","cine_com":"02104"},"geometry":{"type":"LineString","coordinates":[[-70.47347,-25.40008],[-70.47209,-25.40055]]}},
{"type":"Feature","properties":{"nom_reg":"Los Lagos","nom_prov":"Palena","nom_com":"Chaitén","sector":"Ayacara","cine_reg":"10","cine_prov":"104","cine_com":"10401"},"geometry":{"type":"LineString","coordinates":[[-72.7837,-42.3062],[-72.78383,-42.30899]]}},
{"type":"Feature","properties":{"nom_reg":"Los Lagos","nom_prov":"Llanquihue","nom_com":"Calbuco","sector":"Calbuco","cine_reg":"10","cine_prov":"101","cine_com":"10102"},"geometry":{"type":"LineString","coordinates":[[-73.1325,-41.76685],[-73.13304,-41.76778],[-73.13216,-41.76883],[-73.1312,-41.7713],[-73.13186,-41.77156],[-73.13204,-41.7713]]}},
{"type":"Feature","properties":{"nom_reg":"Aysén del General Carlos Ibáñez del Campo","nom_prov":"Aisén","nom_com":"Aisén","sector":"Puerto Aysen","cine_reg":"11","cine_prov":"112","cine_com":"11201"},"geometry":{"type":"LineString","coordinates":[[-72.69494,-45.39106],[-72.69473,-45.39232],[-72.69371,-45.3931],[-72.69072,-45.39178],[-72.68872,-45.39156]]}},
{"type":"Feature","properties":{"nom_reg":"Aysén del General Carlos Ibáñez del Campo","nom_prov":"Aisén","nom_com":"Guaitecas","sector":"Melinka","cine_reg":"11","cine_prov":"112","cine_com":"11203"},"geometry":{"type":"LineString","coordinates":[[-73.74831,-43.8944],[-73.74817,-43.8946],[-73.7487,-43.89518],[-73.74864,-43.89538],[-73.74792,-43.89555],[-73.74691,-43.89617],[-73.74669,-43.8965],[-73.74605,-43.89622],[-73.74545,-43.89654]]}},
{"type":"Feature","properties":{"nom_reg":"Aysén del General Carlos Ibáñez del Campo","nom_prov":"Aisén","nom_com":"Guaitecas","sector":"Melinka","cine_reg":"11","cine_prov":"112","cine_com":"11203"},"geometry":{"type":"LineString","coordinates":[[-73.74635,-43.89723],[-73.74428,-43.89848],[-73.74251,-43.89802]]}},
{"type":"Feature","properties":{"nom_reg":"Los Lagos","nom_prov":"Palena","nom_com":"Chaitén","sector":"Ayacara","cine_reg":"10","cine_prov":"104","cine_com":"10401"},"geometry":{"type":"LineString","coordinates":[[-72.79892,-42.31492],[-72.80076,-42.31342],[-72.80225,-42.31175]]}},
{"type":"Feature","properties":{"nom_reg":"Aysén del General Carlos Ibáñez del Campo","nom_prov":"Aisén","nom_com":"Aisén","sector":"Caleta Andrade - Puerto Aguirre","cine_reg":"11","cine_prov":"112","cine_com":"11201"},"geometry":{"type":"LineString","coordinates":[[-73.52821,-45.16294],[-73.52752,-45.16369],[-73.52576,-45.16387],[-73.52466,-45.16445],[-73.52404,-45.16396]]}},
{"type":"Feature","properties":{"nom_reg":"Aysén del General Carlos Ibáñez del Campo","nom_prov":"Aisén","nom_com":"Aisén","sector":"Puerto Aysen","cine_reg":"11","cine_prov":"112","cine_com":"11201"},"geometry":{"type":"LineString","coordinates":[[-72.70097,-45.41369],[-72.70169,-45.41306],[-72.70204,-45.41092],[-72.70191,-45.41068],[-72.6975,-45.40721],[-72.69354,-45.40604],[-72.68931,-45.40523],[-72.68684,-45.40414],[-72.68516,-45.40359]]}},
{"type":"Feature","properties":{"nom_reg":"Los Lagos","nom_prov":"Chiloé","nom_com":"Castro","sector":"Castro","cine_reg":"10","cine_prov":"102","cine_com":"10201"},"geometry":{"type":"LineString","coordinates":[[-73.77238,-42.48368],[-73.77356,-42.48368],[-73.77479,-42.48319],[-73.7762,-42.48308]]}},
{"type":"Feature","properties":{"nom_reg":"Aysén del General Carlos Ibáñez del Campo","nom_prov":"Aisén","nom_com":"Aisén","sector":"Puerto Chacabuco","cine_reg":"11","cine_prov":"112","cine_com":"11201"},"geometry":{"type":"LineString","coordinates":[[-72.8161,-45.45961],[-72.81566,-45.46182],[-72.81587,-45.46189],[-72.81578,-45.46263],[-72.81628,-45.46309],[-72.81485,-45.46397],[-72.81538,-45.46446]]}},
{"type":"Feature","properties":{"nom_reg":"Aysén del General Carlos Ibáñez del Campo","nom_prov":"Aisén","nom_com":"Aisén","sector":"Puerto Aysen","cine_reg":"11","cine_prov":"112","cine_com":"11201"},"geometry":{"type":"LineString","coordinates":[[-72.69412,-45.4127],[-72.68416,-45.41324]]}},
{"type":"Feature","properties":{"nom_reg":"Aysén del General Carlos Ibáñez del Campo","nom_prov":"Aisén","nom_com":"Aisén","sector":"Puerto Chacabuco","cine_reg":"11","cine_prov":"112","cine_com":"11201"},"geometry":{"type":"LineString","coordinates":[[-72.81294,-45.45947],[-72.81269,-45.46149],[-72.81359,-45.46167],[-72.81373,-45.46201],[-72.81289,-45.46275],[-72.81474,-45.46388]]}},
{"type":"Feature","properties":{"nom_reg":"Aysén del General Carlos Ibáñez del Campo","nom_prov":"Aisén","nom_com":"Aisén","sector":"Puerto Chacabuco","cine_reg":"11","cine_prov":"112","cine_com":"11201"},"geometry":{"type":"LineString","coordinates":[[-72.82003,-45.45925],[-72.81934,-45.46181],[-72.81866,-45.46214],[-72.81704,-45.46203],[-72.81704,-45.463],[-72.81725,-45.46323],[-72.81807,-45.46344],[-72.81785,-45.46394],[-72.81616,-45.46499]]}},
{"type":"Feature","properties":{"nom_reg":"Los Lagos","nom_prov":"Chiloé","nom_com":"Castro","sector":"Castro","cine_reg":"10","cine_prov":"102","cine_com":"10201"},"geometry":{"type":"LineString","coordinates":[[-73.76737,-42.47373],[-73.76843,-42.4732],[-73.76931,-42.473]]}},
{"type":"Feature","properties":{"nom_reg":"Los Lagos","nom_prov":"Palena","nom_com":"Chaitén","sector":"Chaiten","cine_reg":"10","cine_prov":"104","cine_com":"10401"},"geometry":{"type":"LineString","coordinates":[[-72.70301,-42.91884],[-72.70264,-42.91903],[-72.7024,-42.92073]]}},
{"type":"Feature","properties":{"nom_reg":"Libertador General Bernardo O'Higgins","nom_prov":"Cardenal Caro","nom_com":"Pichilemu","sector":"Cahuil","cine_reg":"06","cine_prov":"062","cine_com":"06201"},"geometry":{"type":"LineString","coordinates":[[-72.02215,-34.47419],[-72.02318,-34.47314],[-72.02348,-34.47252],[-72.02351,-34.47165],[-72.02306,-34.47055],[-72.02304,-34.46998],[-72.02375,-34.46881],[-72.02381,-34.46799],[-72.02326,-34.46748],[-72.02142,-34.46669],[-72.01949,-34.46681],[-72.01922,-34.46639],[-72.01942,-34.46543],[-72.01922,-34.46521],[-72.01889,-34.46596],[-72.01809,-34.46578],[-72.01673,-34.46593],[-72.01624,-34.46616],[-72.01563,-34.46584]]}},
{"type":"Feature","properties":{"nom_reg":"Los Lagos","nom_prov":"Chiloé","nom_com":"Castro","sector":"Quilco","cine_reg":"10","cine_prov":"102","cine_com":"10201"},"geometry":{"type":"LineString","coordinates":[[-73.72874,-42.44976],[-73.72599,-42.45099],[-73.72362,-42.45096],[-73.72235,-42.45163]]}},
{"type":"Feature","properties":{"nom_reg":"Los Lagos","nom_prov":"Chiloé","nom_com":"Castro","sector":"Quilco","cine_reg":"10","cine_prov":"102","cine_com":"10201"},"geometry":{"type":"LineString","coordinates":[[-73.72539,-42.46048],[-73.7255,-42.46252],[-73.7253,-42.463],[-73.72344,-42.4635],[-73.72296,-42.46376],[-73.72285,-42.46409],[-73.72245,-42.46439],[-73.72223,-42.46501],[-73.72182,-42.46533]]}},
{"type":"Feature","properties":{"nom_reg":"Los Lagos","nom_prov":"Chiloé","nom_com":"Castro","sector":"Quilco","cine_reg":"10","cine_prov":"102","cine_com":"10201"},"geometry":{"type":"LineString","coordinates":[[-73.73129,-42.46608],[-73.73099,-42.46594],[-73.72833,-42.46584],[-73.7266,-42.46543],[-73.72195,-42.46538]]}},
{"type":"Feature","properties":{"nom_reg":"Los Lagos","nom_prov":"Chiloé","nom_com":"Castro","sector":"Quilco","cine_reg":"10","cine_prov":"102","cine_com":"10201"},"geometry":{"type":"LineString","coordinates":[[-73.72671,-42.46941],[-73.72568,-42.46883],[-73.72497,-42.4687],[-73.72221,-42.46539]]}},
{"type":"Feature","properties":{"nom_reg":"Los Lagos","nom_prov":"Chiloé","nom_com":"Castro","sector":"Pello Yutu","cine_reg":"10","cine_prov":"102","cine_com":"10201"},"geometry":{"type":"LineString","coordinates":[[-73.7336,-42.49454],[-73.73247,-42.49442],[-73.73015,-42.49473],[-73.72998,-42.49469],[-73.72995,-42.49437],[-73.7289,-42.4946],[-73.72721,-42.49417],[-73.72592,-42.49418]]}},
{"type":"Feature","properties":{"nom_reg":"Los Lagos","nom_prov":"Chiloé","nom_com":"Castro","sector":"Pello Yutu","cine_reg":"10","cine_prov":"102","cine_com":"10201"},"geometry":{"type":"LineString","coordinates":[[-73.73879,-42.5022],[-73.73812,-42.50212],[-73.73745,-42.5024],[-73.73693,-42.50323],[-73.73692,-42.50389],[-73.73674,-42.50428],[-73.73559,-42.50537]]}},
{"type":"Feature","properties":{"nom_reg":"Los Lagos","nom_prov":"Chiloé","nom_com":"Castro","sector":"Yutuy","cine_reg":"10","cine_prov":"102","cine_com":"10201"},"geometry":{"type":"LineString","coordinates":[[-73.74748,-42.51587],[-73.74607,-42.51626],[-73.74543,-42.51554],[-73.74414,-42.51467]]}},
{"type":"Feature","properties":{"nom_reg":"Los Lagos","nom_prov":"Chiloé","nom_com":"Castro","sector":"Yutuy","cine_reg":"10","cine_prov":"102","cine_com":"10201"},"geometry":{"type":"LineString","coordinates":[[-73.74823,-42.51623],[-73.74819,-42.51755],[-73.74879,-42.51931],[-73.74852,-42.51963],[-73.74651,-42.52055]]}},
{"type":"Feature","properties":{"nom_reg":"Los Lagos","nom_prov":"Chiloé","nom_com":"Castro","sector":"Yutuy","cine_reg":"10","cine_prov":"102","cine_com":"10201"},"geometry":{"type":"LineString","coordinates":[[-73.75381,-42.51708],[-73.75251,-42.51777],[-73.74957,-42.51796],[-73.74864,-42.51846]]}},
{"type":"Feature","properties":{"nom_reg":"Los Lagos","nom_prov":"Chiloé","nom_com":"Castro","sector":"Punta Anim","cine_reg":"10","cine_prov":"102","cine_com":"10201"},"geometry":{"type":"LineString","coordinates":[[-73.78408,-42.52745],[-73.78271,-42.52788],[-73.78195,-42.52773],[-73.78204,-42.52841],[-73.78149,-42.52894],[-73.78106,-42.52919],[-73.78039,-42.52909]]}},
{"type":"Feature","properties":{"nom_reg":"Los Lagos","nom_prov":"Chiloé","nom_com":"Castro","sector":"Punta Anim","cine_reg":"10","cine_prov":"102","cine_com":"10201"},"geometry":{"type":"LineString","coordinates":[[-73.78365,-42.52491],[-73.78315,-42.52547],[-73.7829,-42.52602],[-73.78298,-42.52769]]}},
{"type":"Feature","properties":{"nom_reg":"Los Lagos","nom_prov":"Chiloé","nom_com":"Castro","sector":"Carahue","cine_reg":"10","cine_prov":"102","cine_com":"10201"},"geometry":{"type":"LineString","coordinates":[[-73.72788,-42.55906],[-73.72691,-42.55838],[-73.72661,-42.558],[-73.72712,-42.5565],[-73.72719,-42.5554],[-73.7275,-42.55455]]}},
{"type":"Feature","properties":{"nom_reg":"Los Lagos","nom_prov":"Chiloé","nom_com":"Castro","sector":"Carahue","cine_reg":"10","cine_prov":"102","cine_com":"10201"},"geometry":{"type":"LineString","coordinates":[[-73.70829,-42.56189],[-73.70869,-42.56018],[-73.71129,-42.55949],[-73.71016,-42.55792],[-73.7096,-42.55747],[-73.71077,-42.55705],[-73.71209,-42.55389],[-73.71216,-42.55339],[-73.71341,-42.55256]]}},
{"type":"Feature","properties":{"nom_reg":"Los Lagos","nom_prov":"Chiloé","nom_com":"Castro","sector":"Carahue","cine_reg":"10","cine_prov":"102","cine_com":"10201"},"geometry":{"type":"LineString","coordinates":[[-73.70761,-42.55464],[-73.70747,-42.55404],[-73.70675,-42.55311],[-73.70591,-42.551],[-73.70584,-42.54886],[-73.70607,-42.54832]]}},
{"type":"Feature","properties":{"nom_reg":"Los Lagos","nom_prov":"Chiloé","nom_com":"Castro","sector":"Carahue","cine_reg":"10","cine_prov":"102","cine_com":"10201"},"geometry":{"type":"LineString","coordinates":[[-73.69022,-42.55475],[-73.68914,-42.5536],[-73.69097,-42.55252],[-73.69139,-42.55156],[-73.69218,-42.55115]]}},
{"type":"Feature","properties":{"nom_reg":"Los Lagos","nom_prov":"Chiloé","nom_com":"Castro","sector":"Carahue","cine_reg":"10","cine_prov":"102","cine_com":"10201"},"geometry":{"type":"LineString","coordinates":[[-73.67977,-42.55086],[-73.68273,-42.54984],[-73.6861,-42.54725]]}},
{"type":"Feature","properties":{"nom_reg":"Los Lagos","nom_prov":"Chiloé","nom_com":"Castro","sector":"Carahue","cine_reg":"10","cine_prov":"102","cine_com":"10201"},"geometry":{"type":"LineString","coordinates":[[-73.68373,-42.55111],[-73.68308,-42.55108],[-73.68232,-42.5508],[-73.68186,-42.55033]]}},
{"type":"Feature","properties":{"nom_reg":"Los Lagos","nom_prov":"Chiloé","nom_com":"Castro","sector":"Rilan","cine_reg":"10","cine_prov":"102","cine_com":"10201"},"geometry":{"type":"LineString","coordinates":[[-73.64014,-42.54086],[-73.64127,-42.54107],[-73.64172,-42.5422],[-73.64292,-42.54231],[-73.64312,-42.54204],[-73.64497,-42.54112],[-73.64541,-42.5405],[-73.64619,-42.53992]]}},
{"type":"Feature","properties":{"nom_reg":"Los Lagos","nom_prov":"Chiloé","nom_com":"Castro","sector":"Rilan","cine_reg":"10","cine_prov":"102","cine_com":"10201"},"geometry":{"type":"LineString","coordinates":[[-73.63771,-42.53055],[-73.63737,-42.52913],[-73.63701,-42.52881],[-73.63703,-42.52844],[-73.63655,-42.52809],[-73.63871,-42.52621],[-73.63912,-42.52572],[-73.6396,-42.52445],[-73.64082,-42.52361],[-73.642,-42.52344],[-73.64281,-42.52312],[-73.64272,-42.52201]]}},
{"type":"Feature","properties":{"nom_reg":"Los Lagos","nom_prov":"Chiloé","nom_com":"Castro","sector":"Rilan","cine_reg":"10","cine_prov":"102","cine_com":"10201"},"geometry":{"type":"LineString","coordinates":[[-73.63064,-42.51963],[-73.63084,-42.52028],[-73.63217,-42.52123]]}},
{"type":"Feature","properties":{"nom_reg":"Los Lagos","nom_prov":"Chiloé","nom_com":"Castro","sector":"Rilan","cine_reg":"10","cine_prov":"102","cine_com":"10201"},"geometry":{"type":"LineString","coordinates":[[-73.62536,-42.52196],[-73.62362,-42.52214],[-73.62262,-42.52192],[-73.62151,-42.52233],[-73.6199,-42.52224],[-73.61868,-42.52272],[-73.61744,-42.5227]]}},
{"type":"Feature","properties":{"nom_reg":"Los Lagos","nom_prov":"Chiloé","nom_com":"Castro","sector":"Quilquico","cine_reg":"10","cine_prov":"102","cine_com":"10201"},"geometry":{"type":"LineString","coordinates":[[-73.6608,-42.48983],[-73.66295,-42.49253],[-73.66353,-42.4926],[-73.6637,-42.49278],[-73.66337,-42.49366],[-73.66278,-42.49407],[-73.66281,-42.4943],[-73.6634,-42.49424],[-73.66384,-42.49456],[-73.66467,-42.49477],[-73.66533,-42.49463],[-73.66646,-42.49538]]}},
{"type":"Feature","properties":{"nom_reg":"Los Lagos","nom_prov":"Chiloé","nom_com":"Castro","sector":"Quilquico","cine_reg":"10","cine_prov":"102","cine_com":"10201"},"geometry":{"type":"LineString","coordinates":[[-73.68805,-42.46652],[-73.68917,-42.46447],[-73.69004,-42.46332],[-73.69168,-42.46288]]}},
{"type":"Feature","properties":{"nom_reg":"Los Lagos","nom_prov":"Chiloé","nom_com":"Castro","sector":"Quilquico","cine_reg":"10","cine_prov":"102","cine_com":"10201"},"geometry":{"type":"LineString","coordinates":[[-73.6852,-42.46428],[-73.68787,-42.46279],[-73.68837,-42.46321],[-73.68883,-42.46311],[-73.68933,-42.46247],[-73.68978,-42.46241],[-73.69,-42.46192],[-73.69018,-42.46223],[-73.68997,-42.46303],[-73.6901,-42.46322]]}},
{"type":"Feature","properties":{"nom_reg":"Los Lagos","nom_prov":"Chiloé","nom_com":"Castro","sector":"Quilquico","cine_reg":"10","cine_prov":"102","cine_com":"10201"},"geometry":{"type":"LineString","coordinates":[[-73.67521,-42.4623],[-73.67396,-42.46016]]}},
{"type":"Feature","properties":{"nom_reg":"Los Lagos","nom_prov":"Chiloé","nom_com":"Castro","sector":"Quilquico","cine_reg":"10","cine_prov":"102","cine_com":"10201"},"geometry":{"type":"LineString","coordinates":[[-73.67183,-42.46104],[-73.67296,-42.46041],[-73.67468,-42.45977],[-73.67651,-42.45858],[-73.6777,-42.45866]]}},
{"type":"Feature","properties":{"nom_reg":"Los Lagos","nom_prov":"Chiloé","nom_com":"Castro","sector":"El Astillero","cine_reg":"10","cine_prov":"102","cine_com":"10201"},"geometry":{"type":"LineString","coordinates":[[-73.67074,-42.40538],[-73.67172,-42.40581],[-73.67234,-42.40643],[-73.67296,-42.40676],[-73.67333,-42.40735]]}},
{"type":"Feature","properties":{"nom_reg":"Los Lagos","nom_prov":"Chiloé","nom_com":"Castro","sector":"El Astillero","cine_reg":"10","cine_prov":"102","cine_com":"10201"},"geometry":{"type":"LineString","coordinates":[[-73.67312,-42.40375],[-73.67354,-42.40606],[-73.67334,-42.40692],[-73.67347,-42.40885]]}},
{"type":"Feature","properties":{"nom_reg":"Los Lagos","nom_prov":"Llanquihue","nom_com":"Calbuco","sector":"Isla Quihua","cine_reg":"10","cine_prov":"101","cine_com":"10102"},"geometry":{"type":"LineString","coordinates":[[-73.23299,-41.77451],[-73.23289,-41.77682],[-73.2336,-41.77807],[-73.23317,-41.77928]]}},
{"type":"Feature","properties":{"nom_reg":"Los Lagos","nom_prov":"Llanquihue","nom_com":"Calbuco","sector":"Isla Quihua","cine_reg":"10","cine_prov":"101","cine_com":"10102"},"geometry":{"type":"LineString","coordinates":[[-73.2214,-41.79555],[-73.22065,-41.7952],[-73.21875,-41.79383],[-73.21855,-41.79223],[-73.2189,-41.79157],[-73.2197,-41.79087],[-73.21967,-41.79046],[-73.21926,-41.79007],[-73.21903,-41.78925],[-73.21945,-41.78849],[-73.21938,-41.78779],[-73.22256,-41.78543]]}},
{"type":"Feature","properties":{"nom_reg":"Los Lagos","nom_prov":"Llanquihue","nom_com":"Calbuco","sector":"San José","cine_reg":"10","cine_prov":"101","cine_com":"10102"},"geometry":{"type":"LineString","coordinates":[[-73.17909,-41.78817],[-73.18099,-41.78811],[-73.18478,-41.78623],[-73.18773,-41.78524],[-73.19272,-41.78479],[-73.1941,-41.78483]]}},
{"type":"Feature","properties":{"nom_reg":"Los Lagos","nom_prov":"Llanquihue","nom_com":"Calbuco","sector":"San José","cine_reg":"10","cine_prov":"101","cine_com":"10102"},"geometry":{"type":"LineString","coordinates":[[-73.2063,-41.78175],[-73.20349,-41.78168],[-73.20272,-41.78196]]}},
{"type":"Feature","properties":{"nom_reg":"Los Lagos","nom_prov":"Llanquihue","nom_com":"Calbuco","sector":"San José","cine_reg":"10","cine_prov":"101","cine_com":"10102"},"geometry":{"type":"LineString","coordinates":[[-73.19096,-41.78209],[-73.19451,-41.785],[-73.19625,-41.78596],[-73.1974,-41.786],[-73.19849,-41.78584],[-73.19897,-41.78562],[-73.20021,-41.78382],[-73.20254,-41.78206],[-73.20154,-41.78101]]}},
{"type":"Feature","properties":{"nom_reg":"Los Lagos","nom_prov":"Llanquihue","nom_com":"Calbuco","sector":"Chayahue","cine_reg":"10","cine_prov":"101","cine_com":"10102"},"geometry":{"type":"LineString","coordinates":[[-73.35744,-41.79589],[-73.35855,-41.79514],[-73.35978,-41.79464],[-73.36072,-41.79574],[-73.36215,-41.79514],[-73.3739,-41.79133]]}},
{"type":"Feature","properties":{"nom_reg":"Los Lagos","nom_prov":"Llanquihue","nom_com":"Calbuco","sector":"Chayahue","cine_reg":"10","cine_prov":"101","cine_com":"10102"},"geometry":{"type":"LineString","coordinates":[[-73.39164,-41.80291],[-73.39158,-41.80235],[-73.39002,-41.80029],[-73.38935,-41.79592],[-73.38918,-41.79566],[-73.38347,-41.7935],[-73.38129,-41.79352],[-73.38048,-41.79337],[-73.37898,-41.79177],[-73.3771,-41.79028],[-73.37462,-41.79112]]}},
{"type":"Feature","properties":{"nom_reg":"Los Lagos","nom_prov":"Llanquihue","nom_com":"Calbuco","sector":"Pargua","cine_reg":"10","cine_prov":"101","cine_com":"10102"},"geometry":{"type":"LineString","coordinates":[[-73.45557,-41.78795],[-73.45842,-41.79015],[-73.46042,-41.78704],[-73.4594,-41.78608],[-73.4603,-41.78504],[-73.46055,-41.78446]]}},
{"type":"Feature","properties":{"nom_reg":"Los Lagos","nom_prov":"Llanquihue","nom_com":"Calbuco","sector":"Pargua","cine_reg":"10","cine_prov":"101","cine_com":"10102"},"geometry":{"type":"LineString","coordinates":[[-73.45901,-41.79044],[-73.46074,-41.78821],[-73.46115,-41.78831],[-73.46185,-41.78762],[-73.46252,-41.78774],[-73.46308,-41.78665],[-73.46294,-41.78645],[-73.46299,-41.7862],[-73.46323,-41.78602]]}},
{"type":"Feature","properties":{"nom_reg":"Los Lagos","nom_prov":"Llanquihue","nom_com":"Calbuco","sector":"Pargua","cine_reg":"10","cine_prov":"101","cine_com":"10102"},"geometry":{"type":"LineString","coordinates":[[-73.46063,-41.79164],[-73.46394,-41.79161],[-73.46695,-41.7886],[-73.46743,-41.78773]]}},
{"type":"Feature","properties":{"nom_reg":"Los Lagos","nom_prov":"Llanquihue","nom_com":"Calbuco","sector":"Pargua","cine_reg":"10","cine_prov":"101","cine_com":"10102"},"geometry":{"type":"LineString","coordinates":[[-73.46562,-41.79182],[-73.46707,-41.7902],[-73.46772,-41.7901],[-73.46831,-41.78865],[-73.46926,-41.78822],[-73.46941,-41.78795]]}},
{"type":"Feature","properties":{"nom_reg":"Los Lagos","nom_prov":"Llanquihue","nom_com":"Calbuco","sector":"Calbuco","cine_reg":"10","cine_prov":"101","cine_com":"10102"},"geometry":{"type":"LineString","coordinates":[[-73.13854,-41.7695],[-73.13963,-41.77065],[-73.13826,-41.77103],[-73.13666,-41.77121]]}},
{"type":"Feature","properties":{"nom_reg":"Libertador General Bernardo O'Higgins","nom_prov":"Cardenal Caro","nom_com":"Paredones","sector":"Lo Valdivia","cine_reg":"06","cine_prov":"062","cine_com":"06206"},"geometry":{"type":"LineString","coordinates":[[-72.00512,-34.6798],[-72.00418,-34.67869],[-72.00452,-34.67654],[-72.00483,-34.67601],[-72.00607,-34.67477]]}},
{"type":"Feature","properties":{"nom_reg":"Los Lagos","nom_prov":"Chiloé","nom_com":"Castro","sector":"Castro","cine_reg":"10","cine_prov":"102","cine_com":"10201"},"geometry":{"type":"LineString","coordinates":[[-73.76239,-42.47367],[-73.76357,-42.47482],[-73.76379,-42.47566],[-73.76585,-42.47571]]}},
{"type":"Feature","properties":{"nom_reg":"Aysén del General Carlos Ibáñez del Campo","nom_prov":"Aisén","nom_com":"Guaitecas","sector":"Melinka","cine_reg":"11","cine_prov":"112","cine_com":"11203"},"geometry":{"type":"LineString","coordinates":[[-73.74229,-43.89865],[-73.74251,-43.89802],[-73.74324,-43.89753]]}},
{"type":"Feature","properties":{"nom_reg":"Los Lagos","nom_prov":"Llanquihue","nom_com":"Maullín","sector":"Carelmapu","cine_reg":"10","cine_prov":"101","cine_com":"10108"},"geometry":{"type":"LineString","coordinates":[[-73.69535,-41.73492],[-73.69903,-41.73895]]}},
{"type":"Feature","properties":{"nom_reg":"Los Lagos","nom_prov":"Chiloé","nom_com":"Castro","sector":"Castro","cine_reg":"10","cine_prov":"102","cine_com":"10201"},"geometry":{"type":"LineString","coordinates":[[-73.76719,-42.47384],[-73.76637,-42.47428],[-73.76626,-42.47531]]}},
{"type":"Feature","properties":{"nom_reg":"Los Lagos","nom_prov":"Llanquihue","nom_com":"Maullín","sector":"Maullin","cine_reg":"10","cine_prov":"101","cine_com":"10108"},"geometry":{"type":"LineString","coordinates":[[-73.59429,-41.62253],[-73.59393,-41.62005]]}},
{"type":"Feature","properties":{"nom_reg":"Los Lagos","nom_prov":"Llanquihue","nom_com":"Maullín","sector":"Maullin","cine_reg":"10","cine_prov":"101","cine_com":"10108"},"geometry":{"type":"LineString","coordinates":[[-73.59595,-41.61591],[-73.59592,-41.61628]]}},
{"type":"Feature","properties":{"nom_reg":"Aysén del General Carlos Ibáñez del Campo","nom_prov":"Aisén","nom_com":"Guaitecas","sector":"Melinka","cine_reg":"11","cine_prov":"112","cine_com":"11203"},"geometry":{"type":"LineString","coordinates":[[-73.74554,-43.89893],[-73.74454,-43.89838]]}},
{"type":"Feature","properties":{"nom_reg":"Los Lagos","nom_prov":"Llanquihue","nom_com":"Maullín","sector":"Carelmapu","cine_reg":"10","cine_prov":"101","cine_com":"10108"},"geometry":{"type":"LineString","coordinates":[[-73.70578,-41.74269],[-73.70555,-41.74299],[-73.70356,-41.74377]]}},
{"type":"Feature","properties":{"nom_reg":"Los Lagos","nom_prov":"Llanquihue","nom_com":"Maullín","sector":"Maullin","cine_reg":"10","cine_prov":"101","cine_com":"10108"},"geometry":{"type":"LineString","coordinates":[[-73.58824,-41.63199],[-73.58963,-41.63235],[-73.59006,-41.63166],[-73.59142,-41.63218],[-73.5944,-41.6293]]}},
{"type":"Feature","properties":{"nom_reg":"Aysén del General Carlos Ibáñez del Campo","nom_prov":"Capitán Prat","nom_com":"Tortel","sector":"Caleta Tortel","cine_reg":"11","cine_prov":"113","cine_com":"11303"},"geometry":{"type":"LineString","coordinates":[[-73.52864,-47.79102],[-73.5286,-47.79124],[-73.52878,-47.79141],[-73.52952,-47.79167],[-73.53073,-47.79268],[-73.53112,-47.79339]]}},
{"type":"Feature","properties":{"nom_reg":"Aysén del General Carlos Ibáñez del Campo","nom_prov":"Capitán Prat","nom_com":"Tortel","sector":"Caleta Tortel","cine_reg":"11","cine_prov":"113","cine_com":"11303"},"geometry":{"type":"LineString","coordinates":[[-73.5324,-47.79737],[-73.53166,-47.79779],[-73.53151,-47.79766],[-73.53081,-47.79668],[-73.53115,-47.79651],[-73.53096,-47.79612]]}},
{"type":"Feature","properties":{"nom_reg":"Los Lagos","nom_prov":"Llanquihue","nom_com":"Maullín","sector":"Rivera Norte Maullin","cine_reg":"10","cine_prov":"101","cine_com":"10108"},"geometry":{"type":"LineString","coordinates":[[-73.65261,-41.58071],[-73.65339,-41.58042],[-73.65338,-41.58017],[-73.65252,-41.57832]]}},
{"type":"Feature","properties":{"nom_reg":"Los Lagos","nom_prov":"Llanquihue","nom_com":"Calbuco","sector":"Calbuco","cine_reg":"10","cine_prov":"101","cine_com":"10102"},"geometry":{"type":"LineString","coordinates":[[-73.13589,-41.7659],[-73.13598,-41.76569],[-73.1357,-41.76513],[-73.13604,-41.76448]]}},
{"type":"Feature","properties":{"nom_reg":"Los Lagos","nom_prov":"Chiloé","nom_com":"Castro","sector":"Castro","cine_reg":"10","cine_prov":"102","cine_com":"10201"},"geometry":{"type":"LineString","coordinates":[[-73.76121,-42.4764],[-73.76153,-42.47646],[-73.76242,-42.47544],[-73.76271,-42.47553],[-73.76286,-42.47645],[-73.76377,-42.47649],[-73.7638,-42.47577]]}},
{"type":"Feature","properties":{"nom_reg":"Aysén del General Carlos Ibáñez del Campo","nom_prov":"Capitán Prat","nom_com":"Tortel","sector":"Caleta Tortel","cine_reg":"11","cine_prov":"113","cine_com":"11303"},"geometry":{"type":"LineString","coordinates":[[-73.5269,-47.78585],[-73.52802,-47.78562],[-73.52807,-47.78736]]}},
{"type":"Feature","properties":{"nom_reg":"Aysén del General Carlos Ibáñez del Campo","nom_prov":"Capitán Prat","nom_com":"Tortel","sector":"Caleta Tortel","cine_reg":"11","cine_prov":"113","cine_com":"11303"},"geometry":{"type":"LineString","coordinates":[[-73.53569,-47.79918],[-73.53543,-47.80008],[-73.5356,-47.80051],[-73.53583,-47.80083],[-73.53637,-47.80075]]}},
{"type":"Feature","properties":{"nom_reg":"Los Lagos","nom_prov":"Palena","nom_com":"Chaitén","sector":"Ayacara","cine_reg":"10","cine_prov":"104","cine_com":"10401"},"geometry":{"type":"LineString","coordinates":[[-72.78736,-42.30706],[-72.78565,-42.30584],[-72.78479,-42.30499],[-72.7842,-42.30428],[-72.78418,-42.30385],[-72.78256,-42.30287]]}},
{"type":"Feature","properties":{"nom_reg":"Los Lagos","nom_prov":"Palena","nom_com":"Chaitén","sector":"Chaiten","cine_reg":"10","cine_prov":"104","cine_com":"10401"},"geometry":{"type":"LineString","coordinates":[[-72.71353,-42.92246],[-72.70882,-42.92298]]}},
{"type":"Feature","properties":{"nom_reg":"Antofagasta","nom_prov":"Antofagasta","nom_com":"Taltal","sector":"Taltal","cine_reg":"02","cine_prov":"021","cine_com":"02104"},"geometry":{"type":"LineString","coordinates":[[-70.47486,-25.4012],[-70.47208,-25.40206]]}},
{"type":"Feature","properties":{"nom_reg":"Aysén del General Carlos Ibáñez del Campo","nom_prov":"Aisén","nom_com":"Guaitecas","sector":"Repollal","cine_reg":"11","cine_prov":"112","cine_com":"11203"},"geometry":{"type":"LineString","coordinates":[[-73.88801,-43.85978],[-73.88826,-43.86053],[-73.88881,-43.86113],[-73.88938,-43.86247],[-73.88985,-43.86489],[-73.89021,-43.86589],[-73.89043,-43.86781],[-73.8899,-43.86957],[-73.8891,-43.87136],[-73.88602,-43.87379],[-73.88535,-43.87452],[-73.88531,-43.87507]]}},
{"type":"Feature","properties":{"nom_reg":"Libertador General Bernardo O'Higgins","nom_prov":"Cardenal Caro","nom_com":"Paredones","sector":"La Capilla","cine_reg":"06","cine_prov":"062","cine_com":"06206"},"geometry":{"type":"LineString","coordinates":[[-72.01444,-34.65707],[-72.01287,-34.6573],[-72.01118,-34.6565],[-72.01055,-34.6565],[-72.01028,-34.65659],[-72.00996,-34.65704],[-72.01005,-34.65793],[-72.00975,-34.65828],[-72.00869,-34.65833],[-72.00761,-34.6588],[-72.00694,-34.65881]]}},
{"type":"Feature","properties":{"nom_reg":"Los Lagos","nom_prov":"Chiloé","nom_com":"Castro","sector":"Castro","cine_reg":"10","cine_prov":"102","cine_com":"10201"},"geometry":{"type":"LineString","coordinates":[[-73.76651,-42.46665],[-73.76699,-42.46677],[-73.76683,-42.46711],[-73.76751,-42.46719],[-73.76879,-42.46703],[-73.76923,-42.46667],[-73.77036,-42.46647]]}},
{"type":"Feature","properties":{"nom_reg":"Antofagasta","nom_prov":"Antofagasta","nom_com":"Taltal","sector":"Taltal","cine_reg":"02","cine_prov":"021","cine_com":"02104"},"geometry":{"type":"LineString","coordinates":[[-70.48831,-25.40743],[-70.48536,-25.4119]]}},
{"type":"Feature","properties":{"nom_reg":"Aysén del General Carlos Ibáñez del Campo","nom_prov":"Capitán Prat","nom_com":"Tortel","sector":"Caleta Tortel","cine_reg":"11","cine_prov":"113","cine_com":"11303"},"geometry":{"type":"LineString","coordinates":[[-73.53112,-47.79339],[-73.53234,-47.79559]]}},
{"type":"Feature","properties":{"nom_reg":"Aysén del General Carlos Ibáñez del Campo","nom_prov":"Aisén","nom_com":"Aisén","sector":"Puerto Aysen","cine_reg":"11","cine_prov":"112","cine_com":"11201"},"geometry":{"type":"LineString","coordinates":[[-72.7021,-45.40847],[-72.69847,-45.40713],[-72.69864,-45.40682],[-72.69737,-45.4063],[-72.69713,-45.40657],[-72.69466,-45.40527],[-72.69402,-45.40544],[-72.68554,-45.4022]]}},
{"type":"Feature","properties":{"nom_reg":"Los Lagos","nom_prov":"Chiloé","nom_com":"Ancud","sector":"Ancud","cine_reg":"10","cine_prov":"102","cine_com":"10202"},"geometry":{"type":"MultiLineString","coordinates":[[[-73.79748,-41.87593],[-73.79804,-41.87656],[-73.79996,-41.877],[-73.80022,-41.87783],[-73.80089,-41.87831],[-73.80067,-41.87844],[-73.79993,-41.87993],[-73.80011,-41.88415]],[[-73.79315,-41.87764],[-73.79466,-41.8766],[-73.79659,-41.8759],[-73.79692,-41.87617],[-73.79743,-41.87592]]]}},
{"type":"Feature","properties":{"nom_reg":"Los Lagos","nom_prov":"Chiloé","nom_com":"Ancud","sector":"Ancud","cine_reg":"10","cine_prov":"102","cine_com":"10202"},"geometry":{"type":"LineString","coordinates":[[-73.82984,-41.86964],[-73.82901,-41.86968],[-73.82422,-41.87074],[-73.8244,-41.87113]]}},
{"type":"Feature","properties":{"nom_reg":"Los Lagos","nom_prov":"Llanquihue","nom_com":"Calbuco","sector":"Calbuco","cine_reg":"10","cine_prov":"101","cine_com":"10102"},"geometry":{"type":"LineString","coordinates":[[-73.12984,-41.76375],[-73.12814,-41.76347],[-73.12786,-41.76328],[-73.13006,-41.76296]]}},
{"type":"Feature","properties":{"nom_reg":"Los Lagos","nom_prov":"Palena","nom_com":"Chaitén","sector":"Ayacara","cine_reg":"10","cine_prov":"104","cine_com":"10401"},"geometry":{"type":"LineString","coordinates":[[-72.79355,-42.31144],[-72.79105,-42.31013],[-72.78994,-42.30979],[-72.7884,-42.30888],[-72.78728,-42.30882],[-72.78593,-42.30931],[-72.78482,-42.30878],[-72.78397,-42.30903]]}},
{"type":"Feature","properties":{"nom_reg":"Aysén del General Carlos Ibáñez del Campo","nom_prov":"Aisén","nom_com":"Aisén","sector":"Puerto Aysen","cine_reg":"11","cine_prov":"112","cine_com":"11201"},"geometry":{"type":"LineString","coordinates":[[-72.69005,-45.4105],[-72.68387,-45.41096]]}},
{"type":"Feature","properties":{"nom_reg":"Aysén del General Carlos Ibáñez del Campo","nom_prov":"Aisén","nom_com":"Aisén","sector":"Puerto Aysen","cine_reg":"11","cine_prov":"112","cine_com":"11201"},"geometry":{"type":"LineString","coordinates":[[-72.70872,-45.402],[-72.70498,-45.40045],[-72.70237,-45.39986]]}},
{"type":"Feature","properties":{"nom_reg":"Los Lagos","nom_prov":"Chiloé","nom_com":"Castro","sector":"Castro","cine_reg":"10","cine_prov":"102","cine_com":"10201"},"geometry":{"type":"LineString","coordinates":[[-73.76435,-42.47189],[-73.76596,-42.47167],[-73.76778,-42.47213],[-73.76832,-42.47197],[-73.76909,-42.47217],[-73.76917,-42.47232]]}},
{"type":"Feature","properties":{"nom_reg":"Aysén del General Carlos Ibáñez del Campo","nom_prov":"Capitán Prat","nom_com":"Tortel","sector":"Caleta Tortel","cine_reg":"11","cine_prov":"113","cine_com":"11303"},"geometry":{"type":"LineString","coordinates":[[-73.53525,-47.80153],[-73.53589,-47.80142],[-73.53603,-47.80115],[-73.53592,-47.80088]]}},
{"type":"Feature","properties":{"nom_reg":"Los Lagos","nom_prov":"Chiloé","nom_com":"Ancud","sector":"Ancud","cine_reg":"10","cine_prov":"102","cine_com":"10202"},"geometry":{"type":"LineString","coordinates":[[-73.83159,-41.87555],[-73.8312,-41.8778],[-73.83154,-41.8779],[-73.83129,-41.8791]]}},
{"type":"Feature","properties":{"nom_reg":"Los Lagos","nom_prov":"Palena","nom_com":"Chaitén","sector":"Chaiten","cine_reg":"10","cine_prov":"104","cine_com":"10401"},"geometry":{"type":"LineString","coordinates":[[-72.71385,-42.9245],[-72.70924,-42.92504]]}},
{"type":"Feature","properties":{"nom_reg":"Los Lagos","nom_prov":"Llanquihue","nom_com":"Maullín","sector":"Maullin","cine_reg":"10","cine_prov":"101","cine_com":"10108"},"geometry":{"type":"LineString","coordinates":[[-73.59872,-41.6156],[-73.60001,-41.61503]]}},
{"type":"Feature","properties":{"nom_reg":"Aysén del General Carlos Ibáñez del Campo","nom_prov":"Aisén","nom_com":"Guaitecas","sector":"Melinka","cine_reg":"11","cine_prov":"112","cine_com":"11203"},"geometry":{"type":"LineString","coordinates":[[-73.7434,-43.89924],[-73.7439,-43.89846]]}},
{"type":"Feature","properties":{"nom_reg":"Los Lagos","nom_prov":"Palena","nom_com":"Chaitén","sector":"Ayacara","cine_reg":"10","cine_prov":"104","cine_com":"10401"},"geometry":{"type":"LineString","coordinates":[[-72.7841,-42.314],[-72.78463,-42.31696]]}},
{"type":"Feature","properties":{"nom_reg":"Aysén del General Carlos Ibáñez del Campo","nom_prov":"Aisén","nom_com":"Guaitecas","sector":"Melinka","cine_reg":"11","cine_prov":"112","cine_com":"11203"},"geometry":{"type":"LineString","coordinates":[[-73.74671,-43.89751],[-73.74526,-43.89652]]}},
{"type":"Feature","properties":{"nom_reg":"Los Lagos","nom_prov":"Chiloé","nom_com":"Ancud","sector":"Ancud","cine_reg":"10","cine_prov":"102","cine_com":"10202"},"geometry":{"type":"LineString","coordinates":[[-73.82833,-41.87278],[-73.82589,-41.87318],[-73.82587,-41.87423],[-73.82498,-41.87477],[-73.82408,-41.87631],[-73.82168,-41.87669]]}},
{"type":"Feature","properties":{"nom_reg":"Los Lagos","nom_prov":"Llanquihue","nom_com":"Maullín","sector":"Maullin","cine_reg":"10","cine_prov":"101","cine_com":"10108"},"geometry":{"type":"LineString","coordinates":[[-73.5918,-41.62941],[-73.59313,-41.63037]]}},
{"type":"Feature","properties":{"nom_reg":"Los Lagos","nom_prov":"Llanquihue","nom_com":"Calbuco","sector":"Calbuco","cine_reg":"10","cine_prov":"101","cine_com":"10102"},"geometry":{"type":"LineString","coordinates":[[-73.13184,-41.77629],[-73.12959,-41.77619],[-73.12944,-41.77534],[-73.12889,-41.77396],[-73.12982,-41.77363],[-73.13089,-41.77363]]}},
{"type":"Feature","properties":{"nom_reg":"Los Lagos","nom_prov":"Palena","nom_com":"Chaitén","sector":"Ayacara","cine_reg":"10","cine_prov":"104","cine_com":"10401"},"geometry":{"type":"LineString","coordinates":[[-72.78961,-42.32274],[-72.78978,-42.32069],[-72.78959,-42.32006],[-72.7866,-42.31786],[-72.78627,-42.31744],[-72.78468,-42.31696]]}},
{"type":"Feature","properties":{"nom_reg":"Los Lagos","nom_prov":"Chiloé","nom_com":"Ancud","sector":"Ancud","cine_reg":"10","cine_prov":"102","cine_com":"10202"},"geometry":{"type":"LineString","coordinates":[[-73.83071,-41.87528],[-73.83049,-41.87707],[-73.83113,-41.87719]]}},
{"type":"Feature","properties":{"nom_reg":"Los Lagos","nom_prov":"Llanquihue","nom_com":"Calbuco","sector":"Calbuco","cine_reg":"10","cine_prov":"101","cine_com":"10102"},"geometry":{"type":"LineString","coordinates":[[-73.13317,-41.77695],[-73.13291,-41.7764],[-73.13355,-41.77535],[-73.13499,-41.77426],[-73.13537,-41.77473],[-73.13551,-41.77463]]}},
{"type":"Feature","properties":{"nom_reg":"Aysén del General Carlos Ibáñez del Campo","nom_prov":"Aisén","nom_com":"Aisén","sector":"Puerto Aysen","cine_reg":"11","cine_prov":"112","cine_com":"11201"},"geometry":{"type":"LineString","coordinates":[[-72.70362,-45.40407],[-72.69771,-45.40184],[-72.69322,-45.40144],[-72.69166,-45.40101],[-72.68947,-45.40014],[-72.68916,-45.39892],[-72.68775,-45.39942]]}},
{"type":"Feature","properties":{"nom_reg":"Los Lagos","nom_prov":"Llanquihue","nom_com":"Maullín","sector":"Rivera Norte Maullin","cine_reg":"10","cine_prov":"101","cine_com":"10108"},"geometry":{"type":"LineString","coordinates":[[-73.61587,-41.59018],[-73.61188,-41.59375],[-73.61078,-41.59525],[-73.60969,-41.59734],[-73.60624,-41.60162],[-73.60549,-41.6025],[-73.60388,-41.6035],[-73.60162,-41.60411],[-73.59827,-41.60445],[-73.59791,-41.60335],[-73.59125,-41.60268]]}},
{"type":"Feature","properties":{"nom_reg":"Aysén del General Carlos Ibáñez del Campo","nom_prov":"Aisén","nom_com":"Guaitecas","sector":"Repollal Bajo","cine_reg":"11","cine_prov":"112","cine_com":"11203"},"geometry":{"type":"LineString","coordinates":[[-73.86976,-43.88981],[-73.86892,-43.88954],[-73.86828,-43.88909],[-73.86829,-43.88888],[-73.86881,-43.88827],[-73.86835,-43.88773],[-73.87143,-43.88815],[-73.87167,-43.88814],[-73.87209,-43.88771]]}},
{"type":"Feature","properties":{"nom_reg":"Los Lagos","nom_prov":"Chiloé","nom_com":"Ancud","sector":"Ancud","cine_reg":"10","cine_prov":"102","cine_com":"10202"},"geometry":{"type":"LineString","coordinates":[[-73.8291,-41.86701],[-73.82891,-41.86756],[-73.82634,-41.86902],[-73.82245,-41.87041],[-73.82268,-41.871],[-73.82396,-41.8708]]}},
{"type":"Feature","properties":{"nom_reg":"Los Lagos","nom_prov":"Chiloé","nom_com":"Castro","sector":"Castro","cine_reg":"10","cine_prov":"102","cine_com":"10201"},"geometry":{"type":"LineString","coordinates":[[-73.75938,-42.48186],[-73.76106,-42.4828],[-73.76315,-42.48287]]}},
{"type":"Feature","properties":{"nom_reg":"Antofagasta","nom_prov":"Antofagasta","nom_com":"Taltal","sector":"Paposo","cine_reg":"02","cine_prov":"021","cine_com":"02104"},"geometry":{"type":"LineString","coordinates":[[-70.46635,-25.01074],[-70.46575,-25.01084],[-70.46584,-25.01141],[-70.4648,-25.0115]]}},
{"type":"Feature","properties":{"nom_reg":"Los Lagos","nom_prov":"Llanquihue","nom_com":"Maullín","sector":"Carelmapu","cine_reg":"10","cine_prov":"101","cine_com":"10108"},"geometry":{"type":"LineString","coordinates":[[-73.70771,-41.74955],[-73.71114,-41.74849],[-73.71109,-41.74868],[-73.71139,-41.74923],[-73.71063,-41.74994]]}},
{"type":"Feature","properties":{"nom_reg":"Aysén del General Carlos Ibáñez del Campo","nom_prov":"Aisén","nom_com":"Aisén","sector":"Puerto Aysen","cine_reg":"11","cine_prov":"112","cine_com":"11201"},"geometry":{"type":"LineString","coordinates":[[-72.69124,-45.41171],[-72.68401,-45.41211]]}},
{"type":"Feature","properties":{"nom_reg":"Aysén del General Carlos Ibáñez del Campo","nom_prov":"Aisén","nom_com":"Aisén","sector":"Puerto Aysen","cine_reg":"11","cine_prov":"112","cine_com":"11201"},"geometry":{"type":"LineString","coordinates":[[-72.70809,-45.39457],[-72.70479,-45.39644],[-72.70015,-45.40256]]}},
{"type":"Feature","properties":{"nom_reg":"Aysén del General Carlos Ibáñez del Campo","nom_prov":"Capitán Prat","nom_com":"Tortel","sector":"Caleta Tortel","cine_reg":"11","cine_prov":"113","cine_com":"11303"},"geometry":{"type":"LineString","coordinates":[[-73.53766,-47.80359],[-73.53797,-47.80335],[-73.53732,-47.80228],[-73.53667,-47.80163],[-73.53673,-47.80122],[-73.53648,-47.80081]]}},
{"type":"Feature","properties":{"nom_reg":"Los Lagos","nom_prov":"Chiloé","nom_com":"Ancud","sector":"Ancud","cine_reg":"10","cine_prov":"102","cine_com":"10202"},"geometry":{"type":"LineString","coordinates":[[-73.83655,-41.87704],[-73.83647,-41.87765],[-73.83499,-41.87816],[-73.83482,-41.87839],[-73.83499,-41.8786],[-73.83309,-41.87931],[-73.83277,-41.87994],[-73.83059,-41.8788],[-73.82977,-41.87859],[-73.82966,-41.8797],[-73.82995,-41.88084],[-73.82996,-41.88173],[-73.82932,-41.88194]]}},
{"type":"Feature","properties":{"nom_reg":"Aysén del General Carlos Ibáñez del Campo","nom_prov":"Capitán Prat","nom_com":"Tortel","sector":"Caleta Tortel","cine_reg":"11","cine_prov":"113","cine_com":"11303"},"geometry":{"type":"LineString","coordinates":[[-73.53994,-47.80473],[-73.5406,-47.80512],[-73.54091,-47.8051],[-73.54115,-47.80503],[-73.54077,-47.80476],[-73.54124,-47.80474],[-73.5413,-47.80452]]}},
{"type":"Feature","properties":{"nom_reg":"Los Lagos","nom_prov":"Llanquihue","nom_com":"Maullín","sector":"Carelmapu","cine_reg":"10","cine_prov":"101","cine_com":"10108"},"geometry":{"type":"LineString","coordinates":[[-73.69327,-41.73284],[-73.66504,-41.71313],[-73.66701,-41.71278],[-73.66936,-41.71144]]}},
{"type":"Feature","properties":{"nom_reg":"Aysén del General Carlos Ibáñez del Campo","nom_prov":"Capitán Prat","nom_com":"Tortel","sector":"Caleta Tortel","cine_reg":"11","cine_prov":"113","cine_com":"11303"},"geometry":{"type":"LineString","coordinates":[[-73.52807,-47.78736],[-73.5281,-47.79062],[-73.52866,-47.79101]]}},
{"type":"Feature","properties":{"nom_reg":"Aysén del General Carlos Ibáñez del Campo","nom_prov":"Aisén","nom_com":"Aisén","sector":"Caleta Andrade - Puerto Aguirre","cine_reg":"11","cine_prov":"112","cine_com":"11201"},"geometry":{"type":"LineString","coordinates":[[-73.5219,-45.1655],[-73.52193,-45.16503],[-73.52273,-45.16335],[-73.52347,-45.16351],[-73.52353,-45.16336]]}},
{"type":"Feature","properties":{"nom_reg":"Aysén del General Carlos Ibáñez del Campo","nom_prov":"Aisén","nom_com":"Aisén","sector":"Puerto Chacabuco","cine_reg":"11","cine_prov":"112","cine_com":"11201"},"geometry":{"type":"LineString","coordinates":[[-72.82106,-45.46398],[-72.82001,-45.4643],[-72.81924,-45.46419],[-72.81706,-45.46452]]}},
{"type":"Feature","properties":{"nom_reg":"Aysén del General Carlos Ibáñez del Campo","nom_prov":"Aisén","nom_com":"Aisén","sector":"Puerto Chacabuco","cine_reg":"11","cine_prov":"112","cine_com":"11201"},"geometry":{"type":"LineString","coordinates":[[-72.81455,-45.45956],[-72.81415,-45.46168],[-72.81371,-45.46164]]}},
{"type":"Feature","properties":{"nom_reg":"Aysén del General Carlos Ibáñez del Campo","nom_prov":"Aisén","nom_com":"Aisén","sector":"Caleta Andrade - Puerto Aguirre","cine_reg":"11","cine_prov":"112","cine_com":"11201"},"geometry":{"type":"LineString","coordinates":[[-73.50736,-45.14984],[-73.50931,-45.15253],[-73.51133,-45.15146],[-73.51361,-45.15065],[-73.51668,-45.15071],[-73.51866,-45.15119],[-73.51898,-45.1515],[-73.51904,-45.15237],[-73.51872,-45.15304],[-73.51871,-45.15359],[-73.51915,-45.15436],[-73.52015,-45.1553],[-73.52109,-45.15513]]}},
{"type":"Feature","properties":{"nom_reg":"Los Lagos","nom_prov":"Llanquihue","nom_com":"Maullín","sector":"Maullin","cine_reg":"10","cine_prov":"101","cine_com":"10108"},"geometry":{"type":"LineString","coordinates":[[-73.60008,-41.61501],[-73.60101,-41.61696]]}},
{"type":"Feature","properties":{"nom_reg":"Los Lagos","nom_prov":"Llanquihue","nom_com":"Maullín","sector":"Maullin","cine_reg":"10","cine_prov":"101","cine_com":"10108"},"geometry":{"type":"LineString","coordinates":[[-73.60102,-41.61484],[-73.60133,-41.61567],[-73.60054,-41.61586]]}},
{"type":"Feature","properties":{"nom_reg":"Libertador General Bernardo O'Higgins","nom_prov":"Cardenal Caro","nom_com":"Pichilemu","sector":"Pichilemu","cine_reg":"06","cine_prov":"062","cine_com":"06201"},"geometry":{"type":"LineString","coordinates":[[-71.99799,-34.38581],[-71.99599,-34.39016]]}},
{"type":"Feature","properties":{"nom_reg":"Los Lagos","nom_prov":"Chiloé","nom_com":"Ancud","sector":"Ancud","cine_reg":"10","cine_prov":"102","cine_com":"10202"},"geometry":{"type":"LineString","coordinates":[[-73.79939,-41.87499],[-73.80326,-41.87329],[-73.80607,-41.87179]]}},
{"type":"Feature","properties":{"nom_reg":"Los Lagos","nom_prov":"Chiloé","nom_com":"Ancud","sector":"Ancud","cine_reg":"10","cine_prov":"102","cine_com":"10202"},"geometry":{"type":"LineString","coordinates":[[-73.82863,-41.86694],[-73.82602,-41.86718],[-73.82594,-41.86815],[-73.8261,-41.86847],[-73.82378,-41.86894],[-73.82402,-41.86956]]}},
{"type":"Feature","properties":{"nom_reg":"Los Lagos","nom_prov":"Llanquihue","nom_com":"Calbuco","sector":"Calbuco","cine_reg":"10","cine_prov":"101","cine_com":"10102"},"geometry":{"type":"LineString","coordinates":[[-73.13451,-41.76541],[-73.13466,-41.76484],[-73.13586,-41.76453],[-73.13675,-41.76397]]}},
{"type":"Feature","properties":{"nom_reg":"Los Lagos","nom_prov":"Chiloé","nom_com":"Ancud","sector":"Ancud","cine_reg":"10","cine_prov":"102","cine_com":"10202"},"geometry":{"type":"LineString","coordinates":[[-73.79027,-41.87955],[-73.79237,-41.8793],[-73.79466,-41.87879],[-73.79552,-41.87902],[-73.79583,-41.87943],[-73.79709,-41.88344],[-73.79726,-41.88405],[-73.79719,-41.88477]]}},
{"type":"Feature","properties":{"nom_reg":"Libertador General Bernardo O'Higgins","nom_prov":"Cardenal Caro","nom_com":"Pichilemu","sector":"Pichilemu","cine_reg":"06","cine_prov":"062","cine_com":"06201"},"geometry":{"type":"LineString","coordinates":[[-71.99486,-34.38459],[-71.99406,-34.38656],[-71.99336,-34.3864],[-71.99194,-34.38644]]}},
{"type":"Feature","properties":{"nom_reg":"Los Lagos","nom_prov":"Llanquihue","nom_com":"Maullín","sector":"Maullin","cine_reg":"10","cine_prov":"101","cine_com":"10108"},"geometry":{"type":"LineString","coordinates":[[-73.59338,-41.61601],[-73.59653,-41.61636],[-73.59855,-41.6164],[-73.59918,-41.6168]]}},
{"type":"Feature","properties":{"nom_reg":"Aysén del General Carlos Ibáñez del Campo","nom_prov":"Aisén","nom_com":"Guaitecas","sector":"Melinka","cine_reg":"11","cine_prov":"112","cine_com":"11203"},"geometry":{"type":"LineString","coordinates":[[-73.74243,-43.88928],[-73.74213,-43.8894],[-73.74106,-43.89072],[-73.74049,-43.8912]]}},
{"type":"Feature","properties":{"nom_reg":"Los Lagos","nom_prov":"Chiloé","nom_com":"Ancud","sector":"Ancud","cine_reg":"10","cine_prov":"102","cine_com":"10202"},"geometry":{"type":"LineString","coordinates":[[-73.83132,-41.86646],[-73.82555,-41.86648],[-73.82458,-41.86547],[-73.82434,-41.86414]]}},
{"type":"Feature","properties":{"nom_reg":"Los Lagos","nom_prov":"Llanquihue","nom_com":"Maullín","sector":"Maullin","cine_reg":"10","cine_prov":"101","cine_com":"10108"},"geometry":{"type":"LineString","coordinates":[[-73.59319,-41.61963],[-73.5934,-41.61998],[-73.5939,-41.61991],[-73.59391,-41.61976],[-73.59797,-41.61972]]}},
{"type":"Feature","properties":{"nom_reg":"Los Lagos","nom_prov":"Llanquihue","nom_com":"Maullín","sector":"Maullin","cine_reg":"10","cine_prov":"101","cine_com":"10108"},"geometry":{"type":"LineString","coordinates":[[-73.59404,-41.62508],[-73.59589,-41.62515],[-73.59672,-41.62537],[-73.59687,-41.6253],[-73.59695,-41.62481],[-73.59734,-41.62481],[-73.59718,-41.62549],[-73.5974,-41.62682],[-73.59722,-41.62793]]}},
{"type":"Feature","properties":{"nom_reg":"Los Lagos","nom_prov":"Chiloé","nom_com":"Castro","sector":"Castro","cine_reg":"10","cine_prov":"102","cine_com":"10201"},"geometry":{"type":"LineString","coordinates":[[-73.77314,-42.47961],[-73.77227,-42.47994],[-73.77189,-42.48066],[-73.772,-42.48104],[-73.77249,-42.48153],[-73.77349,-42.48357]]}},
{"type":"Feature","properties":{"nom_reg":"Libertador General Bernardo O'Higgins","nom_prov":"Cardenal Caro","nom_com":"Pichilemu","sector":"Pichilemu","cine_reg":"06","cine_prov":"062","cine_com":"06201"},"geometry":{"type":"LineString","coordinates":[[-72.02661,-34.40139],[-72.0242,-34.40201],[-72.02404,-34.40169]]}},
{"type":"Feature","properties":{"nom_reg":"Los Lagos","nom_prov":"Chiloé","nom_com":"Castro","sector":"Castro","cine_reg":"10","cine_prov":"102","cine_com":"10201"},"geometry":{"type":"LineString","coordinates":[[-73.76785,-42.46349],[-73.76737,-42.46461],[-73.76794,-42.46478],[-73.77004,-42.46434],[-73.77214,-42.46445],[-73.77372,-42.46416]]}},
{"type":"Feature","properties":{"nom_reg":"Los Lagos","nom_prov":"Chiloé","nom_com":"Ancud","sector":"Ancud","cine_reg":"10","cine_prov":"102","cine_com":"10202"},"geometry":{"type":"LineString","coordinates":[[-73.84017,-41.88059],[-73.83672,-41.88186],[-73.83627,-41.88185],[-73.83296,-41.88007]]}},
{"type":"Feature","properties":{"nom_reg":"Los Lagos","nom_prov":"Llanquihue","nom_com":"Maullín","sector":"Carelmapu","cine_reg":"10","cine_prov":"101","cine_com":"10108"},"geometry":{"type":"LineString","coordinates":[[-73.69903,-41.73895],[-73.70354,-41.74379],[-73.70457,-41.74462]]}},
{"type":"Feature","properties":{"nom_reg":"Aysén del General Carlos Ibáñez del Campo","nom_prov":"Aisén","nom_com":"Guaitecas","sector":"Repollal","cine_reg":"11","cine_prov":"112","cine_com":"11203"},"geometry":{"type":"LineString","coordinates":[[-73.88707,-43.87818],[-73.88637,-43.87835],[-73.88538,-43.87522],[-73.88207,-43.87467]]}},
{"type":"Feature","properties":{"nom_reg":"Aysén del General Carlos Ibáñez del Campo","nom_prov":"Capitán Prat","nom_com":"Tortel","sector":"Caleta Tortel","cine_reg":"11","cine_prov":"113","cine_com":"11303"},"geometry":{"type":"LineString","coordinates":[[-73.54592,-47.80526],[-73.54385,-47.80558],[-73.54247,-47.80482],[-73.54188,-47.80488],[-73.54195,-47.80468],[-73.541,-47.8044],[-73.54072,-47.80412]]}},
{"type":"Feature","properties":{"nom_reg":"Aysén del General Carlos Ibáñez del Campo","nom_prov":"Capitán Prat","nom_com":"Tortel","sector":"Caleta Tortel","cine_reg":"11","cine_prov":"113","cine_com":"11303"},"geometry":{"type":"LineString","coordinates":[[-73.53387,-47.79718],[-73.53242,-47.79714],[-73.53168,-47.79661],[-73.53122,-47.79602]]}},
{"type":"Feature","properties":{"nom_reg":"Los Lagos","nom_prov":"Llanquihue","nom_com":"Maullín","sector":"Carelmapu","cine_reg":"10","cine_prov":"101","cine_com":"10108"},"geometry":{"type":"LineString","coordinates":[[-73.68071,-41.73861],[-73.69841,-41.73933],[-73.69894,-41.73901]]}},
{"type":"Feature","properties":{"nom_reg":"Los Lagos","nom_prov":"Chiloé","nom_com":"Ancud","sector":"Ancud","cine_reg":"10","cine_prov":"102","cine_com":"10202"},"geometry":{"type":"LineString","coordinates":[[-73.82946,-41.87477],[-73.8279,-41.87542],[-73.82781,-41.87571],[-73.82418,-41.8763]]}},
{"type":"Feature","properties":{"nom_reg":"Los Lagos","nom_prov":"Chiloé","nom_com":"Ancud","sector":"Ancud","cine_reg":"10","cine_prov":"102","cine_com":"10202"},"geometry":{"type":"LineString","coordinates":[[-73.82286,-41.86601],[-73.82193,-41.86625],[-73.81968,-41.86637],[-73.81654,-41.86736],[-73.81617,-41.86639]]}},
{"type":"Feature","properties":{"nom_reg":"Los Lagos","nom_prov":"Llanquihue","nom_com":"Maullín","sector":"Rivera Norte Maullin","cine_reg":"10","cine_prov":"101","cine_com":"10108"},"geometry":{"type":"LineString","coordinates":[[-73.58289,-41.60175],[-73.59125,-41.60268],[-73.59541,-41.59185],[-73.59915,-41.58915],[-73.59988,-41.5879],[-73.59967,-41.58364],[-73.59925,-41.58261],[-73.59375,-41.58105],[-73.58388,-41.58094],[-73.58253,-41.58032],[-73.57827,-41.57637],[-73.57308,-41.56921]]}},
{"type":"Feature","properties":{"nom_reg":"Los Lagos","nom_prov":"Chiloé","nom_com":"Castro","sector":"Nercon","cine_reg":"10","cine_prov":"102","cine_com":"10201"},"geometry":{"type":"LineString","coordinates":[[-73.77153,-42.49647],[-73.77092,-42.49572],[-73.77075,-42.49526],[-73.77241,-42.49305],[-73.77284,-42.49214],[-73.77287,-42.49132]]}},
{"type":"Feature","properties":{"nom_reg":"Libertador General Bernardo O'Higgins","nom_prov":"Cardenal Caro","nom_com":"Pichilemu","sector":"Pichilemu","cine_reg":"06","cine_prov":"062","cine_com":"06201"},"geometry":{"type":"LineString","coordinates":[[-72.01768,-34.38794],[-72.01374,-34.38991],[-72.01579,-34.39276]]}},
{"type":"Feature","properties":{"nom_reg":"Aysén del General Carlos Ibáñez del Campo","nom_prov":"Aisén","nom_com":"Aisén","sector":"Puerto Aysen","cine_reg":"11","cine_prov":"112","cine_com":"11201"},"geometry":{"type":"LineString","coordinates":[[-72.70261,-45.40621],[-72.6869,-45.40018]]}},
{"type":"Feature","properties":{"nom_reg":"Libertador General Bernardo O'Higgins","nom_prov":"Cardenal Caro","nom_com":"Pichilemu","sector":"Pichilemu","cine_reg":"06","cine_prov":"062","cine_com":"06201"},"geometry":{"type":"LineString","coordinates":[[-72.02491,-34.39295],[-72.01835,-34.39117]]}},
{"type":"Feature","properties":{"nom_reg":"Aysén del General Carlos Ibáñez del Campo","nom_prov":"Aisén","nom_com":"Aisén","sector":"Puerto Aysen","cine_reg":"11","cine_prov":"112","cine_com":"11201"},"geometry":{"type":"LineString","coordinates":[[-72.70246,-45.4074],[-72.68641,-45.40119]]}},
{"type":"Feature","properties":{"nom_reg":"Los Lagos","nom_prov":"Chiloé","nom_com":"Ancud","sector":"Ancud","cine_reg":"10","cine_prov":"102","cine_com":"10202"},"geometry":{"type":"LineString","coordinates":[[-73.83057,-41.86466],[-73.82919,-41.86483],[-73.8289,-41.86426],[-73.82768,-41.86336],[-73.82861,-41.86283]]}},
{"type":"Feature","properties":{"nom_reg":"Los Lagos","nom_prov":"Palena","nom_com":"Chaitén","sector":"Chaiten","cine_reg":"10","cine_prov":"104","cine_com":"10401"},"geometry":{"type":"LineString","coordinates":[[-72.71307,-42.92017],[-72.71211,-42.91446],[-72.71069,-42.91459]]}},
{"type":"Feature","properties":{"nom_reg":"Los Lagos","nom_prov":"Palena","nom_com":"Chaitén","sector":"Chaiten","cine_reg":"10","cine_prov":"104","cine_com":"10401"},"geometry":{"type":"LineString","coordinates":[[-72.71152,-42.92031],[-72.71029,-42.91338],[-72.70964,-42.91261],[-72.71064,-42.91176],[-72.71291,-42.91175],[-72.71456,-42.9109]]}},
{"type":"Feature","properties":{"nom_reg":"Los Lagos","nom_prov":"Palena","nom_com":"Chaitén","sector":"Ayacara","cine_reg":"10","cine_prov":"104","cine_com":"10401"},"geometry":{"type":"LineString","coordinates":[[-72.80014,-42.31704],[-72.80048,-42.31689],[-72.80054,-42.31619],[-72.79903,-42.315]]}},
{"type":"Feature","properties":{"nom_reg":"Los Lagos","nom_prov":"Palena","nom_com":"Chaitén","sector":"Ayacara","cine_reg":"10","cine_prov":"104","cine_com":"10401"},"geometry":{"type":"LineString","coordinates":[[-72.79662,-42.31346],[-72.79762,-42.31379],[-72.79793,-42.31421],[-72.79885,-42.31484]]}},
{"type":"Feature","properties":{"nom_reg":"Libertador General Bernardo O'Higgins","nom_prov":"Cardenal Caro","nom_com":"Pichilemu","sector":"Punta de Lobos","cine_reg":"06","cine_prov":"062","cine_com":"06201"},"geometry":{"type":"LineString","coordinates":[[-72.03082,-34.42141],[-72.03084,-34.42284],[-72.02695,-34.42502]]}},
{"type":"Feature","properties":{"nom_reg":"Libertador General Bernardo O'Higgins","nom_prov":"Cardenal Caro","nom_com":"Pichilemu","sector":"Punta de Lobos","cine_reg":"06","cine_prov":"062","cine_com":"06201"},"geometry":{"type":"LineString","coordinates":[[-72.03062,-34.43531],[-72.0297,-34.43593],[-72.02949,-34.43593],[-72.0279,-34.43514]]}},
{"type":"Feature","properties":{"nom_reg":"Libertador General Bernardo O'Higgins","nom_prov":"Cardenal Caro","nom_com":"Pichilemu","sector":"Punta de Lobos","cine_reg":"06","cine_prov":"062","cine_com":"06201"},"geometry":{"type":"LineString","coordinates":[[-72.04851,-34.42548],[-72.04546,-34.42574],[-72.04287,-34.4266],[-72.04185,-34.42802],[-72.03902,-34.42928],[-72.03783,-34.42959],[-72.034,-34.42971],[-72.03289,-34.4296],[-72.03221,-34.42882],[-72.03105,-34.42663],[-72.0285,-34.42739],[-72.0276,-34.42734],[-72.02704,-34.42751]]}},
{"type":"Feature","properties":{"nom_reg":"Los Lagos","nom_prov":"Palena","nom_com":"Chaitén","sector":"Chaiten","cine_reg":"10","cine_prov":"104","cine_com":"10401"},"geometry":{"type":"LineString","coordinates":[[-72.7078,-42.92609],[-72.70718,-42.92325]]}}
]
}
