{
"type": "FeatureCollection",
"name": "Puntos_de_Encuentro_Tsunami",
"crs": { "type": "name", "properties": { "name": "urn:ogc:def:crs:OGC:1.3:CRS84" } },
"xy_coordinate_resolution": 1e-05,
"features": [
{"type":"Feature","properties":{"cine_prov":"162","cine_com":"16202","nom_com":"Cobquecura","nom_prov":"Itata","nom_reg":"Ñuble","cine_reg":"16","sector":"Cobquecura"},"geometry":{"type":"Point","coordinates":[-72.80179,-36.15113]}},
{"type":"Feature","properties":{"cine_prov":"162","cine_com":"16202","nom_com":"Cobquecura","nom_prov":"Itata","nom_reg":"Ñuble","cine_reg":"16","sector":"Colmuyao"},"geometry":{"type":"Point","coordinates":[-72.80163,-36.2636]}},
{"type":"Feature","properties":{"cine_prov":"081","cine_com":"08111","nom_com":"Tomé","nom_prov":"Concepción","nom_reg":"Biobío","cine_reg":"08","sector":"Tomé"},"geometry":{"type":"Point","coordinates":[-72.95153,-36.61353]}},
{"type":"Feature","properties":{"cine_prov":"162","cine_com":"16207","nom_com":"Treguaco","nom_prov":"Itata","nom_reg":"Ñuble","cine_reg":"16","sector":"Boca Itata"},"geometry":{"type":"Point","coordinates":[-72.84261,-36.3782]}},
{"type":"Feature","properties":{"cine_prov":"162","cine_com":"16202","nom_com":"Cobquecura","nom_prov":"Itata","nom_reg":"Ñuble","cine_reg":"16","sector":"Taucu"},"geometry":{"type":"Point","coordinates":[-72.79825,-36.1751]}},
{"type":"Feature","properties":{"cine_prov":"162","cine_com":"16207","nom_com":"Treguaco","nom_prov":"Itata","nom_reg":"Ñuble","cine_reg":"16","sector":"Boca Itata"},"geometry":{"type":"Point","coordinates":[-72.8251,-36.3785]}},
{"type":"Feature","properties":{"cine_prov":"162","cine_com":"16202","nom_com":"Cobquecura","nom_prov":"Itata","nom_reg":"Ñuble","cine_reg":"16","sector":"Taucu"},"geometry":{"type":"Point","coordinates":[-72.81083,-36.18172]}},
{"type":"Feature","properties":{"cine_prov":"162","cine_com":"16207","nom_com":"Treguaco","nom_prov":"Itata","nom_reg":"Ñuble","cine_reg":"16","sector":"Boca Itata"},"geometry":{"type":"Point","coordinates":[-72.84091,-36.37806]}},
{"type":"Feature","properties":{"cine_prov":"162","cine_com":"16207","nom_com":"Treguaco","nom_prov":"Itata","nom_reg":"Ñuble","cine_reg":"16","sector":"Mela (Treguaco)"},"geometry":{"type":"Point","coordinates":[-72.84245,-36.35764]}},
{"type":"Feature","properties":{"cine_prov":"081","cine_com":"08111","nom_com":"Tomé","nom_prov":"Concepción","nom_reg":"Biobío","cine_reg":"08","sector":"Coliumo"},"geometry":{"type":"Point","coordinates":[-72.96235,-36.52774]}},
{"type":"Feature","properties":{"cine_prov":"081","cine_com":"08111","nom_com":"Tomé","nom_prov":"Concepción","nom_reg":"Biobío","cine_reg":"08","sector":"Pingueral"},"geometry":{"type":"Point","coordinates":[-72.92775,-36.5357]}},
{"type":"Feature","properties":{"cine_prov":"162","cine_com":"16202","nom_com":"Cobquecura","nom_prov":"Itata","nom_reg":"Ñuble","cine_reg":"16","sector":"Pullay"},"geometry":{"type":"Point","coordinates":[-72.77139,-36.02028]}},
{"type":"Feature","properties":{"cine_prov":"081","cine_com":"08111","nom_com":"Tomé","nom_prov":"Concepción","nom_reg":"Biobío","cine_reg":"08","sector":"Dichato"},"geometry":{"type":"Point","coordinates":[-72.93181,-36.54034]}},
{"type":"Feature","properties":{"cine_prov":"162","cine_com":"16202","nom_com":"Cobquecura","nom_prov":"Itata","nom_reg":"Ñuble","cine_reg":"16","sector":"Santa Rita"},"geometry":{"type":"Point","coordinates":[-72.81197,-36.20377]}},
{"type":"Feature","properties":{"cine_prov":"081","cine_com":"08111","nom_com":"Tomé","nom_prov":"Concepción","nom_reg":"Biobío","cine_reg":"08","sector":"Coliumo"},"geometry":{"type":"Point","coordinates":[-72.96205,-36.53805]}},
{"type":"Feature","properties":{"cine_prov":"162","cine_com":"16202","nom_com":"Cobquecura","nom_prov":"Itata","nom_reg":"Ñuble","cine_reg":"16","sector":"Cobquecura"},"geometry":{"type":"Point","coordinates":[-72.78905,-36.13876]}},
{"type":"Feature","properties":{"cine_prov":"081","cine_com":"08111","nom_com":"Tomé","nom_prov":"Concepción","nom_reg":"Biobío","cine_reg":"08","sector":"Tomé"},"geometry":{"type":"Point","coordinates":[-72.95887,-36.63872]}},
{"type":"Feature","properties":{"cine_prov":"162","cine_com":"16202","nom_com":"Cobquecura","nom_prov":"Itata","nom_reg":"Ñuble","cine_reg":"16","sector":"Buchupureo"},"geometry":{"type":"Point","coordinates":[-72.77511,-36.08278]}},
{"type":"Feature","properties":{"cine_prov":"081","cine_com":"08111","nom_com":"Tomé","nom_prov":"Concepción","nom_reg":"Biobío","cine_reg":"08","sector":"Dichato"},"geometry":{"type":"Point","coordinates":[-72.93818,-36.55153]}},
{"type":"Feature","properties":{"cine_prov":"162","cine_com":"16207","nom_com":"Treguaco","nom_prov":"Itata","nom_reg":"Ñuble","cine_reg":"16","sector":"Mela (Treguaco)"},"geometry":{"type":"Point","coordinates":[-72.85524,-36.36181]}},
{"type":"Feature","properties":{"cine_prov":"162","cine_com":"16202","nom_com":"Cobquecura","nom_prov":"Itata","nom_reg":"Ñuble","cine_reg":"16","sector":"Buchupureo"},"geometry":{"type":"Point","coordinates":[-72.77132,-36.05654]}},
{"type":"Feature","properties":{"cine_prov":"162","cine_com":"16202","nom_com":"Cobquecura","nom_prov":"Itata","nom_reg":"Ñuble","cine_reg":"16","sector":"Pullay"},"geometry":{"type":"Point","coordinates":[-72.76755,-36.03696]}},
{"type":"Feature","properties":{"cine_prov":"081","cine_com":"08111","nom_com":"Tomé","nom_prov":"Concepción","nom_reg":"Biobío","cine_reg":"08","sector":"Tomé"},"geometry":{"type":"Point","coordinates":[-72.9528,-36.62912]}},
{"type":"Feature","properties":{"cine_prov":"162","cine_com":"16202","nom_com":"Cobquecura","nom_prov":"Itata","nom_reg":"Ñuble","cine_reg":"16","sector":"Colmuyao"},"geometry":{"type":"Point","coordinates":[-72.80207,-36.27874]}},
{"type":"Feature","properties":{"cine_prov":"081","cine_com":"08111","nom_com":"Tomé","nom_prov":"Concepción","nom_reg":"Biobío","cine_reg":"08","sector":"Alto Coliumo"},"geometry":{"type":"Point","coordinates":[-72.96763,-36.56166]}},
{"type":"Feature","properties":{"cine_prov":"162","cine_com":"16207","nom_com":"Treguaco","nom_prov":"Itata","nom_reg":"Ñuble","cine_reg":"16","sector":"Boca Itata"},"geometry":{"type":"Point","coordinates":[-72.85369,-36.3661]}},
{"type":"Feature","properties":{"cine_prov":"081","cine_com":"08111","nom_com":"Tomé","nom_prov":"Concepción","nom_reg":"Biobío","cine_reg":"08","sector":"Dichato"},"geometry":{"type":"Point","coordinates":[-72.94704,-36.54881]}},
{"type":"Feature","properties":{"cine_prov":"162","cine_com":"16207","nom_com":"Treguaco","nom_prov":"Itata","nom_reg":"Ñuble","cine_reg":"16","sector":"Boca Itata"},"geometry":{"type":"Point","coordinates":[-72.833,-36.38017]}},
{"type":"Feature","properties":{"cine_prov":"162","cine_com":"16202","nom_com":"Cobquecura","nom_prov":"Itata","nom_reg":"Ñuble","cine_reg":"16","sector":"Nogueche Sur"},"geometry":{"type":"Point","coordinates":[-72.80382,-36.2439]}},
{"type":"Feature","properties":{"cine_prov":"162","cine_com":"16202","nom_com":"Cobquecura","nom_prov":"Itata","nom_reg":"Ñuble","cine_reg":"16","sector":"Pullay"},"geometry":{"type":"Point","coordinates":[-72.77036,-36.01436]}},
{"type":"Feature","properties":{"cine_prov":"081","cine_com":"08111","nom_com":"Tomé","nom_prov":"Concepción","nom_reg":"Biobío","cine_reg":"08","sector":"Tomé"},"geometry":{"type":"Point","coordinates":[-72.9374,-36.61712]}},
{"type":"Feature","properties":{"cine_prov":"162","cine_com":"16203","nom_com":"Coelemu","nom_prov":"Itata","nom_reg":"Ñuble","cine_reg":"16","sector":"Perales"},"geometry":{"type":"Point","coordinates":[-72.87344,-36.43066]}},
{"type":"Feature","properties":{"cine_prov":"162","cine_com":"16207","nom_com":"Treguaco","nom_prov":"Itata","nom_reg":"Ñuble","cine_reg":"16","sector":"Boca Itata"},"geometry":{"type":"Point","coordinates":[-72.82938,-36.37973]}},
{"type":"Feature","properties":{"cine_prov":"081","cine_com":"08111","nom_com":"Tomé","nom_prov":"Concepción","nom_reg":"Biobío","cine_reg":"08","sector":"Alto Coliumo"},"geometry":{"type":"Point","coordinates":[-72.95719,-36.54975]}},
{"type":"Feature","properties":{"cine_prov":"081","cine_com":"08111","nom_com":"Tomé","nom_prov":"Concepción","nom_reg":"Biobío","cine_reg":"08","sector":"Cocholgue"},"geometry":{"type":"Point","coordinates":[-72.97737,-36.60728]}},
{"type":"Feature","properties":{"cine_prov":"162","cine_com":"16202","nom_com":"Cobquecura","nom_prov":"Itata","nom_reg":"Ñuble","cine_reg":"16","sector":"Cobquecura"},"geometry":{"type":"Point","coordinates":[-72.79499,-36.14171]}},
{"type":"Feature","properties":{"cine_prov":"162","cine_com":"16207","nom_com":"Treguaco","nom_prov":"Itata","nom_reg":"Ñuble","cine_reg":"16","sector":"Mela (Treguaco)"},"geometry":{"type":"Point","coordinates":[-72.80811,-36.35426]}},
{"type":"Feature","properties":{"cine_prov":"162","cine_com":"16207","nom_com":"Treguaco","nom_prov":"Itata","nom_reg":"Ñuble","cine_reg":"16","sector":"Boca Itata"},"geometry":{"type":"Point","coordinates":[-72.85837,-36.36726]}},
{"type":"Feature","properties":{"cine_prov":"162","cine_com":"16203","nom_com":"Coelemu","nom_prov":"Itata","nom_reg":"Ñuble","cine_reg":"16","sector":"Vegas de Itata"},"geometry":{"type":"Point","coordinates":[-72.83939,-36.40889]}},
{"type":"Feature","properties":{"cine_prov":"162","cine_com":"16207","nom_com":"Treguaco","nom_prov":"Itata","nom_reg":"Ñuble","cine_reg":"16","sector":"Puahun (Treguaco)"},"geometry":{"type":"Point","coordinates":[-72.79946,-36.3818]}},
{"type":"Feature","properties":{"cine_prov":"162","cine_com":"16202","nom_com":"Cobquecura","nom_prov":"Itata","nom_reg":"Ñuble","cine_reg":"16","sector":"Taucu"},"geometry":{"type":"Point","coordinates":[-72.80386,-36.17849]}},
{"type":"Feature","properties":{"cine_prov":"162","cine_com":"16203","nom_com":"Coelemu","nom_prov":"Itata","nom_reg":"Ñuble","cine_reg":"16","sector":"Perales"},"geometry":{"type":"Point","coordinates":[-72.86349,-36.42866]}},
{"type":"Feature","properties":{"cine_prov":"162","cine_com":"16202","nom_com":"Cobquecura","nom_prov":"Itata","nom_reg":"Ñuble","cine_reg":"16","sector":"Cobquecura"},"geometry":{"type":"Point","coordinates":[-72.77181,-36.12652]}},
{"type":"Feature","properties":{"cine_prov":"162","cine_com":"16202","nom_com":"Cobquecura","nom_prov":"Itata","nom_reg":"Ñuble","cine_reg":"16","sector":"Cobquecura"},"geometry":{"type":"Point","coordinates":[-72.79076,-36.13542]}},
{"type":"Feature","properties":{"cine_prov":"162","cine_com":"16202","nom_com":"Cobquecura","nom_prov":"Itata","nom_reg":"Ñuble","cine_reg":"16","sector":"Cobquecura"},"geometry":{"type":"Point","coordinates":[-72.80577,-36.1037]}},
{"type":"Feature","properties":{"cine_prov":"081","cine_com":"08111","nom_com":"Tomé","nom_prov":"Concepción","nom_reg":"Biobío","cine_reg":"08","sector":"Tomé"},"geometry":{"type":"Point","coordinates":[-72.94778,-36.60874]}},
{"type":"Feature","properties":{"cine_prov":"081","cine_com":"08111","nom_com":"Tomé","nom_prov":"Concepción","nom_reg":"Biobío","cine_reg":"08","sector":"Cocholgue"},"geometry":{"type":"Point","coordinates":[-72.97306,-36.59777]}},
{"type":"Feature","properties":{"cine_prov":"162","cine_com":"16202","nom_com":"Cobquecura","nom_prov":"Itata","nom_reg":"Ñuble","cine_reg":"16","sector":"Pullay"},"geometry":{"type":"Point","coordinates":[-72.77361,-36.0462]}},
{"type":"Feature","properties":{"cine_prov":"162","cine_com":"16202","nom_com":"Cobquecura","nom_prov":"Itata","nom_reg":"Ñuble","cine_reg":"16","sector":"Cobquecura"},"geometry":{"type":"Point","coordinates":[-72.79323,-36.13513]}},
{"type":"Feature","properties":{"cine_prov":"081","cine_com":"08111","nom_com":"Tomé","nom_prov":"Concepción","nom_reg":"Biobío","cine_reg":"08","sector":"Coliumo"},"geometry":{"type":"Point","coordinates":[-72.96024,-36.53327]}},
{"type":"Feature","properties":{"cine_prov":"162","cine_com":"16202","nom_com":"Cobquecura","nom_prov":"Itata","nom_reg":"Ñuble","cine_reg":"16","sector":"Cobquecura"},"geometry":{"type":"Point","coordinates":[-72.80139,-36.15941]}},
{"type":"Feature","properties":{"cine_prov":"162","cine_com":"16207","nom_com":"Treguaco","nom_prov":"Itata","nom_reg":"Ñuble","cine_reg":"16","sector":"Mela (Treguaco)"},"geometry":{"type":"Point","coordinates":[-72.82493,-36.35597]}},
{"type":"Feature","properties":{"cine_prov":"162","cine_com":"16202","nom_com":"Cobquecura","nom_prov":"Itata","nom_reg":"Ñuble","cine_reg":"16","sector":"Pullay"},"geometry":{"type":"Point","coordinates":[-72.76807,-36.02772]}},
{"type":"Feature","properties":{"cine_prov":"162","cine_com":"16202","nom_com":"Cobquecura","nom_prov":"Itata","nom_reg":"Ñuble","cine_reg":"16","sector":"Cobquecura"},"geometry":{"type":"Point","coordinates":[-72.80732,-36.09347]}},
{"type":"Feature","properties":{"cine_prov":"162","cine_com":"16202","nom_com":"Cobquecura","nom_prov":"Itata","nom_reg":"Ñuble","cine_reg":"16","sector":"Cobquecura"},"geometry":{"type":"Point","coordinates":[-72.79749,-36.1196]}},
{"type":"Feature","properties":{"cine_prov":"162","cine_com":"16202","nom_com":"Cobquecura","nom_prov":"Itata","nom_reg":"Ñuble","cine_reg":"16","sector":"Buchupureo"},"geometry":{"type":"Point","coordinates":[-72.79899,-36.07885]}},
{"type":"Feature","properties":{"cine_prov":"081","cine_com":"08111","nom_com":"Tomé","nom_prov":"Concepción","nom_reg":"Biobío","cine_reg":"08","sector":"Cocholgue"},"geometry":{"type":"Point","coordinates":[-72.97125,-36.60121]}},
{"type":"Feature","properties":{"cine_prov":"162","cine_com":"16203","nom_com":"Coelemu","nom_prov":"Itata","nom_reg":"Ñuble","cine_reg":"16","sector":"Perales"},"geometry":{"type":"Point","coordinates":[-72.86235,-36.42579]}},
{"type":"Feature","properties":{"cine_prov":"081","cine_com":"08111","nom_com":"Tomé","nom_prov":"Concepción","nom_reg":"Biobío","cine_reg":"08","sector":"Dichato"},"geometry":{"type":"Point","coordinates":[-72.92783,-36.54784]}},
{"type":"Feature","properties":{"cine_prov":"081","cine_com":"08111","nom_com":"Tomé","nom_prov":"Concepción","nom_reg":"Biobío","cine_reg":"08","sector":"Pingueral"},"geometry":{"type":"Point","coordinates":[-72.92489,-36.52801]}},
{"type":"Feature","properties":{"cine_prov":"081","cine_com":"08111","nom_com":"Tomé","nom_prov":"Concepción","nom_reg":"Biobío","cine_reg":"08","sector":"Cocholgue"},"geometry":{"type":"Point","coordinates":[-72.9768,-36.5945]}},
{"type":"Feature","properties":{"cine_prov":"081","cine_com":"08111","nom_com":"Tomé","nom_prov":"Concepción","nom_reg":"Biobío","cine_reg":"08","sector":"Tomé"},"geometry":{"type":"Point","coordinates":[-72.9479,-36.63843]}},
{"type":"Feature","properties":{"cine_prov":"081","cine_com":"08111","nom_com":"Tomé","nom_prov":"Concepción","nom_reg":"Biobío","cine_reg":"08","sector":"Tomé"},"geometry":{"type":"Point","coordinates":[-72.9544,-36.62565]}},
{"type":"Feature","properties":{"cine_prov":"081","cine_com":"08111","nom_com":"Tomé","nom_prov":"Concepción","nom_reg":"Biobío","cine_reg":"08","sector":"Tomé"},"geometry":{"type":"Point","coordinates":[-72.95479,-36.62408]}},
{"type":"Feature","properties":{"cine_prov":"081","cine_com":"08111","nom_com":"Tomé","nom_prov":"Concepción","nom_reg":"Biobío","cine_reg":"08","sector":"Tomé"},"geometry":{"type":"Point","coordinates":[-72.95543,-36.60768]}},
{"type":"Feature","properties":{"cine_prov":"081","cine_com":"08111","nom_com":"Tomé","nom_prov":"Concepción","nom_reg":"Biobío","cine_reg":"08","sector":"Tomé"},"geometry":{"type":"Point","coordinates":[-72.94624,-36.64272]}},
{"type":"Feature","properties":{"cine_prov":"081","cine_com":"08111","nom_com":"Tomé","nom_prov":"Concepción","nom_reg":"Biobío","cine_reg":"08","sector":"Dichato"},"geometry":{"type":"Point","coordinates":[-72.92894,-36.55169]}},
{"type":"Feature","properties":{"cine_prov":"081","cine_com":"08111","nom_com":"Tomé","nom_prov":"Concepción","nom_reg":"Biobío","cine_reg":"08","sector":"Tomé"},"geometry":{"type":"Point","coordinates":[-72.95243,-36.61889]}},
{"type":"Feature","properties":{"cine_prov":"081","cine_com":"08111","nom_com":"Tomé","nom_prov":"Concepción","nom_reg":"Biobío","cine_reg":"08","sector":"Tomé"},"geometry":{"type":"Point","coordinates":[-72.96423,-36.6129]}},
{"type":"Feature","properties":{"cine_prov":"081","cine_com":"08111","nom_com":"Tomé","nom_prov":"Concepción","nom_reg":"Biobío","cine_reg":"08","sector":"Dichato"},"geometry":{"type":"Point","coordinates":[-72.92574,-36.5436]}},
{"type":"Feature","properties":{"cine_prov":"081","cine_com":"08111","nom_com":"Tomé","nom_prov":"Concepción","nom_reg":"Biobío","cine_reg":"08","sector":"Purema (Tomé)"},"geometry":{"type":"Point","coordinates":[-72.88141,-36.44875]}},
{"type":"Feature","properties":{"cine_prov":"081","cine_com":"08111","nom_com":"Tomé","nom_prov":"Concepción","nom_reg":"Biobío","cine_reg":"08","sector":"Burca"},"geometry":{"type":"Point","coordinates":[-72.90754,-36.47939]}},
{"type":"Feature","properties":{"cine_prov":"081","cine_com":"08111","nom_com":"Tomé","nom_prov":"Concepción","nom_reg":"Biobío","cine_reg":"08","sector":"Merquinche"},"geometry":{"type":"Point","coordinates":[-72.90778,-36.48321]}},
{"type":"Feature","properties":{"cine_prov":"081","cine_com":"08111","nom_com":"Tomé","nom_prov":"Concepción","nom_reg":"Biobío","cine_reg":"08","sector":"Merquinche"},"geometry":{"type":"Point","coordinates":[-72.90581,-36.48548]}},
{"type":"Feature","properties":{"cine_prov":"081","cine_com":"08111","nom_com":"Tomé","nom_prov":"Concepción","nom_reg":"Biobío","cine_reg":"08","sector":"Pudá"},"geometry":{"type":"Point","coordinates":[-72.903,-36.49449]}},
{"type":"Feature","properties":{"cine_prov":"081","cine_com":"08111","nom_com":"Tomé","nom_prov":"Concepción","nom_reg":"Biobío","cine_reg":"08","sector":"Pudá"},"geometry":{"type":"Point","coordinates":[-72.90571,-36.49938]}},
{"type":"Feature","properties":{"cine_prov":"081","cine_com":"08111","nom_com":"Tomé","nom_prov":"Concepción","nom_reg":"Biobío","cine_reg":"08","sector":"Alto Coliumo"},"geometry":{"type":"Point","coordinates":[-72.96059,-36.55705]}},
{"type":"Feature","properties":{"cine_prov":"081","cine_com":"08111","nom_com":"Tomé","nom_prov":"Concepción","nom_reg":"Biobío","cine_reg":"08","sector":"Punta de Parra"},"geometry":{"type":"Point","coordinates":[-72.97091,-36.66326]}},
{"type":"Feature","properties":{"cine_prov":"162","cine_com":"16207","nom_com":"Treguaco","nom_prov":"Itata","nom_reg":"Ñuble","cine_reg":"16","sector":"Mela (Treguaco)"},"geometry":{"type":"Point","coordinates":[-72.84634,-36.35827]}},
{"type":"Feature","properties":{"cine_prov":"162","cine_com":"16207","nom_com":"Treguaco","nom_prov":"Itata","nom_reg":"Ñuble","cine_reg":"16","sector":"Boca Itata"},"geometry":{"type":"Point","coordinates":[-72.82612,-36.37986]}},
{"type":"Feature","properties":{"cine_prov":"082","cine_com":"08202","nom_com":"Arauco","nom_prov":"Arauco","nom_reg":"Biobío","cine_reg":"08","sector":"Caleta Yani"},"geometry":{"type":"Point","coordinates":[-73.65636,-37.36224]}},
{"type":"Feature","properties":{"cine_prov":"082","cine_com":"08202","nom_com":"Arauco","nom_prov":"Arauco","nom_reg":"Biobío","cine_reg":"08","sector":"Rumena"},"geometry":{"type":"Point","coordinates":[-73.61549,-37.1835]}},
{"type":"Feature","properties":{"cine_prov":"082","cine_com":"08202","nom_com":"Arauco","nom_prov":"Arauco","nom_reg":"Biobío","cine_reg":"08","sector":"Rumena"},"geometry":{"type":"Point","coordinates":[-73.61432,-37.17976]}},
{"type":"Feature","properties":{"cine_prov":"082","cine_com":"08202","nom_com":"Arauco","nom_prov":"Arauco","nom_reg":"Biobío","cine_reg":"08","sector":"Rumena"},"geometry":{"type":"Point","coordinates":[-73.60605,-37.17529]}},
{"type":"Feature","properties":{"cine_prov":"082","cine_com":"08202","nom_com":"Arauco","nom_prov":"Arauco","nom_reg":"Biobío","cine_reg":"08","sector":"Llico"},"geometry":{"type":"Point","coordinates":[-73.56669,-37.20305]}},
{"type":"Feature","properties":{"cine_prov":"082","cine_com":"08202","nom_com":"Arauco","nom_prov":"Arauco","nom_reg":"Biobío","cine_reg":"08","sector":"Punta Lavapié"},"geometry":{"type":"Point","coordinates":[-73.57905,-37.15189]}},
{"type":"Feature","properties":{"cine_prov":"082","cine_com":"08202","nom_com":"Arauco","nom_prov":"Arauco","nom_reg":"Biobío","cine_reg":"08","sector":"Llico"},"geometry":{"type":"Point","coordinates":[-73.57183,-37.19165]}},
{"type":"Feature","properties":{"cine_prov":"082","cine_com":"08202","nom_com":"Arauco","nom_prov":"Arauco","nom_reg":"Biobío","cine_reg":"08","sector":"Llico"},"geometry":{"type":"Point","coordinates":[-73.57425,-37.19826]}},
{"type":"Feature","properties":{"cine_prov":"082","cine_com":"08202","nom_com":"Arauco","nom_prov":"Arauco","nom_reg":"Biobío","cine_reg":"08","sector":"Punta Lavapié"},"geometry":{"type":"Point","coordinates":[-73.58389,-37.14927]}},
{"type":"Feature","properties":{"cine_prov":"082","cine_com":"08202","nom_com":"Arauco","nom_prov":"Arauco","nom_reg":"Biobío","cine_reg":"08","sector":"Rumena"},"geometry":{"type":"Point","coordinates":[-73.60591,-37.17918]}},
{"type":"Feature","properties":{"cine_prov":"081","cine_com":"08101","nom_com":"Concepción","nom_prov":"Concepción","nom_reg":"Biobío","cine_reg":"08","sector":"Concepción"},"geometry":{"type":"Point","coordinates":[-73.05063,-36.78456]}},
{"type":"Feature","properties":{"cine_prov":"081","cine_com":"08101","nom_com":"Concepción","nom_prov":"Concepción","nom_reg":"Biobío","cine_reg":"08","sector":"Concepción"},"geometry":{"type":"Point","coordinates":[-73.04533,-36.78156]}},
{"type":"Feature","properties":{"cine_prov":"081","cine_com":"08101","nom_com":"Concepción","nom_prov":"Concepción","nom_reg":"Biobío","cine_reg":"08","sector":"Concepción"},"geometry":{"type":"Point","coordinates":[-73.04759,-36.78204]}},
{"type":"Feature","properties":{"cine_prov":"081","cine_com":"08101","nom_com":"Concepción","nom_prov":"Concepción","nom_reg":"Biobío","cine_reg":"08","sector":"Concepción"},"geometry":{"type":"Point","coordinates":[-73.04182,-36.78239]}},
{"type":"Feature","properties":{"cine_prov":"081","cine_com":"08101","nom_com":"Concepción","nom_prov":"Concepción","nom_reg":"Biobío","cine_reg":"08","sector":"Concepción"},"geometry":{"type":"Point","coordinates":[-73.05598,-36.79224]}},
{"type":"Feature","properties":{"cine_prov":"081","cine_com":"08101","nom_com":"Concepción","nom_prov":"Concepción","nom_reg":"Biobío","cine_reg":"08","sector":"Concepción"},"geometry":{"type":"Point","coordinates":[-73.05356,-36.79211]}},
{"type":"Feature","properties":{"cine_prov":"081","cine_com":"08101","nom_com":"Concepción","nom_prov":"Concepción","nom_reg":"Biobío","cine_reg":"08","sector":"Concepción"},"geometry":{"type":"Point","coordinates":[-73.04659,-36.78916]}},
{"type":"Feature","properties":{"cine_prov":"081","cine_com":"08101","nom_com":"Concepción","nom_prov":"Concepción","nom_reg":"Biobío","cine_reg":"08","sector":"Concepción"},"geometry":{"type":"Point","coordinates":[-73.05076,-36.78572]}},
{"type":"Feature","properties":{"cine_prov":"082","cine_com":"08207","nom_com":"Tirúa","nom_prov":"Arauco","nom_reg":"Biobío","cine_reg":"08","sector":"Tirúa"},"geometry":{"type":"Point","coordinates":[-73.48644,-38.33897]}},
{"type":"Feature","properties":{"cine_prov":"082","cine_com":"08207","nom_com":"Tirúa","nom_prov":"Arauco","nom_reg":"Biobío","cine_reg":"08","sector":"Tirúa"},"geometry":{"type":"Point","coordinates":[-73.48571,-38.33667]}},
{"type":"Feature","properties":{"cine_prov":"082","cine_com":"08207","nom_com":"Tirúa","nom_prov":"Arauco","nom_reg":"Biobío","cine_reg":"08","sector":"Tirúa"},"geometry":{"type":"Point","coordinates":[-73.4846,-38.33508]}},
{"type":"Feature","properties":{"cine_prov":"082","cine_com":"08207","nom_com":"Tirúa","nom_prov":"Arauco","nom_reg":"Biobío","cine_reg":"08","sector":"Tirúa"},"geometry":{"type":"Point","coordinates":[-73.49716,-38.34709]}},
{"type":"Feature","properties":{"cine_prov":"082","cine_com":"08207","nom_com":"Tirúa","nom_prov":"Arauco","nom_reg":"Biobío","cine_reg":"08","sector":"Tirúa"},"geometry":{"type":"Point","coordinates":[-73.48838,-38.35123]}},
{"type":"Feature","properties":{"cine_prov":"082","cine_com":"08207","nom_com":"Tirúa","nom_prov":"Arauco","nom_reg":"Biobío","cine_reg":"08","sector":"Tirúa"},"geometry":{"type":"Point","coordinates":[-73.48377,-38.35193]}},
{"type":"Feature","properties":{"cine_prov":"082","cine_com":"08207","nom_com":"Tirúa","nom_prov":"Arauco","nom_reg":"Biobío","cine_reg":"08","sector":"Tirúa"},"geometry":{"type":"Point","coordinates":[-73.49207,-38.33653]}},
{"type":"Feature","properties":{"cine_prov":"082","cine_com":"08207","nom_com":"Tirúa","nom_prov":"Arauco","nom_reg":"Biobío","cine_reg":"08","sector":"Tirúa"},"geometry":{"type":"Point","coordinates":[-73.49072,-38.33721]}},
{"type":"Feature","properties":{"cine_prov":"082","cine_com":"08207","nom_com":"Tirúa","nom_prov":"Arauco","nom_reg":"Biobío","cine_reg":"08","sector":"Tirúa"},"geometry":{"type":"Point","coordinates":[-73.48914,-38.33792]}},
{"type":"Feature","properties":{"cine_prov":"082","cine_com":"08207","nom_com":"Tirúa","nom_prov":"Arauco","nom_reg":"Biobío","cine_reg":"08","sector":"Tirúa"},"geometry":{"type":"Point","coordinates":[-73.48541,-38.33974]}},
{"type":"Feature","properties":{"cine_prov":"082","cine_com":"08207","nom_com":"Tirúa","nom_prov":"Arauco","nom_reg":"Biobío","cine_reg":"08","sector":"Tirúa"},"geometry":{"type":"Point","coordinates":[-73.48275,-38.33653]}},
{"type":"Feature","properties":{"cine_prov":"082","cine_com":"08207","nom_com":"Tirúa","nom_prov":"Arauco","nom_reg":"Biobío","cine_reg":"08","sector":"Tirúa"},"geometry":{"type":"Point","coordinates":[-73.48233,-38.34068]}},
{"type":"Feature","properties":{"cine_prov":"082","cine_com":"08207","nom_com":"Tirúa","nom_prov":"Arauco","nom_reg":"Biobío","cine_reg":"08","sector":"Quidico"},"geometry":{"type":"Point","coordinates":[-73.4859,-38.25074]}},
{"type":"Feature","properties":{"cine_prov":"082","cine_com":"08207","nom_com":"Tirúa","nom_prov":"Arauco","nom_reg":"Biobío","cine_reg":"08","sector":"Quidico"},"geometry":{"type":"Point","coordinates":[-73.48452,-38.25129]}},
{"type":"Feature","properties":{"cine_prov":"082","cine_com":"08207","nom_com":"Tirúa","nom_prov":"Arauco","nom_reg":"Biobío","cine_reg":"08","sector":"Quidico"},"geometry":{"type":"Point","coordinates":[-73.47002,-38.23594]}},
{"type":"Feature","properties":{"cine_prov":"082","cine_com":"08207","nom_com":"Tirúa","nom_prov":"Arauco","nom_reg":"Biobío","cine_reg":"08","sector":"Quidico"},"geometry":{"type":"Point","coordinates":[-73.47918,-38.24751]}},
{"type":"Feature","properties":{"cine_prov":"082","cine_com":"08207","nom_com":"Tirúa","nom_prov":"Arauco","nom_reg":"Biobío","cine_reg":"08","sector":"Quidico"},"geometry":{"type":"Point","coordinates":[-73.48013,-38.24782]}},
{"type":"Feature","properties":{"cine_prov":"082","cine_com":"08207","nom_com":"Tirúa","nom_prov":"Arauco","nom_reg":"Biobío","cine_reg":"08","sector":"Quidico"},"geometry":{"type":"Point","coordinates":[-73.50141,-38.25143]}},
{"type":"Feature","properties":{"cine_prov":"082","cine_com":"08206","nom_com":"Los Alamos","nom_prov":"Arauco","nom_reg":"Biobío","cine_reg":"08","sector":"Los Álamos"},"geometry":{"type":"Point","coordinates":[-73.50902,-37.83092]}},
{"type":"Feature","properties":{"cine_prov":"081","cine_com":"08107","nom_com":"Penco","nom_prov":"Concepción","nom_reg":"Biobío","cine_reg":"08","sector":"Penco"},"geometry":{"type":"Point","coordinates":[-72.99567,-36.74623]}},
{"type":"Feature","properties":{"cine_prov":"081","cine_com":"08107","nom_com":"Penco","nom_prov":"Concepción","nom_reg":"Biobío","cine_reg":"08","sector":"Lirquén"},"geometry":{"type":"Point","coordinates":[-72.97372,-36.70861]}},
{"type":"Feature","properties":{"cine_prov":"081","cine_com":"08107","nom_com":"Penco","nom_prov":"Concepción","nom_reg":"Biobío","cine_reg":"08","sector":"Lirquén"},"geometry":{"type":"Point","coordinates":[-72.96996,-36.71185]}},
{"type":"Feature","properties":{"cine_prov":"081","cine_com":"08107","nom_com":"Penco","nom_prov":"Concepción","nom_reg":"Biobío","cine_reg":"08","sector":"Penco"},"geometry":{"type":"Point","coordinates":[-73.00031,-36.74745]}},
{"type":"Feature","properties":{"cine_prov":"081","cine_com":"08107","nom_com":"Penco","nom_prov":"Concepción","nom_reg":"Biobío","cine_reg":"08","sector":"Penco"},"geometry":{"type":"Point","coordinates":[-72.98594,-36.73759]}},
{"type":"Feature","properties":{"cine_prov":"081","cine_com":"08107","nom_com":"Penco","nom_prov":"Concepción","nom_reg":"Biobío","cine_reg":"08","sector":"Penco"},"geometry":{"type":"Point","coordinates":[-72.98981,-36.73057]}},
{"type":"Feature","properties":{"cine_prov":"081","cine_com":"08107","nom_com":"Penco","nom_prov":"Concepción","nom_reg":"Biobío","cine_reg":"08","sector":"Penco"},"geometry":{"type":"Point","coordinates":[-72.98831,-36.72813]}},
{"type":"Feature","properties":{"cine_prov":"081","cine_com":"08107","nom_com":"Penco","nom_prov":"Concepción","nom_reg":"Biobío","cine_reg":"08","sector":"Penco"},"geometry":{"type":"Point","coordinates":[-73.00446,-36.73991]}},
{"type":"Feature","properties":{"cine_prov":"081","cine_com":"08107","nom_com":"Penco","nom_prov":"Concepción","nom_reg":"Biobío","cine_reg":"08","sector":"Penco"},"geometry":{"type":"Point","coordinates":[-73.0035,-36.74065]}},
{"type":"Feature","properties":{"cine_prov":"081","cine_com":"08107","nom_com":"Penco","nom_prov":"Concepción","nom_reg":"Biobío","cine_reg":"08","sector":"Penco"},"geometry":{"type":"Point","coordinates":[-72.99236,-36.74768]}},
{"type":"Feature","properties":{"cine_prov":"081","cine_com":"08107","nom_com":"Penco","nom_prov":"Concepción","nom_reg":"Biobío","cine_reg":"08","sector":"Penco"},"geometry":{"type":"Point","coordinates":[-72.98816,-36.73955]}},
{"type":"Feature","properties":{"cine_prov":"081","cine_com":"08107","nom_com":"Penco","nom_prov":"Concepción","nom_reg":"Biobío","cine_reg":"08","sector":"Lirquén"},"geometry":{"type":"Point","coordinates":[-72.98173,-36.71954]}},
{"type":"Feature","properties":{"cine_prov":"081","cine_com":"08107","nom_com":"Penco","nom_prov":"Concepción","nom_reg":"Biobío","cine_reg":"08","sector":"Penco"},"geometry":{"type":"Point","coordinates":[-72.98851,-36.72691]}},
{"type":"Feature","properties":{"cine_prov":"081","cine_com":"08107","nom_com":"Penco","nom_prov":"Concepción","nom_reg":"Biobío","cine_reg":"08","sector":"Lirquén"},"geometry":{"type":"Point","coordinates":[-72.97078,-36.71326]}},
{"type":"Feature","properties":{"cine_prov":"081","cine_com":"08107","nom_com":"Penco","nom_prov":"Concepción","nom_reg":"Biobío","cine_reg":"08","sector":"Penco"},"geometry":{"type":"Point","coordinates":[-72.99645,-36.74283]}},
{"type":"Feature","properties":{"cine_prov":"081","cine_com":"08107","nom_com":"Penco","nom_prov":"Concepción","nom_reg":"Biobío","cine_reg":"08","sector":"Penco"},"geometry":{"type":"Point","coordinates":[-72.98662,-36.72603]}},
{"type":"Feature","properties":{"cine_prov":"081","cine_com":"08107","nom_com":"Penco","nom_prov":"Concepción","nom_reg":"Biobío","cine_reg":"08","sector":"Penco"},"geometry":{"type":"Point","coordinates":[-72.99514,-36.74303]}},
{"type":"Feature","properties":{"cine_prov":"081","cine_com":"08107","nom_com":"Penco","nom_prov":"Concepción","nom_reg":"Biobío","cine_reg":"08","sector":"Lirquén"},"geometry":{"type":"Point","coordinates":[-72.97495,-36.71967]}},
{"type":"Feature","properties":{"cine_prov":"081","cine_com":"08112","nom_com":"Hualpén","nom_prov":"Concepción","nom_reg":"Biobío","cine_reg":"08","sector":"Caleta Lenga"},"geometry":{"type":"Point","coordinates":[-73.17648,-36.76451]}},
{"type":"Feature","properties":{"cine_prov":"081","cine_com":"08112","nom_com":"Hualpén","nom_prov":"Concepción","nom_reg":"Biobío","cine_reg":"08","sector":"Hualpén"},"geometry":{"type":"Point","coordinates":[-73.10342,-36.79005]}},
{"type":"Feature","properties":{"cine_prov":"081","cine_com":"08112","nom_com":"Hualpén","nom_prov":"Concepción","nom_reg":"Biobío","cine_reg":"08","sector":"Hualpén"},"geometry":{"type":"Point","coordinates":[-73.10263,-36.78396]}},
{"type":"Feature","properties":{"cine_prov":"081","cine_com":"08110","nom_com":"Talcahuano","nom_prov":"Concepción","nom_reg":"Biobío","cine_reg":"08","sector":"Caleta Tumbes"},"geometry":{"type":"Point","coordinates":[-73.09681,-36.644]}},
{"type":"Feature","properties":{"cine_prov":"081","cine_com":"08110","nom_com":"Talcahuano","nom_prov":"Concepción","nom_reg":"Biobío","cine_reg":"08","sector":"Caleta Tumbes"},"geometry":{"type":"Point","coordinates":[-73.10004,-36.64032]}},
{"type":"Feature","properties":{"cine_prov":"081","cine_com":"08110","nom_com":"Talcahuano","nom_prov":"Concepción","nom_reg":"Biobío","cine_reg":"08","sector":"Talcahuano"},"geometry":{"type":"Point","coordinates":[-73.13576,-36.72509]}},
{"type":"Feature","properties":{"cine_prov":"081","cine_com":"08110","nom_com":"Talcahuano","nom_prov":"Concepción","nom_reg":"Biobío","cine_reg":"08","sector":"Talcahuano"},"geometry":{"type":"Point","coordinates":[-73.12215,-36.71766]}},
{"type":"Feature","properties":{"cine_prov":"081","cine_com":"08110","nom_com":"Talcahuano","nom_prov":"Concepción","nom_reg":"Biobío","cine_reg":"08","sector":"Talcahuano"},"geometry":{"type":"Point","coordinates":[-73.11172,-36.718]}},
{"type":"Feature","properties":{"cine_prov":"081","cine_com":"08110","nom_com":"Talcahuano","nom_prov":"Concepción","nom_reg":"Biobío","cine_reg":"08","sector":"Talcahuano"},"geometry":{"type":"Point","coordinates":[-73.11809,-36.71089]}},
{"type":"Feature","properties":{"cine_prov":"081","cine_com":"08110","nom_com":"Talcahuano","nom_prov":"Concepción","nom_reg":"Biobío","cine_reg":"08","sector":"Talcahuano"},"geometry":{"type":"Point","coordinates":[-73.12542,-36.71923]}},
{"type":"Feature","properties":{"cine_prov":"081","cine_com":"08110","nom_com":"Talcahuano","nom_prov":"Concepción","nom_reg":"Biobío","cine_reg":"08","sector":"Talcahuano"},"geometry":{"type":"Point","coordinates":[-73.13327,-36.72387]}},
{"type":"Feature","properties":{"cine_prov":"081","cine_com":"08110","nom_com":"Talcahuano","nom_prov":"Concepción","nom_reg":"Biobío","cine_reg":"08","sector":"Talcahuano"},"geometry":{"type":"Point","coordinates":[-73.11701,-36.71656]}},
{"type":"Feature","properties":{"cine_prov":"081","cine_com":"08110","nom_com":"Talcahuano","nom_prov":"Concepción","nom_reg":"Biobío","cine_reg":"08","sector":"Talcahuano"},"geometry":{"type":"Point","coordinates":[-73.1144,-36.71686]}},
{"type":"Feature","properties":{"cine_prov":"081","cine_com":"08110","nom_com":"Talcahuano","nom_prov":"Concepción","nom_reg":"Biobío","cine_reg":"08","sector":"Talcahuano"},"geometry":{"type":"Point","coordinates":[-73.09198,-36.77298]}},
{"type":"Feature","properties":{"cine_prov":"081","cine_com":"08110","nom_com":"Talcahuano","nom_prov":"Concepción","nom_reg":"Biobío","cine_reg":"08","sector":"Talcahuano"},"geometry":{"type":"Point","coordinates":[-73.11171,-36.74084]}},
{"type":"Feature","properties":{"cine_prov":"081","cine_com":"08110","nom_com":"Talcahuano","nom_prov":"Concepción","nom_reg":"Biobío","cine_reg":"08","sector":"Talcahuano"},"geometry":{"type":"Point","coordinates":[-73.11406,-36.75074]}},
{"type":"Feature","properties":{"cine_prov":"081","cine_com":"08110","nom_com":"Talcahuano","nom_prov":"Concepción","nom_reg":"Biobío","cine_reg":"08","sector":"Talcahuano"},"geometry":{"type":"Point","coordinates":[-73.09911,-36.77318]}},
{"type":"Feature","properties":{"cine_prov":"081","cine_com":"08110","nom_com":"Talcahuano","nom_prov":"Concepción","nom_reg":"Biobío","cine_reg":"08","sector":"Talcahuano"},"geometry":{"type":"Point","coordinates":[-73.11017,-36.75506]}},
{"type":"Feature","properties":{"cine_prov":"081","cine_com":"08110","nom_com":"Talcahuano","nom_prov":"Concepción","nom_reg":"Biobío","cine_reg":"08","sector":"Talcahuano"},"geometry":{"type":"Point","coordinates":[-73.10256,-36.75707]}},
{"type":"Feature","properties":{"cine_prov":"081","cine_com":"08110","nom_com":"Talcahuano","nom_prov":"Concepción","nom_reg":"Biobío","cine_reg":"08","sector":"Talcahuano"},"geometry":{"type":"Point","coordinates":[-73.11098,-36.74902]}},
{"type":"Feature","properties":{"cine_prov":"081","cine_com":"08110","nom_com":"Talcahuano","nom_prov":"Concepción","nom_reg":"Biobío","cine_reg":"08","sector":"Talcahuano"},"geometry":{"type":"Point","coordinates":[-73.11092,-36.74344]}},
{"type":"Feature","properties":{"cine_prov":"081","cine_com":"08110","nom_com":"Talcahuano","nom_prov":"Concepción","nom_reg":"Biobío","cine_reg":"08","sector":"Talcahuano"},"geometry":{"type":"Point","coordinates":[-73.11088,-36.74408]}},
{"type":"Feature","properties":{"cine_prov":"081","cine_com":"08102","nom_com":"Coronel","nom_prov":"Concepción","nom_reg":"Biobío","cine_reg":"08","sector":"Coronel"},"geometry":{"type":"Point","coordinates":[-73.13198,-37.02955]}},
{"type":"Feature","properties":{"cine_prov":"081","cine_com":"08102","nom_com":"Coronel","nom_prov":"Concepción","nom_reg":"Biobío","cine_reg":"08","sector":"Coronel"},"geometry":{"type":"Point","coordinates":[-73.13552,-37.02622]}},
{"type":"Feature","properties":{"cine_prov":"081","cine_com":"08102","nom_com":"Coronel","nom_prov":"Concepción","nom_reg":"Biobío","cine_reg":"08","sector":"Coronel"},"geometry":{"type":"Point","coordinates":[-73.13761,-37.02614]}},
{"type":"Feature","properties":{"cine_prov":"081","cine_com":"08102","nom_com":"Coronel","nom_prov":"Concepción","nom_reg":"Biobío","cine_reg":"08","sector":"Coronel"},"geometry":{"type":"Point","coordinates":[-73.14227,-37.02572]}},
{"type":"Feature","properties":{"cine_prov":"081","cine_com":"08102","nom_com":"Coronel","nom_prov":"Concepción","nom_reg":"Biobío","cine_reg":"08","sector":"Coronel"},"geometry":{"type":"Point","coordinates":[-73.17369,-37.02191]}},
{"type":"Feature","properties":{"cine_prov":"081","cine_com":"08102","nom_com":"Coronel","nom_prov":"Concepción","nom_reg":"Biobío","cine_reg":"08","sector":"Coronel"},"geometry":{"type":"Point","coordinates":[-73.17491,-37.02252]}},
{"type":"Feature","properties":{"cine_prov":"081","cine_com":"08102","nom_com":"Coronel","nom_prov":"Concepción","nom_reg":"Biobío","cine_reg":"08","sector":"Coronel"},"geometry":{"type":"Point","coordinates":[-73.16187,-37.01889]}},
{"type":"Feature","properties":{"cine_prov":"081","cine_com":"08102","nom_com":"Coronel","nom_prov":"Concepción","nom_reg":"Biobío","cine_reg":"08","sector":"Coronel"},"geometry":{"type":"Point","coordinates":[-73.15916,-37.01983]}},
{"type":"Feature","properties":{"cine_prov":"081","cine_com":"08102","nom_com":"Coronel","nom_prov":"Concepción","nom_reg":"Biobío","cine_reg":"08","sector":"Coronel"},"geometry":{"type":"Point","coordinates":[-73.14222,-37.0491]}},
{"type":"Feature","properties":{"cine_prov":"081","cine_com":"08102","nom_com":"Coronel","nom_prov":"Concepción","nom_reg":"Biobío","cine_reg":"08","sector":"Coronel"},"geometry":{"type":"Point","coordinates":[-73.13868,-37.05505]}},
{"type":"Feature","properties":{"cine_prov":"081","cine_com":"08102","nom_com":"Coronel","nom_prov":"Concepción","nom_reg":"Biobío","cine_reg":"08","sector":"Playa Blanca"},"geometry":{"type":"Point","coordinates":[-73.13758,-37.06047]}},
{"type":"Feature","properties":{"cine_prov":"081","cine_com":"08102","nom_com":"Coronel","nom_prov":"Concepción","nom_reg":"Biobío","cine_reg":"08","sector":"Playa Blanca"},"geometry":{"type":"Point","coordinates":[-73.13883,-37.06379]}},
{"type":"Feature","properties":{"cine_prov":"081","cine_com":"08102","nom_com":"Coronel","nom_prov":"Concepción","nom_reg":"Biobío","cine_reg":"08","sector":"Playa Blanca"},"geometry":{"type":"Point","coordinates":[-73.1416,-37.06756]}},
{"type":"Feature","properties":{"cine_prov":"081","cine_com":"08102","nom_com":"Coronel","nom_prov":"Concepción","nom_reg":"Biobío","cine_reg":"08","sector":"Coronel"},"geometry":{"type":"Point","coordinates":[-73.14907,-37.02145]}},
{"type":"Feature","properties":{"cine_prov":"081","cine_com":"08102","nom_com":"Coronel","nom_prov":"Concepción","nom_reg":"Biobío","cine_reg":"08","sector":"Coronel"},"geometry":{"type":"Point","coordinates":[-73.17147,-37.01311]}},
{"type":"Feature","properties":{"cine_prov":"081","cine_com":"08102","nom_com":"Coronel","nom_prov":"Concepción","nom_reg":"Biobío","cine_reg":"08","sector":"Coronel"},"geometry":{"type":"Point","coordinates":[-73.17842,-37.00413]}},
{"type":"Feature","properties":{"cine_prov":"081","cine_com":"08102","nom_com":"Coronel","nom_prov":"Concepción","nom_reg":"Biobío","cine_reg":"08","sector":"Coronel"},"geometry":{"type":"Point","coordinates":[-73.14692,-37.01198]}},
{"type":"Feature","properties":{"cine_prov":"081","cine_com":"08102","nom_com":"Coronel","nom_prov":"Concepción","nom_reg":"Biobío","cine_reg":"08","sector":"Coronel"},"geometry":{"type":"Point","coordinates":[-73.14248,-37.00807]}},
{"type":"Feature","properties":{"cine_prov":"081","cine_com":"08102","nom_com":"Coronel","nom_prov":"Concepción","nom_reg":"Biobío","cine_reg":"08","sector":"Coronel"},"geometry":{"type":"Point","coordinates":[-73.14248,-37.00127]}},
{"type":"Feature","properties":{"cine_prov":"081","cine_com":"08102","nom_com":"Coronel","nom_prov":"Concepción","nom_reg":"Biobío","cine_reg":"08","sector":"Coronel"},"geometry":{"type":"Point","coordinates":[-73.10982,-36.99668]}},
{"type":"Feature","properties":{"cine_prov":"081","cine_com":"08102","nom_com":"Coronel","nom_prov":"Concepción","nom_reg":"Biobío","cine_reg":"08","sector":"Coronel"},"geometry":{"type":"Point","coordinates":[-73.12213,-36.98329]}},
{"type":"Feature","properties":{"cine_prov":"081","cine_com":"08102","nom_com":"Coronel","nom_prov":"Concepción","nom_reg":"Biobío","cine_reg":"08","sector":"Coronel"},"geometry":{"type":"Point","coordinates":[-73.12045,-36.97262]}},
{"type":"Feature","properties":{"cine_prov":"081","cine_com":"08102","nom_com":"Coronel","nom_prov":"Concepción","nom_reg":"Biobío","cine_reg":"08","sector":"Coronel"},"geometry":{"type":"Point","coordinates":[-73.1332,-36.96371]}},
{"type":"Feature","properties":{"cine_prov":"081","cine_com":"08102","nom_com":"Coronel","nom_prov":"Concepción","nom_reg":"Biobío","cine_reg":"08","sector":"Coronel"},"geometry":{"type":"Point","coordinates":[-73.13997,-36.95105]}},
{"type":"Feature","properties":{"cine_prov":"081","cine_com":"08106","nom_com":"Lota","nom_prov":"Concepción","nom_reg":"Biobío","cine_reg":"08","sector":"Lota"},"geometry":{"type":"Point","coordinates":[-73.16071,-37.08866]}},
{"type":"Feature","properties":{"cine_prov":"081","cine_com":"08106","nom_com":"Lota","nom_prov":"Concepción","nom_reg":"Biobío","cine_reg":"08","sector":"Lota"},"geometry":{"type":"Point","coordinates":[-73.152,-37.09215]}},
{"type":"Feature","properties":{"cine_prov":"081","cine_com":"08106","nom_com":"Lota","nom_prov":"Concepción","nom_reg":"Biobío","cine_reg":"08","sector":"Lota"},"geometry":{"type":"Point","coordinates":[-73.16817,-37.08221]}},
{"type":"Feature","properties":{"cine_prov":"081","cine_com":"08106","nom_com":"Lota","nom_prov":"Concepción","nom_reg":"Biobío","cine_reg":"08","sector":"Lota"},"geometry":{"type":"Point","coordinates":[-73.15563,-37.07545]}},
{"type":"Feature","properties":{"cine_prov":"081","cine_com":"08106","nom_com":"Lota","nom_prov":"Concepción","nom_reg":"Biobío","cine_reg":"08","sector":"Lota"},"geometry":{"type":"Point","coordinates":[-73.15626,-37.07661]}},
{"type":"Feature","properties":{"cine_prov":"081","cine_com":"08106","nom_com":"Lota","nom_prov":"Concepción","nom_reg":"Biobío","cine_reg":"08","sector":"Lota"},"geometry":{"type":"Point","coordinates":[-73.16543,-37.08257]}},
{"type":"Feature","properties":{"cine_prov":"081","cine_com":"08106","nom_com":"Lota","nom_prov":"Concepción","nom_reg":"Biobío","cine_reg":"08","sector":"Lota"},"geometry":{"type":"Point","coordinates":[-73.16212,-37.08552]}},
{"type":"Feature","properties":{"cine_prov":"081","cine_com":"08106","nom_com":"Lota","nom_prov":"Concepción","nom_reg":"Biobío","cine_reg":"08","sector":"Lota"},"geometry":{"type":"Point","coordinates":[-73.16603,-37.08247]}},
{"type":"Feature","properties":{"cine_prov":"081","cine_com":"08108","nom_com":"San Pedro de la Paz","nom_prov":"Concepción","nom_reg":"Biobío","cine_reg":"08","sector":"San Pedro de la Paz"},"geometry":{"type":"Point","coordinates":[-73.12713,-36.89665]}},
{"type":"Feature","properties":{"cine_prov":"081","cine_com":"08108","nom_com":"San Pedro de la Paz","nom_prov":"Concepción","nom_reg":"Biobío","cine_reg":"08","sector":"San Pedro de la Paz"},"geometry":{"type":"Point","coordinates":[-73.12294,-36.90607]}},
{"type":"Feature","properties":{"cine_prov":"081","cine_com":"08108","nom_com":"San Pedro de la Paz","nom_prov":"Concepción","nom_reg":"Biobío","cine_reg":"08","sector":"San Pedro de la Paz"},"geometry":{"type":"Point","coordinates":[-73.12747,-36.89805]}},
{"type":"Feature","properties":{"cine_prov":"081","cine_com":"08108","nom_com":"San Pedro de la Paz","nom_prov":"Concepción","nom_reg":"Biobío","cine_reg":"08","sector":"San Pedro de la Paz"},"geometry":{"type":"Point","coordinates":[-73.12306,-36.8869]}},
{"type":"Feature","properties":{"cine_prov":"081","cine_com":"08108","nom_com":"San Pedro de la Paz","nom_prov":"Concepción","nom_reg":"Biobío","cine_reg":"08","sector":"San Pedro de la Paz"},"geometry":{"type":"Point","coordinates":[-73.09436,-36.84538]}},
{"type":"Feature","properties":{"cine_prov":"081","cine_com":"08108","nom_com":"San Pedro de la Paz","nom_prov":"Concepción","nom_reg":"Biobío","cine_reg":"08","sector":"San Pedro de la Paz"},"geometry":{"type":"Point","coordinates":[-73.10171,-36.84234]}},
{"type":"Feature","properties":{"cine_prov":"081","cine_com":"08108","nom_com":"San Pedro de la Paz","nom_prov":"Concepción","nom_reg":"Biobío","cine_reg":"08","sector":"San Pedro de la Paz"},"geometry":{"type":"Point","coordinates":[-73.09977,-36.83905]}},
{"type":"Feature","properties":{"cine_prov":"081","cine_com":"08108","nom_com":"San Pedro de la Paz","nom_prov":"Concepción","nom_reg":"Biobío","cine_reg":"08","sector":"San Pedro de la Paz"},"geometry":{"type":"Point","coordinates":[-73.1021,-36.84686]}},
{"type":"Feature","properties":{"cine_prov":"081","cine_com":"08108","nom_com":"San Pedro de la Paz","nom_prov":"Concepción","nom_reg":"Biobío","cine_reg":"08","sector":"San Pedro de la Paz"},"geometry":{"type":"Point","coordinates":[-73.11077,-36.8387]}},
{"type":"Feature","properties":{"cine_prov":"081","cine_com":"08108","nom_com":"San Pedro de la Paz","nom_prov":"Concepción","nom_reg":"Biobío","cine_reg":"08","sector":"San Pedro de la Paz"},"geometry":{"type":"Point","coordinates":[-73.1146,-36.84384]}},
{"type":"Feature","properties":{"cine_prov":"081","cine_com":"08108","nom_com":"San Pedro de la Paz","nom_prov":"Concepción","nom_reg":"Biobío","cine_reg":"08","sector":"San Pedro de la Paz"},"geometry":{"type":"Point","coordinates":[-73.12882,-36.84593]}},
{"type":"Feature","properties":{"cine_prov":"081","cine_com":"08108","nom_com":"San Pedro de la Paz","nom_prov":"Concepción","nom_reg":"Biobío","cine_reg":"08","sector":"San Pedro de la Paz"},"geometry":{"type":"Point","coordinates":[-73.12878,-36.85523]}},
{"type":"Feature","properties":{"cine_prov":"081","cine_com":"08108","nom_com":"San Pedro de la Paz","nom_prov":"Concepción","nom_reg":"Biobío","cine_reg":"08","sector":"San Pedro de la Paz"},"geometry":{"type":"Point","coordinates":[-73.12049,-36.87569]}},
{"type":"Feature","properties":{"cine_prov":"082","cine_com":"08202","nom_com":"Arauco","nom_prov":"Arauco","nom_reg":"Biobío","cine_reg":"08","sector":"Arauco"},"geometry":{"type":"Point","coordinates":[-73.3171,-37.25681]}},
{"type":"Feature","properties":{"cine_prov":"082","cine_com":"08202","nom_com":"Arauco","nom_prov":"Arauco","nom_reg":"Biobío","cine_reg":"08","sector":"Arauco"},"geometry":{"type":"Point","coordinates":[-73.34884,-37.2512]}},
{"type":"Feature","properties":{"cine_prov":"082","cine_com":"08202","nom_com":"Arauco","nom_prov":"Arauco","nom_reg":"Biobío","cine_reg":"08","sector":"Laraquete"},"geometry":{"type":"Point","coordinates":[-73.18396,-37.16288]}},
{"type":"Feature","properties":{"cine_prov":"082","cine_com":"08202","nom_com":"Arauco","nom_prov":"Arauco","nom_reg":"Biobío","cine_reg":"08","sector":"Arauco"},"geometry":{"type":"Point","coordinates":[-73.28466,-37.25066]}},
{"type":"Feature","properties":{"cine_prov":"082","cine_com":"08202","nom_com":"Arauco","nom_prov":"Arauco","nom_reg":"Biobío","cine_reg":"08","sector":"Horcones - Carampangue"},"geometry":{"type":"Point","coordinates":[-73.19878,-37.23]}},
{"type":"Feature","properties":{"cine_prov":"082","cine_com":"08202","nom_com":"Arauco","nom_prov":"Arauco","nom_reg":"Biobío","cine_reg":"08","sector":"Horcones - Carampangue"},"geometry":{"type":"Point","coordinates":[-73.20374,-37.23766]}},
{"type":"Feature","properties":{"cine_prov":"082","cine_com":"08202","nom_com":"Arauco","nom_prov":"Arauco","nom_reg":"Biobío","cine_reg":"08","sector":"Laraquete"},"geometry":{"type":"Point","coordinates":[-73.17773,-37.1877]}},
{"type":"Feature","properties":{"cine_prov":"082","cine_com":"08202","nom_com":"Arauco","nom_prov":"Arauco","nom_reg":"Biobío","cine_reg":"08","sector":"Tubul"},"geometry":{"type":"Point","coordinates":[-73.45079,-37.2275]}},
{"type":"Feature","properties":{"cine_prov":"082","cine_com":"08202","nom_com":"Arauco","nom_prov":"Arauco","nom_reg":"Biobío","cine_reg":"08","sector":"Tubul"},"geometry":{"type":"Point","coordinates":[-73.45616,-37.22775]}},
{"type":"Feature","properties":{"cine_prov":"082","cine_com":"08202","nom_com":"Arauco","nom_prov":"Arauco","nom_reg":"Biobío","cine_reg":"08","sector":"Arauco"},"geometry":{"type":"Point","coordinates":[-73.34278,-37.25034]}},
{"type":"Feature","properties":{"cine_prov":"082","cine_com":"08202","nom_com":"Arauco","nom_prov":"Arauco","nom_reg":"Biobío","cine_reg":"08","sector":"Las Peñas"},"geometry":{"type":"Point","coordinates":[-73.43568,-37.26379]}},
{"type":"Feature","properties":{"cine_prov":"082","cine_com":"08202","nom_com":"Arauco","nom_prov":"Arauco","nom_reg":"Biobío","cine_reg":"08","sector":"Curaquilla"},"geometry":{"type":"Point","coordinates":[-73.40455,-37.24914]}},
{"type":"Feature","properties":{"cine_prov":"082","cine_com":"08202","nom_com":"Arauco","nom_prov":"Arauco","nom_reg":"Biobío","cine_reg":"08","sector":"Curaquilla"},"geometry":{"type":"Point","coordinates":[-73.39275,-37.25485]}},
{"type":"Feature","properties":{"cine_prov":"082","cine_com":"08202","nom_com":"Arauco","nom_prov":"Arauco","nom_reg":"Biobío","cine_reg":"08","sector":"Arauco"},"geometry":{"type":"Point","coordinates":[-73.31238,-37.25326]}},
{"type":"Feature","properties":{"cine_prov":"082","cine_com":"08202","nom_com":"Arauco","nom_prov":"Arauco","nom_reg":"Biobío","cine_reg":"08","sector":"Arauco"},"geometry":{"type":"Point","coordinates":[-73.32485,-37.25944]}},
{"type":"Feature","properties":{"cine_prov":"082","cine_com":"08202","nom_com":"Arauco","nom_prov":"Arauco","nom_reg":"Biobío","cine_reg":"08","sector":"Arauco"},"geometry":{"type":"Point","coordinates":[-73.33367,-37.25091]}},
{"type":"Feature","properties":{"cine_prov":"082","cine_com":"08202","nom_com":"Arauco","nom_prov":"Arauco","nom_reg":"Biobío","cine_reg":"08","sector":"Horcones - Carampangue"},"geometry":{"type":"Point","coordinates":[-73.24438,-37.26086]}},
{"type":"Feature","properties":{"cine_prov":"082","cine_com":"08202","nom_com":"Arauco","nom_prov":"Arauco","nom_reg":"Biobío","cine_reg":"08","sector":"Horcones - Carampangue"},"geometry":{"type":"Point","coordinates":[-73.24486,-37.26541]}},
{"type":"Feature","properties":{"cine_prov":"082","cine_com":"08202","nom_com":"Arauco","nom_prov":"Arauco","nom_reg":"Biobío","cine_reg":"08","sector":"Laraquete"},"geometry":{"type":"Point","coordinates":[-73.17697,-37.16314]}},
{"type":"Feature","properties":{"cine_prov":"082","cine_com":"08202","nom_com":"Arauco","nom_prov":"Arauco","nom_reg":"Biobío","cine_reg":"08","sector":"Horcones - Carampangue"},"geometry":{"type":"Point","coordinates":[-73.21958,-37.25586]}},
{"type":"Feature","properties":{"cine_prov":"082","cine_com":"08202","nom_com":"Arauco","nom_prov":"Arauco","nom_reg":"Biobío","cine_reg":"08","sector":"Laraquete"},"geometry":{"type":"Point","coordinates":[-73.17329,-37.17007]}},
{"type":"Feature","properties":{"cine_prov":"082","cine_com":"08202","nom_com":"Arauco","nom_prov":"Arauco","nom_reg":"Biobío","cine_reg":"08","sector":"Laraquete"},"geometry":{"type":"Point","coordinates":[-73.17653,-37.15933]}},
{"type":"Feature","properties":{"cine_prov":"082","cine_com":"08203","nom_com":"Cañete","nom_prov":"Arauco","nom_reg":"Biobío","cine_reg":"08","sector":"Lloncao"},"geometry":{"type":"Point","coordinates":[-73.46927,-37.8881]}},
{"type":"Feature","properties":{"cine_prov":"082","cine_com":"08203","nom_com":"Cañete","nom_prov":"Arauco","nom_reg":"Biobío","cine_reg":"08","sector":"Lloncao"},"geometry":{"type":"Point","coordinates":[-73.44061,-37.89903]}},
{"type":"Feature","properties":{"cine_prov":"082","cine_com":"08203","nom_com":"Cañete","nom_prov":"Arauco","nom_reg":"Biobío","cine_reg":"08","sector":"Puañil"},"geometry":{"type":"Point","coordinates":[-73.41597,-38.00118]}},
{"type":"Feature","properties":{"cine_prov":"082","cine_com":"08203","nom_com":"Cañete","nom_prov":"Arauco","nom_reg":"Biobío","cine_reg":"08","sector":"Huape - Antiquina"},"geometry":{"type":"Point","coordinates":[-73.39253,-38.02771]}},
{"type":"Feature","properties":{"cine_prov":"082","cine_com":"08203","nom_com":"Cañete","nom_prov":"Arauco","nom_reg":"Biobío","cine_reg":"08","sector":"Huape - Antiquina"},"geometry":{"type":"Point","coordinates":[-73.39605,-38.02441]}},
{"type":"Feature","properties":{"cine_prov":"082","cine_com":"08203","nom_com":"Cañete","nom_prov":"Arauco","nom_reg":"Biobío","cine_reg":"08","sector":"Paicaví - Huentelolén - Collico"},"geometry":{"type":"Point","coordinates":[-73.42008,-37.98167]}},
{"type":"Feature","properties":{"cine_prov":"082","cine_com":"08203","nom_com":"Cañete","nom_prov":"Arauco","nom_reg":"Biobío","cine_reg":"08","sector":"Paicaví - Huentelolén - Collico"},"geometry":{"type":"Point","coordinates":[-73.41814,-37.97733]}},
{"type":"Feature","properties":{"cine_prov":"082","cine_com":"08203","nom_com":"Cañete","nom_prov":"Arauco","nom_reg":"Biobío","cine_reg":"08","sector":"Paicaví - Huentelolén - Collico"},"geometry":{"type":"Point","coordinates":[-73.4185,-37.97388]}},
{"type":"Feature","properties":{"cine_prov":"082","cine_com":"08203","nom_com":"Cañete","nom_prov":"Arauco","nom_reg":"Biobío","cine_reg":"08","sector":"Paicaví - Huentelolén - Collico"},"geometry":{"type":"Point","coordinates":[-73.41928,-37.96049]}},
{"type":"Feature","properties":{"cine_prov":"082","cine_com":"08203","nom_com":"Cañete","nom_prov":"Arauco","nom_reg":"Biobío","cine_reg":"08","sector":"Paicaví - Huentelolén - Collico"},"geometry":{"type":"Point","coordinates":[-73.41907,-37.94846]}},
{"type":"Feature","properties":{"cine_prov":"082","cine_com":"08203","nom_com":"Cañete","nom_prov":"Arauco","nom_reg":"Biobío","cine_reg":"08","sector":"Paicaví - Huentelolén - Collico"},"geometry":{"type":"Point","coordinates":[-73.42905,-37.92563]}},
{"type":"Feature","properties":{"cine_prov":"082","cine_com":"08203","nom_com":"Cañete","nom_prov":"Arauco","nom_reg":"Biobío","cine_reg":"08","sector":"Huape - Antiquina"},"geometry":{"type":"Point","coordinates":[-73.40085,-38.05755]}},
{"type":"Feature","properties":{"cine_prov":"082","cine_com":"08203","nom_com":"Cañete","nom_prov":"Arauco","nom_reg":"Biobío","cine_reg":"08","sector":"Huape - Antiquina"},"geometry":{"type":"Point","coordinates":[-73.40143,-38.06485]}},
{"type":"Feature","properties":{"cine_prov":"082","cine_com":"08203","nom_com":"Cañete","nom_prov":"Arauco","nom_reg":"Biobío","cine_reg":"08","sector":"Antiquina - Lleu Lleu"},"geometry":{"type":"Point","coordinates":[-73.40688,-38.08222]}},
{"type":"Feature","properties":{"cine_prov":"082","cine_com":"08203","nom_com":"Cañete","nom_prov":"Arauco","nom_reg":"Biobío","cine_reg":"08","sector":"Antiquina - Lleu Lleu"},"geometry":{"type":"Point","coordinates":[-73.38793,-38.09534]}},
{"type":"Feature","properties":{"cine_prov":"082","cine_com":"08203","nom_com":"Cañete","nom_prov":"Arauco","nom_reg":"Biobío","cine_reg":"08","sector":"Antiquina - Lleu Lleu"},"geometry":{"type":"Point","coordinates":[-73.37378,-38.11159]}},
{"type":"Feature","properties":{"cine_prov":"082","cine_com":"08203","nom_com":"Cañete","nom_prov":"Arauco","nom_reg":"Biobío","cine_reg":"08","sector":"Antiquina - Lleu Lleu"},"geometry":{"type":"Point","coordinates":[-73.38188,-38.10439]}},
{"type":"Feature","properties":{"cine_prov":"082","cine_com":"08201","nom_com":"Lebu","nom_prov":"Arauco","nom_reg":"Biobío","cine_reg":"08","sector":"Isla Mocha"},"geometry":{"type":"Point","coordinates":[-73.8816,-38.38697]}},
{"type":"Feature","properties":{"cine_prov":"082","cine_com":"08201","nom_com":"Lebu","nom_prov":"Arauco","nom_reg":"Biobío","cine_reg":"08","sector":"Isla Mocha"},"geometry":{"type":"Point","coordinates":[-73.92007,-38.34727]}},
{"type":"Feature","properties":{"cine_prov":"082","cine_com":"08201","nom_com":"Lebu","nom_prov":"Arauco","nom_reg":"Biobío","cine_reg":"08","sector":"Lebu"},"geometry":{"type":"Point","coordinates":[-73.63875,-37.5988]}},
{"type":"Feature","properties":{"cine_prov":"082","cine_com":"08201","nom_com":"Lebu","nom_prov":"Arauco","nom_reg":"Biobío","cine_reg":"08","sector":"Lebu"},"geometry":{"type":"Point","coordinates":[-73.63553,-37.58565]}},
{"type":"Feature","properties":{"cine_prov":"082","cine_com":"08201","nom_com":"Lebu","nom_prov":"Arauco","nom_reg":"Biobío","cine_reg":"08","sector":"Lebu"},"geometry":{"type":"Point","coordinates":[-73.6599,-37.61342]}},
{"type":"Feature","properties":{"cine_prov":"082","cine_com":"08201","nom_com":"Lebu","nom_prov":"Arauco","nom_reg":"Biobío","cine_reg":"08","sector":"Lebu"},"geometry":{"type":"Point","coordinates":[-73.66085,-37.61364]}},
{"type":"Feature","properties":{"cine_prov":"082","cine_com":"08201","nom_com":"Lebu","nom_prov":"Arauco","nom_reg":"Biobío","cine_reg":"08","sector":"Lebu"},"geometry":{"type":"Point","coordinates":[-73.65582,-37.61394]}},
{"type":"Feature","properties":{"cine_prov":"082","cine_com":"08201","nom_com":"Lebu","nom_prov":"Arauco","nom_reg":"Biobío","cine_reg":"08","sector":"Lebu"},"geometry":{"type":"Point","coordinates":[-73.65391,-37.61312]}},
{"type":"Feature","properties":{"cine_prov":"082","cine_com":"08201","nom_com":"Lebu","nom_prov":"Arauco","nom_reg":"Biobío","cine_reg":"08","sector":"Lebu"},"geometry":{"type":"Point","coordinates":[-73.66554,-37.60896]}},
{"type":"Feature","properties":{"cine_prov":"082","cine_com":"08201","nom_com":"Lebu","nom_prov":"Arauco","nom_reg":"Biobío","cine_reg":"08","sector":"Lebu"},"geometry":{"type":"Point","coordinates":[-73.66036,-37.61333]}},
{"type":"Feature","properties":{"cine_prov":"082","cine_com":"08201","nom_com":"Lebu","nom_prov":"Arauco","nom_reg":"Biobío","cine_reg":"08","sector":"Lebu"},"geometry":{"type":"Point","coordinates":[-73.63832,-37.60562]}},
{"type":"Feature","properties":{"cine_prov":"082","cine_com":"08201","nom_com":"Lebu","nom_prov":"Arauco","nom_reg":"Biobío","cine_reg":"08","sector":"Lebu"},"geometry":{"type":"Point","coordinates":[-73.64147,-37.60391]}},
{"type":"Feature","properties":{"cine_prov":"082","cine_com":"08201","nom_com":"Lebu","nom_prov":"Arauco","nom_reg":"Biobío","cine_reg":"08","sector":"Lebu"},"geometry":{"type":"Point","coordinates":[-73.63867,-37.60412]}},
{"type":"Feature","properties":{"cine_prov":"082","cine_com":"08201","nom_com":"Lebu","nom_prov":"Arauco","nom_reg":"Biobío","cine_reg":"08","sector":"Lebu"},"geometry":{"type":"Point","coordinates":[-73.63739,-37.59419]}},
{"type":"Feature","properties":{"cine_prov":"082","cine_com":"08201","nom_com":"Lebu","nom_prov":"Arauco","nom_reg":"Biobío","cine_reg":"08","sector":"Lebu"},"geometry":{"type":"Point","coordinates":[-73.64644,-37.61675]}},
{"type":"Feature","properties":{"cine_prov":"082","cine_com":"08201","nom_com":"Lebu","nom_prov":"Arauco","nom_reg":"Biobío","cine_reg":"08","sector":"Millongue"},"geometry":{"type":"Point","coordinates":[-73.63367,-37.55758]}},
{"type":"Feature","properties":{"cine_prov":"082","cine_com":"08201","nom_com":"Lebu","nom_prov":"Arauco","nom_reg":"Biobío","cine_reg":"08","sector":"Millongue"},"geometry":{"type":"Point","coordinates":[-73.63767,-37.55871]}},
{"type":"Feature","properties":{"cine_prov":"082","cine_com":"08201","nom_com":"Lebu","nom_prov":"Arauco","nom_reg":"Biobío","cine_reg":"08","sector":"Millongue"},"geometry":{"type":"Point","coordinates":[-73.64017,-37.55888]}},
{"type":"Feature","properties":{"cine_prov":"082","cine_com":"08201","nom_com":"Lebu","nom_prov":"Arauco","nom_reg":"Biobío","cine_reg":"08","sector":"Quiapo (Lebu)"},"geometry":{"type":"Point","coordinates":[-73.58259,-37.45651]}},
{"type":"Feature","properties":{"cine_prov":"082","cine_com":"08201","nom_com":"Lebu","nom_prov":"Arauco","nom_reg":"Biobío","cine_reg":"08","sector":"Caleta Morhuilla"},"geometry":{"type":"Point","coordinates":[-73.64414,-37.70564]}},
{"type":"Feature","properties":{"cine_prov":"082","cine_com":"08207","nom_com":"Tirúa","nom_prov":"Arauco","nom_reg":"Biobío","cine_reg":"08","sector":"Tranaquepe"},"geometry":{"type":"Point","coordinates":[-73.4129,-38.18629]}},
{"type":"Feature","properties":{"cine_prov":"082","cine_com":"08207","nom_com":"Tirúa","nom_prov":"Arauco","nom_reg":"Biobío","cine_reg":"08","sector":"Tranaquepe"},"geometry":{"type":"Point","coordinates":[-73.41913,-38.19032]}},
{"type":"Feature","properties":{"cine_prov":"082","cine_com":"08207","nom_com":"Tirúa","nom_prov":"Arauco","nom_reg":"Biobío","cine_reg":"08","sector":"Tranaquepe"},"geometry":{"type":"Point","coordinates":[-73.4312,-38.20917]}},
{"type":"Feature","properties":{"cine_prov":"082","cine_com":"08207","nom_com":"Tirúa","nom_prov":"Arauco","nom_reg":"Biobío","cine_reg":"08","sector":"San Ramón"},"geometry":{"type":"Point","coordinates":[-73.36912,-38.15031]}},
{"type":"Feature","properties":{"cine_prov":"082","cine_com":"08207","nom_com":"Tirúa","nom_prov":"Arauco","nom_reg":"Biobío","cine_reg":"08","sector":"San Ramón"},"geometry":{"type":"Point","coordinates":[-73.36752,-38.1518]}},
{"type":"Feature","properties":{"cine_prov":"081","cine_com":"08102","nom_com":"Coronel","nom_prov":"Concepción","nom_reg":"Biobío","cine_reg":"08","sector":"Isla Santa María"},"geometry":{"type":"Point","coordinates":[-73.51971,-37.04639]}},
{"type":"Feature","properties":{"cine_prov":"081","cine_com":"08102","nom_com":"Coronel","nom_prov":"Concepción","nom_reg":"Biobío","cine_reg":"08","sector":"Isla Santa María"},"geometry":{"type":"Point","coordinates":[-73.51962,-37.04266]}},
{"type":"Feature","properties":{"cine_prov":"081","cine_com":"08102","nom_com":"Coronel","nom_prov":"Concepción","nom_reg":"Biobío","cine_reg":"08","sector":"Isla Santa María"},"geometry":{"type":"Point","coordinates":[-73.51719,-37.0407]}},
{"type":"Feature","properties":{"cine_prov":"031","cine_com":"03101","nom_com":"Copiapó","nom_prov":"Copiapó","nom_reg":"Atacama","cine_reg":"03","sector":"Caleta Totoral"},"geometry":{"type":"Point","coordinates":[-71.09053,-27.83392]}},
{"type":"Feature","properties":{"cine_prov":"031","cine_com":"03101","nom_com":"Copiapó","nom_prov":"Copiapó","nom_reg":"Atacama","cine_reg":"03","sector":"Caleta Pajonales"},"geometry":{"type":"Point","coordinates":[-71.03517,-27.73905]}},
{"type":"Feature","properties":{"cine_prov":"031","cine_com":"03101","nom_com":"Copiapó","nom_prov":"Copiapó","nom_reg":"Atacama","cine_reg":"03","sector":"Caleta Pajonales"},"geometry":{"type":"Point","coordinates":[-71.04089,-27.73664]}},
{"type":"Feature","properties":{"cine_prov":"031","cine_com":"03102","nom_com":"Caldera","nom_prov":"Copiapó","nom_reg":"Atacama","cine_reg":"03","sector":"Barranquilla"},"geometry":{"type":"Point","coordinates":[-70.88911,-27.52824]}},
{"type":"Feature","properties":{"cine_prov":"031","cine_com":"03102","nom_com":"Caldera","nom_prov":"Copiapó","nom_reg":"Atacama","cine_reg":"03","sector":"Barranquilla"},"geometry":{"type":"Point","coordinates":[-70.88425,-27.52157]}},
{"type":"Feature","properties":{"cine_prov":"031","cine_com":"03102","nom_com":"Caldera","nom_prov":"Copiapó","nom_reg":"Atacama","cine_reg":"03","sector":"Barranquilla"},"geometry":{"type":"Point","coordinates":[-70.87997,-27.50957]}},
{"type":"Feature","properties":{"cine_prov":"031","cine_com":"03102","nom_com":"Caldera","nom_prov":"Copiapó","nom_reg":"Atacama","cine_reg":"03","sector":"Puerto Viejo"},"geometry":{"type":"Point","coordinates":[-70.93983,-27.33827]}},
{"type":"Feature","properties":{"cine_prov":"031","cine_com":"03102","nom_com":"Caldera","nom_prov":"Copiapó","nom_reg":"Atacama","cine_reg":"03","sector":"Puerto Viejo"},"geometry":{"type":"Point","coordinates":[-70.92857,-27.33755]}},
{"type":"Feature","properties":{"cine_prov":"031","cine_com":"03102","nom_com":"Caldera","nom_prov":"Copiapó","nom_reg":"Atacama","cine_reg":"03","sector":"Puerto Viejo"},"geometry":{"type":"Point","coordinates":[-70.92951,-27.3315]}},
{"type":"Feature","properties":{"cine_prov":"031","cine_com":"03102","nom_com":"Caldera","nom_prov":"Copiapó","nom_reg":"Atacama","cine_reg":"03","sector":"Bahía Inglesa"},"geometry":{"type":"Point","coordinates":[-70.83774,-27.11005]}},
{"type":"Feature","properties":{"cine_prov":"031","cine_com":"03102","nom_com":"Caldera","nom_prov":"Copiapó","nom_reg":"Atacama","cine_reg":"03","sector":"Bahía Inglesa"},"geometry":{"type":"Point","coordinates":[-70.8331,-27.09522]}},
{"type":"Feature","properties":{"cine_prov":"031","cine_com":"03102","nom_com":"Caldera","nom_prov":"Copiapó","nom_reg":"Atacama","cine_reg":"03","sector":"Bahía Inglesa"},"geometry":{"type":"Point","coordinates":[-70.83049,-27.08981]}},
{"type":"Feature","properties":{"cine_prov":"031","cine_com":"03102","nom_com":"Caldera","nom_prov":"Copiapó","nom_reg":"Atacama","cine_reg":"03","sector":"Bahía Inglesa"},"geometry":{"type":"Point","coordinates":[-70.83579,-27.07639]}},
{"type":"Feature","properties":{"cine_prov":"031","cine_com":"03102","nom_com":"Caldera","nom_prov":"Copiapó","nom_reg":"Atacama","cine_reg":"03","sector":"Rodillo-Ramada"},"geometry":{"type":"Point","coordinates":[-70.79497,-27.0191]}},
{"type":"Feature","properties":{"cine_prov":"031","cine_com":"03102","nom_com":"Caldera","nom_prov":"Copiapó","nom_reg":"Atacama","cine_reg":"03","sector":"Rodillo-Ramada"},"geometry":{"type":"Point","coordinates":[-70.78769,-27.0183]}},
{"type":"Feature","properties":{"cine_prov":"031","cine_com":"03102","nom_com":"Caldera","nom_prov":"Copiapó","nom_reg":"Atacama","cine_reg":"03","sector":"Rodillo-Ramada"},"geometry":{"type":"Point","coordinates":[-70.78179,-26.99692]}},
{"type":"Feature","properties":{"cine_prov":"031","cine_com":"03102","nom_com":"Caldera","nom_prov":"Copiapó","nom_reg":"Atacama","cine_reg":"03","sector":"Rodillo-Ramada"},"geometry":{"type":"Point","coordinates":[-70.78593,-26.98636]}},
{"type":"Feature","properties":{"cine_prov":"031","cine_com":"03102","nom_com":"Caldera","nom_prov":"Copiapó","nom_reg":"Atacama","cine_reg":"03","sector":"Rodillo-Ramada"},"geometry":{"type":"Point","coordinates":[-70.78541,-26.9805]}},
{"type":"Feature","properties":{"cine_prov":"031","cine_com":"03102","nom_com":"Caldera","nom_prov":"Copiapó","nom_reg":"Atacama","cine_reg":"03","sector":"Obispito"},"geometry":{"type":"Point","coordinates":[-70.73247,-26.73516]}},
{"type":"Feature","properties":{"cine_prov":"032","cine_com":"03201","nom_com":"Chañaral","nom_prov":"Chañaral","nom_reg":"Atacama","cine_reg":"03","sector":"Las Torres del Inca"},"geometry":{"type":"Point","coordinates":[-70.69794,-26.60481]}},
{"type":"Feature","properties":{"cine_prov":"032","cine_com":"03201","nom_com":"Chañaral","nom_prov":"Chañaral","nom_reg":"Atacama","cine_reg":"03","sector":"Flamenco"},"geometry":{"type":"Point","coordinates":[-70.68342,-26.57982]}},
{"type":"Feature","properties":{"cine_prov":"032","cine_com":"03201","nom_com":"Chañaral","nom_prov":"Chañaral","nom_reg":"Atacama","cine_reg":"03","sector":"Flamenco"},"geometry":{"type":"Point","coordinates":[-70.67622,-26.57112]}},
{"type":"Feature","properties":{"cine_prov":"032","cine_com":"03201","nom_com":"Chañaral","nom_prov":"Chañaral","nom_reg":"Atacama","cine_reg":"03","sector":"Flamenco"},"geometry":{"type":"Point","coordinates":[-70.67382,-26.55923]}},
{"type":"Feature","properties":{"cine_prov":"032","cine_com":"03201","nom_com":"Chañaral","nom_prov":"Chañaral","nom_reg":"Atacama","cine_reg":"03","sector":"Las Piscinas"},"geometry":{"type":"Point","coordinates":[-70.68858,-26.54342]}},
{"type":"Feature","properties":{"cine_prov":"032","cine_com":"03201","nom_com":"Chañaral","nom_prov":"Chañaral","nom_reg":"Atacama","cine_reg":"03","sector":"Porto Fino-Villa Alegre"},"geometry":{"type":"Point","coordinates":[-70.69573,-26.52296]}},
{"type":"Feature","properties":{"cine_prov":"032","cine_com":"03201","nom_com":"Chañaral","nom_prov":"Chañaral","nom_reg":"Atacama","cine_reg":"03","sector":"Porto Fino-Villa Alegre"},"geometry":{"type":"Point","coordinates":[-70.69691,-26.51171]}},
{"type":"Feature","properties":{"cine_prov":"032","cine_com":"03201","nom_com":"Chañaral","nom_prov":"Chañaral","nom_reg":"Atacama","cine_reg":"03","sector":"Pan de Azúcar"},"geometry":{"type":"Point","coordinates":[-70.65845,-26.14778]}},
{"type":"Feature","properties":{"cine_prov":"032","cine_com":"03201","nom_com":"Chañaral","nom_prov":"Chañaral","nom_reg":"Atacama","cine_reg":"03","sector":"Pan de Azúcar"},"geometry":{"type":"Point","coordinates":[-70.65465,-26.14266]}},
{"type":"Feature","properties":{"cine_prov":"032","cine_com":"03201","nom_com":"Chañaral","nom_prov":"Chañaral","nom_reg":"Atacama","cine_reg":"03","sector":"Pan de Azúcar"},"geometry":{"type":"Point","coordinates":[-70.65238,-26.1386]}},
{"type":"Feature","properties":{"cine_prov":"011","cine_com":"01101","nom_com":"Iquique","nom_prov":"Iquique","nom_reg":"Tarapacá","cine_reg":"01","sector":"Caleta Chipana"},"geometry":{"type":"Point","coordinates":[-70.09103,-21.34428]}},
{"type":"Feature","properties":{"cine_prov":"011","cine_com":"01101","nom_com":"Iquique","nom_prov":"Iquique","nom_reg":"Tarapacá","cine_reg":"01","sector":"Caleta San Marcos"},"geometry":{"type":"Point","coordinates":[-70.11942,-21.11633]}},
{"type":"Feature","properties":{"cine_prov":"011","cine_com":"01101","nom_com":"Iquique","nom_prov":"Iquique","nom_reg":"Tarapacá","cine_reg":"01","sector":"Caleta Río Seco"},"geometry":{"type":"Point","coordinates":[-70.16046,-20.99886]}},
{"type":"Feature","properties":{"cine_prov":"011","cine_com":"01101","nom_com":"Iquique","nom_prov":"Iquique","nom_reg":"Tarapacá","cine_reg":"01","sector":"Caleta Río Seco"},"geometry":{"type":"Point","coordinates":[-70.15652,-20.99639]}},
{"type":"Feature","properties":{"cine_prov":"011","cine_com":"01101","nom_com":"Iquique","nom_prov":"Iquique","nom_reg":"Tarapacá","cine_reg":"01","sector":"Chanavaya"},"geometry":{"type":"Point","coordinates":[-70.13129,-20.89522]}},
{"type":"Feature","properties":{"cine_prov":"011","cine_com":"01101","nom_com":"Iquique","nom_prov":"Iquique","nom_reg":"Tarapacá","cine_reg":"01","sector":"Puerto Patache"},"geometry":{"type":"Point","coordinates":[-70.19242,-20.80909]}},
{"type":"Feature","properties":{"cine_prov":"011","cine_com":"01101","nom_com":"Iquique","nom_prov":"Iquique","nom_reg":"Tarapacá","cine_reg":"01","sector":"Caramucho"},"geometry":{"type":"Point","coordinates":[-70.16709,-20.67878]}},
{"type":"Feature","properties":{"cine_prov":"011","cine_com":"01101","nom_com":"Iquique","nom_prov":"Iquique","nom_reg":"Tarapacá","cine_reg":"01","sector":"Caramucho"},"geometry":{"type":"Point","coordinates":[-70.16682,-20.66058]}},
{"type":"Feature","properties":{"cine_prov":"011","cine_com":"01101","nom_com":"Iquique","nom_prov":"Iquique","nom_reg":"Tarapacá","cine_reg":"01","sector":"Caramucho"},"geometry":{"type":"Point","coordinates":[-70.18325,-20.6424]}},
{"type":"Feature","properties":{"cine_prov":"011","cine_com":"01101","nom_com":"Iquique","nom_prov":"Iquique","nom_reg":"Tarapacá","cine_reg":"01","sector":"Quinteros"},"geometry":{"type":"Point","coordinates":[-70.19167,-20.60473]}},
{"type":"Feature","properties":{"cine_prov":"011","cine_com":"01101","nom_com":"Iquique","nom_prov":"Iquique","nom_reg":"Tarapacá","cine_reg":"01","sector":"Los Verdes"},"geometry":{"type":"Point","coordinates":[-70.15889,-20.42483]}},
{"type":"Feature","properties":{"cine_prov":"011","cine_com":"01101","nom_com":"Iquique","nom_prov":"Iquique","nom_reg":"Tarapacá","cine_reg":"01","sector":"Playa Blanca"},"geometry":{"type":"Point","coordinates":[-70.14187,-20.33143]}},
{"type":"Feature","properties":{"cine_prov":"011","cine_com":"01101","nom_com":"Iquique","nom_prov":"Iquique","nom_reg":"Tarapacá","cine_reg":"01","sector":"Iquique"},"geometry":{"type":"Point","coordinates":[-70.1245,-20.29109]}},
{"type":"Feature","properties":{"cine_prov":"011","cine_com":"01101","nom_com":"Iquique","nom_prov":"Iquique","nom_reg":"Tarapacá","cine_reg":"01","sector":"Iquique"},"geometry":{"type":"Point","coordinates":[-70.13092,-20.25602]}},
{"type":"Feature","properties":{"cine_prov":"011","cine_com":"01101","nom_com":"Iquique","nom_prov":"Iquique","nom_reg":"Tarapacá","cine_reg":"01","sector":"Iquique"},"geometry":{"type":"Point","coordinates":[-70.13129,-20.25431]}},
{"type":"Feature","properties":{"cine_prov":"011","cine_com":"01101","nom_com":"Iquique","nom_prov":"Iquique","nom_reg":"Tarapacá","cine_reg":"01","sector":"Iquique"},"geometry":{"type":"Point","coordinates":[-70.13167,-20.25291]}},
{"type":"Feature","properties":{"cine_prov":"011","cine_com":"01101","nom_com":"Iquique","nom_prov":"Iquique","nom_reg":"Tarapacá","cine_reg":"01","sector":"Iquique"},"geometry":{"type":"Point","coordinates":[-70.13188,-20.25143]}},
{"type":"Feature","properties":{"cine_prov":"011","cine_com":"01101","nom_com":"Iquique","nom_prov":"Iquique","nom_reg":"Tarapacá","cine_reg":"01","sector":"Iquique"},"geometry":{"type":"Point","coordinates":[-70.13255,-20.24894]}},
{"type":"Feature","properties":{"cine_prov":"011","cine_com":"01101","nom_com":"Iquique","nom_prov":"Iquique","nom_reg":"Tarapacá","cine_reg":"01","sector":"Iquique"},"geometry":{"type":"Point","coordinates":[-70.13327,-20.24486]}},
{"type":"Feature","properties":{"cine_prov":"011","cine_com":"01101","nom_com":"Iquique","nom_prov":"Iquique","nom_reg":"Tarapacá","cine_reg":"01","sector":"Iquique"},"geometry":{"type":"Point","coordinates":[-70.13374,-20.24333]}},
{"type":"Feature","properties":{"cine_prov":"011","cine_com":"01101","nom_com":"Iquique","nom_prov":"Iquique","nom_reg":"Tarapacá","cine_reg":"01","sector":"Iquique"},"geometry":{"type":"Point","coordinates":[-70.13419,-20.24144]}},
{"type":"Feature","properties":{"cine_prov":"011","cine_com":"01101","nom_com":"Iquique","nom_prov":"Iquique","nom_reg":"Tarapacá","cine_reg":"01","sector":"Iquique"},"geometry":{"type":"Point","coordinates":[-70.13445,-20.24019]}},
{"type":"Feature","properties":{"cine_prov":"011","cine_com":"01101","nom_com":"Iquique","nom_prov":"Iquique","nom_reg":"Tarapacá","cine_reg":"01","sector":"Iquique"},"geometry":{"type":"Point","coordinates":[-70.13387,-20.23818]}},
{"type":"Feature","properties":{"cine_prov":"011","cine_com":"01101","nom_com":"Iquique","nom_prov":"Iquique","nom_reg":"Tarapacá","cine_reg":"01","sector":"Iquique"},"geometry":{"type":"Point","coordinates":[-70.13543,-20.23729]}},
{"type":"Feature","properties":{"cine_prov":"011","cine_com":"01101","nom_com":"Iquique","nom_prov":"Iquique","nom_reg":"Tarapacá","cine_reg":"01","sector":"Iquique"},"geometry":{"type":"Point","coordinates":[-70.13715,-20.23624]}},
{"type":"Feature","properties":{"cine_prov":"011","cine_com":"01101","nom_com":"Iquique","nom_prov":"Iquique","nom_reg":"Tarapacá","cine_reg":"01","sector":"Iquique"},"geometry":{"type":"Point","coordinates":[-70.13386,-20.23475]}},
{"type":"Feature","properties":{"cine_prov":"011","cine_com":"01101","nom_com":"Iquique","nom_prov":"Iquique","nom_reg":"Tarapacá","cine_reg":"01","sector":"Iquique"},"geometry":{"type":"Point","coordinates":[-70.13351,-20.23289]}},
{"type":"Feature","properties":{"cine_prov":"011","cine_com":"01101","nom_com":"Iquique","nom_prov":"Iquique","nom_reg":"Tarapacá","cine_reg":"01","sector":"Iquique"},"geometry":{"type":"Point","coordinates":[-70.13309,-20.23081]}},
{"type":"Feature","properties":{"cine_prov":"011","cine_com":"01101","nom_com":"Iquique","nom_prov":"Iquique","nom_reg":"Tarapacá","cine_reg":"01","sector":"Iquique"},"geometry":{"type":"Point","coordinates":[-70.13319,-20.22916]}},
{"type":"Feature","properties":{"cine_prov":"011","cine_com":"01101","nom_com":"Iquique","nom_prov":"Iquique","nom_reg":"Tarapacá","cine_reg":"01","sector":"Iquique"},"geometry":{"type":"Point","coordinates":[-70.13672,-20.2221]}},
{"type":"Feature","properties":{"cine_prov":"011","cine_com":"01101","nom_com":"Iquique","nom_prov":"Iquique","nom_reg":"Tarapacá","cine_reg":"01","sector":"Iquique"},"geometry":{"type":"Point","coordinates":[-70.13657,-20.2212]}},
{"type":"Feature","properties":{"cine_prov":"011","cine_com":"01101","nom_com":"Iquique","nom_prov":"Iquique","nom_reg":"Tarapacá","cine_reg":"01","sector":"Iquique"},"geometry":{"type":"Point","coordinates":[-70.13856,-20.21999]}},
{"type":"Feature","properties":{"cine_prov":"011","cine_com":"01101","nom_com":"Iquique","nom_prov":"Iquique","nom_reg":"Tarapacá","cine_reg":"01","sector":"Iquique"},"geometry":{"type":"Point","coordinates":[-70.1386,-20.21908]}},
{"type":"Feature","properties":{"cine_prov":"011","cine_com":"01101","nom_com":"Iquique","nom_prov":"Iquique","nom_reg":"Tarapacá","cine_reg":"01","sector":"Iquique"},"geometry":{"type":"Point","coordinates":[-70.1385,-20.21803]}},
{"type":"Feature","properties":{"cine_prov":"011","cine_com":"01101","nom_com":"Iquique","nom_prov":"Iquique","nom_reg":"Tarapacá","cine_reg":"01","sector":"Iquique"},"geometry":{"type":"Point","coordinates":[-70.13847,-20.21741]}},
{"type":"Feature","properties":{"cine_prov":"011","cine_com":"01101","nom_com":"Iquique","nom_prov":"Iquique","nom_reg":"Tarapacá","cine_reg":"01","sector":"Iquique"},"geometry":{"type":"Point","coordinates":[-70.141,-20.21537]}},
{"type":"Feature","properties":{"cine_prov":"011","cine_com":"01101","nom_com":"Iquique","nom_prov":"Iquique","nom_reg":"Tarapacá","cine_reg":"01","sector":"Iquique"},"geometry":{"type":"Point","coordinates":[-70.13379,-20.21268]}},
{"type":"Feature","properties":{"cine_prov":"011","cine_com":"01101","nom_com":"Iquique","nom_prov":"Iquique","nom_reg":"Tarapacá","cine_reg":"01","sector":"Iquique"},"geometry":{"type":"Point","coordinates":[-70.14129,-20.21185]}},
{"type":"Feature","properties":{"cine_prov":"011","cine_com":"01101","nom_com":"Iquique","nom_prov":"Iquique","nom_reg":"Tarapacá","cine_reg":"01","sector":"Iquique"},"geometry":{"type":"Point","coordinates":[-70.1367,-20.2118]}},
{"type":"Feature","properties":{"cine_prov":"011","cine_com":"01101","nom_com":"Iquique","nom_prov":"Iquique","nom_reg":"Tarapacá","cine_reg":"01","sector":"Iquique"},"geometry":{"type":"Point","coordinates":[-70.14128,-20.21113]}},
{"type":"Feature","properties":{"cine_prov":"011","cine_com":"01101","nom_com":"Iquique","nom_prov":"Iquique","nom_reg":"Tarapacá","cine_reg":"01","sector":"Iquique"},"geometry":{"type":"Point","coordinates":[-70.13993,-20.2111]}},
{"type":"Feature","properties":{"cine_prov":"014","cine_com":"01404","nom_com":"Huara","nom_prov":"Tamarugal","nom_reg":"Tarapacá","cine_reg":"01","sector":"Pisagua"},"geometry":{"type":"Point","coordinates":[-70.21716,-19.59866]}},
{"type":"Feature","properties":{"cine_prov":"112","cine_com":"11202","nom_com":"Cisnes","nom_prov":"Aisén","nom_reg":"Aysén del General Carlos Ibáñez del Campo","cine_reg":"11","sector":"Puyuhuapi"},"geometry":{"type":"Point","coordinates":[-72.55798,-44.31666]}},
{"type":"Feature","properties":{"cine_prov":"112","cine_com":"11202","nom_com":"Cisnes","nom_prov":"Aisén","nom_reg":"Aysén del General Carlos Ibáñez del Campo","cine_reg":"11","sector":"Puyuhuapi"},"geometry":{"type":"Point","coordinates":[-72.55515,-44.31732]}},
{"type":"Feature","properties":{"cine_prov":"112","cine_com":"11202","nom_com":"Cisnes","nom_prov":"Aisén","nom_reg":"Aysén del General Carlos Ibáñez del Campo","cine_reg":"11","sector":"Puerto Cisnes"},"geometry":{"type":"Point","coordinates":[-72.67234,-44.73291]}},
{"type":"Feature","properties":{"cine_prov":"112","cine_com":"11202","nom_com":"Cisnes","nom_prov":"Aisén","nom_reg":"Aysén del General Carlos Ibáñez del Campo","cine_reg":"11","sector":"Puerto Cisnes"},"geometry":{"type":"Point","coordinates":[-72.68075,-44.7222]}},
{"type":"Feature","properties":{"cine_prov":"112","cine_com":"11202","nom_com":"Cisnes","nom_prov":"Aisén","nom_reg":"Aysén del General Carlos Ibáñez del Campo","cine_reg":"11","sector":"Melimoyu"},"geometry":{"type":"Point","coordinates":[-73.10599,-44.11917]}},
{"type":"Feature","properties":{"cine_prov":"112","cine_com":"11202","nom_com":"Cisnes","nom_prov":"Aisén","nom_reg":"Aysén del General Carlos Ibáñez del Campo","cine_reg":"11","sector":"Puerto Raúl Marín Balmaceda"},"geometry":{"type":"Point","coordinates":[-72.95999,-43.76999]}},
{"type":"Feature","properties":{"cine_prov":"032","cine_com":"03201","nom_com":"Chañaral","nom_prov":"Chañaral","nom_reg":"Atacama","cine_reg":"03","sector":"Caleta Caleuche"},"geometry":{"type":"Point","coordinates":[-70.66923,-26.39297]}},
{"type":"Feature","properties":{"cine_prov":"032","cine_com":"03201","nom_com":"Chañaral","nom_prov":"Chañaral","nom_reg":"Atacama","cine_reg":"03","sector":"Caleta Hippie"},"geometry":{"type":"Point","coordinates":[-70.69043,-26.39664]}},
{"type":"Feature","properties":{"cine_prov":"032","cine_com":"03201","nom_com":"Chañaral","nom_prov":"Chañaral","nom_reg":"Atacama","cine_reg":"03","sector":"Caleta Médanos"},"geometry":{"type":"Point","coordinates":[-70.68568,-26.4749]}},
{"type":"Feature","properties":{"cine_prov":"011","cine_com":"01101","nom_com":"Iquique","nom_prov":"Iquique","nom_reg":"Tarapacá","cine_reg":"01","sector":"Iquique"},"geometry":{"type":"Point","coordinates":[-70.13489,-20.22732]}},
{"type":"Feature","properties":{"cine_prov":"011","cine_com":"01101","nom_com":"Iquique","nom_prov":"Iquique","nom_reg":"Tarapacá","cine_reg":"01","sector":"Iquique"},"geometry":{"type":"Point","coordinates":[-70.12865,-20.26175]}},
{"type":"Feature","properties":{"cine_prov":"011","cine_com":"01101","nom_com":"Iquique","nom_prov":"Iquique","nom_reg":"Tarapacá","cine_reg":"01","sector":"Iquique"},"geometry":{"type":"Point","coordinates":[-70.13296,-20.24677]}},
{"type":"Feature","properties":{"cine_prov":"032","cine_com":"03201","nom_com":"Chañaral","nom_prov":"Chañaral","nom_reg":"Atacama","cine_reg":"03","sector":"Caletas Refugio y Pozones"},"geometry":{"type":"Point","coordinates":[-70.64332,-26.26025]}},
{"type":"Feature","properties":{"cine_prov":"032","cine_com":"03201","nom_com":"Chañaral","nom_prov":"Chañaral","nom_reg":"Atacama","cine_reg":"03","sector":"Caletas Refugio y Pozones"},"geometry":{"type":"Point","coordinates":[-70.64559,-26.26367]}},
{"type":"Feature","properties":{"cine_prov":"032","cine_com":"03201","nom_com":"Chañaral","nom_prov":"Chañaral","nom_reg":"Atacama","cine_reg":"03","sector":"Las Gaviotas"},"geometry":{"type":"Point","coordinates":[-70.69006,-26.42667]}},
{"type":"Feature","properties":{"cine_prov":"032","cine_com":"03201","nom_com":"Chañaral","nom_prov":"Chañaral","nom_reg":"Atacama","cine_reg":"03","sector":"Playa Las Pocitas"},"geometry":{"type":"Point","coordinates":[-70.68324,-26.48155]}},
{"type":"Feature","properties":{"cine_prov":"032","cine_com":"03201","nom_com":"Chañaral","nom_prov":"Chañaral","nom_reg":"Atacama","cine_reg":"03","sector":"Flamenco"},"geometry":{"type":"Point","coordinates":[-70.67681,-26.57434]}},
{"type":"Feature","properties":{"cine_prov":"032","cine_com":"03201","nom_com":"Chañaral","nom_prov":"Chañaral","nom_reg":"Atacama","cine_reg":"03","sector":"Caleta Hippie"},"geometry":{"type":"Point","coordinates":[-70.69042,-26.40755]}},
{"type":"Feature","properties":{"cine_prov":"031","cine_com":"03102","nom_com":"Caldera","nom_prov":"Copiapó","nom_reg":"Atacama","cine_reg":"03","sector":"Bahía Inglesa"},"geometry":{"type":"Point","coordinates":[-70.83688,-27.1018]}},
{"type":"Feature","properties":{"cine_prov":"091","cine_com":"09118","nom_com":"Toltén","nom_prov":"Cautín","nom_reg":"La Araucanía","cine_reg":"09","sector":"Queule (Tolten)"},"geometry":{"type":"Point","coordinates":[-73.19425,-39.40295]}},
{"type":"Feature","properties":{"cine_prov":"091","cine_com":"09118","nom_com":"Toltén","nom_prov":"Cautín","nom_reg":"La Araucanía","cine_reg":"09","sector":"Queule (Tolten)"},"geometry":{"type":"Point","coordinates":[-73.21541,-39.40117]}},
{"type":"Feature","properties":{"cine_prov":"091","cine_com":"09118","nom_com":"Toltén","nom_prov":"Cautín","nom_reg":"La Araucanía","cine_reg":"09","sector":"Queule (Tolten)"},"geometry":{"type":"Point","coordinates":[-73.21184,-39.39974]}},
{"type":"Feature","properties":{"cine_prov":"091","cine_com":"09118","nom_com":"Toltén","nom_prov":"Cautín","nom_reg":"La Araucanía","cine_reg":"09","sector":"Queule (Tolten)"},"geometry":{"type":"Point","coordinates":[-73.20983,-39.39955]}},
{"type":"Feature","properties":{"cine_prov":"091","cine_com":"09118","nom_com":"Toltén","nom_prov":"Cautín","nom_reg":"La Araucanía","cine_reg":"09","sector":"La Barra (Tolten)"},"geometry":{"type":"Point","coordinates":[-73.16127,-39.24251]}},
{"type":"Feature","properties":{"cine_prov":"091","cine_com":"09118","nom_com":"Toltén","nom_prov":"Cautín","nom_reg":"La Araucanía","cine_reg":"09","sector":"La Barra (Tolten)"},"geometry":{"type":"Point","coordinates":[-73.12965,-39.22623]}},
{"type":"Feature","properties":{"cine_prov":"091","cine_com":"09118","nom_com":"Toltén","nom_prov":"Cautín","nom_reg":"La Araucanía","cine_reg":"09","sector":"Nueva Tolten (Tolten)"},"geometry":{"type":"Point","coordinates":[-73.13058,-39.18775]}},
{"type":"Feature","properties":{"cine_prov":"091","cine_com":"09118","nom_com":"Toltén","nom_prov":"Cautín","nom_reg":"La Araucanía","cine_reg":"09","sector":"Nueva Tolten (Tolten)"},"geometry":{"type":"Point","coordinates":[-73.10089,-39.16078]}},
{"type":"Feature","properties":{"cine_prov":"091","cine_com":"09117","nom_com":"Teodoro Schmidt","nom_prov":"Cautín","nom_reg":"La Araucanía","cine_reg":"09","sector":"Hualpin (Teodoro Schmidt)"},"geometry":{"type":"Point","coordinates":[-73.20471,-39.04251]}},
{"type":"Feature","properties":{"cine_prov":"091","cine_com":"09116","nom_com":"Saavedra","nom_prov":"Cautín","nom_reg":"La Araucanía","cine_reg":"09","sector":"Puerto Dominguez"},"geometry":{"type":"Point","coordinates":[-73.25286,-38.9039]}},
{"type":"Feature","properties":{"cine_prov":"091","cine_com":"09116","nom_com":"Saavedra","nom_prov":"Cautín","nom_reg":"La Araucanía","cine_reg":"09","sector":"Puerto Dominguez"},"geometry":{"type":"Point","coordinates":[-73.25258,-38.89765]}},
{"type":"Feature","properties":{"cine_prov":"091","cine_com":"09116","nom_com":"Saavedra","nom_prov":"Cautín","nom_reg":"La Araucanía","cine_reg":"09","sector":"Puerto Saavedra-Boca Budi (Saavedra)"},"geometry":{"type":"Point","coordinates":[-73.39456,-38.81993]}},
{"type":"Feature","properties":{"cine_prov":"091","cine_com":"09116","nom_com":"Saavedra","nom_prov":"Cautín","nom_reg":"La Araucanía","cine_reg":"09","sector":"Puerto Saavedra-Boca Budi (Saavedra)"},"geometry":{"type":"Point","coordinates":[-73.39718,-38.81502]}},
{"type":"Feature","properties":{"cine_prov":"091","cine_com":"09116","nom_com":"Saavedra","nom_prov":"Cautín","nom_reg":"La Araucanía","cine_reg":"09","sector":"Puerto Saavedra-Boca Budi (Saavedra)"},"geometry":{"type":"Point","coordinates":[-73.39141,-38.79971]}},
{"type":"Feature","properties":{"cine_prov":"091","cine_com":"09116","nom_com":"Saavedra","nom_prov":"Cautín","nom_reg":"La Araucanía","cine_reg":"09","sector":"Puerto Saavedra-Boca Budi (Saavedra)"},"geometry":{"type":"Point","coordinates":[-73.38357,-38.79108]}},
{"type":"Feature","properties":{"cine_prov":"091","cine_com":"09102","nom_com":"Carahue","nom_prov":"Cautín","nom_reg":"La Araucanía","cine_reg":"09","sector":"Nehuentúe"},"geometry":{"type":"Point","coordinates":[-73.42076,-38.74229]}},
{"type":"Feature","properties":{"cine_prov":"091","cine_com":"09102","nom_com":"Carahue","nom_prov":"Cautín","nom_reg":"La Araucanía","cine_reg":"09","sector":"Nehuentúe"},"geometry":{"type":"Point","coordinates":[-73.42121,-38.74129]}},
{"type":"Feature","properties":{"cine_prov":"091","cine_com":"09102","nom_com":"Carahue","nom_prov":"Cautín","nom_reg":"La Araucanía","cine_reg":"09","sector":"Nehuentúe"},"geometry":{"type":"Point","coordinates":[-73.42784,-38.73818]}},
{"type":"Feature","properties":{"cine_prov":"091","cine_com":"09102","nom_com":"Carahue","nom_prov":"Cautín","nom_reg":"La Araucanía","cine_reg":"09","sector":"Nehuentúe"},"geometry":{"type":"Point","coordinates":[-73.4162,-38.73631]}},
{"type":"Feature","properties":{"cine_prov":"091","cine_com":"09102","nom_com":"Carahue","nom_prov":"Cautín","nom_reg":"La Araucanía","cine_reg":"09","sector":"Nehuentúe"},"geometry":{"type":"Point","coordinates":[-73.40995,-38.73315]}},
{"type":"Feature","properties":{"cine_prov":"091","cine_com":"09118","nom_com":"Toltén","nom_prov":"Cautín","nom_reg":"La Araucanía","cine_reg":"09","sector":"Queule (Tolten)"},"geometry":{"type":"Point","coordinates":[-73.21779,-39.39656]}},
{"type":"Feature","properties":{"cine_prov":"091","cine_com":"09118","nom_com":"Toltén","nom_prov":"Cautín","nom_reg":"La Araucanía","cine_reg":"09","sector":"Queule (Tolten)"},"geometry":{"type":"Point","coordinates":[-73.20158,-39.39763]}},
{"type":"Feature","properties":{"cine_prov":"091","cine_com":"09118","nom_com":"Toltén","nom_prov":"Cautín","nom_reg":"La Araucanía","cine_reg":"09","sector":"Queule (Tolten)"},"geometry":{"type":"Point","coordinates":[-73.2025,-39.38566]}},
{"type":"Feature","properties":{"cine_prov":"091","cine_com":"09117","nom_com":"Teodoro Schmidt","nom_prov":"Cautín","nom_reg":"La Araucanía","cine_reg":"09","sector":"Hualpin"},"geometry":{"type":"Point","coordinates":[-73.26244,-38.99554]}},
{"type":"Feature","properties":{"cine_prov":"091","cine_com":"09117","nom_com":"Teodoro Schmidt","nom_prov":"Cautín","nom_reg":"La Araucanía","cine_reg":"09","sector":"Hualpin"},"geometry":{"type":"Point","coordinates":[-73.27939,-38.99078]}},
{"type":"Feature","properties":{"cine_prov":"091","cine_com":"09117","nom_com":"Teodoro Schmidt","nom_prov":"Cautín","nom_reg":"La Araucanía","cine_reg":"09","sector":"Hualpin"},"geometry":{"type":"Point","coordinates":[-73.3064,-38.9845]}},
{"type":"Feature","properties":{"cine_prov":"091","cine_com":"09117","nom_com":"Teodoro Schmidt","nom_prov":"Cautín","nom_reg":"La Araucanía","cine_reg":"09","sector":"Hualpin"},"geometry":{"type":"Point","coordinates":[-73.23717,-39.04031]}},
{"type":"Feature","properties":{"cine_prov":"091","cine_com":"09102","nom_com":"Carahue","nom_prov":"Cautín","nom_reg":"La Araucanía","cine_reg":"09","sector":"Nehuentúe"},"geometry":{"type":"Point","coordinates":[-73.42796,-38.74041]}},
{"type":"Feature","properties":{"cine_prov":"091","cine_com":"09102","nom_com":"Carahue","nom_prov":"Cautín","nom_reg":"La Araucanía","cine_reg":"09","sector":"Valle de CoiCoi"},"geometry":{"type":"Point","coordinates":[-73.48911,-38.61772]}},
{"type":"Feature","properties":{"cine_prov":"091","cine_com":"09102","nom_com":"Carahue","nom_prov":"Cautín","nom_reg":"La Araucanía","cine_reg":"09","sector":"Valle de CoiCoi"},"geometry":{"type":"Point","coordinates":[-73.48438,-38.61696]}},
{"type":"Feature","properties":{"cine_prov":"091","cine_com":"09102","nom_com":"Carahue","nom_prov":"Cautín","nom_reg":"La Araucanía","cine_reg":"09","sector":"Valle de CoiCoi"},"geometry":{"type":"Point","coordinates":[-73.4864,-38.62053]}},
{"type":"Feature","properties":{"cine_prov":"091","cine_com":"09102","nom_com":"Carahue","nom_prov":"Cautín","nom_reg":"La Araucanía","cine_reg":"09","sector":"Valle de CoiCoi"},"geometry":{"type":"Point","coordinates":[-73.4796,-38.62019]}},
{"type":"Feature","properties":{"cine_prov":"091","cine_com":"09102","nom_com":"Carahue","nom_prov":"Cautín","nom_reg":"La Araucanía","cine_reg":"09","sector":"Valle de CoiCoi"},"geometry":{"type":"Point","coordinates":[-73.48612,-38.62336]}},
{"type":"Feature","properties":{"cine_prov":"091","cine_com":"09102","nom_com":"Carahue","nom_prov":"Cautín","nom_reg":"La Araucanía","cine_reg":"09","sector":"Valle de CoiCoi"},"geometry":{"type":"Point","coordinates":[-73.48439,-38.62623]}},
{"type":"Feature","properties":{"cine_prov":"091","cine_com":"09102","nom_com":"Carahue","nom_prov":"Cautín","nom_reg":"La Araucanía","cine_reg":"09","sector":"Valle de CoiCoi"},"geometry":{"type":"Point","coordinates":[-73.47895,-38.62787]}},
{"type":"Feature","properties":{"cine_prov":"091","cine_com":"09102","nom_com":"Carahue","nom_prov":"Cautín","nom_reg":"La Araucanía","cine_reg":"09","sector":"Valle de CoiCoi"},"geometry":{"type":"Point","coordinates":[-73.47377,-38.62645]}},
{"type":"Feature","properties":{"cine_prov":"091","cine_com":"09102","nom_com":"Carahue","nom_prov":"Cautín","nom_reg":"La Araucanía","cine_reg":"09","sector":"Valle de CoiCoi"},"geometry":{"type":"Point","coordinates":[-73.47199,-38.63023]}},
{"type":"Feature","properties":{"cine_prov":"091","cine_com":"09102","nom_com":"Carahue","nom_prov":"Cautín","nom_reg":"La Araucanía","cine_reg":"09","sector":"Valle de CoiCoi"},"geometry":{"type":"Point","coordinates":[-73.48234,-38.63435]}},
{"type":"Feature","properties":{"cine_prov":"091","cine_com":"09102","nom_com":"Carahue","nom_prov":"Cautín","nom_reg":"La Araucanía","cine_reg":"09","sector":"Valle de CoiCoi"},"geometry":{"type":"Point","coordinates":[-73.46912,-38.63467]}},
{"type":"Feature","properties":{"cine_prov":"091","cine_com":"09102","nom_com":"Carahue","nom_prov":"Cautín","nom_reg":"La Araucanía","cine_reg":"09","sector":"Valle de CoiCoi"},"geometry":{"type":"Point","coordinates":[-73.4773,-38.63779]}},
{"type":"Feature","properties":{"cine_prov":"091","cine_com":"09102","nom_com":"Carahue","nom_prov":"Cautín","nom_reg":"La Araucanía","cine_reg":"09","sector":"Valle de CoiCoi"},"geometry":{"type":"Point","coordinates":[-73.48213,-38.64044]}},
{"type":"Feature","properties":{"cine_prov":"091","cine_com":"09102","nom_com":"Carahue","nom_prov":"Cautín","nom_reg":"La Araucanía","cine_reg":"09","sector":"Valle de CoiCoi"},"geometry":{"type":"Point","coordinates":[-73.47924,-38.6455]}},
{"type":"Feature","properties":{"cine_prov":"091","cine_com":"09102","nom_com":"Carahue","nom_prov":"Cautín","nom_reg":"La Araucanía","cine_reg":"09","sector":"Valle de CoiCoi"},"geometry":{"type":"Point","coordinates":[-73.48032,-38.62609]}},
{"type":"Feature","properties":{"cine_prov":"091","cine_com":"09102","nom_com":"Carahue","nom_prov":"Cautín","nom_reg":"La Araucanía","cine_reg":"09","sector":"Valle de CoiCoi"},"geometry":{"type":"Point","coordinates":[-73.47144,-38.62509]}},
{"type":"Feature","properties":{"cine_prov":"091","cine_com":"09102","nom_com":"Carahue","nom_prov":"Cautín","nom_reg":"La Araucanía","cine_reg":"09","sector":"Valle de CoiCoi"},"geometry":{"type":"Point","coordinates":[-73.48719,-38.61341]}},
{"type":"Feature","properties":{"cine_prov":"091","cine_com":"09102","nom_com":"Carahue","nom_prov":"Cautín","nom_reg":"La Araucanía","cine_reg":"09","sector":"Valle de CoiCoi"},"geometry":{"type":"Point","coordinates":[-73.48798,-38.61906]}},
{"type":"Feature","properties":{"cine_prov":"091","cine_com":"09102","nom_com":"Carahue","nom_prov":"Cautín","nom_reg":"La Araucanía","cine_reg":"09","sector":"Valle de CoiCoi"},"geometry":{"type":"Point","coordinates":[-73.48196,-38.6191]}},
{"type":"Feature","properties":{"cine_prov":"091","cine_com":"09102","nom_com":"Carahue","nom_prov":"Cautín","nom_reg":"La Araucanía","cine_reg":"09","sector":"Valle de CoiCoi"},"geometry":{"type":"Point","coordinates":[-73.47318,-38.6289]}},
{"type":"Feature","properties":{"cine_prov":"091","cine_com":"09102","nom_com":"Carahue","nom_prov":"Cautín","nom_reg":"La Araucanía","cine_reg":"09","sector":"Valle de CoiCoi"},"geometry":{"type":"Point","coordinates":[-73.47022,-38.63249]}},
{"type":"Feature","properties":{"cine_prov":"091","cine_com":"09102","nom_com":"Carahue","nom_prov":"Cautín","nom_reg":"La Araucanía","cine_reg":"09","sector":"Valle de CoiCoi"},"geometry":{"type":"Point","coordinates":[-73.47619,-38.63505]}},
{"type":"Feature","properties":{"cine_prov":"091","cine_com":"09102","nom_com":"Carahue","nom_prov":"Cautín","nom_reg":"La Araucanía","cine_reg":"09","sector":"Valle de CoiCoi"},"geometry":{"type":"Point","coordinates":[-73.46685,-38.6354]}},
{"type":"Feature","properties":{"cine_prov":"091","cine_com":"09102","nom_com":"Carahue","nom_prov":"Cautín","nom_reg":"La Araucanía","cine_reg":"09","sector":"Nehuentúe"},"geometry":{"type":"Point","coordinates":[-73.41576,-38.73117]}},
{"type":"Feature","properties":{"cine_prov":"091","cine_com":"09102","nom_com":"Carahue","nom_prov":"Cautín","nom_reg":"La Araucanía","cine_reg":"09","sector":"Nehuentúe"},"geometry":{"type":"Point","coordinates":[-73.42572,-38.73494]}},
{"type":"Feature","properties":{"cine_prov":"091","cine_com":"09118","nom_com":"Toltén","nom_prov":"Cautín","nom_reg":"La Araucanía","cine_reg":"09","sector":"Queule (Tolten)"},"geometry":{"type":"Point","coordinates":[-73.19939,-39.40424]}},
{"type":"Feature","properties":{"cine_prov":"011","cine_com":"01101","nom_com":"Iquique","nom_prov":"Iquique","nom_reg":"Tarapacá","cine_reg":"01","sector":"Iquique"},"geometry":{"type":"Point","coordinates":[-70.12969,-20.26864]}},
{"type":"Feature","properties":{"cine_prov":"011","cine_com":"01101","nom_com":"Iquique","nom_prov":"Iquique","nom_reg":"Tarapacá","cine_reg":"01","sector":"Iquique"},"geometry":{"type":"Point","coordinates":[-70.12978,-20.27489]}},
{"type":"Feature","properties":{"cine_prov":"011","cine_com":"01101","nom_com":"Iquique","nom_prov":"Iquique","nom_reg":"Tarapacá","cine_reg":"01","sector":"Caleta Cañamo"},"geometry":{"type":"Point","coordinates":[-70.18251,-20.79335]}},
{"type":"Feature","properties":{"cine_prov":"011","cine_com":"01101","nom_com":"Iquique","nom_prov":"Iquique","nom_reg":"Tarapacá","cine_reg":"01","sector":"Iquique"},"geometry":{"type":"Point","coordinates":[-70.13746,-20.22385]}},
{"type":"Feature","properties":{"cine_prov":"011","cine_com":"01101","nom_com":"Iquique","nom_prov":"Iquique","nom_reg":"Tarapacá","cine_reg":"01","sector":"Iquique"},"geometry":{"type":"Point","coordinates":[-70.1383,-20.2253]}},
{"type":"Feature","properties":{"cine_prov":"014","cine_com":"01404","nom_com":"Huara","nom_prov":"Tamarugal","nom_reg":"Tarapacá","cine_reg":"01","sector":"Pisagua"},"geometry":{"type":"Point","coordinates":[-70.21092,-19.59761]}},
{"type":"Feature","properties":{"cine_prov":"033","cine_com":"03303","nom_com":"Freirina","nom_prov":"Huasco","nom_reg":"Atacama","cine_reg":"03","sector":"Chañaral de Aceituno"},"geometry":{"type":"Point","coordinates":[-71.47958,-29.07414]}},
{"type":"Feature","properties":{"cine_prov":"033","cine_com":"03303","nom_com":"Freirina","nom_prov":"Huasco","nom_reg":"Atacama","cine_reg":"03","sector":"Chañaral de Aceituno"},"geometry":{"type":"Point","coordinates":[-71.48324,-29.07217]}},
{"type":"Feature","properties":{"cine_prov":"033","cine_com":"03303","nom_com":"Freirina","nom_prov":"Huasco","nom_reg":"Atacama","cine_reg":"03","sector":"Chañaral de Aceituno"},"geometry":{"type":"Point","coordinates":[-71.47982,-29.08005]}},
{"type":"Feature","properties":{"cine_prov":"141","cine_com":"14102","nom_com":"Corral","nom_prov":"Valdivia","nom_reg":"Los Ríos","cine_reg":"14","sector":"Isla del Rey"},"geometry":{"type":"Point","coordinates":[-73.36054,-39.88383]}},
{"type":"Feature","properties":{"cine_prov":"141","cine_com":"14102","nom_com":"Corral","nom_prov":"Valdivia","nom_reg":"Los Ríos","cine_reg":"14","sector":"Amargos"},"geometry":{"type":"Point","coordinates":[-73.42854,-39.8803]}},
{"type":"Feature","properties":{"cine_prov":"141","cine_com":"14102","nom_com":"Corral","nom_prov":"Valdivia","nom_reg":"Los Ríos","cine_reg":"14","sector":"Corral"},"geometry":{"type":"Point","coordinates":[-73.43453,-39.88682]}},
{"type":"Feature","properties":{"cine_prov":"141","cine_com":"14102","nom_com":"Corral","nom_prov":"Valdivia","nom_reg":"Los Ríos","cine_reg":"14","sector":"Isla del Rey"},"geometry":{"type":"Point","coordinates":[-73.36807,-39.87809]}},
{"type":"Feature","properties":{"cine_prov":"141","cine_com":"14102","nom_com":"Corral","nom_prov":"Valdivia","nom_reg":"Los Ríos","cine_reg":"14","sector":"Huiro"},"geometry":{"type":"Point","coordinates":[-73.63884,-39.96007]}},
{"type":"Feature","properties":{"cine_prov":"141","cine_com":"14102","nom_com":"Corral","nom_prov":"Valdivia","nom_reg":"Los Ríos","cine_reg":"14","sector":"Isla Mancera"},"geometry":{"type":"Point","coordinates":[-73.39286,-39.893]}},
{"type":"Feature","properties":{"cine_prov":"141","cine_com":"14102","nom_com":"Corral","nom_prov":"Valdivia","nom_reg":"Los Ríos","cine_reg":"14","sector":"Corral"},"geometry":{"type":"Point","coordinates":[-73.42044,-39.89876]}},
{"type":"Feature","properties":{"cine_prov":"141","cine_com":"14102","nom_com":"Corral","nom_prov":"Valdivia","nom_reg":"Los Ríos","cine_reg":"14","sector":"Corral"},"geometry":{"type":"Point","coordinates":[-73.42496,-39.88116]}},
{"type":"Feature","properties":{"cine_prov":"141","cine_com":"14102","nom_com":"Corral","nom_prov":"Valdivia","nom_reg":"Los Ríos","cine_reg":"14","sector":"Isla del Rey"},"geometry":{"type":"Point","coordinates":[-73.35102,-39.88696]}},
{"type":"Feature","properties":{"cine_prov":"141","cine_com":"14102","nom_com":"Corral","nom_prov":"Valdivia","nom_reg":"Los Ríos","cine_reg":"14","sector":"Isla del Rey"},"geometry":{"type":"Point","coordinates":[-73.36594,-39.88164]}},
{"type":"Feature","properties":{"cine_prov":"141","cine_com":"14102","nom_com":"Corral","nom_prov":"Valdivia","nom_reg":"Los Ríos","cine_reg":"14","sector":"Chaihuin"},"geometry":{"type":"Point","coordinates":[-73.5713,-39.94788]}},
{"type":"Feature","properties":{"cine_prov":"141","cine_com":"14102","nom_com":"Corral","nom_prov":"Valdivia","nom_reg":"Los Ríos","cine_reg":"14","sector":"Isla del Rey"},"geometry":{"type":"Point","coordinates":[-73.34493,-39.89241]}},
{"type":"Feature","properties":{"cine_prov":"141","cine_com":"14102","nom_com":"Corral","nom_prov":"Valdivia","nom_reg":"Los Ríos","cine_reg":"14","sector":"Isla del Rey"},"geometry":{"type":"Point","coordinates":[-73.35478,-39.88457]}},
{"type":"Feature","properties":{"cine_prov":"141","cine_com":"14106","nom_com":"Mariquina","nom_prov":"Valdivia","nom_reg":"Los Ríos","cine_reg":"14","sector":"Mehuin-Mississipi"},"geometry":{"type":"Point","coordinates":[-73.22717,-39.44789]}},
{"type":"Feature","properties":{"cine_prov":"141","cine_com":"14102","nom_com":"Corral","nom_prov":"Valdivia","nom_reg":"Los Ríos","cine_reg":"14","sector":"San Carlos"},"geometry":{"type":"Point","coordinates":[-73.43305,-39.86364]}},
{"type":"Feature","properties":{"cine_prov":"141","cine_com":"14106","nom_com":"Mariquina","nom_prov":"Valdivia","nom_reg":"Los Ríos","cine_reg":"14","sector":"Mehuin-Mississipi"},"geometry":{"type":"Point","coordinates":[-73.22487,-39.45085]}},
{"type":"Feature","properties":{"cine_prov":"141","cine_com":"14102","nom_com":"Corral","nom_prov":"Valdivia","nom_reg":"Los Ríos","cine_reg":"14","sector":"Amargos"},"geometry":{"type":"Point","coordinates":[-73.42773,-39.88236]}},
{"type":"Feature","properties":{"cine_prov":"141","cine_com":"14102","nom_com":"Corral","nom_prov":"Valdivia","nom_reg":"Los Ríos","cine_reg":"14","sector":"Corral"},"geometry":{"type":"Point","coordinates":[-73.43252,-39.88457]}},
{"type":"Feature","properties":{"cine_prov":"141","cine_com":"14106","nom_com":"Mariquina","nom_prov":"Valdivia","nom_reg":"Los Ríos","cine_reg":"14","sector":"Mehuin-Mississipi"},"geometry":{"type":"Point","coordinates":[-73.21578,-39.4484]}},
{"type":"Feature","properties":{"cine_prov":"141","cine_com":"14102","nom_com":"Corral","nom_prov":"Valdivia","nom_reg":"Los Ríos","cine_reg":"14","sector":"Chaihuin"},"geometry":{"type":"Point","coordinates":[-73.57012,-39.95187]}},
{"type":"Feature","properties":{"cine_prov":"141","cine_com":"14102","nom_com":"Corral","nom_prov":"Valdivia","nom_reg":"Los Ríos","cine_reg":"14","sector":"Corral"},"geometry":{"type":"Point","coordinates":[-73.42762,-39.89064]}},
{"type":"Feature","properties":{"cine_prov":"141","cine_com":"14102","nom_com":"Corral","nom_prov":"Valdivia","nom_reg":"Los Ríos","cine_reg":"14","sector":"Corral"},"geometry":{"type":"Point","coordinates":[-73.42122,-39.89897]}},
{"type":"Feature","properties":{"cine_prov":"141","cine_com":"14106","nom_com":"Mariquina","nom_prov":"Valdivia","nom_reg":"Los Ríos","cine_reg":"14","sector":"Mehuin-Mississipi"},"geometry":{"type":"Point","coordinates":[-73.20467,-39.43452]}},
{"type":"Feature","properties":{"cine_prov":"141","cine_com":"14106","nom_com":"Mariquina","nom_prov":"Valdivia","nom_reg":"Los Ríos","cine_reg":"14","sector":"Mehuin-Mississipi"},"geometry":{"type":"Point","coordinates":[-73.21048,-39.43083]}},
{"type":"Feature","properties":{"cine_prov":"141","cine_com":"14106","nom_com":"Mariquina","nom_prov":"Valdivia","nom_reg":"Los Ríos","cine_reg":"14","sector":"Cheuque"},"geometry":{"type":"Point","coordinates":[-73.21738,-39.40354]}},
{"type":"Feature","properties":{"cine_prov":"141","cine_com":"14106","nom_com":"Mariquina","nom_prov":"Valdivia","nom_reg":"Los Ríos","cine_reg":"14","sector":"Mehuin-Pichicullin"},"geometry":{"type":"Point","coordinates":[-73.21451,-39.42284]}},
{"type":"Feature","properties":{"cine_prov":"141","cine_com":"14106","nom_com":"Mariquina","nom_prov":"Valdivia","nom_reg":"Los Ríos","cine_reg":"14","sector":"Chan Chan"},"geometry":{"type":"Point","coordinates":[-73.23975,-39.51114]}},
{"type":"Feature","properties":{"cine_prov":"141","cine_com":"14101","nom_com":"Valdivia","nom_prov":"Valdivia","nom_reg":"Los Ríos","cine_reg":"14","sector":"Caleta Bonifacio"},"geometry":{"type":"Point","coordinates":[-73.38184,-39.69474]}},
{"type":"Feature","properties":{"cine_prov":"141","cine_com":"14106","nom_com":"Mariquina","nom_prov":"Valdivia","nom_reg":"Los Ríos","cine_reg":"14","sector":"Mehuin-Mississippi"},"geometry":{"type":"Point","coordinates":[-73.20845,-39.43468]}},
{"type":"Feature","properties":{"cine_prov":"141","cine_com":"14101","nom_com":"Valdivia","nom_prov":"Valdivia","nom_reg":"Los Ríos","cine_reg":"14","sector":"San Ignacio"},"geometry":{"type":"Point","coordinates":[-73.39943,-39.83639]}},
{"type":"Feature","properties":{"cine_prov":"141","cine_com":"14101","nom_com":"Valdivia","nom_prov":"Valdivia","nom_reg":"Los Ríos","cine_reg":"14","sector":"Pilolcura"},"geometry":{"type":"Point","coordinates":[-73.34311,-39.66922]}},
{"type":"Feature","properties":{"cine_prov":"141","cine_com":"14101","nom_com":"Valdivia","nom_prov":"Valdivia","nom_reg":"Los Ríos","cine_reg":"14","sector":"Curiñanco"},"geometry":{"type":"Point","coordinates":[-73.3874,-39.75385]}},
{"type":"Feature","properties":{"cine_prov":"141","cine_com":"14101","nom_com":"Valdivia","nom_prov":"Valdivia","nom_reg":"Los Ríos","cine_reg":"14","sector":"San Ignacio"},"geometry":{"type":"Point","coordinates":[-73.39919,-39.83864]}},
{"type":"Feature","properties":{"cine_prov":"141","cine_com":"14101","nom_com":"Valdivia","nom_prov":"Valdivia","nom_reg":"Los Ríos","cine_reg":"14","sector":"San Ignacio"},"geometry":{"type":"Point","coordinates":[-73.40209,-39.83061]}},
{"type":"Feature","properties":{"cine_prov":"141","cine_com":"14101","nom_com":"Valdivia","nom_prov":"Valdivia","nom_reg":"Los Ríos","cine_reg":"14","sector":"Los Molinos-Niebla"},"geometry":{"type":"Point","coordinates":[-73.3993,-39.84506]}},
{"type":"Feature","properties":{"cine_prov":"141","cine_com":"14101","nom_com":"Valdivia","nom_prov":"Valdivia","nom_reg":"Los Ríos","cine_reg":"14","sector":"Los Molinos-Niebla"},"geometry":{"type":"Point","coordinates":[-73.39007,-39.84884]}},
{"type":"Feature","properties":{"cine_prov":"141","cine_com":"14101","nom_com":"Valdivia","nom_prov":"Valdivia","nom_reg":"Los Ríos","cine_reg":"14","sector":"Los Molinos-Niebla"},"geometry":{"type":"Point","coordinates":[-73.39009,-39.85098]}},
{"type":"Feature","properties":{"cine_prov":"141","cine_com":"14101","nom_com":"Valdivia","nom_prov":"Valdivia","nom_reg":"Los Ríos","cine_reg":"14","sector":"Los Molinos-Niebla"},"geometry":{"type":"Point","coordinates":[-73.38969,-39.87328]}},
{"type":"Feature","properties":{"cine_prov":"141","cine_com":"14102","nom_com":"Corral","nom_prov":"Valdivia","nom_reg":"Los Ríos","cine_reg":"14","sector":"Amargos"},"geometry":{"type":"Point","coordinates":[-73.43218,-39.86668]}},
{"type":"Feature","properties":{"cine_prov":"141","cine_com":"14102","nom_com":"Corral","nom_prov":"Valdivia","nom_reg":"Los Ríos","cine_reg":"14","sector":"San Carlos"},"geometry":{"type":"Point","coordinates":[-73.43763,-39.86447]}},
{"type":"Feature","properties":{"cine_prov":"141","cine_com":"14102","nom_com":"Corral","nom_prov":"Valdivia","nom_reg":"Los Ríos","cine_reg":"14","sector":"Amargos"},"geometry":{"type":"Point","coordinates":[-73.42727,-39.87023]}},
{"type":"Feature","properties":{"cine_prov":"141","cine_com":"14102","nom_com":"Corral","nom_prov":"Valdivia","nom_reg":"Los Ríos","cine_reg":"14","sector":"Amargos"},"geometry":{"type":"Point","coordinates":[-73.42627,-39.87141]}},
{"type":"Feature","properties":{"cine_prov":"141","cine_com":"14102","nom_com":"Corral","nom_prov":"Valdivia","nom_reg":"Los Ríos","cine_reg":"14","sector":"Isla Mancera"},"geometry":{"type":"Point","coordinates":[-73.39248,-39.89101]}},
{"type":"Feature","properties":{"cine_prov":"141","cine_com":"14102","nom_com":"Corral","nom_prov":"Valdivia","nom_reg":"Los Ríos","cine_reg":"14","sector":"Corral"},"geometry":{"type":"Point","coordinates":[-73.42669,-39.88239]}},
{"type":"Feature","properties":{"cine_prov":"141","cine_com":"14102","nom_com":"Corral","nom_prov":"Valdivia","nom_reg":"Los Ríos","cine_reg":"14","sector":"Corral"},"geometry":{"type":"Point","coordinates":[-73.43141,-39.89088]}},
{"type":"Feature","properties":{"cine_prov":"141","cine_com":"14102","nom_com":"Corral","nom_prov":"Valdivia","nom_reg":"Los Ríos","cine_reg":"14","sector":"Corral"},"geometry":{"type":"Point","coordinates":[-73.4308,-39.89003]}},
{"type":"Feature","properties":{"cine_prov":"141","cine_com":"14102","nom_com":"Corral","nom_prov":"Valdivia","nom_reg":"Los Ríos","cine_reg":"14","sector":"Corral"},"geometry":{"type":"Point","coordinates":[-73.4284,-39.88908]}},
{"type":"Feature","properties":{"cine_prov":"141","cine_com":"14106","nom_com":"Mariquina","nom_prov":"Valdivia","nom_reg":"Los Ríos","cine_reg":"14","sector":"Chan Chan"},"geometry":{"type":"Point","coordinates":[-73.2397,-39.53626]}},
{"type":"Feature","properties":{"cine_prov":"141","cine_com":"14106","nom_com":"Mariquina","nom_prov":"Valdivia","nom_reg":"Los Ríos","cine_reg":"14","sector":"Chan Chan"},"geometry":{"type":"Point","coordinates":[-73.25001,-39.54273]}},
{"type":"Feature","properties":{"cine_prov":"141","cine_com":"14106","nom_com":"Mariquina","nom_prov":"Valdivia","nom_reg":"Los Ríos","cine_reg":"14","sector":"Queule"},"geometry":{"type":"Point","coordinates":[-73.22737,-39.39252]}},
{"type":"Feature","properties":{"cine_prov":"141","cine_com":"14101","nom_com":"Valdivia","nom_prov":"Valdivia","nom_reg":"Los Ríos","cine_reg":"14","sector":"Los Molinos-Niebla"},"geometry":{"type":"Point","coordinates":[-73.39144,-39.84566]}},
{"type":"Feature","properties":{"cine_prov":"141","cine_com":"14101","nom_com":"Valdivia","nom_prov":"Valdivia","nom_reg":"Los Ríos","cine_reg":"14","sector":"Curiñanco"},"geometry":{"type":"Point","coordinates":[-73.38772,-39.76162]}},
{"type":"Feature","properties":{"cine_prov":"141","cine_com":"14101","nom_com":"Valdivia","nom_prov":"Valdivia","nom_reg":"Los Ríos","cine_reg":"14","sector":"Curiñanco"},"geometry":{"type":"Point","coordinates":[-73.38773,-39.75701]}},
{"type":"Feature","properties":{"cine_prov":"141","cine_com":"14101","nom_com":"Valdivia","nom_prov":"Valdivia","nom_reg":"Los Ríos","cine_reg":"14","sector":"Curiñanco"},"geometry":{"type":"Point","coordinates":[-73.38074,-39.74348]}},
{"type":"Feature","properties":{"cine_prov":"141","cine_com":"14101","nom_com":"Valdivia","nom_prov":"Valdivia","nom_reg":"Los Ríos","cine_reg":"14","sector":"Curiñanco"},"geometry":{"type":"Point","coordinates":[-73.38483,-39.73161]}},
{"type":"Feature","properties":{"cine_prov":"141","cine_com":"14101","nom_com":"Valdivia","nom_prov":"Valdivia","nom_reg":"Los Ríos","cine_reg":"14","sector":"Curiñanco"},"geometry":{"type":"Point","coordinates":[-73.38789,-39.726]}},
{"type":"Feature","properties":{"cine_prov":"141","cine_com":"14101","nom_com":"Valdivia","nom_prov":"Valdivia","nom_reg":"Los Ríos","cine_reg":"14","sector":"Curiñanco"},"geometry":{"type":"Point","coordinates":[-73.40302,-39.71903]}},
{"type":"Feature","properties":{"cine_prov":"141","cine_com":"14101","nom_com":"Valdivia","nom_prov":"Valdivia","nom_reg":"Los Ríos","cine_reg":"14","sector":"Los Molinos-Niebla"},"geometry":{"type":"Point","coordinates":[-73.38389,-39.87097]}},
{"type":"Feature","properties":{"cine_prov":"141","cine_com":"14101","nom_com":"Valdivia","nom_prov":"Valdivia","nom_reg":"Los Ríos","cine_reg":"14","sector":"Los Molinos-Niebla"},"geometry":{"type":"Point","coordinates":[-73.39518,-39.8725]}},
{"type":"Feature","properties":{"cine_prov":"141","cine_com":"14101","nom_com":"Valdivia","nom_prov":"Valdivia","nom_reg":"Los Ríos","cine_reg":"14","sector":"Los Molinos-Niebla"},"geometry":{"type":"Point","coordinates":[-73.39133,-39.86617]}},
{"type":"Feature","properties":{"cine_prov":"141","cine_com":"14101","nom_com":"Valdivia","nom_prov":"Valdivia","nom_reg":"Los Ríos","cine_reg":"14","sector":"Los Molinos-Niebla"},"geometry":{"type":"Point","coordinates":[-73.39289,-39.86045]}},
{"type":"Feature","properties":{"cine_prov":"141","cine_com":"14101","nom_com":"Valdivia","nom_prov":"Valdivia","nom_reg":"Los Ríos","cine_reg":"14","sector":"Curiñanco"},"geometry":{"type":"Point","coordinates":[-73.37778,-39.73693]}},
{"type":"Feature","properties":{"cine_prov":"141","cine_com":"14101","nom_com":"Valdivia","nom_prov":"Valdivia","nom_reg":"Los Ríos","cine_reg":"14","sector":"Pilolcura"},"geometry":{"type":"Point","coordinates":[-73.34623,-39.67052]}},
{"type":"Feature","properties":{"cine_prov":"141","cine_com":"14101","nom_com":"Valdivia","nom_prov":"Valdivia","nom_reg":"Los Ríos","cine_reg":"14","sector":"Pilolcura"},"geometry":{"type":"Point","coordinates":[-73.35169,-39.67467]}},
{"type":"Feature","properties":{"cine_prov":"141","cine_com":"14101","nom_com":"Valdivia","nom_prov":"Valdivia","nom_reg":"Los Ríos","cine_reg":"14","sector":"Los Molinos-Niebla"},"geometry":{"type":"Point","coordinates":[-73.3755,-39.86588]}},
{"type":"Feature","properties":{"cine_prov":"141","cine_com":"14102","nom_com":"Corral","nom_prov":"Valdivia","nom_reg":"Los Ríos","cine_reg":"14","sector":"Chaihuin"},"geometry":{"type":"Point","coordinates":[-73.58339,-39.95772]}},
{"type":"Feature","properties":{"cine_prov":"141","cine_com":"14102","nom_com":"Corral","nom_prov":"Valdivia","nom_reg":"Los Ríos","cine_reg":"14","sector":"Chaihuin"},"geometry":{"type":"Point","coordinates":[-73.57455,-39.94336]}},
{"type":"Feature","properties":{"cine_prov":"141","cine_com":"14102","nom_com":"Corral","nom_prov":"Valdivia","nom_reg":"Los Ríos","cine_reg":"14","sector":"Chaihuin"},"geometry":{"type":"Point","coordinates":[-73.58465,-39.93799]}},
{"type":"Feature","properties":{"cine_prov":"141","cine_com":"14102","nom_com":"Corral","nom_prov":"Valdivia","nom_reg":"Los Ríos","cine_reg":"14","sector":"Corral"},"geometry":{"type":"Point","coordinates":[-73.42301,-39.89949]}},
{"type":"Feature","properties":{"cine_prov":"141","cine_com":"14102","nom_com":"Corral","nom_prov":"Valdivia","nom_reg":"Los Ríos","cine_reg":"14","sector":"Corral"},"geometry":{"type":"Point","coordinates":[-73.42461,-39.89227]}},
{"type":"Feature","properties":{"cine_prov":"141","cine_com":"14102","nom_com":"Corral","nom_prov":"Valdivia","nom_reg":"Los Ríos","cine_reg":"14","sector":"Corral"},"geometry":{"type":"Point","coordinates":[-73.42816,-39.89054]}},
{"type":"Feature","properties":{"cine_prov":"141","cine_com":"14102","nom_com":"Corral","nom_prov":"Valdivia","nom_reg":"Los Ríos","cine_reg":"14","sector":"Corral"},"geometry":{"type":"Point","coordinates":[-73.43605,-39.89047]}},
{"type":"Feature","properties":{"cine_prov":"141","cine_com":"14102","nom_com":"Corral","nom_prov":"Valdivia","nom_reg":"Los Ríos","cine_reg":"14","sector":"Corral"},"geometry":{"type":"Point","coordinates":[-73.43012,-39.88385]}},
{"type":"Feature","properties":{"cine_prov":"141","cine_com":"14102","nom_com":"Corral","nom_prov":"Valdivia","nom_reg":"Los Ríos","cine_reg":"14","sector":"Amargos"},"geometry":{"type":"Point","coordinates":[-73.42711,-39.87282]}},
{"type":"Feature","properties":{"cine_prov":"141","cine_com":"14102","nom_com":"Corral","nom_prov":"Valdivia","nom_reg":"Los Ríos","cine_reg":"14","sector":"Los Liles"},"geometry":{"type":"Point","coordinates":[-73.46956,-39.86834]}},
{"type":"Feature","properties":{"cine_prov":"141","cine_com":"14102","nom_com":"Corral","nom_prov":"Valdivia","nom_reg":"Los Ríos","cine_reg":"14","sector":"Chaihuin"},"geometry":{"type":"Point","coordinates":[-73.57733,-39.94273]}},
{"type":"Feature","properties":{"cine_prov":"141","cine_com":"14102","nom_com":"Corral","nom_prov":"Valdivia","nom_reg":"Los Ríos","cine_reg":"14","sector":"Huape"},"geometry":{"type":"Point","coordinates":[-73.53127,-39.9268]}},
{"type":"Feature","properties":{"cine_prov":"141","cine_com":"14102","nom_com":"Corral","nom_prov":"Valdivia","nom_reg":"Los Ríos","cine_reg":"14","sector":"Huape"},"geometry":{"type":"Point","coordinates":[-73.52312,-39.91846]}},
{"type":"Feature","properties":{"cine_prov":"141","cine_com":"14102","nom_com":"Corral","nom_prov":"Valdivia","nom_reg":"Los Ríos","cine_reg":"14","sector":"Huape"},"geometry":{"type":"Point","coordinates":[-73.51023,-39.91797]}},
{"type":"Feature","properties":{"cine_prov":"141","cine_com":"14102","nom_com":"Corral","nom_prov":"Valdivia","nom_reg":"Los Ríos","cine_reg":"14","sector":"Huiro"},"geometry":{"type":"Point","coordinates":[-73.62014,-39.96316]}},
{"type":"Feature","properties":{"cine_prov":"141","cine_com":"14102","nom_com":"Corral","nom_prov":"Valdivia","nom_reg":"Los Ríos","cine_reg":"14","sector":"Huiro"},"geometry":{"type":"Point","coordinates":[-73.65676,-39.96416]}},
{"type":"Feature","properties":{"cine_prov":"141","cine_com":"14102","nom_com":"Corral","nom_prov":"Valdivia","nom_reg":"Los Ríos","cine_reg":"14","sector":"Huiro"},"geometry":{"type":"Point","coordinates":[-73.66083,-39.96905]}},
{"type":"Feature","properties":{"cine_prov":"141","cine_com":"14102","nom_com":"Corral","nom_prov":"Valdivia","nom_reg":"Los Ríos","cine_reg":"14","sector":"Caleta San Juan"},"geometry":{"type":"Point","coordinates":[-73.41287,-39.93421]}},
{"type":"Feature","properties":{"cine_prov":"141","cine_com":"14102","nom_com":"Corral","nom_prov":"Valdivia","nom_reg":"Los Ríos","cine_reg":"14","sector":"Sector Catrilelfu"},"geometry":{"type":"Point","coordinates":[-73.40269,-39.95428]}},
{"type":"Feature","properties":{"cine_prov":"142","cine_com":"14201","nom_com":"La Unión","nom_prov":"Ranco","nom_reg":"Los Ríos","cine_reg":"14","sector":"Hueicolla"},"geometry":{"type":"Point","coordinates":[-73.65944,-40.16075]}},
{"type":"Feature","properties":{"cine_prov":"142","cine_com":"14201","nom_com":"La Unión","nom_prov":"Ranco","nom_reg":"Los Ríos","cine_reg":"14","sector":"Hueicolla"},"geometry":{"type":"Point","coordinates":[-73.65778,-40.15959]}},
{"type":"Feature","properties":{"cine_prov":"011","cine_com":"01101","nom_com":"Iquique","nom_prov":"Iquique","nom_reg":"Tarapacá","cine_reg":"01","sector":"Iquique"},"geometry":{"type":"Point","coordinates":[-70.13783,-20.22289]}},
{"type":"Feature","properties":{"cine_prov":"011","cine_com":"01101","nom_com":"Iquique","nom_prov":"Iquique","nom_reg":"Tarapacá","cine_reg":"01","sector":"Los Verdes"},"geometry":{"type":"Point","coordinates":[-70.15613,-20.43212]}},
{"type":"Feature","properties":{"cine_prov":"011","cine_com":"01101","nom_com":"Iquique","nom_prov":"Iquique","nom_reg":"Tarapacá","cine_reg":"01","sector":"Chanavayita"},"geometry":{"type":"Point","coordinates":[-70.17539,-20.70282]}},
{"type":"Feature","properties":{"cine_prov":"011","cine_com":"01101","nom_com":"Iquique","nom_prov":"Iquique","nom_reg":"Tarapacá","cine_reg":"01","sector":"Puerto Patilos"},"geometry":{"type":"Point","coordinates":[-70.17403,-20.74614]}},
{"type":"Feature","properties":{"cine_prov":"011","cine_com":"01101","nom_com":"Iquique","nom_prov":"Iquique","nom_reg":"Tarapacá","cine_reg":"01","sector":"Aduana"},"geometry":{"type":"Point","coordinates":[-70.04808,-21.41726]}},
{"type":"Feature","properties":{"cine_prov":"011","cine_com":"01101","nom_com":"Iquique","nom_prov":"Iquique","nom_reg":"Tarapacá","cine_reg":"01","sector":"Aduana"},"geometry":{"type":"Point","coordinates":[-70.04983,-21.41643]}},
{"type":"Feature","properties":{"cine_prov":"031","cine_com":"03102","nom_com":"Caldera","nom_prov":"Copiapó","nom_reg":"Atacama","cine_reg":"03","sector":"Caldera"},"geometry":{"type":"Point","coordinates":[-70.83494,-27.05846]}},
{"type":"Feature","properties":{"cine_prov":"031","cine_com":"03102","nom_com":"Caldera","nom_prov":"Copiapó","nom_reg":"Atacama","cine_reg":"03","sector":"Caldera"},"geometry":{"type":"Point","coordinates":[-70.83486,-27.06344]}},
{"type":"Feature","properties":{"cine_prov":"031","cine_com":"03102","nom_com":"Caldera","nom_prov":"Copiapó","nom_reg":"Atacama","cine_reg":"03","sector":"Caldera"},"geometry":{"type":"Point","coordinates":[-70.83388,-27.06517]}},
{"type":"Feature","properties":{"cine_prov":"031","cine_com":"03102","nom_com":"Caldera","nom_prov":"Copiapó","nom_reg":"Atacama","cine_reg":"03","sector":"Caldera"},"geometry":{"type":"Point","coordinates":[-70.83123,-27.06775]}},
{"type":"Feature","properties":{"cine_prov":"031","cine_com":"03102","nom_com":"Caldera","nom_prov":"Copiapó","nom_reg":"Atacama","cine_reg":"03","sector":"Caldera"},"geometry":{"type":"Point","coordinates":[-70.80816,-27.07338]}},
{"type":"Feature","properties":{"cine_prov":"031","cine_com":"03102","nom_com":"Caldera","nom_prov":"Copiapó","nom_reg":"Atacama","cine_reg":"03","sector":"Caldera"},"geometry":{"type":"Point","coordinates":[-70.81369,-27.07201]}},
{"type":"Feature","properties":{"cine_prov":"031","cine_com":"03102","nom_com":"Caldera","nom_prov":"Copiapó","nom_reg":"Atacama","cine_reg":"03","sector":"Caldera"},"geometry":{"type":"Point","coordinates":[-70.82346,-27.07203]}},
{"type":"Feature","properties":{"cine_prov":"031","cine_com":"03102","nom_com":"Caldera","nom_prov":"Copiapó","nom_reg":"Atacama","cine_reg":"03","sector":"Caldera"},"geometry":{"type":"Point","coordinates":[-70.81709,-27.07137]}},
{"type":"Feature","properties":{"cine_prov":"031","cine_com":"03102","nom_com":"Caldera","nom_prov":"Copiapó","nom_reg":"Atacama","cine_reg":"03","sector":"Caldera"},"geometry":{"type":"Point","coordinates":[-70.80628,-27.07369]}},
{"type":"Feature","properties":{"cine_prov":"031","cine_com":"03102","nom_com":"Caldera","nom_prov":"Copiapó","nom_reg":"Atacama","cine_reg":"03","sector":"Caldera"},"geometry":{"type":"Point","coordinates":[-70.82948,-27.07025]}},
{"type":"Feature","properties":{"cine_prov":"031","cine_com":"03102","nom_com":"Caldera","nom_prov":"Copiapó","nom_reg":"Atacama","cine_reg":"03","sector":"Caldera"},"geometry":{"type":"Point","coordinates":[-70.82992,-27.0683]}},
{"type":"Feature","properties":{"cine_prov":"031","cine_com":"03102","nom_com":"Caldera","nom_prov":"Copiapó","nom_reg":"Atacama","cine_reg":"03","sector":"Caldera"},"geometry":{"type":"Point","coordinates":[-70.79983,-27.0677]}},
{"type":"Feature","properties":{"cine_prov":"031","cine_com":"03102","nom_com":"Caldera","nom_prov":"Copiapó","nom_reg":"Atacama","cine_reg":"03","sector":"Caldera"},"geometry":{"type":"Point","coordinates":[-70.7982,-27.05483]}},
{"type":"Feature","properties":{"cine_prov":"031","cine_com":"03102","nom_com":"Caldera","nom_prov":"Copiapó","nom_reg":"Atacama","cine_reg":"03","sector":"Caldera"},"geometry":{"type":"Point","coordinates":[-70.80234,-27.07256]}},
{"type":"Feature","properties":{"cine_prov":"031","cine_com":"03102","nom_com":"Caldera","nom_prov":"Copiapó","nom_reg":"Atacama","cine_reg":"03","sector":"Caldera"},"geometry":{"type":"Point","coordinates":[-70.81608,-27.07136]}},
{"type":"Feature","properties":{"cine_prov":"031","cine_com":"03102","nom_com":"Caldera","nom_prov":"Copiapó","nom_reg":"Atacama","cine_reg":"03","sector":"Caldera"},"geometry":{"type":"Point","coordinates":[-70.81903,-27.07116]}},
{"type":"Feature","properties":{"cine_prov":"031","cine_com":"03102","nom_com":"Caldera","nom_prov":"Copiapó","nom_reg":"Atacama","cine_reg":"03","sector":"Caldera"},"geometry":{"type":"Point","coordinates":[-70.82076,-27.07086]}},
{"type":"Feature","properties":{"cine_prov":"031","cine_com":"03102","nom_com":"Caldera","nom_prov":"Copiapó","nom_reg":"Atacama","cine_reg":"03","sector":"Caldera"},"geometry":{"type":"Point","coordinates":[-70.80859,-27.04226]}},
{"type":"Feature","properties":{"cine_prov":"031","cine_com":"03102","nom_com":"Caldera","nom_prov":"Copiapó","nom_reg":"Atacama","cine_reg":"03","sector":"Caldera"},"geometry":{"type":"Point","coordinates":[-70.81339,-27.07476]}},
{"type":"Feature","properties":{"cine_prov":"032","cine_com":"03201","nom_com":"Chañaral","nom_prov":"Chañaral","nom_reg":"Atacama","cine_reg":"03","sector":"El Barquito"},"geometry":{"type":"Point","coordinates":[-70.6434,-26.36201]}},
{"type":"Feature","properties":{"cine_prov":"032","cine_com":"03201","nom_com":"Chañaral","nom_prov":"Chañaral","nom_reg":"Atacama","cine_reg":"03","sector":"Chañaral"},"geometry":{"type":"Point","coordinates":[-70.60181,-26.33458]}},
{"type":"Feature","properties":{"cine_prov":"032","cine_com":"03201","nom_com":"Chañaral","nom_prov":"Chañaral","nom_reg":"Atacama","cine_reg":"03","sector":"Chañaral"},"geometry":{"type":"Point","coordinates":[-70.60179,-26.34049]}},
{"type":"Feature","properties":{"cine_prov":"032","cine_com":"03201","nom_com":"Chañaral","nom_prov":"Chañaral","nom_reg":"Atacama","cine_reg":"03","sector":"Chañaral"},"geometry":{"type":"Point","coordinates":[-70.61302,-26.34604]}},
{"type":"Feature","properties":{"cine_prov":"032","cine_com":"03201","nom_com":"Chañaral","nom_prov":"Chañaral","nom_reg":"Atacama","cine_reg":"03","sector":"Chañaral"},"geometry":{"type":"Point","coordinates":[-70.61636,-26.34785]}},
{"type":"Feature","properties":{"cine_prov":"032","cine_com":"03201","nom_com":"Chañaral","nom_prov":"Chañaral","nom_reg":"Atacama","cine_reg":"03","sector":"Chañaral"},"geometry":{"type":"Point","coordinates":[-70.6182,-26.34914]}},
{"type":"Feature","properties":{"cine_prov":"032","cine_com":"03201","nom_com":"Chañaral","nom_prov":"Chañaral","nom_reg":"Atacama","cine_reg":"03","sector":"Chañaral"},"geometry":{"type":"Point","coordinates":[-70.62181,-26.34895]}},
{"type":"Feature","properties":{"cine_prov":"032","cine_com":"03201","nom_com":"Chañaral","nom_prov":"Chañaral","nom_reg":"Atacama","cine_reg":"03","sector":"Chañaral"},"geometry":{"type":"Point","coordinates":[-70.62298,-26.34896]}},
{"type":"Feature","properties":{"cine_prov":"032","cine_com":"03201","nom_com":"Chañaral","nom_prov":"Chañaral","nom_reg":"Atacama","cine_reg":"03","sector":"Chañaral"},"geometry":{"type":"Point","coordinates":[-70.62396,-26.3491]}},
{"type":"Feature","properties":{"cine_prov":"032","cine_com":"03201","nom_com":"Chañaral","nom_prov":"Chañaral","nom_reg":"Atacama","cine_reg":"03","sector":"Chañaral"},"geometry":{"type":"Point","coordinates":[-70.62822,-26.35083]}},
{"type":"Feature","properties":{"cine_prov":"033","cine_com":"03304","nom_com":"Huasco","nom_prov":"Huasco","nom_reg":"Atacama","cine_reg":"03","sector":"Carizal Bajo"},"geometry":{"type":"Point","coordinates":[-71.14645,-28.08605]}},
{"type":"Feature","properties":{"cine_prov":"033","cine_com":"03304","nom_com":"Huasco","nom_prov":"Huasco","nom_reg":"Atacama","cine_reg":"03","sector":"Los Toyos"},"geometry":{"type":"Point","coordinates":[-71.16899,-28.37358]}},
{"type":"Feature","properties":{"cine_prov":"033","cine_com":"03304","nom_com":"Huasco","nom_prov":"Huasco","nom_reg":"Atacama","cine_reg":"03","sector":"Los Toyos"},"geometry":{"type":"Point","coordinates":[-71.1711,-28.3767]}},
{"type":"Feature","properties":{"cine_prov":"033","cine_com":"03304","nom_com":"Huasco","nom_prov":"Huasco","nom_reg":"Atacama","cine_reg":"03","sector":"Los Toyos"},"geometry":{"type":"Point","coordinates":[-71.17743,-28.38388]}},
{"type":"Feature","properties":{"cine_prov":"033","cine_com":"03304","nom_com":"Huasco","nom_prov":"Huasco","nom_reg":"Atacama","cine_reg":"03","sector":"Los Toyos"},"geometry":{"type":"Point","coordinates":[-71.18224,-28.38615]}},
{"type":"Feature","properties":{"cine_prov":"033","cine_com":"03304","nom_com":"Huasco","nom_prov":"Huasco","nom_reg":"Atacama","cine_reg":"03","sector":"Los Toyos"},"geometry":{"type":"Point","coordinates":[-71.18464,-28.38743]}},
{"type":"Feature","properties":{"cine_prov":"033","cine_com":"03304","nom_com":"Huasco","nom_prov":"Huasco","nom_reg":"Atacama","cine_reg":"03","sector":"Los Toyos"},"geometry":{"type":"Point","coordinates":[-71.18554,-28.38999]}},
{"type":"Feature","properties":{"cine_prov":"033","cine_com":"03304","nom_com":"Huasco","nom_prov":"Huasco","nom_reg":"Atacama","cine_reg":"03","sector":"Huasco"},"geometry":{"type":"Point","coordinates":[-71.16996,-28.46196]}},
{"type":"Feature","properties":{"cine_prov":"033","cine_com":"03304","nom_com":"Huasco","nom_prov":"Huasco","nom_reg":"Atacama","cine_reg":"03","sector":"Huasco"},"geometry":{"type":"Point","coordinates":[-71.17747,-28.47476]}},
{"type":"Feature","properties":{"cine_prov":"033","cine_com":"03304","nom_com":"Huasco","nom_prov":"Huasco","nom_reg":"Atacama","cine_reg":"03","sector":"Huasco"},"geometry":{"type":"Point","coordinates":[-71.2171,-28.46707]}},
{"type":"Feature","properties":{"cine_prov":"033","cine_com":"03304","nom_com":"Huasco","nom_prov":"Huasco","nom_reg":"Atacama","cine_reg":"03","sector":"Huasco"},"geometry":{"type":"Point","coordinates":[-71.22231,-28.46788]}},
{"type":"Feature","properties":{"cine_prov":"033","cine_com":"03304","nom_com":"Huasco","nom_prov":"Huasco","nom_reg":"Atacama","cine_reg":"03","sector":"Huasco"},"geometry":{"type":"Point","coordinates":[-71.22322,-28.46741]}},
{"type":"Feature","properties":{"cine_prov":"033","cine_com":"03304","nom_com":"Huasco","nom_prov":"Huasco","nom_reg":"Atacama","cine_reg":"03","sector":"Huasco"},"geometry":{"type":"Point","coordinates":[-71.22438,-28.46696]}},
{"type":"Feature","properties":{"cine_prov":"033","cine_com":"03304","nom_com":"Huasco","nom_prov":"Huasco","nom_reg":"Atacama","cine_reg":"03","sector":"Huasco"},"geometry":{"type":"Point","coordinates":[-71.22488,-28.46648]}},
{"type":"Feature","properties":{"cine_prov":"033","cine_com":"03304","nom_com":"Huasco","nom_prov":"Huasco","nom_reg":"Atacama","cine_reg":"03","sector":"Huasco"},"geometry":{"type":"Point","coordinates":[-71.22623,-28.46471]}},
{"type":"Feature","properties":{"cine_prov":"033","cine_com":"03304","nom_com":"Huasco","nom_prov":"Huasco","nom_reg":"Atacama","cine_reg":"03","sector":"Huasco"},"geometry":{"type":"Point","coordinates":[-71.2269,-28.4661]}},
{"type":"Feature","properties":{"cine_prov":"033","cine_com":"03304","nom_com":"Huasco","nom_prov":"Huasco","nom_reg":"Atacama","cine_reg":"03","sector":"Huasco"},"geometry":{"type":"Point","coordinates":[-71.22954,-28.46789]}},
{"type":"Feature","properties":{"cine_prov":"033","cine_com":"03304","nom_com":"Huasco","nom_prov":"Huasco","nom_reg":"Atacama","cine_reg":"03","sector":"Carizal Bajo"},"geometry":{"type":"Point","coordinates":[-71.15009,-28.08873]}},
{"type":"Feature","properties":{"cine_prov":"033","cine_com":"03304","nom_com":"Huasco","nom_prov":"Huasco","nom_reg":"Atacama","cine_reg":"03","sector":"Huasco"},"geometry":{"type":"Point","coordinates":[-71.18059,-28.47216]}},
{"type":"Feature","properties":{"cine_prov":"033","cine_com":"03304","nom_com":"Huasco","nom_prov":"Huasco","nom_reg":"Atacama","cine_reg":"03","sector":"Huasco"},"geometry":{"type":"Point","coordinates":[-71.21024,-28.46756]}},
{"type":"Feature","properties":{"cine_prov":"033","cine_com":"03304","nom_com":"Huasco","nom_prov":"Huasco","nom_reg":"Atacama","cine_reg":"03","sector":"Huasco"},"geometry":{"type":"Point","coordinates":[-71.20949,-28.46738]}},
{"type":"Feature","properties":{"cine_prov":"033","cine_com":"03304","nom_com":"Huasco","nom_prov":"Huasco","nom_reg":"Atacama","cine_reg":"03","sector":"Huasco"},"geometry":{"type":"Point","coordinates":[-71.16318,-28.46568]}},
{"type":"Feature","properties":{"cine_prov":"033","cine_com":"03304","nom_com":"Huasco","nom_prov":"Huasco","nom_reg":"Atacama","cine_reg":"03","sector":"Huasco"},"geometry":{"type":"Point","coordinates":[-71.18259,-28.45592]}},
{"type":"Feature","properties":{"cine_prov":"033","cine_com":"03304","nom_com":"Huasco","nom_prov":"Huasco","nom_reg":"Atacama","cine_reg":"03","sector":"Huasco"},"geometry":{"type":"Point","coordinates":[-71.16727,-28.46409]}},
{"type":"Feature","properties":{"cine_prov":"033","cine_com":"03304","nom_com":"Huasco","nom_prov":"Huasco","nom_reg":"Atacama","cine_reg":"03","sector":"Los Toyos"},"geometry":{"type":"Point","coordinates":[-71.17169,-28.37896]}},
{"type":"Feature","properties":{"cine_prov":"151","cine_com":"15102","nom_com":"Camarones","nom_prov":"Arica","nom_reg":"Arica y Parinacota","cine_reg":"15","sector":"Caleta Camarones"},"geometry":{"type":"Point","coordinates":[-70.23189,-19.17858]}},
{"type":"Feature","properties":{"cine_prov":"151","cine_com":"15101","nom_com":"Arica","nom_prov":"Arica","nom_reg":"Arica y Parinacota","cine_reg":"15","sector":"Arica"},"geometry":{"type":"Point","coordinates":[-70.31157,-18.48991]}},
{"type":"Feature","properties":{"cine_prov":"151","cine_com":"15101","nom_com":"Arica","nom_prov":"Arica","nom_reg":"Arica y Parinacota","cine_reg":"15","sector":"Arica"},"geometry":{"type":"Point","coordinates":[-70.31533,-18.48483]}},
{"type":"Feature","properties":{"cine_prov":"151","cine_com":"15101","nom_com":"Arica","nom_prov":"Arica","nom_reg":"Arica y Parinacota","cine_reg":"15","sector":"Arica"},"geometry":{"type":"Point","coordinates":[-70.30434,-18.48451]}},
{"type":"Feature","properties":{"cine_prov":"151","cine_com":"15101","nom_com":"Arica","nom_prov":"Arica","nom_reg":"Arica y Parinacota","cine_reg":"15","sector":"Arica"},"geometry":{"type":"Point","coordinates":[-70.30312,-18.48238]}},
{"type":"Feature","properties":{"cine_prov":"151","cine_com":"15101","nom_com":"Arica","nom_prov":"Arica","nom_reg":"Arica y Parinacota","cine_reg":"15","sector":"Arica"},"geometry":{"type":"Point","coordinates":[-70.29996,-18.47538]}},
{"type":"Feature","properties":{"cine_prov":"151","cine_com":"15101","nom_com":"Arica","nom_prov":"Arica","nom_reg":"Arica y Parinacota","cine_reg":"15","sector":"Arica"},"geometry":{"type":"Point","coordinates":[-70.29782,-18.47355]}},
{"type":"Feature","properties":{"cine_prov":"151","cine_com":"15101","nom_com":"Arica","nom_prov":"Arica","nom_reg":"Arica y Parinacota","cine_reg":"15","sector":"Arica"},"geometry":{"type":"Point","coordinates":[-70.29369,-18.4689]}},
{"type":"Feature","properties":{"cine_prov":"151","cine_com":"15101","nom_com":"Arica","nom_prov":"Arica","nom_reg":"Arica y Parinacota","cine_reg":"15","sector":"Arica"},"geometry":{"type":"Point","coordinates":[-70.28359,-18.45703]}},
{"type":"Feature","properties":{"cine_prov":"151","cine_com":"15101","nom_com":"Arica","nom_prov":"Arica","nom_reg":"Arica y Parinacota","cine_reg":"15","sector":"Arica"},"geometry":{"type":"Point","coordinates":[-70.28704,-18.43503]}},
{"type":"Feature","properties":{"cine_prov":"151","cine_com":"15101","nom_com":"Arica","nom_prov":"Arica","nom_reg":"Arica y Parinacota","cine_reg":"15","sector":"Arica"},"geometry":{"type":"Point","coordinates":[-70.29128,-18.42357]}},
{"type":"Feature","properties":{"cine_prov":"151","cine_com":"15101","nom_com":"Arica","nom_prov":"Arica","nom_reg":"Arica y Parinacota","cine_reg":"15","sector":"Arica"},"geometry":{"type":"Point","coordinates":[-70.29168,-18.42266]}},
{"type":"Feature","properties":{"cine_prov":"151","cine_com":"15101","nom_com":"Arica","nom_prov":"Arica","nom_reg":"Arica y Parinacota","cine_reg":"15","sector":"Arica"},"geometry":{"type":"Point","coordinates":[-70.31473,-18.50587]}},
{"type":"Feature","properties":{"cine_prov":"151","cine_com":"15101","nom_com":"Arica","nom_prov":"Arica","nom_reg":"Arica y Parinacota","cine_reg":"15","sector":"Arica"},"geometry":{"type":"Point","coordinates":[-70.3322,-18.54021]}},
{"type":"Feature","properties":{"cine_prov":"151","cine_com":"15101","nom_com":"Arica","nom_prov":"Arica","nom_reg":"Arica y Parinacota","cine_reg":"15","sector":"Arica"},"geometry":{"type":"Point","coordinates":[-70.32434,-18.49252]}},
{"type":"Feature","properties":{"cine_prov":"151","cine_com":"15101","nom_com":"Arica","nom_prov":"Arica","nom_reg":"Arica y Parinacota","cine_reg":"15","sector":"Arica"},"geometry":{"type":"Point","coordinates":[-70.30522,-18.4829]}},
{"type":"Feature","properties":{"cine_prov":"151","cine_com":"15101","nom_com":"Arica","nom_prov":"Arica","nom_reg":"Arica y Parinacota","cine_reg":"15","sector":"Arica"},"geometry":{"type":"Point","coordinates":[-70.2911,-18.46485]}},
{"type":"Feature","properties":{"cine_prov":"151","cine_com":"15101","nom_com":"Arica","nom_prov":"Arica","nom_reg":"Arica y Parinacota","cine_reg":"15","sector":"Arica"},"geometry":{"type":"Point","coordinates":[-70.28361,-18.44999]}},
{"type":"Feature","properties":{"cine_prov":"151","cine_com":"15101","nom_com":"Arica","nom_prov":"Arica","nom_reg":"Arica y Parinacota","cine_reg":"15","sector":"Arica"},"geometry":{"type":"Point","coordinates":[-70.2847,-18.44665]}},
{"type":"Feature","properties":{"cine_prov":"151","cine_com":"15101","nom_com":"Arica","nom_prov":"Arica","nom_reg":"Arica y Parinacota","cine_reg":"15","sector":"Arica"},"geometry":{"type":"Point","coordinates":[-70.2844,-18.44411]}},
{"type":"Feature","properties":{"cine_prov":"151","cine_com":"15101","nom_com":"Arica","nom_prov":"Arica","nom_reg":"Arica y Parinacota","cine_reg":"15","sector":"Arica"},"geometry":{"type":"Point","coordinates":[-70.28414,-18.44281]}},
{"type":"Feature","properties":{"cine_prov":"151","cine_com":"15101","nom_com":"Arica","nom_prov":"Arica","nom_reg":"Arica y Parinacota","cine_reg":"15","sector":"Arica"},"geometry":{"type":"Point","coordinates":[-70.2851,-18.44019]}},
{"type":"Feature","properties":{"cine_prov":"151","cine_com":"15101","nom_com":"Arica","nom_prov":"Arica","nom_reg":"Arica y Parinacota","cine_reg":"15","sector":"Arica"},"geometry":{"type":"Point","coordinates":[-70.28604,-18.43911]}},
{"type":"Feature","properties":{"cine_prov":"151","cine_com":"15101","nom_com":"Arica","nom_prov":"Arica","nom_reg":"Arica y Parinacota","cine_reg":"15","sector":"Arica"},"geometry":{"type":"Point","coordinates":[-70.28872,-18.43242]}},
{"type":"Feature","properties":{"cine_prov":"151","cine_com":"15101","nom_com":"Arica","nom_prov":"Arica","nom_reg":"Arica y Parinacota","cine_reg":"15","sector":"Arica"},"geometry":{"type":"Point","coordinates":[-70.28922,-18.43097]}},
{"type":"Feature","properties":{"cine_prov":"151","cine_com":"15101","nom_com":"Arica","nom_prov":"Arica","nom_reg":"Arica y Parinacota","cine_reg":"15","sector":"Arica"},"geometry":{"type":"Point","coordinates":[-70.28996,-18.42891]}},
{"type":"Feature","properties":{"cine_prov":"151","cine_com":"15101","nom_com":"Arica","nom_prov":"Arica","nom_reg":"Arica y Parinacota","cine_reg":"15","sector":"Arica"},"geometry":{"type":"Point","coordinates":[-70.29036,-18.4274]}},
{"type":"Feature","properties":{"cine_prov":"151","cine_com":"15101","nom_com":"Arica","nom_prov":"Arica","nom_reg":"Arica y Parinacota","cine_reg":"15","sector":"Arica"},"geometry":{"type":"Point","coordinates":[-70.31206,-18.40102]}},
{"type":"Feature","properties":{"cine_prov":"151","cine_com":"15101","nom_com":"Arica","nom_prov":"Arica","nom_reg":"Arica y Parinacota","cine_reg":"15","sector":"Caleta Vitor"},"geometry":{"type":"Point","coordinates":[-70.31935,-18.75724]}},
{"type":"Feature","properties":{"cine_prov":"151","cine_com":"15101","nom_com":"Arica","nom_prov":"Arica","nom_reg":"Arica y Parinacota","cine_reg":"15","sector":"Arica"},"geometry":{"type":"Point","coordinates":[-70.31562,-18.39599]}},
{"type":"Feature","properties":{"cine_prov":"151","cine_com":"15101","nom_com":"Arica","nom_prov":"Arica","nom_reg":"Arica y Parinacota","cine_reg":"15","sector":"Arica"},"geometry":{"type":"Point","coordinates":[-70.29221,-18.46696]}},
{"type":"Feature","properties":{"cine_prov":"151","cine_com":"15101","nom_com":"Arica","nom_prov":"Arica","nom_reg":"Arica y Parinacota","cine_reg":"15","sector":"Arica"},"geometry":{"type":"Point","coordinates":[-70.2958,-18.47126]}},
{"type":"Feature","properties":{"cine_prov":"151","cine_com":"15101","nom_com":"Arica","nom_prov":"Arica","nom_reg":"Arica y Parinacota","cine_reg":"15","sector":"Arica"},"geometry":{"type":"Point","coordinates":[-70.30133,-18.48015]}},
{"type":"Feature","properties":{"cine_prov":"151","cine_com":"15101","nom_com":"Arica","nom_prov":"Arica","nom_reg":"Arica y Parinacota","cine_reg":"15","sector":"Caleta Vitor"},"geometry":{"type":"Point","coordinates":[-70.32008,-18.76313]}},
{"type":"Feature","properties":{"cine_prov":"151","cine_com":"15102","nom_com":"Camarones","nom_prov":"Arica","nom_reg":"Arica y Parinacota","cine_reg":"15","sector":"Caleta Camarones"},"geometry":{"type":"Point","coordinates":[-70.26319,-19.19313]}},
{"type":"Feature","properties":{"cine_prov":"151","cine_com":"15101","nom_com":"Arica","nom_prov":"Arica","nom_reg":"Arica y Parinacota","cine_reg":"15","sector":"Arica"},"geometry":{"type":"Point","coordinates":[-70.32602,-18.49027]}},
{"type":"Feature","properties":{"cine_prov":"151","cine_com":"15101","nom_com":"Arica","nom_prov":"Arica","nom_reg":"Arica y Parinacota","cine_reg":"15","sector":"Arica"},"geometry":{"type":"Point","coordinates":[-70.29644,-18.40751]}},
{"type":"Feature","properties":{"cine_prov":"054","cine_com":"05405","nom_com":"Zapallar","nom_prov":"Petorca","nom_reg":"Valparaíso","cine_reg":"05","sector":"Zapallar"},"geometry":{"type":"Point","coordinates":[-71.45342,-32.55029]}},
{"type":"Feature","properties":{"cine_prov":"054","cine_com":"05405","nom_com":"Zapallar","nom_prov":"Petorca","nom_reg":"Valparaíso","cine_reg":"05","sector":"La Laguna"},"geometry":{"type":"Point","coordinates":[-71.42835,-32.62474]}},
{"type":"Feature","properties":{"cine_prov":"054","cine_com":"05405","nom_com":"Zapallar","nom_prov":"Petorca","nom_reg":"Valparaíso","cine_reg":"05","sector":"Cachagua"},"geometry":{"type":"Point","coordinates":[-71.44694,-32.57546]}},
{"type":"Feature","properties":{"cine_prov":"054","cine_com":"05405","nom_com":"Zapallar","nom_prov":"Petorca","nom_reg":"Valparaíso","cine_reg":"05","sector":"Cachagua"},"geometry":{"type":"Point","coordinates":[-71.45336,-32.57972]}},
{"type":"Feature","properties":{"cine_prov":"054","cine_com":"05405","nom_com":"Zapallar","nom_prov":"Petorca","nom_reg":"Valparaíso","cine_reg":"05","sector":"Zapallar"},"geometry":{"type":"Point","coordinates":[-71.45549,-32.55311]}},
{"type":"Feature","properties":{"cine_prov":"054","cine_com":"05405","nom_com":"Zapallar","nom_prov":"Petorca","nom_reg":"Valparaíso","cine_reg":"05","sector":"Zapallar"},"geometry":{"type":"Point","coordinates":[-71.46443,-32.55787]}},
{"type":"Feature","properties":{"cine_prov":"054","cine_com":"05405","nom_com":"Zapallar","nom_prov":"Petorca","nom_reg":"Valparaíso","cine_reg":"05","sector":"Cachagua"},"geometry":{"type":"Point","coordinates":[-71.4494,-32.57858]}},
{"type":"Feature","properties":{"cine_prov":"054","cine_com":"05405","nom_com":"Zapallar","nom_prov":"Petorca","nom_reg":"Valparaíso","cine_reg":"05","sector":"Zapallar"},"geometry":{"type":"Point","coordinates":[-71.46236,-32.55618]}},
{"type":"Feature","properties":{"cine_prov":"051","cine_com":"05109","nom_com":"Viña del Mar","nom_prov":"Valparaíso","nom_reg":"Valparaíso","cine_reg":"05","sector":"Viña del Mar"},"geometry":{"type":"Point","coordinates":[-71.53915,-32.97034]}},
{"type":"Feature","properties":{"cine_prov":"051","cine_com":"05109","nom_com":"Viña del Mar","nom_prov":"Valparaíso","nom_reg":"Valparaíso","cine_reg":"05","sector":"Viña del Mar"},"geometry":{"type":"Point","coordinates":[-71.5471,-32.95946]}},
{"type":"Feature","properties":{"cine_prov":"051","cine_com":"05109","nom_com":"Viña del Mar","nom_prov":"Valparaíso","nom_reg":"Valparaíso","cine_reg":"05","sector":"Viña del Mar"},"geometry":{"type":"Point","coordinates":[-71.54034,-32.97035]}},
{"type":"Feature","properties":{"cine_prov":"051","cine_com":"05109","nom_com":"Viña del Mar","nom_prov":"Valparaíso","nom_reg":"Valparaíso","cine_reg":"05","sector":"Viña del Mar"},"geometry":{"type":"Point","coordinates":[-71.53246,-32.97536]}},
{"type":"Feature","properties":{"cine_prov":"051","cine_com":"05109","nom_com":"Viña del Mar","nom_prov":"Valparaíso","nom_reg":"Valparaíso","cine_reg":"05","sector":"Viña del Mar"},"geometry":{"type":"Point","coordinates":[-71.53639,-32.97473]}},
{"type":"Feature","properties":{"cine_prov":"051","cine_com":"05109","nom_com":"Viña del Mar","nom_prov":"Valparaíso","nom_reg":"Valparaíso","cine_reg":"05","sector":"Viña del Mar"},"geometry":{"type":"Point","coordinates":[-71.54756,-33.00564]}},
{"type":"Feature","properties":{"cine_prov":"051","cine_com":"05109","nom_com":"Viña del Mar","nom_prov":"Valparaíso","nom_reg":"Valparaíso","cine_reg":"05","sector":"Viña del Mar"},"geometry":{"type":"Point","coordinates":[-71.54589,-33.0052]}},
{"type":"Feature","properties":{"cine_prov":"051","cine_com":"05109","nom_com":"Viña del Mar","nom_prov":"Valparaíso","nom_reg":"Valparaíso","cine_reg":"05","sector":"Viña del Mar"},"geometry":{"type":"Point","coordinates":[-71.5368,-33.01509]}},
{"type":"Feature","properties":{"cine_prov":"051","cine_com":"05109","nom_com":"Viña del Mar","nom_prov":"Valparaíso","nom_reg":"Valparaíso","cine_reg":"05","sector":"Viña del Mar"},"geometry":{"type":"Point","coordinates":[-71.54377,-33.03285]}},
{"type":"Feature","properties":{"cine_prov":"051","cine_com":"05109","nom_com":"Viña del Mar","nom_prov":"Valparaíso","nom_reg":"Valparaíso","cine_reg":"05","sector":"Viña del Mar"},"geometry":{"type":"Point","coordinates":[-71.54586,-32.98806]}},
{"type":"Feature","properties":{"cine_prov":"051","cine_com":"05109","nom_com":"Viña del Mar","nom_prov":"Valparaíso","nom_reg":"Valparaíso","cine_reg":"05","sector":"Viña del Mar"},"geometry":{"type":"Point","coordinates":[-71.5396,-33.0098]}},
{"type":"Feature","properties":{"cine_prov":"051","cine_com":"05109","nom_com":"Viña del Mar","nom_prov":"Valparaíso","nom_reg":"Valparaíso","cine_reg":"05","sector":"Viña del Mar"},"geometry":{"type":"Point","coordinates":[-71.54365,-32.99727]}},
{"type":"Feature","properties":{"cine_prov":"051","cine_com":"05109","nom_com":"Viña del Mar","nom_prov":"Valparaíso","nom_reg":"Valparaíso","cine_reg":"05","sector":"Viña del Mar"},"geometry":{"type":"Point","coordinates":[-71.5661,-33.02309]}},
{"type":"Feature","properties":{"cine_prov":"051","cine_com":"05109","nom_com":"Viña del Mar","nom_prov":"Valparaíso","nom_reg":"Valparaíso","cine_reg":"05","sector":"Viña del Mar"},"geometry":{"type":"Point","coordinates":[-71.56363,-33.024]}},
{"type":"Feature","properties":{"cine_prov":"051","cine_com":"05109","nom_com":"Viña del Mar","nom_prov":"Valparaíso","nom_reg":"Valparaíso","cine_reg":"05","sector":"Viña del Mar"},"geometry":{"type":"Point","coordinates":[-71.56306,-33.02824]}},
{"type":"Feature","properties":{"cine_prov":"051","cine_com":"05109","nom_com":"Viña del Mar","nom_prov":"Valparaíso","nom_reg":"Valparaíso","cine_reg":"05","sector":"Viña del Mar"},"geometry":{"type":"Point","coordinates":[-71.54526,-33.02935]}},
{"type":"Feature","properties":{"cine_prov":"051","cine_com":"05109","nom_com":"Viña del Mar","nom_prov":"Valparaíso","nom_reg":"Valparaíso","cine_reg":"05","sector":"Viña del Mar"},"geometry":{"type":"Point","coordinates":[-71.57796,-33.02925]}},
{"type":"Feature","properties":{"cine_prov":"051","cine_com":"05109","nom_com":"Viña del Mar","nom_prov":"Valparaíso","nom_reg":"Valparaíso","cine_reg":"05","sector":"Viña del Mar"},"geometry":{"type":"Point","coordinates":[-71.57053,-33.02538]}},
{"type":"Feature","properties":{"cine_prov":"051","cine_com":"05109","nom_com":"Viña del Mar","nom_prov":"Valparaíso","nom_reg":"Valparaíso","cine_reg":"05","sector":"Viña del Mar"},"geometry":{"type":"Point","coordinates":[-71.56548,-33.02484]}},
{"type":"Feature","properties":{"cine_prov":"051","cine_com":"05109","nom_com":"Viña del Mar","nom_prov":"Valparaíso","nom_reg":"Valparaíso","cine_reg":"05","sector":"Viña del Mar"},"geometry":{"type":"Point","coordinates":[-71.56055,-33.02688]}},
{"type":"Feature","properties":{"cine_prov":"051","cine_com":"05109","nom_com":"Viña del Mar","nom_prov":"Valparaíso","nom_reg":"Valparaíso","cine_reg":"05","sector":"Viña del Mar"},"geometry":{"type":"Point","coordinates":[-71.57569,-33.02839]}},
{"type":"Feature","properties":{"cine_prov":"051","cine_com":"05109","nom_com":"Viña del Mar","nom_prov":"Valparaíso","nom_reg":"Valparaíso","cine_reg":"05","sector":"Viña del Mar"},"geometry":{"type":"Point","coordinates":[-71.56264,-33.02338]}},
{"type":"Feature","properties":{"cine_prov":"051","cine_com":"05109","nom_com":"Viña del Mar","nom_prov":"Valparaíso","nom_reg":"Valparaíso","cine_reg":"05","sector":"Viña del Mar"},"geometry":{"type":"Point","coordinates":[-71.54321,-32.97415]}},
{"type":"Feature","properties":{"cine_prov":"051","cine_com":"05109","nom_com":"Viña del Mar","nom_prov":"Valparaíso","nom_reg":"Valparaíso","cine_reg":"05","sector":"Viña del Mar"},"geometry":{"type":"Point","coordinates":[-71.54144,-33.00767]}},
{"type":"Feature","properties":{"cine_prov":"051","cine_com":"05109","nom_com":"Viña del Mar","nom_prov":"Valparaíso","nom_reg":"Valparaíso","cine_reg":"05","sector":"Valparaiso"},"geometry":{"type":"Point","coordinates":[-71.5844,-33.03087]}},
{"type":"Feature","properties":{"cine_prov":"051","cine_com":"05101","nom_com":"Valparaíso","nom_prov":"Valparaíso","nom_reg":"Valparaíso","cine_reg":"05","sector":"Valparaiso"},"geometry":{"type":"Point","coordinates":[-71.61096,-33.05307]}},
{"type":"Feature","properties":{"cine_prov":"051","cine_com":"05101","nom_com":"Valparaíso","nom_prov":"Valparaíso","nom_reg":"Valparaíso","cine_reg":"05","sector":"Valparaiso"},"geometry":{"type":"Point","coordinates":[-71.60475,-33.05267]}},
{"type":"Feature","properties":{"cine_prov":"051","cine_com":"05101","nom_com":"Valparaíso","nom_prov":"Valparaíso","nom_reg":"Valparaíso","cine_reg":"05","sector":"Valparaiso"},"geometry":{"type":"Point","coordinates":[-71.63269,-33.03575]}},
{"type":"Feature","properties":{"cine_prov":"051","cine_com":"05101","nom_com":"Valparaíso","nom_prov":"Valparaíso","nom_reg":"Valparaíso","cine_reg":"05","sector":"Valparaiso"},"geometry":{"type":"Point","coordinates":[-71.63467,-33.03992]}},
{"type":"Feature","properties":{"cine_prov":"051","cine_com":"05101","nom_com":"Valparaíso","nom_prov":"Valparaíso","nom_reg":"Valparaíso","cine_reg":"05","sector":"Valparaiso"},"geometry":{"type":"Point","coordinates":[-71.59968,-33.05338]}},
{"type":"Feature","properties":{"cine_prov":"051","cine_com":"05101","nom_com":"Valparaíso","nom_prov":"Valparaíso","nom_reg":"Valparaíso","cine_reg":"05","sector":"Valparaiso"},"geometry":{"type":"Point","coordinates":[-71.59083,-33.03532]}},
{"type":"Feature","properties":{"cine_prov":"051","cine_com":"05101","nom_com":"Valparaíso","nom_prov":"Valparaíso","nom_reg":"Valparaíso","cine_reg":"05","sector":"Valparaiso"},"geometry":{"type":"Point","coordinates":[-71.62878,-33.04156]}},
{"type":"Feature","properties":{"cine_prov":"051","cine_com":"05101","nom_com":"Valparaíso","nom_prov":"Valparaíso","nom_reg":"Valparaíso","cine_reg":"05","sector":"Valparaiso"},"geometry":{"type":"Point","coordinates":[-71.63084,-33.0309]}},
{"type":"Feature","properties":{"cine_prov":"051","cine_com":"05101","nom_com":"Valparaíso","nom_prov":"Valparaíso","nom_reg":"Valparaíso","cine_reg":"05","sector":"Valparaiso"},"geometry":{"type":"Point","coordinates":[-71.627,-33.0435]}},
{"type":"Feature","properties":{"cine_prov":"051","cine_com":"05101","nom_com":"Valparaíso","nom_prov":"Valparaíso","nom_reg":"Valparaíso","cine_reg":"05","sector":"Valparaiso"},"geometry":{"type":"Point","coordinates":[-71.59948,-33.05077]}},
{"type":"Feature","properties":{"cine_prov":"051","cine_com":"05101","nom_com":"Valparaíso","nom_prov":"Valparaíso","nom_reg":"Valparaíso","cine_reg":"05","sector":"Valparaiso"},"geometry":{"type":"Point","coordinates":[-71.59567,-33.03899]}},
{"type":"Feature","properties":{"cine_prov":"051","cine_com":"05101","nom_com":"Valparaíso","nom_prov":"Valparaíso","nom_reg":"Valparaíso","cine_reg":"05","sector":"Valparaiso"},"geometry":{"type":"Point","coordinates":[-71.61348,-33.05355]}},
{"type":"Feature","properties":{"cine_prov":"051","cine_com":"05101","nom_com":"Valparaíso","nom_prov":"Valparaíso","nom_reg":"Valparaíso","cine_reg":"05","sector":"Valparaiso"},"geometry":{"type":"Point","coordinates":[-71.60475,-33.05375]}},
{"type":"Feature","properties":{"cine_prov":"051","cine_com":"05101","nom_com":"Valparaíso","nom_prov":"Valparaíso","nom_reg":"Valparaíso","cine_reg":"05","sector":"Valparaiso"},"geometry":{"type":"Point","coordinates":[-71.62073,-33.04864]}},
{"type":"Feature","properties":{"cine_prov":"051","cine_com":"05101","nom_com":"Valparaíso","nom_prov":"Valparaíso","nom_reg":"Valparaíso","cine_reg":"05","sector":"Valparaiso"},"geometry":{"type":"Point","coordinates":[-71.6559,-33.10113]}},
{"type":"Feature","properties":{"cine_prov":"051","cine_com":"05101","nom_com":"Valparaíso","nom_prov":"Valparaíso","nom_reg":"Valparaíso","cine_reg":"05","sector":"Valparaiso"},"geometry":{"type":"Point","coordinates":[-71.6006,-33.04826]}},
{"type":"Feature","properties":{"cine_prov":"051","cine_com":"05101","nom_com":"Valparaíso","nom_prov":"Valparaíso","nom_reg":"Valparaíso","cine_reg":"05","sector":"Valparaiso"},"geometry":{"type":"Point","coordinates":[-71.66709,-33.10646]}},
{"type":"Feature","properties":{"cine_prov":"051","cine_com":"05101","nom_com":"Valparaíso","nom_prov":"Valparaíso","nom_reg":"Valparaíso","cine_reg":"05","sector":"Valparaiso"},"geometry":{"type":"Point","coordinates":[-71.64215,-33.02361]}},
{"type":"Feature","properties":{"cine_prov":"051","cine_com":"05101","nom_com":"Valparaíso","nom_prov":"Valparaíso","nom_reg":"Valparaíso","cine_reg":"05","sector":"Valparaiso"},"geometry":{"type":"Point","coordinates":[-71.63731,-33.02365]}},
{"type":"Feature","properties":{"cine_prov":"051","cine_com":"05101","nom_com":"Valparaíso","nom_prov":"Valparaíso","nom_reg":"Valparaíso","cine_reg":"05","sector":"Valparaiso"},"geometry":{"type":"Point","coordinates":[-71.67356,-33.10402]}},
{"type":"Feature","properties":{"cine_prov":"051","cine_com":"05101","nom_com":"Valparaíso","nom_prov":"Valparaíso","nom_reg":"Valparaíso","cine_reg":"05","sector":"Valparaiso"},"geometry":{"type":"Point","coordinates":[-71.66952,-33.10877]}},
{"type":"Feature","properties":{"cine_prov":"051","cine_com":"05101","nom_com":"Valparaíso","nom_prov":"Valparaíso","nom_reg":"Valparaíso","cine_reg":"05","sector":"Valparaiso"},"geometry":{"type":"Point","coordinates":[-71.63455,-33.03273]}},
{"type":"Feature","properties":{"cine_prov":"051","cine_com":"05101","nom_com":"Valparaíso","nom_prov":"Valparaíso","nom_reg":"Valparaíso","cine_reg":"05","sector":"Valparaiso"},"geometry":{"type":"Point","coordinates":[-71.63513,-33.03663]}},
{"type":"Feature","properties":{"cine_prov":"051","cine_com":"05101","nom_com":"Valparaíso","nom_prov":"Valparaíso","nom_reg":"Valparaíso","cine_reg":"05","sector":"Valparaiso"},"geometry":{"type":"Point","coordinates":[-71.63173,-33.04248]}},
{"type":"Feature","properties":{"cine_prov":"051","cine_com":"05101","nom_com":"Valparaíso","nom_prov":"Valparaíso","nom_reg":"Valparaíso","cine_reg":"05","sector":"Valparaiso"},"geometry":{"type":"Point","coordinates":[-71.62642,-33.04764]}},
{"type":"Feature","properties":{"cine_prov":"051","cine_com":"05101","nom_com":"Valparaíso","nom_prov":"Valparaíso","nom_reg":"Valparaíso","cine_reg":"05","sector":"Valparaiso"},"geometry":{"type":"Point","coordinates":[-71.6234,-33.0479]}},
{"type":"Feature","properties":{"cine_prov":"051","cine_com":"05101","nom_com":"Valparaíso","nom_prov":"Valparaíso","nom_reg":"Valparaíso","cine_reg":"05","sector":"Valparaiso"},"geometry":{"type":"Point","coordinates":[-71.62431,-33.04764]}},
{"type":"Feature","properties":{"cine_prov":"051","cine_com":"05101","nom_com":"Valparaíso","nom_prov":"Valparaíso","nom_reg":"Valparaíso","cine_reg":"05","sector":"Valparaiso"},"geometry":{"type":"Point","coordinates":[-71.61911,-33.05048]}},
{"type":"Feature","properties":{"cine_prov":"051","cine_com":"05101","nom_com":"Valparaíso","nom_prov":"Valparaíso","nom_reg":"Valparaíso","cine_reg":"05","sector":"Valparaiso"},"geometry":{"type":"Point","coordinates":[-71.61576,-33.05065]}},
{"type":"Feature","properties":{"cine_prov":"051","cine_com":"05101","nom_com":"Valparaíso","nom_prov":"Valparaíso","nom_reg":"Valparaíso","cine_reg":"05","sector":"Valparaiso"},"geometry":{"type":"Point","coordinates":[-71.60725,-33.05453]}},
{"type":"Feature","properties":{"cine_prov":"051","cine_com":"05101","nom_com":"Valparaíso","nom_prov":"Valparaíso","nom_reg":"Valparaíso","cine_reg":"05","sector":"Valparaiso"},"geometry":{"type":"Point","coordinates":[-71.60019,-33.05733]}},
{"type":"Feature","properties":{"cine_prov":"051","cine_com":"05101","nom_com":"Valparaíso","nom_prov":"Valparaíso","nom_reg":"Valparaíso","cine_reg":"05","sector":"Valparaiso"},"geometry":{"type":"Point","coordinates":[-71.60033,-33.04877]}},
{"type":"Feature","properties":{"cine_prov":"051","cine_com":"05101","nom_com":"Valparaíso","nom_prov":"Valparaíso","nom_reg":"Valparaíso","cine_reg":"05","sector":"Valparaiso"},"geometry":{"type":"Point","coordinates":[-71.58742,-33.03293]}},
{"type":"Feature","properties":{"cine_prov":"051","cine_com":"05101","nom_com":"Valparaíso","nom_prov":"Valparaíso","nom_reg":"Valparaíso","cine_reg":"05","sector":"Valparaiso"},"geometry":{"type":"Point","coordinates":[-71.60126,-33.04515]}},
{"type":"Feature","properties":{"cine_prov":"051","cine_com":"05101","nom_com":"Valparaíso","nom_prov":"Valparaíso","nom_reg":"Valparaíso","cine_reg":"05","sector":"Valparaiso"},"geometry":{"type":"Point","coordinates":[-71.60338,-33.04199]}},
{"type":"Feature","properties":{"cine_prov":"051","cine_com":"05101","nom_com":"Valparaíso","nom_prov":"Valparaíso","nom_reg":"Valparaíso","cine_reg":"05","sector":"Valparaiso"},"geometry":{"type":"Point","coordinates":[-71.59617,-33.03698]}},
{"type":"Feature","properties":{"cine_prov":"056","cine_com":"05606","nom_com":"Santo Domingo","nom_prov":"San Antonio","nom_reg":"Valparaíso","cine_reg":"05","sector":"Mostazal"},"geometry":{"type":"Point","coordinates":[-71.81434,-33.84085]}},
{"type":"Feature","properties":{"cine_prov":"056","cine_com":"05606","nom_com":"Santo Domingo","nom_prov":"San Antonio","nom_reg":"Valparaíso","cine_reg":"05","sector":"Condominio Las Brisas"},"geometry":{"type":"Point","coordinates":[-71.6473,-33.6918]}},
{"type":"Feature","properties":{"cine_prov":"056","cine_com":"05606","nom_com":"Santo Domingo","nom_prov":"San Antonio","nom_reg":"Valparaíso","cine_reg":"05","sector":"Santo Domingo (Santo Domingo)"},"geometry":{"type":"Point","coordinates":[-71.63304,-33.6289]}},
{"type":"Feature","properties":{"cine_prov":"056","cine_com":"05606","nom_com":"Santo Domingo","nom_prov":"San Antonio","nom_reg":"Valparaíso","cine_reg":"05","sector":"Santo Domingo (Santo Domingo)"},"geometry":{"type":"Point","coordinates":[-71.60244,-33.65203]}},
{"type":"Feature","properties":{"cine_prov":"056","cine_com":"05606","nom_com":"Santo Domingo","nom_prov":"San Antonio","nom_reg":"Valparaíso","cine_reg":"05","sector":"Las Salinas"},"geometry":{"type":"Point","coordinates":[-71.70397,-33.78175]}},
{"type":"Feature","properties":{"cine_prov":"056","cine_com":"05606","nom_com":"Santo Domingo","nom_prov":"San Antonio","nom_reg":"Valparaíso","cine_reg":"05","sector":"Santo Domingo (Santo Domingo)"},"geometry":{"type":"Point","coordinates":[-71.6245,-33.66131]}},
{"type":"Feature","properties":{"cine_prov":"056","cine_com":"05606","nom_com":"Santo Domingo","nom_prov":"San Antonio","nom_reg":"Valparaíso","cine_reg":"05","sector":"Santo Domingo (Santo Domingo)"},"geometry":{"type":"Point","coordinates":[-71.62216,-33.63573]}},
{"type":"Feature","properties":{"cine_prov":"056","cine_com":"05606","nom_com":"Santo Domingo","nom_prov":"San Antonio","nom_reg":"Valparaíso","cine_reg":"05","sector":"Santo Domingo (Santo Domingo)"},"geometry":{"type":"Point","coordinates":[-71.62969,-33.64063]}},
{"type":"Feature","properties":{"cine_prov":"056","cine_com":"05606","nom_com":"Santo Domingo","nom_prov":"San Antonio","nom_reg":"Valparaíso","cine_reg":"05","sector":"Santo Domingo"},"geometry":{"type":"Point","coordinates":[-71.6061,-33.64632]}},
{"type":"Feature","properties":{"cine_prov":"056","cine_com":"05606","nom_com":"Santo Domingo","nom_prov":"San Antonio","nom_reg":"Valparaíso","cine_reg":"05","sector":"Horizonte del Mar"},"geometry":{"type":"Point","coordinates":[-71.77939,-33.90655]}},
{"type":"Feature","properties":{"cine_prov":"056","cine_com":"05606","nom_com":"Santo Domingo","nom_prov":"San Antonio","nom_reg":"Valparaíso","cine_reg":"05","sector":"Santo Domingo (Santo Domingo)"},"geometry":{"type":"Point","coordinates":[-71.61222,-33.6437]}},
{"type":"Feature","properties":{"cine_prov":"056","cine_com":"05601","nom_com":"San Antonio","nom_prov":"San Antonio","nom_reg":"Valparaíso","cine_reg":"05","sector":"San Antonio"},"geometry":{"type":"Point","coordinates":[-71.61682,-33.61687]}},
{"type":"Feature","properties":{"cine_prov":"056","cine_com":"05601","nom_com":"San Antonio","nom_prov":"San Antonio","nom_reg":"Valparaíso","cine_reg":"05","sector":"Lo Gallardo (San Antonio)"},"geometry":{"type":"Point","coordinates":[-71.58398,-33.63623]}},
{"type":"Feature","properties":{"cine_prov":"056","cine_com":"05601","nom_com":"San Antonio","nom_prov":"San Antonio","nom_reg":"Valparaíso","cine_reg":"05","sector":"San Antonio"},"geometry":{"type":"Point","coordinates":[-71.60563,-33.57984]}},
{"type":"Feature","properties":{"cine_prov":"056","cine_com":"05601","nom_com":"San Antonio","nom_prov":"San Antonio","nom_reg":"Valparaíso","cine_reg":"05","sector":"Lo Gallardo (San Antonio)"},"geometry":{"type":"Point","coordinates":[-71.59644,-33.62682]}},
{"type":"Feature","properties":{"cine_prov":"056","cine_com":"05601","nom_com":"San Antonio","nom_prov":"San Antonio","nom_reg":"Valparaíso","cine_reg":"05","sector":"San Antonio"},"geometry":{"type":"Point","coordinates":[-71.60625,-33.59489]}},
{"type":"Feature","properties":{"cine_prov":"056","cine_com":"05601","nom_com":"San Antonio","nom_prov":"San Antonio","nom_reg":"Valparaíso","cine_reg":"05","sector":"San Juan"},"geometry":{"type":"Point","coordinates":[-71.57269,-33.63725]}},
{"type":"Feature","properties":{"cine_prov":"056","cine_com":"05601","nom_com":"San Antonio","nom_prov":"San Antonio","nom_reg":"Valparaíso","cine_reg":"05","sector":"San Antonio"},"geometry":{"type":"Point","coordinates":[-71.61066,-33.58842]}},
{"type":"Feature","properties":{"cine_prov":"056","cine_com":"05601","nom_com":"San Antonio","nom_prov":"San Antonio","nom_reg":"Valparaíso","cine_reg":"05","sector":"San Antonio"},"geometry":{"type":"Point","coordinates":[-71.61245,-33.61944]}},
{"type":"Feature","properties":{"cine_prov":"056","cine_com":"05601","nom_com":"San Antonio","nom_prov":"San Antonio","nom_reg":"Valparaíso","cine_reg":"05","sector":"San Antonio"},"geometry":{"type":"Point","coordinates":[-71.60713,-33.60146]}},
{"type":"Feature","properties":{"cine_prov":"056","cine_com":"05601","nom_com":"San Antonio","nom_prov":"San Antonio","nom_reg":"Valparaíso","cine_reg":"05","sector":"San Juan"},"geometry":{"type":"Point","coordinates":[-71.57041,-33.64209]}},
{"type":"Feature","properties":{"cine_prov":"056","cine_com":"05601","nom_com":"San Antonio","nom_prov":"San Antonio","nom_reg":"Valparaíso","cine_reg":"05","sector":"San Antonio"},"geometry":{"type":"Point","coordinates":[-71.60661,-33.59875]}},
{"type":"Feature","properties":{"cine_prov":"056","cine_com":"05601","nom_com":"San Antonio","nom_prov":"San Antonio","nom_reg":"Valparaíso","cine_reg":"05","sector":"San Antonio"},"geometry":{"type":"Point","coordinates":[-71.61498,-33.57834]}},
{"type":"Feature","properties":{"cine_prov":"056","cine_com":"05601","nom_com":"San Antonio","nom_prov":"San Antonio","nom_reg":"Valparaíso","cine_reg":"05","sector":"San Antonio"},"geometry":{"type":"Point","coordinates":[-71.60759,-33.61048]}},
{"type":"Feature","properties":{"cine_prov":"056","cine_com":"05601","nom_com":"San Antonio","nom_prov":"San Antonio","nom_reg":"Valparaíso","cine_reg":"05","sector":"San Antonio"},"geometry":{"type":"Point","coordinates":[-71.61512,-33.61518]}},
{"type":"Feature","properties":{"cine_prov":"051","cine_com":"05107","nom_com":"Quintero","nom_prov":"Valparaíso","nom_reg":"Valparaíso","cine_reg":"05","sector":"Ritoque"},"geometry":{"type":"Point","coordinates":[-71.531,-32.81638]}},
{"type":"Feature","properties":{"cine_prov":"051","cine_com":"05107","nom_com":"Quintero","nom_prov":"Valparaíso","nom_reg":"Valparaíso","cine_reg":"05","sector":"Quintero - Loncura"},"geometry":{"type":"Point","coordinates":[-71.48447,-32.78098]}},
{"type":"Feature","properties":{"cine_prov":"051","cine_com":"05107","nom_com":"Quintero","nom_prov":"Valparaíso","nom_reg":"Valparaíso","cine_reg":"05","sector":"Quintero - Loncura"},"geometry":{"type":"Point","coordinates":[-71.5008,-32.79762]}},
{"type":"Feature","properties":{"cine_prov":"051","cine_com":"05107","nom_com":"Quintero","nom_prov":"Valparaíso","nom_reg":"Valparaíso","cine_reg":"05","sector":"Quintero - Loncura"},"geometry":{"type":"Point","coordinates":[-71.50252,-32.79689]}},
{"type":"Feature","properties":{"cine_prov":"051","cine_com":"05107","nom_com":"Quintero","nom_prov":"Valparaíso","nom_reg":"Valparaíso","cine_reg":"05","sector":"Quintero - Loncura"},"geometry":{"type":"Point","coordinates":[-71.49675,-32.79231]}},
{"type":"Feature","properties":{"cine_prov":"051","cine_com":"05107","nom_com":"Quintero","nom_prov":"Valparaíso","nom_reg":"Valparaíso","cine_reg":"05","sector":"Quintero - Loncura"},"geometry":{"type":"Point","coordinates":[-71.53107,-32.7707]}},
{"type":"Feature","properties":{"cine_prov":"051","cine_com":"05107","nom_com":"Quintero","nom_prov":"Valparaíso","nom_reg":"Valparaíso","cine_reg":"05","sector":"Quintero - Loncura"},"geometry":{"type":"Point","coordinates":[-71.53391,-32.78628]}},
{"type":"Feature","properties":{"cine_prov":"051","cine_com":"05107","nom_com":"Quintero","nom_prov":"Valparaíso","nom_reg":"Valparaíso","cine_reg":"05","sector":"Quintero - Loncura"},"geometry":{"type":"Point","coordinates":[-71.53511,-32.77069]}},
{"type":"Feature","properties":{"cine_prov":"051","cine_com":"05107","nom_com":"Quintero","nom_prov":"Valparaíso","nom_reg":"Valparaíso","cine_reg":"05","sector":"Quintero - Loncura"},"geometry":{"type":"Point","coordinates":[-71.53838,-32.79026]}},
{"type":"Feature","properties":{"cine_prov":"051","cine_com":"05107","nom_com":"Quintero","nom_prov":"Valparaíso","nom_reg":"Valparaíso","cine_reg":"05","sector":"Quintero - Loncura"},"geometry":{"type":"Point","coordinates":[-71.53486,-32.79486]}},
{"type":"Feature","properties":{"cine_prov":"051","cine_com":"05107","nom_com":"Quintero","nom_prov":"Valparaíso","nom_reg":"Valparaíso","cine_reg":"05","sector":"Quintero - Loncura"},"geometry":{"type":"Point","coordinates":[-71.53485,-32.79699]}},
{"type":"Feature","properties":{"cine_prov":"051","cine_com":"05107","nom_com":"Quintero","nom_prov":"Valparaíso","nom_reg":"Valparaíso","cine_reg":"05","sector":"Quintero - Loncura"},"geometry":{"type":"Point","coordinates":[-71.53183,-32.80114]}},
{"type":"Feature","properties":{"cine_prov":"051","cine_com":"05107","nom_com":"Quintero","nom_prov":"Valparaíso","nom_reg":"Valparaíso","cine_reg":"05","sector":"Quintero - Loncura"},"geometry":{"type":"Point","coordinates":[-71.53175,-32.80234]}},
{"type":"Feature","properties":{"cine_prov":"051","cine_com":"05107","nom_com":"Quintero","nom_prov":"Valparaíso","nom_reg":"Valparaíso","cine_reg":"05","sector":"Ritoque"},"geometry":{"type":"Point","coordinates":[-71.531,-32.82796]}},
{"type":"Feature","properties":{"cine_prov":"051","cine_com":"05107","nom_com":"Quintero","nom_prov":"Valparaíso","nom_reg":"Valparaíso","cine_reg":"05","sector":"Valle Alegre"},"geometry":{"type":"Point","coordinates":[-71.44138,-32.80235]}},
{"type":"Feature","properties":{"cine_prov":"051","cine_com":"05107","nom_com":"Quintero","nom_prov":"Valparaíso","nom_reg":"Valparaíso","cine_reg":"05","sector":"Valle Alegre"},"geometry":{"type":"Point","coordinates":[-71.43722,-32.81193]}},
{"type":"Feature","properties":{"cine_prov":"051","cine_com":"05107","nom_com":"Quintero","nom_prov":"Valparaíso","nom_reg":"Valparaíso","cine_reg":"05","sector":"Santa Rosa de Colmo"},"geometry":{"type":"Point","coordinates":[-71.4435,-32.91769]}},
{"type":"Feature","properties":{"cine_prov":"051","cine_com":"05107","nom_com":"Quintero","nom_prov":"Valparaíso","nom_reg":"Valparaíso","cine_reg":"05","sector":"Santa Rosa de Colmo"},"geometry":{"type":"Point","coordinates":[-71.45075,-32.91404]}},
{"type":"Feature","properties":{"cine_prov":"051","cine_com":"05107","nom_com":"Quintero","nom_prov":"Valparaíso","nom_reg":"Valparaíso","cine_reg":"05","sector":"Ruta F-240"},"geometry":{"type":"Point","coordinates":[-71.48354,-32.91128]}},
{"type":"Feature","properties":{"cine_prov":"051","cine_com":"05107","nom_com":"Quintero","nom_prov":"Valparaíso","nom_reg":"Valparaíso","cine_reg":"05","sector":"Santa Luisa"},"geometry":{"type":"Point","coordinates":[-71.49125,-32.89792]}},
{"type":"Feature","properties":{"cine_prov":"051","cine_com":"05107","nom_com":"Quintero","nom_prov":"Valparaíso","nom_reg":"Valparaíso","cine_reg":"05","sector":"Santa Luisa"},"geometry":{"type":"Point","coordinates":[-71.50012,-32.89711]}},
{"type":"Feature","properties":{"cine_prov":"051","cine_com":"05107","nom_com":"Quintero","nom_prov":"Valparaíso","nom_reg":"Valparaíso","cine_reg":"05","sector":"Santa Luisa"},"geometry":{"type":"Point","coordinates":[-71.50007,-32.89487]}},
{"type":"Feature","properties":{"cine_prov":"051","cine_com":"05107","nom_com":"Quintero","nom_prov":"Valparaíso","nom_reg":"Valparaíso","cine_reg":"05","sector":"Santa Adela"},"geometry":{"type":"Point","coordinates":[-71.4957,-32.88487]}},
{"type":"Feature","properties":{"cine_prov":"051","cine_com":"05107","nom_com":"Quintero","nom_prov":"Valparaíso","nom_reg":"Valparaíso","cine_reg":"05","sector":"Santa Adela"},"geometry":{"type":"Point","coordinates":[-71.48739,-32.87721]}},
{"type":"Feature","properties":{"cine_prov":"051","cine_com":"05107","nom_com":"Quintero","nom_prov":"Valparaíso","nom_reg":"Valparaíso","cine_reg":"05","sector":"Mantagua"},"geometry":{"type":"Point","coordinates":[-71.47687,-32.86822]}},
{"type":"Feature","properties":{"cine_prov":"051","cine_com":"05107","nom_com":"Quintero","nom_prov":"Valparaíso","nom_reg":"Valparaíso","cine_reg":"05","sector":"Valle Alegre"},"geometry":{"type":"Point","coordinates":[-71.42505,-32.80706]}},
{"type":"Feature","properties":{"cine_prov":"051","cine_com":"05107","nom_com":"Quintero","nom_prov":"Valparaíso","nom_reg":"Valparaíso","cine_reg":"05","sector":"Quintero - Loncura"},"geometry":{"type":"Point","coordinates":[-71.50876,-32.78802]}},
{"type":"Feature","properties":{"cine_prov":"051","cine_com":"05107","nom_com":"Quintero","nom_prov":"Valparaíso","nom_reg":"Valparaíso","cine_reg":"05","sector":"Quintero - Loncura"},"geometry":{"type":"Point","coordinates":[-71.50963,-32.78758]}},
{"type":"Feature","properties":{"cine_prov":"051","cine_com":"05107","nom_com":"Quintero","nom_prov":"Valparaíso","nom_reg":"Valparaíso","cine_reg":"05","sector":"Santa Julia"},"geometry":{"type":"Point","coordinates":[-71.47378,-32.83656]}},
{"type":"Feature","properties":{"cine_prov":"058","cine_com":"05802","nom_com":"Limache","nom_prov":"Marga Marga","nom_reg":"Valparaíso","cine_reg":"05","sector":"Santa Rosa de Colmo (Limache)"},"geometry":{"type":"Point","coordinates":[-71.42309,-32.92852]}},
{"type":"Feature","properties":{"cine_prov":"051","cine_com":"05105","nom_com":"Puchuncaví","nom_prov":"Valparaíso","nom_reg":"Valparaíso","cine_reg":"05","sector":"Las Ventanas"},"geometry":{"type":"Point","coordinates":[-71.48403,-32.74151]}},
{"type":"Feature","properties":{"cine_prov":"051","cine_com":"05105","nom_com":"Puchuncaví","nom_prov":"Valparaíso","nom_reg":"Valparaíso","cine_reg":"05","sector":"Las Ventanas"},"geometry":{"type":"Point","coordinates":[-71.47865,-32.74156]}},
{"type":"Feature","properties":{"cine_prov":"051","cine_com":"05105","nom_com":"Puchuncaví","nom_prov":"Valparaíso","nom_reg":"Valparaíso","cine_reg":"05","sector":"Puchuncavi"},"geometry":{"type":"Point","coordinates":[-71.44091,-32.65343]}},
{"type":"Feature","properties":{"cine_prov":"051","cine_com":"05105","nom_com":"Puchuncaví","nom_prov":"Valparaíso","nom_reg":"Valparaíso","cine_reg":"05","sector":"Las Ventanas"},"geometry":{"type":"Point","coordinates":[-71.46591,-32.74162]}},
{"type":"Feature","properties":{"cine_prov":"051","cine_com":"05105","nom_com":"Puchuncaví","nom_prov":"Valparaíso","nom_reg":"Valparaíso","cine_reg":"05","sector":"Puchuncavi"},"geometry":{"type":"Point","coordinates":[-71.41902,-32.63743]}},
{"type":"Feature","properties":{"cine_prov":"051","cine_com":"05105","nom_com":"Puchuncaví","nom_prov":"Valparaíso","nom_reg":"Valparaíso","cine_reg":"05","sector":"Horcon"},"geometry":{"type":"Point","coordinates":[-71.48793,-32.71287]}},
{"type":"Feature","properties":{"cine_prov":"051","cine_com":"05105","nom_com":"Puchuncaví","nom_prov":"Valparaíso","nom_reg":"Valparaíso","cine_reg":"05","sector":"Las Ventanas"},"geometry":{"type":"Point","coordinates":[-71.48756,-32.73731]}},
{"type":"Feature","properties":{"cine_prov":"051","cine_com":"05105","nom_com":"Puchuncaví","nom_prov":"Valparaíso","nom_reg":"Valparaíso","cine_reg":"05","sector":"Puchuncavi"},"geometry":{"type":"Point","coordinates":[-71.42721,-32.64081]}},
{"type":"Feature","properties":{"cine_prov":"051","cine_com":"05105","nom_com":"Puchuncaví","nom_prov":"Valparaíso","nom_reg":"Valparaíso","cine_reg":"05","sector":"Puchuncavi"},"geometry":{"type":"Point","coordinates":[-71.42806,-32.63766]}},
{"type":"Feature","properties":{"cine_prov":"051","cine_com":"05105","nom_com":"Puchuncaví","nom_prov":"Valparaíso","nom_reg":"Valparaíso","cine_reg":"05","sector":"Horcon"},"geometry":{"type":"Point","coordinates":[-71.48951,-32.71197]}},
{"type":"Feature","properties":{"cine_prov":"051","cine_com":"05105","nom_com":"Puchuncaví","nom_prov":"Valparaíso","nom_reg":"Valparaíso","cine_reg":"05","sector":"Horcon"},"geometry":{"type":"Point","coordinates":[-71.49082,-32.71211]}},
{"type":"Feature","properties":{"cine_prov":"051","cine_com":"05105","nom_com":"Puchuncaví","nom_prov":"Valparaíso","nom_reg":"Valparaíso","cine_reg":"05","sector":"Horcon"},"geometry":{"type":"Point","coordinates":[-71.4915,-32.71215]}},
{"type":"Feature","properties":{"cine_prov":"051","cine_com":"05105","nom_com":"Puchuncaví","nom_prov":"Valparaíso","nom_reg":"Valparaíso","cine_reg":"05","sector":"Las Ventanas"},"geometry":{"type":"Point","coordinates":[-71.48281,-32.74291]}},
{"type":"Feature","properties":{"cine_prov":"051","cine_com":"05105","nom_com":"Puchuncaví","nom_prov":"Valparaíso","nom_reg":"Valparaíso","cine_reg":"05","sector":"Las Ventanas"},"geometry":{"type":"Point","coordinates":[-71.4904,-32.73823]}},
{"type":"Feature","properties":{"cine_prov":"051","cine_com":"05105","nom_com":"Puchuncaví","nom_prov":"Valparaíso","nom_reg":"Valparaíso","cine_reg":"05","sector":"Puchuncavi"},"geometry":{"type":"Point","coordinates":[-71.43849,-32.66947]}},
{"type":"Feature","properties":{"cine_prov":"051","cine_com":"05105","nom_com":"Puchuncaví","nom_prov":"Valparaíso","nom_reg":"Valparaíso","cine_reg":"05","sector":"Puchuncavi"},"geometry":{"type":"Point","coordinates":[-71.42948,-32.64326]}},
{"type":"Feature","properties":{"cine_prov":"051","cine_com":"05105","nom_com":"Puchuncaví","nom_prov":"Valparaíso","nom_reg":"Valparaíso","cine_reg":"05","sector":"Puchuncavi"},"geometry":{"type":"Point","coordinates":[-71.42015,-32.63722]}},
{"type":"Feature","properties":{"cine_prov":"054","cine_com":"05401","nom_com":"La Ligua","nom_prov":"Petorca","nom_reg":"Valparaíso","cine_reg":"05","sector":"Pullally"},"geometry":{"type":"Point","coordinates":[-71.30343,-32.43523]}},
{"type":"Feature","properties":{"cine_prov":"054","cine_com":"05403","nom_com":"Papudo","nom_prov":"Petorca","nom_reg":"Valparaíso","cine_reg":"05","sector":"Pullally"},"geometry":{"type":"Point","coordinates":[-71.31305,-32.4342]}},
{"type":"Feature","properties":{"cine_prov":"054","cine_com":"05403","nom_com":"Papudo","nom_prov":"Petorca","nom_reg":"Valparaíso","cine_reg":"05","sector":"Pullally"},"geometry":{"type":"Point","coordinates":[-71.31989,-32.43048]}},
{"type":"Feature","properties":{"cine_prov":"054","cine_com":"05403","nom_com":"Papudo","nom_prov":"Petorca","nom_reg":"Valparaíso","cine_reg":"05","sector":"Pullally"},"geometry":{"type":"Point","coordinates":[-71.32526,-32.44623]}},
{"type":"Feature","properties":{"cine_prov":"054","cine_com":"05401","nom_com":"La Ligua","nom_prov":"Petorca","nom_reg":"Valparaíso","cine_reg":"05","sector":"Pullally"},"geometry":{"type":"Point","coordinates":[-71.3,-32.44937]}},
{"type":"Feature","properties":{"cine_prov":"054","cine_com":"05401","nom_com":"La Ligua","nom_prov":"Petorca","nom_reg":"Valparaíso","cine_reg":"05","sector":"Pullally"},"geometry":{"type":"Point","coordinates":[-71.29139,-32.45006]}},
{"type":"Feature","properties":{"cine_prov":"054","cine_com":"05401","nom_com":"La Ligua","nom_prov":"Petorca","nom_reg":"Valparaíso","cine_reg":"05","sector":"Pullally"},"geometry":{"type":"Point","coordinates":[-71.28348,-32.44954]}},
{"type":"Feature","properties":{"cine_prov":"054","cine_com":"05401","nom_com":"La Ligua","nom_prov":"Petorca","nom_reg":"Valparaíso","cine_reg":"05","sector":"Pichicuy"},"geometry":{"type":"Point","coordinates":[-71.45096,-32.33792]}},
{"type":"Feature","properties":{"cine_prov":"054","cine_com":"05401","nom_com":"La Ligua","nom_prov":"Petorca","nom_reg":"Valparaíso","cine_reg":"05","sector":"La Ballena - Los Quinquelles"},"geometry":{"type":"Point","coordinates":[-71.46261,-32.29689]}},
{"type":"Feature","properties":{"cine_prov":"054","cine_com":"05401","nom_com":"La Ligua","nom_prov":"Petorca","nom_reg":"Valparaíso","cine_reg":"05","sector":"La Ballena - Los Quinquelles"},"geometry":{"type":"Point","coordinates":[-71.46371,-32.29299]}},
{"type":"Feature","properties":{"cine_prov":"054","cine_com":"05401","nom_com":"La Ligua","nom_prov":"Petorca","nom_reg":"Valparaíso","cine_reg":"05","sector":"La Ballena - Los Quinquelles"},"geometry":{"type":"Point","coordinates":[-71.46319,-32.29908]}},
{"type":"Feature","properties":{"cine_prov":"054","cine_com":"05401","nom_com":"La Ligua","nom_prov":"Petorca","nom_reg":"Valparaíso","cine_reg":"05","sector":"Pichicuy"},"geometry":{"type":"Point","coordinates":[-71.45584,-32.3381]}},
{"type":"Feature","properties":{"cine_prov":"054","cine_com":"05401","nom_com":"La Ligua","nom_prov":"Petorca","nom_reg":"Valparaíso","cine_reg":"05","sector":"Los Molles"},"geometry":{"type":"Point","coordinates":[-71.50405,-32.22408]}},
{"type":"Feature","properties":{"cine_prov":"054","cine_com":"05401","nom_com":"La Ligua","nom_prov":"Petorca","nom_reg":"Valparaíso","cine_reg":"05","sector":"Pichicuy"},"geometry":{"type":"Point","coordinates":[-71.46006,-32.34109]}},
{"type":"Feature","properties":{"cine_prov":"054","cine_com":"05401","nom_com":"La Ligua","nom_prov":"Petorca","nom_reg":"Valparaíso","cine_reg":"05","sector":"Longotoma"},"geometry":{"type":"Point","coordinates":[-71.3751,-32.39542]}},
{"type":"Feature","properties":{"cine_prov":"054","cine_com":"05401","nom_com":"La Ligua","nom_prov":"Petorca","nom_reg":"Valparaíso","cine_reg":"05","sector":"Longotoma"},"geometry":{"type":"Point","coordinates":[-71.38549,-32.3836]}},
{"type":"Feature","properties":{"cine_prov":"054","cine_com":"05401","nom_com":"La Ligua","nom_prov":"Petorca","nom_reg":"Valparaíso","cine_reg":"05","sector":"Los Molles"},"geometry":{"type":"Point","coordinates":[-71.50269,-32.22987]}},
{"type":"Feature","properties":{"cine_prov":"054","cine_com":"05401","nom_com":"La Ligua","nom_prov":"Petorca","nom_reg":"Valparaíso","cine_reg":"05","sector":"Los Molles"},"geometry":{"type":"Point","coordinates":[-71.51008,-32.22809]}},
{"type":"Feature","properties":{"cine_prov":"054","cine_com":"05401","nom_com":"La Ligua","nom_prov":"Petorca","nom_reg":"Valparaíso","cine_reg":"05","sector":"Los Molles"},"geometry":{"type":"Point","coordinates":[-71.51506,-32.23533]}},
{"type":"Feature","properties":{"cine_prov":"054","cine_com":"05401","nom_com":"La Ligua","nom_prov":"Petorca","nom_reg":"Valparaíso","cine_reg":"05","sector":"Los Molles"},"geometry":{"type":"Point","coordinates":[-71.51732,-32.23697]}},
{"type":"Feature","properties":{"cine_prov":"054","cine_com":"05401","nom_com":"La Ligua","nom_prov":"Petorca","nom_reg":"Valparaíso","cine_reg":"05","sector":"Longotoma"},"geometry":{"type":"Point","coordinates":[-71.35116,-32.38008]}},
{"type":"Feature","properties":{"cine_prov":"054","cine_com":"05401","nom_com":"La Ligua","nom_prov":"Petorca","nom_reg":"Valparaíso","cine_reg":"05","sector":"Longotoma"},"geometry":{"type":"Point","coordinates":[-71.33913,-32.3483]}},
{"type":"Feature","properties":{"cine_prov":"054","cine_com":"05401","nom_com":"La Ligua","nom_prov":"Petorca","nom_reg":"Valparaíso","cine_reg":"05","sector":"Longotoma"},"geometry":{"type":"Point","coordinates":[-71.34205,-32.36624]}},
{"type":"Feature","properties":{"cine_prov":"054","cine_com":"05401","nom_com":"La Ligua","nom_prov":"Petorca","nom_reg":"Valparaíso","cine_reg":"05","sector":"La Ballena - Los Quinquelles"},"geometry":{"type":"Point","coordinates":[-71.46081,-32.28042]}},
{"type":"Feature","properties":{"cine_prov":"054","cine_com":"05401","nom_com":"La Ligua","nom_prov":"Petorca","nom_reg":"Valparaíso","cine_reg":"05","sector":"La Ballena - Los Quinquelles"},"geometry":{"type":"Point","coordinates":[-71.46148,-32.27878]}},
{"type":"Feature","properties":{"cine_prov":"054","cine_com":"05401","nom_com":"La Ligua","nom_prov":"Petorca","nom_reg":"Valparaíso","cine_reg":"05","sector":"La Ballena - Los Quinquelles"},"geometry":{"type":"Point","coordinates":[-71.46353,-32.28906]}},
{"type":"Feature","properties":{"cine_prov":"054","cine_com":"05401","nom_com":"La Ligua","nom_prov":"Petorca","nom_reg":"Valparaíso","cine_reg":"05","sector":"Longotoma"},"geometry":{"type":"Point","coordinates":[-71.35872,-32.36476]}},
{"type":"Feature","properties":{"cine_prov":"054","cine_com":"05401","nom_com":"La Ligua","nom_prov":"Petorca","nom_reg":"Valparaíso","cine_reg":"05","sector":"Longotoma"},"geometry":{"type":"Point","coordinates":[-71.36617,-32.37093]}},
{"type":"Feature","properties":{"cine_prov":"054","cine_com":"05401","nom_com":"La Ligua","nom_prov":"Petorca","nom_reg":"Valparaíso","cine_reg":"05","sector":"Longotoma"},"geometry":{"type":"Point","coordinates":[-71.35213,-32.35874]}},
{"type":"Feature","properties":{"cine_prov":"054","cine_com":"05401","nom_com":"La Ligua","nom_prov":"Petorca","nom_reg":"Valparaíso","cine_reg":"05","sector":"Longotoma"},"geometry":{"type":"Point","coordinates":[-71.36597,-32.38599]}},
{"type":"Feature","properties":{"cine_prov":"051","cine_com":"05104","nom_com":"Juan Fernández","nom_prov":"Valparaíso","nom_reg":"Valparaíso","cine_reg":"05","sector":"Juan Fernández"},"geometry":{"type":"Point","coordinates":[-78.8363,-33.63407]}},
{"type":"Feature","properties":{"cine_prov":"051","cine_com":"05104","nom_com":"Juan Fernández","nom_prov":"Valparaíso","nom_reg":"Valparaíso","cine_reg":"05","sector":"Juan Fernández"},"geometry":{"type":"Point","coordinates":[-78.83245,-33.64188]}},
{"type":"Feature","properties":{"cine_prov":"051","cine_com":"05104","nom_com":"Juan Fernández","nom_prov":"Valparaíso","nom_reg":"Valparaíso","cine_reg":"05","sector":"Juan Fernández"},"geometry":{"type":"Point","coordinates":[-78.82942,-33.64257]}},
{"type":"Feature","properties":{"cine_prov":"051","cine_com":"05104","nom_com":"Juan Fernández","nom_prov":"Valparaíso","nom_reg":"Valparaíso","cine_reg":"05","sector":"Juan Fernández"},"geometry":{"type":"Point","coordinates":[-78.83632,-33.63623]}},
{"type":"Feature","properties":{"cine_prov":"051","cine_com":"05104","nom_com":"Juan Fernández","nom_prov":"Valparaíso","nom_reg":"Valparaíso","cine_reg":"05","sector":"Juan Fernández"},"geometry":{"type":"Point","coordinates":[-78.83506,-33.64113]}},
{"type":"Feature","properties":{"cine_prov":"051","cine_com":"05104","nom_com":"Juan Fernández","nom_prov":"Valparaíso","nom_reg":"Valparaíso","cine_reg":"05","sector":"Juan Fernández"},"geometry":{"type":"Point","coordinates":[-78.8248,-33.64341]}},
{"type":"Feature","properties":{"cine_prov":"056","cine_com":"05602","nom_com":"Algarrobo","nom_prov":"San Antonio","nom_reg":"Valparaíso","cine_reg":"05","sector":"Tunquen (Algarrobo)"},"geometry":{"type":"Point","coordinates":[-71.63673,-33.2692]}},
{"type":"Feature","properties":{"cine_prov":"056","cine_com":"05602","nom_com":"Algarrobo","nom_prov":"San Antonio","nom_reg":"Valparaíso","cine_reg":"05","sector":"Algarrobo"},"geometry":{"type":"Point","coordinates":[-71.64568,-33.35158]}},
{"type":"Feature","properties":{"cine_prov":"056","cine_com":"05602","nom_com":"Algarrobo","nom_prov":"San Antonio","nom_reg":"Valparaíso","cine_reg":"05","sector":"Algarrobo"},"geometry":{"type":"Point","coordinates":[-71.65725,-33.36036]}},
{"type":"Feature","properties":{"cine_prov":"056","cine_com":"05602","nom_com":"Algarrobo","nom_prov":"San Antonio","nom_reg":"Valparaíso","cine_reg":"05","sector":"Algarrobo"},"geometry":{"type":"Point","coordinates":[-71.64914,-33.315]}},
{"type":"Feature","properties":{"cine_prov":"056","cine_com":"05602","nom_com":"Algarrobo","nom_prov":"San Antonio","nom_reg":"Valparaíso","cine_reg":"05","sector":"Algarrobo"},"geometry":{"type":"Point","coordinates":[-71.64965,-33.31134]}},
{"type":"Feature","properties":{"cine_prov":"056","cine_com":"05602","nom_com":"Algarrobo","nom_prov":"San Antonio","nom_reg":"Valparaíso","cine_reg":"05","sector":"Algarrobo"},"geometry":{"type":"Point","coordinates":[-71.64485,-33.33177]}},
{"type":"Feature","properties":{"cine_prov":"056","cine_com":"05602","nom_com":"Algarrobo","nom_prov":"San Antonio","nom_reg":"Valparaíso","cine_reg":"05","sector":"Algarrobo"},"geometry":{"type":"Point","coordinates":[-71.64932,-33.32365]}},
{"type":"Feature","properties":{"cine_prov":"056","cine_com":"05602","nom_com":"Algarrobo","nom_prov":"San Antonio","nom_reg":"Valparaíso","cine_reg":"05","sector":"Algarrobo"},"geometry":{"type":"Point","coordinates":[-71.64285,-33.33705]}},
{"type":"Feature","properties":{"cine_prov":"056","cine_com":"05602","nom_com":"Algarrobo","nom_prov":"San Antonio","nom_reg":"Valparaíso","cine_reg":"05","sector":"Algarrobo"},"geometry":{"type":"Point","coordinates":[-71.66348,-33.36081]}},
{"type":"Feature","properties":{"cine_prov":"056","cine_com":"05602","nom_com":"Algarrobo","nom_prov":"San Antonio","nom_reg":"Valparaíso","cine_reg":"05","sector":"Algarrobo"},"geometry":{"type":"Point","coordinates":[-71.65182,-33.35709]}},
{"type":"Feature","properties":{"cine_prov":"056","cine_com":"05602","nom_com":"Algarrobo","nom_prov":"San Antonio","nom_reg":"Valparaíso","cine_reg":"05","sector":"Algarrobo"},"geometry":{"type":"Point","coordinates":[-71.66936,-33.36733]}},
{"type":"Feature","properties":{"cine_prov":"056","cine_com":"05602","nom_com":"Algarrobo","nom_prov":"San Antonio","nom_reg":"Valparaíso","cine_reg":"05","sector":"Algarrobo"},"geometry":{"type":"Point","coordinates":[-71.6676,-33.36449]}},
{"type":"Feature","properties":{"cine_prov":"056","cine_com":"05602","nom_com":"Algarrobo","nom_prov":"San Antonio","nom_reg":"Valparaíso","cine_reg":"05","sector":"Algarrobo"},"geometry":{"type":"Point","coordinates":[-71.67369,-33.36695]}},
{"type":"Feature","properties":{"cine_prov":"056","cine_com":"05602","nom_com":"Algarrobo","nom_prov":"San Antonio","nom_reg":"Valparaíso","cine_reg":"05","sector":"Algarrobo"},"geometry":{"type":"Point","coordinates":[-71.67907,-33.36785]}},
{"type":"Feature","properties":{"cine_prov":"056","cine_com":"05602","nom_com":"Algarrobo","nom_prov":"San Antonio","nom_reg":"Valparaíso","cine_reg":"05","sector":"Algarrobo"},"geometry":{"type":"Point","coordinates":[-71.68733,-33.36958]}},
{"type":"Feature","properties":{"cine_prov":"056","cine_com":"05603","nom_com":"Cartagena","nom_prov":"San Antonio","nom_reg":"Valparaíso","cine_reg":"05","sector":"Cartagena"},"geometry":{"type":"Point","coordinates":[-71.6121,-33.55222]}},
{"type":"Feature","properties":{"cine_prov":"056","cine_com":"05603","nom_com":"Cartagena","nom_prov":"San Antonio","nom_reg":"Valparaíso","cine_reg":"05","sector":"Cartagena"},"geometry":{"type":"Point","coordinates":[-71.60375,-33.55227]}},
{"type":"Feature","properties":{"cine_prov":"056","cine_com":"05603","nom_com":"Cartagena","nom_prov":"San Antonio","nom_reg":"Valparaíso","cine_reg":"05","sector":"Cartagena"},"geometry":{"type":"Point","coordinates":[-71.59081,-33.52822]}},
{"type":"Feature","properties":{"cine_prov":"056","cine_com":"05603","nom_com":"Cartagena","nom_prov":"San Antonio","nom_reg":"Valparaíso","cine_reg":"05","sector":"Cartagena"},"geometry":{"type":"Point","coordinates":[-71.60273,-33.55014]}},
{"type":"Feature","properties":{"cine_prov":"056","cine_com":"05603","nom_com":"Cartagena","nom_prov":"San Antonio","nom_reg":"Valparaíso","cine_reg":"05","sector":"Cartagena"},"geometry":{"type":"Point","coordinates":[-71.59368,-33.52553]}},
{"type":"Feature","properties":{"cine_prov":"056","cine_com":"05603","nom_com":"Cartagena","nom_prov":"San Antonio","nom_reg":"Valparaíso","cine_reg":"05","sector":"Cartagena"},"geometry":{"type":"Point","coordinates":[-71.60287,-33.54712]}},
{"type":"Feature","properties":{"cine_prov":"056","cine_com":"05603","nom_com":"Cartagena","nom_prov":"San Antonio","nom_reg":"Valparaíso","cine_reg":"05","sector":"Cartagena"},"geometry":{"type":"Point","coordinates":[-71.59396,-33.52328]}},
{"type":"Feature","properties":{"cine_prov":"056","cine_com":"05603","nom_com":"Cartagena","nom_prov":"San Antonio","nom_reg":"Valparaíso","cine_reg":"05","sector":"Cartagena"},"geometry":{"type":"Point","coordinates":[-71.59684,-33.54654]}},
{"type":"Feature","properties":{"cine_prov":"056","cine_com":"05603","nom_com":"Cartagena","nom_prov":"San Antonio","nom_reg":"Valparaíso","cine_reg":"05","sector":"Cartagena"},"geometry":{"type":"Point","coordinates":[-71.60218,-33.54851]}},
{"type":"Feature","properties":{"cine_prov":"056","cine_com":"05603","nom_com":"Cartagena","nom_prov":"San Antonio","nom_reg":"Valparaíso","cine_reg":"05","sector":"Cartagena"},"geometry":{"type":"Point","coordinates":[-71.59604,-33.54405]}},
{"type":"Feature","properties":{"cine_prov":"056","cine_com":"05603","nom_com":"Cartagena","nom_prov":"San Antonio","nom_reg":"Valparaíso","cine_reg":"05","sector":"Cartagena"},"geometry":{"type":"Point","coordinates":[-71.59546,-33.5414]}},
{"type":"Feature","properties":{"cine_prov":"056","cine_com":"05603","nom_com":"Cartagena","nom_prov":"San Antonio","nom_reg":"Valparaíso","cine_reg":"05","sector":"Cartagena"},"geometry":{"type":"Point","coordinates":[-71.61236,-33.55452]}},
{"type":"Feature","properties":{"cine_prov":"056","cine_com":"05603","nom_com":"Cartagena","nom_prov":"San Antonio","nom_reg":"Valparaíso","cine_reg":"05","sector":"Cartagena"},"geometry":{"type":"Point","coordinates":[-71.59343,-33.52759]}},
{"type":"Feature","properties":{"cine_prov":"056","cine_com":"05603","nom_com":"Cartagena","nom_prov":"San Antonio","nom_reg":"Valparaíso","cine_reg":"05","sector":"Cartagena"},"geometry":{"type":"Point","coordinates":[-71.58838,-33.52513]}},
{"type":"Feature","properties":{"cine_prov":"056","cine_com":"05603","nom_com":"Cartagena","nom_prov":"San Antonio","nom_reg":"Valparaíso","cine_reg":"05","sector":"Cartagena"},"geometry":{"type":"Point","coordinates":[-71.60826,-33.55307]}},
{"type":"Feature","properties":{"cine_prov":"056","cine_com":"05603","nom_com":"Cartagena","nom_prov":"San Antonio","nom_reg":"Valparaíso","cine_reg":"05","sector":"Cartagena"},"geometry":{"type":"Point","coordinates":[-71.6183,-33.55584]}},
{"type":"Feature","properties":{"cine_prov":"056","cine_com":"05603","nom_com":"Cartagena","nom_prov":"San Antonio","nom_reg":"Valparaíso","cine_reg":"05","sector":"Cartagena"},"geometry":{"type":"Point","coordinates":[-71.59739,-33.54816]}},
{"type":"Feature","properties":{"cine_prov":"056","cine_com":"05603","nom_com":"Cartagena","nom_prov":"San Antonio","nom_reg":"Valparaíso","cine_reg":"05","sector":"Cartagena"},"geometry":{"type":"Point","coordinates":[-71.61579,-33.55512]}},
{"type":"Feature","properties":{"cine_prov":"051","cine_com":"05102","nom_com":"Casablanca","nom_prov":"Valparaíso","nom_reg":"Valparaíso","cine_reg":"05","sector":"Quintay"},"geometry":{"type":"Point","coordinates":[-71.68471,-33.18925]}},
{"type":"Feature","properties":{"cine_prov":"051","cine_com":"05102","nom_com":"Casablanca","nom_prov":"Valparaíso","nom_reg":"Valparaíso","cine_reg":"05","sector":"Quintay"},"geometry":{"type":"Point","coordinates":[-71.69639,-33.19627]}},
{"type":"Feature","properties":{"cine_prov":"051","cine_com":"05102","nom_com":"Casablanca","nom_prov":"Valparaíso","nom_reg":"Valparaíso","cine_reg":"05","sector":"San Augusta"},"geometry":{"type":"Point","coordinates":[-71.67733,-33.17801]}},
{"type":"Feature","properties":{"cine_prov":"051","cine_com":"05102","nom_com":"Casablanca","nom_prov":"Valparaíso","nom_reg":"Valparaíso","cine_reg":"05","sector":"Quintay"},"geometry":{"type":"Point","coordinates":[-71.67435,-33.18209]}},
{"type":"Feature","properties":{"cine_prov":"051","cine_com":"05102","nom_com":"Casablanca","nom_prov":"Valparaíso","nom_reg":"Valparaíso","cine_reg":"05","sector":"Tunquen"},"geometry":{"type":"Point","coordinates":[-71.65646,-33.26455]}},
{"type":"Feature","properties":{"cine_prov":"051","cine_com":"05103","nom_com":"Concón","nom_prov":"Valparaíso","nom_reg":"Valparaíso","cine_reg":"05","sector":"Colmo"},"geometry":{"type":"Point","coordinates":[-71.44001,-32.93459]}},
{"type":"Feature","properties":{"cine_prov":"051","cine_com":"05103","nom_com":"Concón","nom_prov":"Valparaíso","nom_reg":"Valparaíso","cine_reg":"05","sector":"Concon"},"geometry":{"type":"Point","coordinates":[-71.51591,-32.92205]}},
{"type":"Feature","properties":{"cine_prov":"051","cine_com":"05103","nom_com":"Concón","nom_prov":"Valparaíso","nom_reg":"Valparaíso","cine_reg":"05","sector":"Concon"},"geometry":{"type":"Point","coordinates":[-71.51084,-32.92422]}},
{"type":"Feature","properties":{"cine_prov":"051","cine_com":"05103","nom_com":"Concón","nom_prov":"Valparaíso","nom_reg":"Valparaíso","cine_reg":"05","sector":"Concon"},"geometry":{"type":"Point","coordinates":[-71.52786,-32.92953]}},
{"type":"Feature","properties":{"cine_prov":"051","cine_com":"05103","nom_com":"Concón","nom_prov":"Valparaíso","nom_reg":"Valparaíso","cine_reg":"05","sector":"Concon"},"geometry":{"type":"Point","coordinates":[-71.52322,-32.92441]}},
{"type":"Feature","properties":{"cine_prov":"051","cine_com":"05103","nom_com":"Concón","nom_prov":"Valparaíso","nom_reg":"Valparaíso","cine_reg":"05","sector":"Concon"},"geometry":{"type":"Point","coordinates":[-71.53692,-32.93285]}},
{"type":"Feature","properties":{"cine_prov":"051","cine_com":"05103","nom_com":"Concón","nom_prov":"Valparaíso","nom_reg":"Valparaíso","cine_reg":"05","sector":"Concon"},"geometry":{"type":"Point","coordinates":[-71.54171,-32.9308]}},
{"type":"Feature","properties":{"cine_prov":"051","cine_com":"05103","nom_com":"Concón","nom_prov":"Valparaíso","nom_reg":"Valparaíso","cine_reg":"05","sector":"Concon"},"geometry":{"type":"Point","coordinates":[-71.54606,-32.92978]}},
{"type":"Feature","properties":{"cine_prov":"051","cine_com":"05103","nom_com":"Concón","nom_prov":"Valparaíso","nom_reg":"Valparaíso","cine_reg":"05","sector":"Concon"},"geometry":{"type":"Point","coordinates":[-71.5193,-32.91946]}},
{"type":"Feature","properties":{"cine_prov":"056","cine_com":"05604","nom_com":"El Quisco","nom_prov":"San Antonio","nom_reg":"Valparaíso","cine_reg":"05","sector":"El Quisco (El Tabo)"},"geometry":{"type":"Point","coordinates":[-71.69158,-33.38227]}},
{"type":"Feature","properties":{"cine_prov":"056","cine_com":"05604","nom_com":"El Quisco","nom_prov":"San Antonio","nom_reg":"Valparaíso","cine_reg":"05","sector":"El Quisco (El Tabo)"},"geometry":{"type":"Point","coordinates":[-71.68498,-33.4376]}},
{"type":"Feature","properties":{"cine_prov":"056","cine_com":"05604","nom_com":"El Quisco","nom_prov":"San Antonio","nom_reg":"Valparaíso","cine_reg":"05","sector":"El Quisco (El Tabo)"},"geometry":{"type":"Point","coordinates":[-71.69137,-33.39082]}},
{"type":"Feature","properties":{"cine_prov":"056","cine_com":"05604","nom_com":"El Quisco","nom_prov":"San Antonio","nom_reg":"Valparaíso","cine_reg":"05","sector":"El Quisco (El Tabo)"},"geometry":{"type":"Point","coordinates":[-71.69275,-33.37427]}},
{"type":"Feature","properties":{"cine_prov":"056","cine_com":"05604","nom_com":"El Quisco","nom_prov":"San Antonio","nom_reg":"Valparaíso","cine_reg":"05","sector":"El Quisco (El Tabo)"},"geometry":{"type":"Point","coordinates":[-71.68945,-33.38556]}},
{"type":"Feature","properties":{"cine_prov":"056","cine_com":"05604","nom_com":"El Quisco","nom_prov":"San Antonio","nom_reg":"Valparaíso","cine_reg":"05","sector":"El Quisco (El Tabo)"},"geometry":{"type":"Point","coordinates":[-71.69649,-33.4307]}},
{"type":"Feature","properties":{"cine_prov":"056","cine_com":"05604","nom_com":"El Quisco","nom_prov":"San Antonio","nom_reg":"Valparaíso","cine_reg":"05","sector":"El Quisco (El Tabo)"},"geometry":{"type":"Point","coordinates":[-71.69606,-33.42595]}},
{"type":"Feature","properties":{"cine_prov":"056","cine_com":"05604","nom_com":"El Quisco","nom_prov":"San Antonio","nom_reg":"Valparaíso","cine_reg":"05","sector":"El Quisco (El Tabo)"},"geometry":{"type":"Point","coordinates":[-71.6946,-33.39704]}},
{"type":"Feature","properties":{"cine_prov":"056","cine_com":"05604","nom_com":"El Quisco","nom_prov":"San Antonio","nom_reg":"Valparaíso","cine_reg":"05","sector":"El Quisco (El Tabo)"},"geometry":{"type":"Point","coordinates":[-71.69388,-33.40758]}},
{"type":"Feature","properties":{"cine_prov":"056","cine_com":"05604","nom_com":"El Quisco","nom_prov":"San Antonio","nom_reg":"Valparaíso","cine_reg":"05","sector":"El Quisco (El Tabo)"},"geometry":{"type":"Point","coordinates":[-71.69441,-33.39958]}},
{"type":"Feature","properties":{"cine_prov":"056","cine_com":"05604","nom_com":"El Quisco","nom_prov":"San Antonio","nom_reg":"Valparaíso","cine_reg":"05","sector":"El Quisco (El Tabo)"},"geometry":{"type":"Point","coordinates":[-71.69544,-33.40211]}},
{"type":"Feature","properties":{"cine_prov":"056","cine_com":"05604","nom_com":"El Quisco","nom_prov":"San Antonio","nom_reg":"Valparaíso","cine_reg":"05","sector":"El Quisco (El Tabo)"},"geometry":{"type":"Point","coordinates":[-71.68842,-33.43592]}},
{"type":"Feature","properties":{"cine_prov":"056","cine_com":"05604","nom_com":"El Quisco","nom_prov":"San Antonio","nom_reg":"Valparaíso","cine_reg":"05","sector":"El Quisco (El Tabo)"},"geometry":{"type":"Point","coordinates":[-71.69066,-33.39476]}},
{"type":"Feature","properties":{"cine_prov":"056","cine_com":"05604","nom_com":"El Quisco","nom_prov":"San Antonio","nom_reg":"Valparaíso","cine_reg":"05","sector":"El Quisco (El Tabo)"},"geometry":{"type":"Point","coordinates":[-71.69555,-33.41359]}},
{"type":"Feature","properties":{"cine_prov":"056","cine_com":"05604","nom_com":"El Quisco","nom_prov":"San Antonio","nom_reg":"Valparaíso","cine_reg":"05","sector":"El Quisco (El Tabo)"},"geometry":{"type":"Point","coordinates":[-71.68278,-33.44128]}},
{"type":"Feature","properties":{"cine_prov":"056","cine_com":"05604","nom_com":"El Quisco","nom_prov":"San Antonio","nom_reg":"Valparaíso","cine_reg":"05","sector":"El Quisco (El Tabo)"},"geometry":{"type":"Point","coordinates":[-71.69577,-33.40978]}},
{"type":"Feature","properties":{"cine_prov":"056","cine_com":"05605","nom_com":"El Tabo","nom_prov":"San Antonio","nom_reg":"Valparaíso","cine_reg":"05","sector":"El Tabo"},"geometry":{"type":"Point","coordinates":[-71.61447,-33.49787]}},
{"type":"Feature","properties":{"cine_prov":"056","cine_com":"05605","nom_com":"El Tabo","nom_prov":"San Antonio","nom_reg":"Valparaíso","cine_reg":"05","sector":"El Tabo"},"geometry":{"type":"Point","coordinates":[-71.6277,-33.49622]}},
{"type":"Feature","properties":{"cine_prov":"056","cine_com":"05605","nom_com":"El Tabo","nom_prov":"San Antonio","nom_reg":"Valparaíso","cine_reg":"05","sector":"El Tabo"},"geometry":{"type":"Point","coordinates":[-71.61971,-33.4994]}},
{"type":"Feature","properties":{"cine_prov":"056","cine_com":"05605","nom_com":"El Tabo","nom_prov":"San Antonio","nom_reg":"Valparaíso","cine_reg":"05","sector":"El Tabo"},"geometry":{"type":"Point","coordinates":[-71.59678,-33.51002]}},
{"type":"Feature","properties":{"cine_prov":"056","cine_com":"05605","nom_com":"El Tabo","nom_prov":"San Antonio","nom_reg":"Valparaíso","cine_reg":"05","sector":"El Tabo"},"geometry":{"type":"Point","coordinates":[-71.66211,-33.45426]}},
{"type":"Feature","properties":{"cine_prov":"056","cine_com":"05605","nom_com":"El Tabo","nom_prov":"San Antonio","nom_reg":"Valparaíso","cine_reg":"05","sector":"El Tabo"},"geometry":{"type":"Point","coordinates":[-71.59826,-33.5146]}},
{"type":"Feature","properties":{"cine_prov":"056","cine_com":"05605","nom_com":"El Tabo","nom_prov":"San Antonio","nom_reg":"Valparaíso","cine_reg":"05","sector":"El Tabo"},"geometry":{"type":"Point","coordinates":[-71.64431,-33.46055]}},
{"type":"Feature","properties":{"cine_prov":"056","cine_com":"05605","nom_com":"El Tabo","nom_prov":"San Antonio","nom_reg":"Valparaíso","cine_reg":"05","sector":"El Tabo"},"geometry":{"type":"Point","coordinates":[-71.66933,-33.44857]}},
{"type":"Feature","properties":{"cine_prov":"056","cine_com":"05605","nom_com":"El Tabo","nom_prov":"San Antonio","nom_reg":"Valparaíso","cine_reg":"05","sector":"El Tabo"},"geometry":{"type":"Point","coordinates":[-71.65747,-33.45718]}},
{"type":"Feature","properties":{"cine_prov":"056","cine_com":"05605","nom_com":"El Tabo","nom_prov":"San Antonio","nom_reg":"Valparaíso","cine_reg":"05","sector":"El Tabo"},"geometry":{"type":"Point","coordinates":[-71.66797,-33.45189]}},
{"type":"Feature","properties":{"cine_prov":"056","cine_com":"05605","nom_com":"El Tabo","nom_prov":"San Antonio","nom_reg":"Valparaíso","cine_reg":"05","sector":"El Tabo"},"geometry":{"type":"Point","coordinates":[-71.59984,-33.49687]}},
{"type":"Feature","properties":{"cine_prov":"056","cine_com":"05605","nom_com":"El Tabo","nom_prov":"San Antonio","nom_reg":"Valparaíso","cine_reg":"05","sector":"El Tabo"},"geometry":{"type":"Point","coordinates":[-71.62314,-33.49469]}},
{"type":"Feature","properties":{"cine_prov":"052","cine_com":"05201","nom_com":"Isla de Pascua","nom_prov":"Isla de Pascua","nom_reg":"Valparaíso","cine_reg":"05","sector":"Isla de Pascua"},"geometry":{"type":"Point","coordinates":[-109.4306,-27.15849]}},
{"type":"Feature","properties":{"cine_prov":"052","cine_com":"05201","nom_com":"Isla de Pascua","nom_prov":"Isla de Pascua","nom_reg":"Valparaíso","cine_reg":"05","sector":"Isla de Pascua"},"geometry":{"type":"Point","coordinates":[-109.42457,-27.14918]}},
{"type":"Feature","properties":{"cine_prov":"051","cine_com":"05101","nom_com":"Valparaíso","nom_prov":"Valparaíso","nom_reg":"Valparaíso","cine_reg":"05","sector":"Valparaiso"},"geometry":{"type":"Point","coordinates":[-71.58688,-33.03883]}},
{"type":"Feature","properties":{"cine_prov":"051","cine_com":"05105","nom_com":"Puchuncaví","nom_prov":"Valparaíso","nom_reg":"Valparaíso","cine_reg":"05","sector":"Las Ventanas"},"geometry":{"type":"Point","coordinates":[-71.48463,-32.74267]}},
{"type":"Feature","properties":{"cine_prov":"124","cine_com":"12401","nom_com":"Natales","nom_prov":"Última Esperanza","nom_reg":"Magallanes y de la Antártica Chilena","cine_reg":"12","sector":"Puerto Natales"},"geometry":{"type":"Point","coordinates":[-72.48753,-51.72687]}},
{"type":"Feature","properties":{"cine_prov":"124","cine_com":"12401","nom_com":"Natales","nom_prov":"Última Esperanza","nom_reg":"Magallanes y de la Antártica Chilena","cine_reg":"12","sector":"Puerto Natales"},"geometry":{"type":"Point","coordinates":[-72.49101,-51.7298]}},
{"type":"Feature","properties":{"cine_prov":"102","cine_com":"10201","nom_com":"Castro","nom_prov":"Chiloé","nom_reg":"Los Lagos","cine_reg":"10","sector":"Yutuy"},"geometry":{"type":"Point","coordinates":[-73.74632,-42.52061]}},
{"type":"Feature","properties":{"cine_prov":"123","cine_com":"12301","nom_com":"Porvenir","nom_prov":"Tierra del Fuego","nom_reg":"Magallanes y de la Antártica Chilena","cine_reg":"12","sector":"Porvenir"},"geometry":{"type":"Point","coordinates":[-70.36996,-53.29391]}},
{"type":"Feature","properties":{"cine_prov":"123","cine_com":"12301","nom_com":"Porvenir","nom_prov":"Tierra del Fuego","nom_reg":"Magallanes y de la Antártica Chilena","cine_reg":"12","sector":"Porvenir"},"geometry":{"type":"Point","coordinates":[-70.3656,-53.28469]}},
{"type":"Feature","properties":{"cine_prov":"123","cine_com":"12301","nom_com":"Porvenir","nom_prov":"Tierra del Fuego","nom_reg":"Magallanes y de la Antártica Chilena","cine_reg":"12","sector":"Porvenir"},"geometry":{"type":"Point","coordinates":[-70.4358,-53.2983]}},
{"type":"Feature","properties":{"cine_prov":"123","cine_com":"12303","nom_com":"Timaukel","nom_prov":"Tierra del Fuego","nom_reg":"Magallanes y de la Antártica Chilena","cine_reg":"12","sector":"Timaukel"},"geometry":{"type":"Point","coordinates":[-69.62726,-53.64994]}},
{"type":"Feature","properties":{"cine_prov":"123","cine_com":"12301","nom_com":"Porvenir","nom_prov":"Tierra del Fuego","nom_reg":"Magallanes y de la Antártica Chilena","cine_reg":"12","sector":"Porvenir"},"geometry":{"type":"Point","coordinates":[-70.35399,-53.30902]}},
{"type":"Feature","properties":{"cine_prov":"123","cine_com":"12301","nom_com":"Porvenir","nom_prov":"Tierra del Fuego","nom_reg":"Magallanes y de la Antártica Chilena","cine_reg":"12","sector":"Porvenir"},"geometry":{"type":"Point","coordinates":[-70.37572,-53.29429]}},
{"type":"Feature","properties":{"cine_prov":"124","cine_com":"12401","nom_com":"Natales","nom_prov":"Última Esperanza","nom_reg":"Magallanes y de la Antártica Chilena","cine_reg":"12","sector":"Puerto Natales"},"geometry":{"type":"Point","coordinates":[-72.49608,-51.72719]}},
{"type":"Feature","properties":{"cine_prov":"123","cine_com":"12303","nom_com":"Timaukel","nom_prov":"Tierra del Fuego","nom_reg":"Magallanes y de la Antártica Chilena","cine_reg":"12","sector":"Timaukel"},"geometry":{"type":"Point","coordinates":[-69.63875,-53.63673]}},
{"type":"Feature","properties":{"cine_prov":"123","cine_com":"12301","nom_com":"Porvenir","nom_prov":"Tierra del Fuego","nom_reg":"Magallanes y de la Antártica Chilena","cine_reg":"12","sector":"Porvenir"},"geometry":{"type":"Point","coordinates":[-70.37428,-53.29071]}},
{"type":"Feature","properties":{"cine_prov":"124","cine_com":"12401","nom_com":"Natales","nom_prov":"Última Esperanza","nom_reg":"Magallanes y de la Antártica Chilena","cine_reg":"12","sector":"Puerto Natales"},"geometry":{"type":"Point","coordinates":[-72.49378,-51.72811]}},
{"type":"Feature","properties":{"cine_prov":"123","cine_com":"12301","nom_com":"Porvenir","nom_prov":"Tierra del Fuego","nom_reg":"Magallanes y de la Antártica Chilena","cine_reg":"12","sector":"Porvenir"},"geometry":{"type":"Point","coordinates":[-70.36066,-53.29438]}},
{"type":"Feature","properties":{"cine_prov":"124","cine_com":"12401","nom_com":"Natales","nom_prov":"Última Esperanza","nom_reg":"Magallanes y de la Antártica Chilena","cine_reg":"12","sector":"Puerto Natales"},"geometry":{"type":"Point","coordinates":[-72.47903,-51.73746]}},
{"type":"Feature","properties":{"cine_prov":"124","cine_com":"12401","nom_com":"Natales","nom_prov":"Última Esperanza","nom_reg":"Magallanes y de la Antártica Chilena","cine_reg":"12","sector":"Puerto Natales"},"geometry":{"type":"Point","coordinates":[-72.48791,-51.73079]}},
{"type":"Feature","properties":{"cine_prov":"122","cine_com":"12201","nom_com":"Cabo de Hornos","nom_prov":"Antártica Chilena","nom_reg":"Magallanes y de la Antártica Chilena","cine_reg":"12","sector":"Puerto Williams"},"geometry":{"type":"Point","coordinates":[-67.60968,-54.93728]}},
{"type":"Feature","properties":{"cine_prov":"122","cine_com":"12201","nom_com":"Cabo de Hornos","nom_prov":"Antártica Chilena","nom_reg":"Magallanes y de la Antártica Chilena","cine_reg":"12","sector":"Puerto Williams"},"geometry":{"type":"Point","coordinates":[-67.60278,-54.93715]}},
{"type":"Feature","properties":{"cine_prov":"122","cine_com":"12201","nom_com":"Cabo de Hornos","nom_prov":"Antártica Chilena","nom_reg":"Magallanes y de la Antártica Chilena","cine_reg":"12","sector":"Puerto Williams"},"geometry":{"type":"Point","coordinates":[-67.58411,-54.93366]}},
{"type":"Feature","properties":{"cine_prov":"122","cine_com":"12201","nom_com":"Cabo de Hornos","nom_prov":"Antártica Chilena","nom_reg":"Magallanes y de la Antártica Chilena","cine_reg":"12","sector":"Puerto Williams"},"geometry":{"type":"Point","coordinates":[-67.61224,-54.93748]}},
{"type":"Feature","properties":{"cine_prov":"121","cine_com":"12101","nom_com":"Punta Arenas","nom_prov":"Magallanes","nom_reg":"Magallanes y de la Antártica Chilena","cine_reg":"12","sector":"Punta Arenas"},"geometry":{"type":"Point","coordinates":[-70.91849,-53.16335]}},
{"type":"Feature","properties":{"cine_prov":"121","cine_com":"12101","nom_com":"Punta Arenas","nom_prov":"Magallanes","nom_reg":"Magallanes y de la Antártica Chilena","cine_reg":"12","sector":"Punta Arenas"},"geometry":{"type":"Point","coordinates":[-70.90744,-53.14176]}},
{"type":"Feature","properties":{"cine_prov":"121","cine_com":"12101","nom_com":"Punta Arenas","nom_prov":"Magallanes","nom_reg":"Magallanes y de la Antártica Chilena","cine_reg":"12","sector":"Punta Arenas"},"geometry":{"type":"Point","coordinates":[-70.89846,-53.13132]}},
{"type":"Feature","properties":{"cine_prov":"121","cine_com":"12101","nom_com":"Punta Arenas","nom_prov":"Magallanes","nom_reg":"Magallanes y de la Antártica Chilena","cine_reg":"12","sector":"Punta Arenas"},"geometry":{"type":"Point","coordinates":[-70.92745,-53.16536]}},
{"type":"Feature","properties":{"cine_prov":"121","cine_com":"12101","nom_com":"Punta Arenas","nom_prov":"Magallanes","nom_reg":"Magallanes y de la Antártica Chilena","cine_reg":"12","sector":"Punta Arenas"},"geometry":{"type":"Point","coordinates":[-70.88488,-53.09694]}},
{"type":"Feature","properties":{"cine_prov":"121","cine_com":"12101","nom_com":"Punta Arenas","nom_prov":"Magallanes","nom_reg":"Magallanes y de la Antártica Chilena","cine_reg":"12","sector":"Punta Arenas"},"geometry":{"type":"Point","coordinates":[-70.91353,-53.15859]}},
{"type":"Feature","properties":{"cine_prov":"121","cine_com":"12101","nom_com":"Punta Arenas","nom_prov":"Magallanes","nom_reg":"Magallanes y de la Antártica Chilena","cine_reg":"12","sector":"Punta Arenas"},"geometry":{"type":"Point","coordinates":[-70.89725,-53.12318]}},
{"type":"Feature","properties":{"cine_prov":"121","cine_com":"12101","nom_com":"Punta Arenas","nom_prov":"Magallanes","nom_reg":"Magallanes y de la Antártica Chilena","cine_reg":"12","sector":"Punta Arenas"},"geometry":{"type":"Point","coordinates":[-70.91599,-53.14683]}},
{"type":"Feature","properties":{"cine_prov":"121","cine_com":"12101","nom_com":"Punta Arenas","nom_prov":"Magallanes","nom_reg":"Magallanes y de la Antártica Chilena","cine_reg":"12","sector":"Punta Arenas"},"geometry":{"type":"Point","coordinates":[-70.90476,-53.13479]}},
{"type":"Feature","properties":{"cine_prov":"121","cine_com":"12101","nom_com":"Punta Arenas","nom_prov":"Magallanes","nom_reg":"Magallanes y de la Antártica Chilena","cine_reg":"12","sector":"Punta Arenas"},"geometry":{"type":"Point","coordinates":[-70.91527,-53.16053]}},
{"type":"Feature","properties":{"cine_prov":"121","cine_com":"12101","nom_com":"Punta Arenas","nom_prov":"Magallanes","nom_reg":"Magallanes y de la Antártica Chilena","cine_reg":"12","sector":"Punta Arenas"},"geometry":{"type":"Point","coordinates":[-70.90884,-53.14377]}},
{"type":"Feature","properties":{"cine_prov":"121","cine_com":"12101","nom_com":"Punta Arenas","nom_prov":"Magallanes","nom_reg":"Magallanes y de la Antártica Chilena","cine_reg":"12","sector":"Punta Arenas"},"geometry":{"type":"Point","coordinates":[-70.9069,-53.13937]}},
{"type":"Feature","properties":{"cine_prov":"102","cine_com":"10201","nom_com":"Castro","nom_prov":"Chiloé","nom_reg":"Los Lagos","cine_reg":"10","sector":"Yutuy"},"geometry":{"type":"Point","coordinates":[-73.74395,-42.51461]}},
{"type":"Feature","properties":{"cine_prov":"102","cine_com":"10201","nom_com":"Castro","nom_prov":"Chiloé","nom_reg":"Los Lagos","cine_reg":"10","sector":"Pello Yutu"},"geometry":{"type":"Point","coordinates":[-73.7355,-42.5055]}},
{"type":"Feature","properties":{"cine_prov":"102","cine_com":"10201","nom_com":"Castro","nom_prov":"Chiloé","nom_reg":"Los Lagos","cine_reg":"10","sector":"Quilco"},"geometry":{"type":"Point","coordinates":[-73.72176,-42.46541]}},
{"type":"Feature","properties":{"cine_prov":"102","cine_com":"10201","nom_com":"Castro","nom_prov":"Chiloé","nom_reg":"Los Lagos","cine_reg":"10","sector":"Quilco"},"geometry":{"type":"Point","coordinates":[-73.72226,-42.45176]}},
{"type":"Feature","properties":{"cine_prov":"102","cine_com":"10201","nom_com":"Castro","nom_prov":"Chiloé","nom_reg":"Los Lagos","cine_reg":"10","sector":"Quilco"},"geometry":{"type":"Point","coordinates":[-73.72288,-42.44728]}},
{"type":"Feature","properties":{"cine_prov":"102","cine_com":"10201","nom_com":"Castro","nom_prov":"Chiloé","nom_reg":"Los Lagos","cine_reg":"10","sector":"Putemun"},"geometry":{"type":"Point","coordinates":[-73.71588,-42.43173]}},
{"type":"Feature","properties":{"cine_prov":"102","cine_com":"10201","nom_com":"Castro","nom_prov":"Chiloé","nom_reg":"Los Lagos","cine_reg":"10","sector":"Putemun"},"geometry":{"type":"Point","coordinates":[-73.71293,-42.41874]}},
{"type":"Feature","properties":{"cine_prov":"102","cine_com":"10201","nom_com":"Castro","nom_prov":"Chiloé","nom_reg":"Los Lagos","cine_reg":"10","sector":"Putemun"},"geometry":{"type":"Point","coordinates":[-73.7209,-42.41496]}},
{"type":"Feature","properties":{"cine_prov":"102","cine_com":"10201","nom_com":"Castro","nom_prov":"Chiloé","nom_reg":"Los Lagos","cine_reg":"10","sector":"Putemun"},"geometry":{"type":"Point","coordinates":[-73.72981,-42.41247]}},
{"type":"Feature","properties":{"cine_prov":"102","cine_com":"10201","nom_com":"Castro","nom_prov":"Chiloé","nom_reg":"Los Lagos","cine_reg":"10","sector":"Putemun"},"geometry":{"type":"Point","coordinates":[-73.7376,-42.41547]}},
{"type":"Feature","properties":{"cine_prov":"102","cine_com":"10201","nom_com":"Castro","nom_prov":"Chiloé","nom_reg":"Los Lagos","cine_reg":"10","sector":"Putemun"},"geometry":{"type":"Point","coordinates":[-73.75211,-42.4119]}},
{"type":"Feature","properties":{"cine_prov":"102","cine_com":"10201","nom_com":"Castro","nom_prov":"Chiloé","nom_reg":"Los Lagos","cine_reg":"10","sector":"Llaullao"},"geometry":{"type":"Point","coordinates":[-73.75723,-42.42315]}},
{"type":"Feature","properties":{"cine_prov":"102","cine_com":"10201","nom_com":"Castro","nom_prov":"Chiloé","nom_reg":"Los Lagos","cine_reg":"10","sector":"Llaullao"},"geometry":{"type":"Point","coordinates":[-73.7687,-42.42662]}},
{"type":"Feature","properties":{"cine_prov":"102","cine_com":"10201","nom_com":"Castro","nom_prov":"Chiloé","nom_reg":"Los Lagos","cine_reg":"10","sector":"Llaullao"},"geometry":{"type":"Point","coordinates":[-73.77954,-42.42971]}},
{"type":"Feature","properties":{"cine_prov":"102","cine_com":"10201","nom_com":"Castro","nom_prov":"Chiloé","nom_reg":"Los Lagos","cine_reg":"10","sector":"Llaullao"},"geometry":{"type":"Point","coordinates":[-73.76642,-42.43276]}},
{"type":"Feature","properties":{"cine_prov":"121","cine_com":"12101","nom_com":"Punta Arenas","nom_prov":"Magallanes","nom_reg":"Magallanes y de la Antártica Chilena","cine_reg":"12","sector":"Punta Arenas"},"geometry":{"type":"Point","coordinates":[-70.90922,-53.14823]}},
{"type":"Feature","properties":{"cine_prov":"121","cine_com":"12101","nom_com":"Punta Arenas","nom_prov":"Magallanes","nom_reg":"Magallanes y de la Antártica Chilena","cine_reg":"12","sector":"Punta Arenas"},"geometry":{"type":"Point","coordinates":[-70.93181,-53.17617]}},
{"type":"Feature","properties":{"cine_prov":"121","cine_com":"12101","nom_com":"Punta Arenas","nom_prov":"Magallanes","nom_reg":"Magallanes y de la Antártica Chilena","cine_reg":"12","sector":"Punta Arenas"},"geometry":{"type":"Point","coordinates":[-70.92137,-53.16626]}},
{"type":"Feature","properties":{"cine_prov":"121","cine_com":"12101","nom_com":"Punta Arenas","nom_prov":"Magallanes","nom_reg":"Magallanes y de la Antártica Chilena","cine_reg":"12","sector":"Punta Arenas"},"geometry":{"type":"Point","coordinates":[-70.91268,-53.15748]}},
{"type":"Feature","properties":{"cine_prov":"121","cine_com":"12101","nom_com":"Punta Arenas","nom_prov":"Magallanes","nom_reg":"Magallanes y de la Antártica Chilena","cine_reg":"12","sector":"Punta Arenas"},"geometry":{"type":"Point","coordinates":[-70.89417,-53.12149]}},
{"type":"Feature","properties":{"cine_prov":"121","cine_com":"12101","nom_com":"Punta Arenas","nom_prov":"Magallanes","nom_reg":"Magallanes y de la Antártica Chilena","cine_reg":"12","sector":"Punta Arenas"},"geometry":{"type":"Point","coordinates":[-70.92535,-53.17521]}},
{"type":"Feature","properties":{"cine_prov":"121","cine_com":"12101","nom_com":"Punta Arenas","nom_prov":"Magallanes","nom_reg":"Magallanes y de la Antártica Chilena","cine_reg":"12","sector":"Punta Arenas"},"geometry":{"type":"Point","coordinates":[-70.92412,-53.16902]}},
{"type":"Feature","properties":{"cine_prov":"041","cine_com":"04102","nom_com":"Coquimbo","nom_prov":"Elqui","nom_reg":"Coquimbo","cine_reg":"04","sector":"Totoralillo"},"geometry":{"type":"Point","coordinates":[-71.36934,-30.06569]}},
{"type":"Feature","properties":{"cine_prov":"041","cine_com":"04102","nom_com":"Coquimbo","nom_prov":"Elqui","nom_reg":"Coquimbo","cine_reg":"04","sector":"Totoralillo"},"geometry":{"type":"Point","coordinates":[-71.37323,-30.06641]}},
{"type":"Feature","properties":{"cine_prov":"042","cine_com":"04202","nom_com":"Canela","nom_prov":"Choapa","nom_reg":"Coquimbo","cine_reg":"04","sector":"Huentelauquén"},"geometry":{"type":"Point","coordinates":[-71.5253,-31.61434]}},
{"type":"Feature","properties":{"cine_prov":"042","cine_com":"04202","nom_com":"Canela","nom_prov":"Choapa","nom_reg":"Coquimbo","cine_reg":"04","sector":"Huentelauquén"},"geometry":{"type":"Point","coordinates":[-71.52017,-31.6061]}},
{"type":"Feature","properties":{"cine_prov":"042","cine_com":"04202","nom_com":"Canela","nom_prov":"Choapa","nom_reg":"Coquimbo","cine_reg":"04","sector":"Huentelauquén"},"geometry":{"type":"Point","coordinates":[-71.52631,-31.60626]}},
{"type":"Feature","properties":{"cine_prov":"102","cine_com":"10201","nom_com":"Castro","nom_prov":"Chiloé","nom_reg":"Los Lagos","cine_reg":"10","sector":"Castro"},"geometry":{"type":"Point","coordinates":[-73.75813,-42.45193]}},
{"type":"Feature","properties":{"cine_prov":"042","cine_com":"04202","nom_com":"Canela","nom_prov":"Choapa","nom_reg":"Coquimbo","cine_reg":"04","sector":"Huentelauquén"},"geometry":{"type":"Point","coordinates":[-71.53779,-31.58398]}},
{"type":"Feature","properties":{"cine_prov":"042","cine_com":"04202","nom_com":"Canela","nom_prov":"Choapa","nom_reg":"Coquimbo","cine_reg":"04","sector":"Puerto Manso"},"geometry":{"type":"Point","coordinates":[-71.56291,-31.51173]}},
{"type":"Feature","properties":{"cine_prov":"042","cine_com":"04202","nom_com":"Canela","nom_prov":"Choapa","nom_reg":"Coquimbo","cine_reg":"04","sector":"Puerto Manso"},"geometry":{"type":"Point","coordinates":[-71.5659,-31.50986]}},
{"type":"Feature","properties":{"cine_prov":"041","cine_com":"04104","nom_com":"La Higuera","nom_prov":"Elqui","nom_reg":"Coquimbo","cine_reg":"04","sector":"Caleta Los Hornos"},"geometry":{"type":"Point","coordinates":[-71.28845,-29.62424]}},
{"type":"Feature","properties":{"cine_prov":"041","cine_com":"04104","nom_com":"La Higuera","nom_prov":"Elqui","nom_reg":"Coquimbo","cine_reg":"04","sector":"Caleta Los Hornos"},"geometry":{"type":"Point","coordinates":[-71.29089,-29.62324]}},
{"type":"Feature","properties":{"cine_prov":"041","cine_com":"04104","nom_com":"La Higuera","nom_prov":"Elqui","nom_reg":"Coquimbo","cine_reg":"04","sector":"Caleta Los Hornos"},"geometry":{"type":"Point","coordinates":[-71.28372,-29.62329]}},
{"type":"Feature","properties":{"cine_prov":"041","cine_com":"04104","nom_com":"La Higuera","nom_prov":"Elqui","nom_reg":"Coquimbo","cine_reg":"04","sector":"Caleta Los Hornos"},"geometry":{"type":"Point","coordinates":[-71.28333,-29.61957]}},
{"type":"Feature","properties":{"cine_prov":"041","cine_com":"04104","nom_com":"La Higuera","nom_prov":"Elqui","nom_reg":"Coquimbo","cine_reg":"04","sector":"Chungungo"},"geometry":{"type":"Point","coordinates":[-71.31051,-29.45279]}},
{"type":"Feature","properties":{"cine_prov":"041","cine_com":"04104","nom_com":"La Higuera","nom_prov":"Elqui","nom_reg":"Coquimbo","cine_reg":"04","sector":"Chungungo"},"geometry":{"type":"Point","coordinates":[-71.29829,-29.45033]}},
{"type":"Feature","properties":{"cine_prov":"041","cine_com":"04104","nom_com":"La Higuera","nom_prov":"Elqui","nom_reg":"Coquimbo","cine_reg":"04","sector":"Chungungo"},"geometry":{"type":"Point","coordinates":[-71.29978,-29.44667]}},
{"type":"Feature","properties":{"cine_prov":"041","cine_com":"04104","nom_com":"La Higuera","nom_prov":"Elqui","nom_reg":"Coquimbo","cine_reg":"04","sector":"Chungungo"},"geometry":{"type":"Point","coordinates":[-71.30158,-29.4447]}},
{"type":"Feature","properties":{"cine_prov":"041","cine_com":"04104","nom_com":"La Higuera","nom_prov":"Elqui","nom_reg":"Coquimbo","cine_reg":"04","sector":"Punta de Choros"},"geometry":{"type":"Point","coordinates":[-71.45724,-29.23976]}},
{"type":"Feature","properties":{"cine_prov":"041","cine_com":"04101","nom_com":"La Serena","nom_prov":"Elqui","nom_reg":"Coquimbo","cine_reg":"04","sector":"La Serena"},"geometry":{"type":"Point","coordinates":[-71.25238,-29.87985]}},
{"type":"Feature","properties":{"cine_prov":"041","cine_com":"04101","nom_com":"La Serena","nom_prov":"Elqui","nom_reg":"Coquimbo","cine_reg":"04","sector":"La Serena"},"geometry":{"type":"Point","coordinates":[-71.25206,-29.90265]}},
{"type":"Feature","properties":{"cine_prov":"041","cine_com":"04101","nom_com":"La Serena","nom_prov":"Elqui","nom_reg":"Coquimbo","cine_reg":"04","sector":"La Serena"},"geometry":{"type":"Point","coordinates":[-71.25406,-29.90453]}},
{"type":"Feature","properties":{"cine_prov":"041","cine_com":"04101","nom_com":"La Serena","nom_prov":"Elqui","nom_reg":"Coquimbo","cine_reg":"04","sector":"La Serena"},"geometry":{"type":"Point","coordinates":[-71.25334,-29.91126]}},
{"type":"Feature","properties":{"cine_prov":"041","cine_com":"04101","nom_com":"La Serena","nom_prov":"Elqui","nom_reg":"Coquimbo","cine_reg":"04","sector":"La Serena"},"geometry":{"type":"Point","coordinates":[-71.26131,-29.93328]}},
{"type":"Feature","properties":{"cine_prov":"041","cine_com":"04101","nom_com":"La Serena","nom_prov":"Elqui","nom_reg":"Coquimbo","cine_reg":"04","sector":"La Serena"},"geometry":{"type":"Point","coordinates":[-71.26368,-29.82665]}},
{"type":"Feature","properties":{"cine_prov":"041","cine_com":"04101","nom_com":"La Serena","nom_prov":"Elqui","nom_reg":"Coquimbo","cine_reg":"04","sector":"La Serena"},"geometry":{"type":"Point","coordinates":[-71.26783,-29.81729]}},
{"type":"Feature","properties":{"cine_prov":"042","cine_com":"04202","nom_com":"Canela","nom_prov":"Choapa","nom_reg":"Coquimbo","cine_reg":"04","sector":"Caleta Maitencillo"},"geometry":{"type":"Point","coordinates":[-71.62928,-31.26447]}},
{"type":"Feature","properties":{"cine_prov":"042","cine_com":"04202","nom_com":"Canela","nom_prov":"Choapa","nom_reg":"Coquimbo","cine_reg":"04","sector":"Puerto Oscuro"},"geometry":{"type":"Point","coordinates":[-71.59649,-31.42212]}},
{"type":"Feature","properties":{"cine_prov":"042","cine_com":"04202","nom_com":"Canela","nom_prov":"Choapa","nom_reg":"Coquimbo","cine_reg":"04","sector":"Puerto Oscuro"},"geometry":{"type":"Point","coordinates":[-71.59174,-31.42336]}},
{"type":"Feature","properties":{"cine_prov":"042","cine_com":"04202","nom_com":"Canela","nom_prov":"Choapa","nom_reg":"Coquimbo","cine_reg":"04","sector":"Puerto Manso"},"geometry":{"type":"Point","coordinates":[-71.56066,-31.5158]}},
{"type":"Feature","properties":{"cine_prov":"042","cine_com":"04202","nom_com":"Canela","nom_prov":"Choapa","nom_reg":"Coquimbo","cine_reg":"04","sector":"Huentelauquén Sur"},"geometry":{"type":"Point","coordinates":[-71.54542,-31.65135]}},
{"type":"Feature","properties":{"cine_prov":"042","cine_com":"04202","nom_com":"Canela","nom_prov":"Choapa","nom_reg":"Coquimbo","cine_reg":"04","sector":"Huentelauquén"},"geometry":{"type":"Point","coordinates":[-71.51959,-31.61046]}},
{"type":"Feature","properties":{"cine_prov":"042","cine_com":"04202","nom_com":"Canela","nom_prov":"Choapa","nom_reg":"Coquimbo","cine_reg":"04","sector":"Huentelauquén"},"geometry":{"type":"Point","coordinates":[-71.54511,-31.58928]}},
{"type":"Feature","properties":{"cine_prov":"041","cine_com":"04104","nom_com":"La Higuera","nom_prov":"Elqui","nom_reg":"Coquimbo","cine_reg":"04","sector":"Totoralillo Norte"},"geometry":{"type":"Point","coordinates":[-71.31937,-29.49799]}},
{"type":"Feature","properties":{"cine_prov":"041","cine_com":"04101","nom_com":"La Serena","nom_prov":"Elqui","nom_reg":"Coquimbo","cine_reg":"04","sector":"La Serena"},"geometry":{"type":"Point","coordinates":[-71.26635,-29.94246]}},
{"type":"Feature","properties":{"cine_prov":"041","cine_com":"04101","nom_com":"La Serena","nom_prov":"Elqui","nom_reg":"Coquimbo","cine_reg":"04","sector":"La Serena"},"geometry":{"type":"Point","coordinates":[-71.25928,-29.92788]}},
{"type":"Feature","properties":{"cine_prov":"041","cine_com":"04101","nom_com":"La Serena","nom_prov":"Elqui","nom_reg":"Coquimbo","cine_reg":"04","sector":"La Serena"},"geometry":{"type":"Point","coordinates":[-71.25769,-29.92304]}},
{"type":"Feature","properties":{"cine_prov":"041","cine_com":"04104","nom_com":"La Higuera","nom_prov":"Elqui","nom_reg":"Coquimbo","cine_reg":"04","sector":"Punta de Choros"},"geometry":{"type":"Point","coordinates":[-71.46007,-29.23987]}},
{"type":"Feature","properties":{"cine_prov":"041","cine_com":"04101","nom_com":"La Serena","nom_prov":"Elqui","nom_reg":"Coquimbo","cine_reg":"04","sector":"La Serena"},"geometry":{"type":"Point","coordinates":[-71.25403,-29.91454]}},
{"type":"Feature","properties":{"cine_prov":"042","cine_com":"04202","nom_com":"Canela","nom_prov":"Choapa","nom_reg":"Coquimbo","cine_reg":"04","sector":"Huentelauquén"},"geometry":{"type":"Point","coordinates":[-71.54833,-31.59507]}},
{"type":"Feature","properties":{"cine_prov":"042","cine_com":"04202","nom_com":"Canela","nom_prov":"Choapa","nom_reg":"Coquimbo","cine_reg":"04","sector":"Puerto Manso"},"geometry":{"type":"Point","coordinates":[-71.56121,-31.52317]}},
{"type":"Feature","properties":{"cine_prov":"041","cine_com":"04102","nom_com":"Coquimbo","nom_prov":"Elqui","nom_reg":"Coquimbo","cine_reg":"04","sector":"Coquimbo"},"geometry":{"type":"Point","coordinates":[-71.28095,-29.95216]}},
{"type":"Feature","properties":{"cine_prov":"041","cine_com":"04102","nom_com":"Coquimbo","nom_prov":"Elqui","nom_reg":"Coquimbo","cine_reg":"04","sector":"Coquimbo"},"geometry":{"type":"Point","coordinates":[-71.33533,-29.96941]}},
{"type":"Feature","properties":{"cine_prov":"041","cine_com":"04102","nom_com":"Coquimbo","nom_prov":"Elqui","nom_reg":"Coquimbo","cine_reg":"04","sector":"Coquimbo"},"geometry":{"type":"Point","coordinates":[-71.35991,-29.9894]}},
{"type":"Feature","properties":{"cine_prov":"041","cine_com":"04102","nom_com":"Coquimbo","nom_prov":"Elqui","nom_reg":"Coquimbo","cine_reg":"04","sector":"Coquimbo"},"geometry":{"type":"Point","coordinates":[-71.36154,-29.98945]}},
{"type":"Feature","properties":{"cine_prov":"041","cine_com":"04102","nom_com":"Coquimbo","nom_prov":"Elqui","nom_reg":"Coquimbo","cine_reg":"04","sector":"Coquimbo"},"geometry":{"type":"Point","coordinates":[-71.35135,-29.98792]}},
{"type":"Feature","properties":{"cine_prov":"041","cine_com":"04102","nom_com":"Coquimbo","nom_prov":"Elqui","nom_reg":"Coquimbo","cine_reg":"04","sector":"Coquimbo"},"geometry":{"type":"Point","coordinates":[-71.36942,-29.986]}},
{"type":"Feature","properties":{"cine_prov":"041","cine_com":"04102","nom_com":"Coquimbo","nom_prov":"Elqui","nom_reg":"Coquimbo","cine_reg":"04","sector":"Coquimbo"},"geometry":{"type":"Point","coordinates":[-71.34594,-29.9844]}},
{"type":"Feature","properties":{"cine_prov":"041","cine_com":"04102","nom_com":"Coquimbo","nom_prov":"Elqui","nom_reg":"Coquimbo","cine_reg":"04","sector":"Coquimbo"},"geometry":{"type":"Point","coordinates":[-71.34463,-29.98247]}},
{"type":"Feature","properties":{"cine_prov":"041","cine_com":"04102","nom_com":"Coquimbo","nom_prov":"Elqui","nom_reg":"Coquimbo","cine_reg":"04","sector":"Coquimbo"},"geometry":{"type":"Point","coordinates":[-71.34193,-29.98058]}},
{"type":"Feature","properties":{"cine_prov":"041","cine_com":"04102","nom_com":"Coquimbo","nom_prov":"Elqui","nom_reg":"Coquimbo","cine_reg":"04","sector":"Coquimbo"},"geometry":{"type":"Point","coordinates":[-71.34069,-29.97947]}},
{"type":"Feature","properties":{"cine_prov":"041","cine_com":"04102","nom_com":"Coquimbo","nom_prov":"Elqui","nom_reg":"Coquimbo","cine_reg":"04","sector":"Coquimbo"},"geometry":{"type":"Point","coordinates":[-71.37042,-29.9787]}},
{"type":"Feature","properties":{"cine_prov":"041","cine_com":"04102","nom_com":"Coquimbo","nom_prov":"Elqui","nom_reg":"Coquimbo","cine_reg":"04","sector":"Coquimbo"},"geometry":{"type":"Point","coordinates":[-71.33918,-29.97769]}},
{"type":"Feature","properties":{"cine_prov":"041","cine_com":"04102","nom_com":"Coquimbo","nom_prov":"Elqui","nom_reg":"Coquimbo","cine_reg":"04","sector":"Coquimbo"},"geometry":{"type":"Point","coordinates":[-71.3701,-29.97717]}},
{"type":"Feature","properties":{"cine_prov":"041","cine_com":"04102","nom_com":"Coquimbo","nom_prov":"Elqui","nom_reg":"Coquimbo","cine_reg":"04","sector":"Coquimbo"},"geometry":{"type":"Point","coordinates":[-71.36984,-29.97577]}},
{"type":"Feature","properties":{"cine_prov":"041","cine_com":"04102","nom_com":"Coquimbo","nom_prov":"Elqui","nom_reg":"Coquimbo","cine_reg":"04","sector":"Coquimbo"},"geometry":{"type":"Point","coordinates":[-71.32649,-29.97095]}},
{"type":"Feature","properties":{"cine_prov":"041","cine_com":"04102","nom_com":"Coquimbo","nom_prov":"Elqui","nom_reg":"Coquimbo","cine_reg":"04","sector":"Coquimbo"},"geometry":{"type":"Point","coordinates":[-71.32018,-29.97198]}},
{"type":"Feature","properties":{"cine_prov":"041","cine_com":"04102","nom_com":"Coquimbo","nom_prov":"Elqui","nom_reg":"Coquimbo","cine_reg":"04","sector":"Coquimbo"},"geometry":{"type":"Point","coordinates":[-71.3391,-29.97141]}},
{"type":"Feature","properties":{"cine_prov":"041","cine_com":"04102","nom_com":"Coquimbo","nom_prov":"Elqui","nom_reg":"Coquimbo","cine_reg":"04","sector":"Coquimbo"},"geometry":{"type":"Point","coordinates":[-71.32988,-29.97064]}},
{"type":"Feature","properties":{"cine_prov":"041","cine_com":"04102","nom_com":"Coquimbo","nom_prov":"Elqui","nom_reg":"Coquimbo","cine_reg":"04","sector":"Coquimbo"},"geometry":{"type":"Point","coordinates":[-71.34119,-29.96976]}},
{"type":"Feature","properties":{"cine_prov":"041","cine_com":"04102","nom_com":"Coquimbo","nom_prov":"Elqui","nom_reg":"Coquimbo","cine_reg":"04","sector":"Coquimbo"},"geometry":{"type":"Point","coordinates":[-71.34232,-29.96845]}},
{"type":"Feature","properties":{"cine_prov":"041","cine_com":"04102","nom_com":"Coquimbo","nom_prov":"Elqui","nom_reg":"Coquimbo","cine_reg":"04","sector":"Coquimbo"},"geometry":{"type":"Point","coordinates":[-71.30859,-29.96821]}},
{"type":"Feature","properties":{"cine_prov":"041","cine_com":"04102","nom_com":"Coquimbo","nom_prov":"Elqui","nom_reg":"Coquimbo","cine_reg":"04","sector":"Coquimbo"},"geometry":{"type":"Point","coordinates":[-71.3434,-29.96682]}},
{"type":"Feature","properties":{"cine_prov":"041","cine_com":"04102","nom_com":"Coquimbo","nom_prov":"Elqui","nom_reg":"Coquimbo","cine_reg":"04","sector":"Coquimbo"},"geometry":{"type":"Point","coordinates":[-71.3364,-29.96712]}},
{"type":"Feature","properties":{"cine_prov":"041","cine_com":"04102","nom_com":"Coquimbo","nom_prov":"Elqui","nom_reg":"Coquimbo","cine_reg":"04","sector":"Coquimbo"},"geometry":{"type":"Point","coordinates":[-71.30652,-29.96708]}},
{"type":"Feature","properties":{"cine_prov":"041","cine_com":"04102","nom_com":"Coquimbo","nom_prov":"Elqui","nom_reg":"Coquimbo","cine_reg":"04","sector":"Coquimbo"},"geometry":{"type":"Point","coordinates":[-71.30373,-29.96531]}},
{"type":"Feature","properties":{"cine_prov":"041","cine_com":"04102","nom_com":"Coquimbo","nom_prov":"Elqui","nom_reg":"Coquimbo","cine_reg":"04","sector":"Coquimbo"},"geometry":{"type":"Point","coordinates":[-71.34537,-29.96541]}},
{"type":"Feature","properties":{"cine_prov":"041","cine_com":"04102","nom_com":"Coquimbo","nom_prov":"Elqui","nom_reg":"Coquimbo","cine_reg":"04","sector":"Coquimbo"},"geometry":{"type":"Point","coordinates":[-71.35934,-29.96337]}},
{"type":"Feature","properties":{"cine_prov":"041","cine_com":"04102","nom_com":"Coquimbo","nom_prov":"Elqui","nom_reg":"Coquimbo","cine_reg":"04","sector":"Coquimbo"},"geometry":{"type":"Point","coordinates":[-71.30052,-29.96322]}},
{"type":"Feature","properties":{"cine_prov":"041","cine_com":"04102","nom_com":"Coquimbo","nom_prov":"Elqui","nom_reg":"Coquimbo","cine_reg":"04","sector":"Coquimbo"},"geometry":{"type":"Point","coordinates":[-71.33887,-29.96189]}},
{"type":"Feature","properties":{"cine_prov":"041","cine_com":"04102","nom_com":"Coquimbo","nom_prov":"Elqui","nom_reg":"Coquimbo","cine_reg":"04","sector":"Coquimbo"},"geometry":{"type":"Point","coordinates":[-71.2965,-29.96007]}},
{"type":"Feature","properties":{"cine_prov":"041","cine_com":"04102","nom_com":"Coquimbo","nom_prov":"Elqui","nom_reg":"Coquimbo","cine_reg":"04","sector":"Coquimbo"},"geometry":{"type":"Point","coordinates":[-71.34072,-29.95535]}},
{"type":"Feature","properties":{"cine_prov":"041","cine_com":"04102","nom_com":"Coquimbo","nom_prov":"Elqui","nom_reg":"Coquimbo","cine_reg":"04","sector":"Coquimbo"},"geometry":{"type":"Point","coordinates":[-71.29006,-29.95553]}},
{"type":"Feature","properties":{"cine_prov":"041","cine_com":"04102","nom_com":"Coquimbo","nom_prov":"Elqui","nom_reg":"Coquimbo","cine_reg":"04","sector":"Coquimbo"},"geometry":{"type":"Point","coordinates":[-71.34054,-29.95453]}},
{"type":"Feature","properties":{"cine_prov":"041","cine_com":"04102","nom_com":"Coquimbo","nom_prov":"Elqui","nom_reg":"Coquimbo","cine_reg":"04","sector":"Coquimbo"},"geometry":{"type":"Point","coordinates":[-71.34029,-29.95368]}},
{"type":"Feature","properties":{"cine_prov":"041","cine_com":"04102","nom_com":"Coquimbo","nom_prov":"Elqui","nom_reg":"Coquimbo","cine_reg":"04","sector":"Coquimbo"},"geometry":{"type":"Point","coordinates":[-71.33988,-29.95276]}},
{"type":"Feature","properties":{"cine_prov":"041","cine_com":"04102","nom_com":"Coquimbo","nom_prov":"Elqui","nom_reg":"Coquimbo","cine_reg":"04","sector":"Coquimbo"},"geometry":{"type":"Point","coordinates":[-71.33972,-29.95165]}},
{"type":"Feature","properties":{"cine_prov":"041","cine_com":"04102","nom_com":"Coquimbo","nom_prov":"Elqui","nom_reg":"Coquimbo","cine_reg":"04","sector":"Coquimbo"},"geometry":{"type":"Point","coordinates":[-71.33951,-29.95067]}},
{"type":"Feature","properties":{"cine_prov":"041","cine_com":"04102","nom_com":"Coquimbo","nom_prov":"Elqui","nom_reg":"Coquimbo","cine_reg":"04","sector":"Coquimbo"},"geometry":{"type":"Point","coordinates":[-71.33922,-29.94974]}},
{"type":"Feature","properties":{"cine_prov":"041","cine_com":"04102","nom_com":"Coquimbo","nom_prov":"Elqui","nom_reg":"Coquimbo","cine_reg":"04","sector":"Coquimbo"},"geometry":{"type":"Point","coordinates":[-71.33895,-29.94929]}},
{"type":"Feature","properties":{"cine_prov":"041","cine_com":"04102","nom_com":"Coquimbo","nom_prov":"Elqui","nom_reg":"Coquimbo","cine_reg":"04","sector":"Coquimbo"},"geometry":{"type":"Point","coordinates":[-71.33901,-29.94886]}},
{"type":"Feature","properties":{"cine_prov":"041","cine_com":"04102","nom_com":"Coquimbo","nom_prov":"Elqui","nom_reg":"Coquimbo","cine_reg":"04","sector":"Coquimbo"},"geometry":{"type":"Point","coordinates":[-71.3384,-29.94692]}},
{"type":"Feature","properties":{"cine_prov":"041","cine_com":"04102","nom_com":"Coquimbo","nom_prov":"Elqui","nom_reg":"Coquimbo","cine_reg":"04","sector":"Coquimbo"},"geometry":{"type":"Point","coordinates":[-71.33785,-29.94478]}},
{"type":"Feature","properties":{"cine_prov":"041","cine_com":"04102","nom_com":"Coquimbo","nom_prov":"Elqui","nom_reg":"Coquimbo","cine_reg":"04","sector":"Coquimbo"},"geometry":{"type":"Point","coordinates":[-71.33984,-29.9594]}},
{"type":"Feature","properties":{"cine_prov":"041","cine_com":"04102","nom_com":"Coquimbo","nom_prov":"Elqui","nom_reg":"Coquimbo","cine_reg":"04","sector":"Coquimbo"},"geometry":{"type":"Point","coordinates":[-71.33722,-29.96289]}},
{"type":"Feature","properties":{"cine_prov":"041","cine_com":"04102","nom_com":"Coquimbo","nom_prov":"Elqui","nom_reg":"Coquimbo","cine_reg":"04","sector":"Guanaqueros"},"geometry":{"type":"Point","coordinates":[-71.43231,-30.19499]}},
{"type":"Feature","properties":{"cine_prov":"041","cine_com":"04102","nom_com":"Coquimbo","nom_prov":"Elqui","nom_reg":"Coquimbo","cine_reg":"04","sector":"Guanaqueros"},"geometry":{"type":"Point","coordinates":[-71.41108,-30.19747]}},
{"type":"Feature","properties":{"cine_prov":"041","cine_com":"04102","nom_com":"Coquimbo","nom_prov":"Elqui","nom_reg":"Coquimbo","cine_reg":"04","sector":"Guanaqueros"},"geometry":{"type":"Point","coordinates":[-71.43191,-30.19862]}},
{"type":"Feature","properties":{"cine_prov":"041","cine_com":"04102","nom_com":"Coquimbo","nom_prov":"Elqui","nom_reg":"Coquimbo","cine_reg":"04","sector":"Guanaqueros"},"geometry":{"type":"Point","coordinates":[-71.42257,-30.19986]}},
{"type":"Feature","properties":{"cine_prov":"041","cine_com":"04102","nom_com":"Coquimbo","nom_prov":"Elqui","nom_reg":"Coquimbo","cine_reg":"04","sector":"Guanaqueros"},"geometry":{"type":"Point","coordinates":[-71.41503,-30.19828]}},
{"type":"Feature","properties":{"cine_prov":"041","cine_com":"04102","nom_com":"Coquimbo","nom_prov":"Elqui","nom_reg":"Coquimbo","cine_reg":"04","sector":"Guanaqueros"},"geometry":{"type":"Point","coordinates":[-71.42942,-30.1996]}},
{"type":"Feature","properties":{"cine_prov":"041","cine_com":"04102","nom_com":"Coquimbo","nom_prov":"Elqui","nom_reg":"Coquimbo","cine_reg":"04","sector":"Guanaqueros"},"geometry":{"type":"Point","coordinates":[-71.39831,-30.19512]}},
{"type":"Feature","properties":{"cine_prov":"041","cine_com":"04102","nom_com":"Coquimbo","nom_prov":"Elqui","nom_reg":"Coquimbo","cine_reg":"04","sector":"Guanaqueros"},"geometry":{"type":"Point","coordinates":[-71.4207,-30.19959]}},
{"type":"Feature","properties":{"cine_prov":"041","cine_com":"04102","nom_com":"Coquimbo","nom_prov":"Elqui","nom_reg":"Coquimbo","cine_reg":"04","sector":"Guanaqueros"},"geometry":{"type":"Point","coordinates":[-71.40632,-30.1969]}},
{"type":"Feature","properties":{"cine_prov":"041","cine_com":"04102","nom_com":"Coquimbo","nom_prov":"Elqui","nom_reg":"Coquimbo","cine_reg":"04","sector":"Guanaqueros"},"geometry":{"type":"Point","coordinates":[-71.42734,-30.20009]}},
{"type":"Feature","properties":{"cine_prov":"041","cine_com":"04102","nom_com":"Coquimbo","nom_prov":"Elqui","nom_reg":"Coquimbo","cine_reg":"04","sector":"Playa Blanca"},"geometry":{"type":"Point","coordinates":[-71.47494,-30.21993]}},
{"type":"Feature","properties":{"cine_prov":"041","cine_com":"04102","nom_com":"Coquimbo","nom_prov":"Elqui","nom_reg":"Coquimbo","cine_reg":"04","sector":"Tongoy-Puerto Velero"},"geometry":{"type":"Point","coordinates":[-71.46872,-30.24641]}},
{"type":"Feature","properties":{"cine_prov":"041","cine_com":"04102","nom_com":"Coquimbo","nom_prov":"Elqui","nom_reg":"Coquimbo","cine_reg":"04","sector":"Playa Blanca"},"geometry":{"type":"Point","coordinates":[-71.47675,-30.21662]}},
{"type":"Feature","properties":{"cine_prov":"041","cine_com":"04102","nom_com":"Coquimbo","nom_prov":"Elqui","nom_reg":"Coquimbo","cine_reg":"04","sector":"Tongoy-Puerto Velero"},"geometry":{"type":"Point","coordinates":[-71.48198,-30.27454]}},
{"type":"Feature","properties":{"cine_prov":"041","cine_com":"04102","nom_com":"Coquimbo","nom_prov":"Elqui","nom_reg":"Coquimbo","cine_reg":"04","sector":"Tongoy-Puerto Velero"},"geometry":{"type":"Point","coordinates":[-71.47593,-30.23994]}},
{"type":"Feature","properties":{"cine_prov":"041","cine_com":"04102","nom_com":"Coquimbo","nom_prov":"Elqui","nom_reg":"Coquimbo","cine_reg":"04","sector":"Tongoy-Puerto Velero"},"geometry":{"type":"Point","coordinates":[-71.47631,-30.26084]}},
{"type":"Feature","properties":{"cine_prov":"041","cine_com":"04102","nom_com":"Coquimbo","nom_prov":"Elqui","nom_reg":"Coquimbo","cine_reg":"04","sector":"Tongoy-Puerto Velero"},"geometry":{"type":"Point","coordinates":[-71.47411,-30.24307]}},
{"type":"Feature","properties":{"cine_prov":"041","cine_com":"04102","nom_com":"Coquimbo","nom_prov":"Elqui","nom_reg":"Coquimbo","cine_reg":"04","sector":"Tongoy-Puerto Velero"},"geometry":{"type":"Point","coordinates":[-71.4716,-30.24443]}},
{"type":"Feature","properties":{"cine_prov":"041","cine_com":"04102","nom_com":"Coquimbo","nom_prov":"Elqui","nom_reg":"Coquimbo","cine_reg":"04","sector":"Tongoy-Puerto Velero"},"geometry":{"type":"Point","coordinates":[-71.47708,-30.23631]}},
{"type":"Feature","properties":{"cine_prov":"041","cine_com":"04102","nom_com":"Coquimbo","nom_prov":"Elqui","nom_reg":"Coquimbo","cine_reg":"04","sector":"Tongoy-Puerto Velero"},"geometry":{"type":"Point","coordinates":[-71.47496,-30.24182]}},
{"type":"Feature","properties":{"cine_prov":"041","cine_com":"04102","nom_com":"Coquimbo","nom_prov":"Elqui","nom_reg":"Coquimbo","cine_reg":"04","sector":"Playa Blanca"},"geometry":{"type":"Point","coordinates":[-71.47564,-30.2239]}},
{"type":"Feature","properties":{"cine_prov":"041","cine_com":"04102","nom_com":"Coquimbo","nom_prov":"Elqui","nom_reg":"Coquimbo","cine_reg":"04","sector":"Tongoy-Puerto Velero"},"geometry":{"type":"Point","coordinates":[-71.49918,-30.25315]}},
{"type":"Feature","properties":{"cine_prov":"041","cine_com":"04102","nom_com":"Coquimbo","nom_prov":"Elqui","nom_reg":"Coquimbo","cine_reg":"04","sector":"Tongoy-Puerto Velero"},"geometry":{"type":"Point","coordinates":[-71.50279,-30.25248]}},
{"type":"Feature","properties":{"cine_prov":"041","cine_com":"04102","nom_com":"Coquimbo","nom_prov":"Elqui","nom_reg":"Coquimbo","cine_reg":"04","sector":"Puerto Aldea"},"geometry":{"type":"Point","coordinates":[-71.61011,-30.29443]}},
{"type":"Feature","properties":{"cine_prov":"041","cine_com":"04102","nom_com":"Coquimbo","nom_prov":"Elqui","nom_reg":"Coquimbo","cine_reg":"04","sector":"Puerto Aldea"},"geometry":{"type":"Point","coordinates":[-71.60916,-30.29607]}},
{"type":"Feature","properties":{"cine_prov":"041","cine_com":"04102","nom_com":"Coquimbo","nom_prov":"Elqui","nom_reg":"Coquimbo","cine_reg":"04","sector":"Puerto Aldea"},"geometry":{"type":"Point","coordinates":[-71.60777,-30.30139]}},
{"type":"Feature","properties":{"cine_prov":"041","cine_com":"04102","nom_com":"Coquimbo","nom_prov":"Elqui","nom_reg":"Coquimbo","cine_reg":"04","sector":"Puerto Aldea"},"geometry":{"type":"Point","coordinates":[-71.6098,-30.2921]}},
{"type":"Feature","properties":{"cine_prov":"041","cine_com":"04102","nom_com":"Coquimbo","nom_prov":"Elqui","nom_reg":"Coquimbo","cine_reg":"04","sector":"Morrillos"},"geometry":{"type":"Point","coordinates":[-71.36863,-30.15298]}},
{"type":"Feature","properties":{"cine_prov":"041","cine_com":"04102","nom_com":"Coquimbo","nom_prov":"Elqui","nom_reg":"Coquimbo","cine_reg":"04","sector":"Morrillos"},"geometry":{"type":"Point","coordinates":[-71.37216,-30.16315]}},
{"type":"Feature","properties":{"cine_prov":"042","cine_com":"04203","nom_com":"Los Vilos","nom_prov":"Choapa","nom_reg":"Coquimbo","cine_reg":"04","sector":"Chigualoco (Los Vilos)"},"geometry":{"type":"Point","coordinates":[-71.53423,-31.74059]}},
{"type":"Feature","properties":{"cine_prov":"042","cine_com":"04203","nom_com":"Los Vilos","nom_prov":"Choapa","nom_reg":"Coquimbo","cine_reg":"04","sector":"Chigualoco (Los Vilos)"},"geometry":{"type":"Point","coordinates":[-71.51377,-31.7483]}},
{"type":"Feature","properties":{"cine_prov":"042","cine_com":"04203","nom_com":"Los Vilos","nom_prov":"Choapa","nom_reg":"Coquimbo","cine_reg":"04","sector":"Los Vilos"},"geometry":{"type":"Point","coordinates":[-71.50894,-31.91906]}},
{"type":"Feature","properties":{"cine_prov":"042","cine_com":"04203","nom_com":"Los Vilos","nom_prov":"Choapa","nom_reg":"Coquimbo","cine_reg":"04","sector":"Los Vilos"},"geometry":{"type":"Point","coordinates":[-71.50641,-31.9174]}},
{"type":"Feature","properties":{"cine_prov":"042","cine_com":"04203","nom_com":"Los Vilos","nom_prov":"Choapa","nom_reg":"Coquimbo","cine_reg":"04","sector":"Los Vilos"},"geometry":{"type":"Point","coordinates":[-71.50411,-31.91509]}},
{"type":"Feature","properties":{"cine_prov":"042","cine_com":"04203","nom_com":"Los Vilos","nom_prov":"Choapa","nom_reg":"Coquimbo","cine_reg":"04","sector":"Los Vilos"},"geometry":{"type":"Point","coordinates":[-71.48926,-31.90005]}},
{"type":"Feature","properties":{"cine_prov":"042","cine_com":"04203","nom_com":"Los Vilos","nom_prov":"Choapa","nom_reg":"Coquimbo","cine_reg":"04","sector":"Pichidangui"},"geometry":{"type":"Point","coordinates":[-71.51177,-32.15405]}},
{"type":"Feature","properties":{"cine_prov":"042","cine_com":"04203","nom_com":"Los Vilos","nom_prov":"Choapa","nom_reg":"Coquimbo","cine_reg":"04","sector":"Quilimarí"},"geometry":{"type":"Point","coordinates":[-71.49138,-32.12027]}},
{"type":"Feature","properties":{"cine_prov":"042","cine_com":"04203","nom_com":"Los Vilos","nom_prov":"Choapa","nom_reg":"Coquimbo","cine_reg":"04","sector":"Quilimarí"},"geometry":{"type":"Point","coordinates":[-71.49027,-32.12025]}},
{"type":"Feature","properties":{"cine_prov":"042","cine_com":"04203","nom_com":"Los Vilos","nom_prov":"Choapa","nom_reg":"Coquimbo","cine_reg":"04","sector":"Quilimarí"},"geometry":{"type":"Point","coordinates":[-71.49433,-32.12012]}},
{"type":"Feature","properties":{"cine_prov":"042","cine_com":"04203","nom_com":"Los Vilos","nom_prov":"Choapa","nom_reg":"Coquimbo","cine_reg":"04","sector":"Quilimarí"},"geometry":{"type":"Point","coordinates":[-71.50141,-32.11931]}},
{"type":"Feature","properties":{"cine_prov":"042","cine_com":"04203","nom_com":"Los Vilos","nom_prov":"Choapa","nom_reg":"Coquimbo","cine_reg":"04","sector":"Quilimarí"},"geometry":{"type":"Point","coordinates":[-71.49455,-32.11939]}},
{"type":"Feature","properties":{"cine_prov":"042","cine_com":"04203","nom_com":"Los Vilos","nom_prov":"Choapa","nom_reg":"Coquimbo","cine_reg":"04","sector":"Quilimarí"},"geometry":{"type":"Point","coordinates":[-71.49426,-32.11173]}},
{"type":"Feature","properties":{"cine_prov":"042","cine_com":"04203","nom_com":"Los Vilos","nom_prov":"Choapa","nom_reg":"Coquimbo","cine_reg":"04","sector":"Totoralillo"},"geometry":{"type":"Point","coordinates":[-71.51437,-32.03253]}},
{"type":"Feature","properties":{"cine_prov":"042","cine_com":"04203","nom_com":"Los Vilos","nom_prov":"Choapa","nom_reg":"Coquimbo","cine_reg":"04","sector":"Totoralillo"},"geometry":{"type":"Point","coordinates":[-71.51174,-32.03057]}},
{"type":"Feature","properties":{"cine_prov":"042","cine_com":"04203","nom_com":"Los Vilos","nom_prov":"Choapa","nom_reg":"Coquimbo","cine_reg":"04","sector":"Totoralillo"},"geometry":{"type":"Point","coordinates":[-71.50589,-32.02535]}},
{"type":"Feature","properties":{"cine_prov":"042","cine_com":"04203","nom_com":"Los Vilos","nom_prov":"Choapa","nom_reg":"Coquimbo","cine_reg":"04","sector":"Totoralillo"},"geometry":{"type":"Point","coordinates":[-71.51764,-32.00648]}},
{"type":"Feature","properties":{"cine_prov":"042","cine_com":"04203","nom_com":"Los Vilos","nom_prov":"Choapa","nom_reg":"Coquimbo","cine_reg":"04","sector":"Totoralillo"},"geometry":{"type":"Point","coordinates":[-71.51124,-32.00689]}},
{"type":"Feature","properties":{"cine_prov":"042","cine_com":"04203","nom_com":"Los Vilos","nom_prov":"Choapa","nom_reg":"Coquimbo","cine_reg":"04","sector":"Totoralillo"},"geometry":{"type":"Point","coordinates":[-71.52035,-32.00554]}},
{"type":"Feature","properties":{"cine_prov":"042","cine_com":"04203","nom_com":"Los Vilos","nom_prov":"Choapa","nom_reg":"Coquimbo","cine_reg":"04","sector":"Totoralillo"},"geometry":{"type":"Point","coordinates":[-71.51485,-32.00068]}},
{"type":"Feature","properties":{"cine_prov":"043","cine_com":"04301","nom_com":"Ovalle","nom_prov":"Limarí","nom_reg":"Coquimbo","cine_reg":"04","sector":"Caleta Sierra"},"geometry":{"type":"Point","coordinates":[-71.66294,-31.14702]}},
{"type":"Feature","properties":{"cine_prov":"043","cine_com":"04301","nom_com":"Ovalle","nom_prov":"Limarí","nom_reg":"Coquimbo","cine_reg":"04","sector":"Caleta El Toro"},"geometry":{"type":"Point","coordinates":[-71.69787,-30.74121]}},
{"type":"Feature","properties":{"cine_prov":"043","cine_com":"04301","nom_com":"Ovalle","nom_prov":"Limarí","nom_reg":"Coquimbo","cine_reg":"04","sector":"Caleta El Sauce"},"geometry":{"type":"Point","coordinates":[-71.69803,-30.54968]}},
{"type":"Feature","properties":{"cine_prov":"043","cine_com":"04301","nom_com":"Ovalle","nom_prov":"Limarí","nom_reg":"Coquimbo","cine_reg":"04","sector":"Talcaruca"},"geometry":{"type":"Point","coordinates":[-71.69212,-30.47751]}},
{"type":"Feature","properties":{"cine_prov":"043","cine_com":"04301","nom_com":"Ovalle","nom_prov":"Limarí","nom_reg":"Coquimbo","cine_reg":"04","sector":"Caleta Totoral"},"geometry":{"type":"Point","coordinates":[-71.67003,-30.37131]}},
{"type":"Feature","properties":{"cine_prov":"043","cine_com":"04301","nom_com":"Ovalle","nom_prov":"Limarí","nom_reg":"Coquimbo","cine_reg":"04","sector":"Caleta Totoral"},"geometry":{"type":"Point","coordinates":[-71.66491,-30.36627]}},
{"type":"Feature","properties":{"cine_prov":"043","cine_com":"04301","nom_com":"Ovalle","nom_prov":"Limarí","nom_reg":"Coquimbo","cine_reg":"04","sector":"Caleta El Toro"},"geometry":{"type":"Point","coordinates":[-71.69909,-30.74278]}},
{"type":"Feature","properties":{"cine_prov":"043","cine_com":"04301","nom_com":"Ovalle","nom_prov":"Limarí","nom_reg":"Coquimbo","cine_reg":"04","sector":"Caleta Talquilla"},"geometry":{"type":"Point","coordinates":[-71.67762,-30.8779]}},
{"type":"Feature","properties":{"cine_prov":"043","cine_com":"04301","nom_com":"Ovalle","nom_prov":"Limarí","nom_reg":"Coquimbo","cine_reg":"04","sector":"Caleta El Toro"},"geometry":{"type":"Point","coordinates":[-71.69877,-30.73634]}},
{"type":"Feature","properties":{"cine_prov":"043","cine_com":"04301","nom_com":"Ovalle","nom_prov":"Limarí","nom_reg":"Coquimbo","cine_reg":"04","sector":"Caleta El Toro"},"geometry":{"type":"Point","coordinates":[-71.69987,-30.75621]}},
{"type":"Feature","properties":{"cine_prov":"043","cine_com":"04301","nom_com":"Ovalle","nom_prov":"Limarí","nom_reg":"Coquimbo","cine_reg":"04","sector":"Caleta Talquilla"},"geometry":{"type":"Point","coordinates":[-71.67362,-30.89359]}},
{"type":"Feature","properties":{"cine_prov":"043","cine_com":"04301","nom_com":"Ovalle","nom_prov":"Limarí","nom_reg":"Coquimbo","cine_reg":"04","sector":"Caleta Talquilla"},"geometry":{"type":"Point","coordinates":[-71.67223,-30.88883]}},
{"type":"Feature","properties":{"cine_prov":"043","cine_com":"04301","nom_com":"Ovalle","nom_prov":"Limarí","nom_reg":"Coquimbo","cine_reg":"04","sector":"La Cebada"},"geometry":{"type":"Point","coordinates":[-71.64643,-30.97854]}},
{"type":"Feature","properties":{"cine_prov":"043","cine_com":"04301","nom_com":"Ovalle","nom_prov":"Limarí","nom_reg":"Coquimbo","cine_reg":"04","sector":"La Cebada Sur"},"geometry":{"type":"Point","coordinates":[-71.64371,-31.01321]}},
{"type":"Feature","properties":{"cine_prov":"043","cine_com":"04301","nom_com":"Ovalle","nom_prov":"Limarí","nom_reg":"Coquimbo","cine_reg":"04","sector":"La Cebada Sur"},"geometry":{"type":"Point","coordinates":[-71.64984,-31.01842]}},
{"type":"Feature","properties":{"cine_prov":"043","cine_com":"04301","nom_com":"Ovalle","nom_prov":"Limarí","nom_reg":"Coquimbo","cine_reg":"04","sector":"Punta de Talca"},"geometry":{"type":"Point","coordinates":[-71.676,-30.92634]}},
{"type":"Feature","properties":{"cine_prov":"043","cine_com":"04301","nom_com":"Ovalle","nom_prov":"Limarí","nom_reg":"Coquimbo","cine_reg":"04","sector":"Caleta El Sauce"},"geometry":{"type":"Point","coordinates":[-71.68879,-30.53093]}},
{"type":"Feature","properties":{"cine_prov":"043","cine_com":"04301","nom_com":"Ovalle","nom_prov":"Limarí","nom_reg":"Coquimbo","cine_reg":"04","sector":"Caleta El Sauce"},"geometry":{"type":"Point","coordinates":[-71.69113,-30.54012]}},
{"type":"Feature","properties":{"cine_prov":"043","cine_com":"04301","nom_com":"Ovalle","nom_prov":"Limarí","nom_reg":"Coquimbo","cine_reg":"04","sector":"Caleta El Sauce"},"geometry":{"type":"Point","coordinates":[-71.70055,-30.55613]}},
{"type":"Feature","properties":{"cine_prov":"043","cine_com":"04301","nom_com":"Ovalle","nom_prov":"Limarí","nom_reg":"Coquimbo","cine_reg":"04","sector":"La Cebada Sur"},"geometry":{"type":"Point","coordinates":[-71.64204,-31.00202]}},
{"type":"Feature","properties":{"cine_prov":"043","cine_com":"04301","nom_com":"Ovalle","nom_prov":"Limarí","nom_reg":"Coquimbo","cine_reg":"04","sector":"Caleta Sierra"},"geometry":{"type":"Point","coordinates":[-71.66207,-31.14838]}},
{"type":"Feature","properties":{"cine_prov":"043","cine_com":"04301","nom_com":"Ovalle","nom_prov":"Limarí","nom_reg":"Coquimbo","cine_reg":"04","sector":"Rio Limarí - El Toro"},"geometry":{"type":"Point","coordinates":[-71.7011,-30.78435]}},
{"type":"Feature","properties":{"cine_prov":"041","cine_com":"04101","nom_com":"La Serena","nom_prov":"Elqui","nom_reg":"Coquimbo","cine_reg":"04","sector":"La Serena"},"geometry":{"type":"Point","coordinates":[-71.27135,-29.94796]}},
{"type":"Feature","properties":{"cine_prov":"041","cine_com":"04102","nom_com":"Coquimbo","nom_prov":"Elqui","nom_reg":"Coquimbo","cine_reg":"04","sector":"Las Tacas"},"geometry":{"type":"Point","coordinates":[-71.36273,-30.08932]}},
{"type":"Feature","properties":{"cine_prov":"041","cine_com":"04102","nom_com":"Coquimbo","nom_prov":"Elqui","nom_reg":"Coquimbo","cine_reg":"04","sector":"Las Tacas"},"geometry":{"type":"Point","coordinates":[-71.36678,-30.08849]}},
{"type":"Feature","properties":{"cine_prov":"041","cine_com":"04102","nom_com":"Coquimbo","nom_prov":"Elqui","nom_reg":"Coquimbo","cine_reg":"04","sector":"Las Tacas"},"geometry":{"type":"Point","coordinates":[-71.36666,-30.08474]}},
{"type":"Feature","properties":{"cine_prov":"021","cine_com":"02101","nom_com":"Antofagasta","nom_prov":"Antofagasta","nom_reg":"Antofagasta","cine_reg":"02","sector":"Antofagasta"},"geometry":{"type":"Point","coordinates":[-70.44373,-23.75481]}},
{"type":"Feature","properties":{"cine_prov":"023","cine_com":"02301","nom_com":"Tocopilla","nom_prov":"Tocopilla","nom_reg":"Antofagasta","cine_reg":"02","sector":"Tocopilla"},"geometry":{"type":"Point","coordinates":[-70.1896,-22.08203]}},
{"type":"Feature","properties":{"cine_prov":"021","cine_com":"02101","nom_com":"Antofagasta","nom_prov":"Antofagasta","nom_reg":"Antofagasta","cine_reg":"02","sector":"Antofagasta"},"geometry":{"type":"Point","coordinates":[-70.45999,-23.76204]}},
{"type":"Feature","properties":{"cine_prov":"021","cine_com":"02102","nom_com":"Mejillones","nom_prov":"Antofagasta","nom_reg":"Antofagasta","cine_reg":"02","sector":"Mejillones"},"geometry":{"type":"Point","coordinates":[-70.45102,-23.11601]}},
{"type":"Feature","properties":{"cine_prov":"021","cine_com":"02102","nom_com":"Mejillones","nom_prov":"Antofagasta","nom_reg":"Antofagasta","cine_reg":"02","sector":"Mejillones"},"geometry":{"type":"Point","coordinates":[-70.44021,-23.11277]}},
{"type":"Feature","properties":{"cine_prov":"021","cine_com":"02101","nom_com":"Antofagasta","nom_prov":"Antofagasta","nom_reg":"Antofagasta","cine_reg":"02","sector":"Antofagasta"},"geometry":{"type":"Point","coordinates":[-70.39143,-23.62858]}},
{"type":"Feature","properties":{"cine_prov":"021","cine_com":"02101","nom_com":"Antofagasta","nom_prov":"Antofagasta","nom_reg":"Antofagasta","cine_reg":"02","sector":"Antofagasta"},"geometry":{"type":"Point","coordinates":[-70.39251,-23.64681]}},
{"type":"Feature","properties":{"cine_prov":"023","cine_com":"02301","nom_com":"Tocopilla","nom_prov":"Tocopilla","nom_reg":"Antofagasta","cine_reg":"02","sector":"Tocopilla"},"geometry":{"type":"Point","coordinates":[-70.20958,-22.11076]}},
{"type":"Feature","properties":{"cine_prov":"023","cine_com":"02301","nom_com":"Tocopilla","nom_prov":"Tocopilla","nom_reg":"Antofagasta","cine_reg":"02","sector":"Tocopilla"},"geometry":{"type":"Point","coordinates":[-70.19072,-22.08084]}},
{"type":"Feature","properties":{"cine_prov":"021","cine_com":"02101","nom_com":"Antofagasta","nom_prov":"Antofagasta","nom_reg":"Antofagasta","cine_reg":"02","sector":"Antofagasta"},"geometry":{"type":"Point","coordinates":[-70.39659,-23.66079]}},
{"type":"Feature","properties":{"cine_prov":"023","cine_com":"02301","nom_com":"Tocopilla","nom_prov":"Tocopilla","nom_reg":"Antofagasta","cine_reg":"02","sector":"Tocopilla"},"geometry":{"type":"Point","coordinates":[-70.19658,-22.09134]}},
{"type":"Feature","properties":{"cine_prov":"021","cine_com":"02101","nom_com":"Antofagasta","nom_prov":"Antofagasta","nom_reg":"Antofagasta","cine_reg":"02","sector":"Antofagasta"},"geometry":{"type":"Point","coordinates":[-70.39655,-23.54221]}},
{"type":"Feature","properties":{"cine_prov":"021","cine_com":"02101","nom_com":"Antofagasta","nom_prov":"Antofagasta","nom_reg":"Antofagasta","cine_reg":"02","sector":"Antofagasta"},"geometry":{"type":"Point","coordinates":[-70.3963,-23.6584]}},
{"type":"Feature","properties":{"cine_prov":"021","cine_com":"02101","nom_com":"Antofagasta","nom_prov":"Antofagasta","nom_reg":"Antofagasta","cine_reg":"02","sector":"Antofagasta"},"geometry":{"type":"Point","coordinates":[-70.40729,-23.67922]}},
{"type":"Feature","properties":{"cine_prov":"023","cine_com":"02301","nom_com":"Tocopilla","nom_prov":"Tocopilla","nom_reg":"Antofagasta","cine_reg":"02","sector":"Tocopilla"},"geometry":{"type":"Point","coordinates":[-70.21111,-22.10347]}},
{"type":"Feature","properties":{"cine_prov":"021","cine_com":"02101","nom_com":"Antofagasta","nom_prov":"Antofagasta","nom_reg":"Antofagasta","cine_reg":"02","sector":"Antofagasta"},"geometry":{"type":"Point","coordinates":[-70.39101,-23.57427]}},
{"type":"Feature","properties":{"cine_prov":"021","cine_com":"02101","nom_com":"Antofagasta","nom_prov":"Antofagasta","nom_reg":"Antofagasta","cine_reg":"02","sector":"Antofagasta"},"geometry":{"type":"Point","coordinates":[-70.39289,-23.65123]}},
{"type":"Feature","properties":{"cine_prov":"021","cine_com":"02101","nom_com":"Antofagasta","nom_prov":"Antofagasta","nom_reg":"Antofagasta","cine_reg":"02","sector":"Antofagasta"},"geometry":{"type":"Point","coordinates":[-70.38487,-23.60357]}},
{"type":"Feature","properties":{"cine_prov":"021","cine_com":"02101","nom_com":"Antofagasta","nom_prov":"Antofagasta","nom_reg":"Antofagasta","cine_reg":"02","sector":"Abtao"},"geometry":{"type":"Point","coordinates":[-70.53627,-23.51001]}},
{"type":"Feature","properties":{"cine_prov":"021","cine_com":"02101","nom_com":"Antofagasta","nom_prov":"Antofagasta","nom_reg":"Antofagasta","cine_reg":"02","sector":"Antofagasta"},"geometry":{"type":"Point","coordinates":[-70.38973,-23.64427]}},
{"type":"Feature","properties":{"cine_prov":"021","cine_com":"02101","nom_com":"Antofagasta","nom_prov":"Antofagasta","nom_reg":"Antofagasta","cine_reg":"02","sector":"Antofagasta"},"geometry":{"type":"Point","coordinates":[-70.39556,-23.55425]}},
{"type":"Feature","properties":{"cine_prov":"023","cine_com":"02301","nom_com":"Tocopilla","nom_prov":"Tocopilla","nom_reg":"Antofagasta","cine_reg":"02","sector":"Caleta Buena"},"geometry":{"type":"Point","coordinates":[-70.25085,-22.43837]}},
{"type":"Feature","properties":{"cine_prov":"021","cine_com":"02101","nom_com":"Antofagasta","nom_prov":"Antofagasta","nom_reg":"Antofagasta","cine_reg":"02","sector":"Antofagasta"},"geometry":{"type":"Point","coordinates":[-70.41761,-23.69875]}},
{"type":"Feature","properties":{"cine_prov":"021","cine_com":"02101","nom_com":"Antofagasta","nom_prov":"Antofagasta","nom_reg":"Antofagasta","cine_reg":"02","sector":"Antofagasta"},"geometry":{"type":"Point","coordinates":[-70.42339,-23.70865]}},
{"type":"Feature","properties":{"cine_prov":"023","cine_com":"02301","nom_com":"Tocopilla","nom_prov":"Tocopilla","nom_reg":"Antofagasta","cine_reg":"02","sector":"Tocopilla"},"geometry":{"type":"Point","coordinates":[-70.19177,-22.07959]}},
{"type":"Feature","properties":{"cine_prov":"023","cine_com":"02301","nom_com":"Tocopilla","nom_prov":"Tocopilla","nom_reg":"Antofagasta","cine_reg":"02","sector":"Caleta Cobija"},"geometry":{"type":"Point","coordinates":[-70.2592,-22.5522]}},
{"type":"Feature","properties":{"cine_prov":"021","cine_com":"02101","nom_com":"Antofagasta","nom_prov":"Antofagasta","nom_reg":"Antofagasta","cine_reg":"02","sector":"Antofagasta"},"geometry":{"type":"Point","coordinates":[-70.38526,-23.5997]}},
{"type":"Feature","properties":{"cine_prov":"021","cine_com":"02101","nom_com":"Antofagasta","nom_prov":"Antofagasta","nom_reg":"Antofagasta","cine_reg":"02","sector":"Antofagasta"},"geometry":{"type":"Point","coordinates":[-70.38451,-23.60676]}},
{"type":"Feature","properties":{"cine_prov":"021","cine_com":"02101","nom_com":"Antofagasta","nom_prov":"Antofagasta","nom_reg":"Antofagasta","cine_reg":"02","sector":"Antofagasta"},"geometry":{"type":"Point","coordinates":[-70.39008,-23.63772]}},
{"type":"Feature","properties":{"cine_prov":"021","cine_com":"02101","nom_com":"Antofagasta","nom_prov":"Antofagasta","nom_reg":"Antofagasta","cine_reg":"02","sector":"Antofagasta"},"geometry":{"type":"Point","coordinates":[-70.40434,-23.52743]}},
{"type":"Feature","properties":{"cine_prov":"021","cine_com":"02102","nom_com":"Mejillones","nom_prov":"Antofagasta","nom_reg":"Antofagasta","cine_reg":"02","sector":"Hornitos"},"geometry":{"type":"Point","coordinates":[-70.28602,-22.89713]}},
{"type":"Feature","properties":{"cine_prov":"023","cine_com":"02301","nom_com":"Tocopilla","nom_prov":"Tocopilla","nom_reg":"Antofagasta","cine_reg":"02","sector":"Caleta Cobija"},"geometry":{"type":"Point","coordinates":[-70.26341,-22.55747]}},
{"type":"Feature","properties":{"cine_prov":"021","cine_com":"02101","nom_com":"Antofagasta","nom_prov":"Antofagasta","nom_reg":"Antofagasta","cine_reg":"02","sector":"Antofagasta"},"geometry":{"type":"Point","coordinates":[-70.44175,-23.74135]}},
{"type":"Feature","properties":{"cine_prov":"021","cine_com":"02101","nom_com":"Antofagasta","nom_prov":"Antofagasta","nom_reg":"Antofagasta","cine_reg":"02","sector":"Antofagasta"},"geometry":{"type":"Point","coordinates":[-70.38168,-23.6139]}},
{"type":"Feature","properties":{"cine_prov":"023","cine_com":"02301","nom_com":"Tocopilla","nom_prov":"Tocopilla","nom_reg":"Antofagasta","cine_reg":"02","sector":"Tocopilla"},"geometry":{"type":"Point","coordinates":[-70.21142,-22.11378]}},
{"type":"Feature","properties":{"cine_prov":"021","cine_com":"02101","nom_com":"Antofagasta","nom_prov":"Antofagasta","nom_reg":"Antofagasta","cine_reg":"02","sector":"Antofagasta"},"geometry":{"type":"Point","coordinates":[-70.38549,-23.61701]}},
{"type":"Feature","properties":{"cine_prov":"023","cine_com":"02301","nom_com":"Tocopilla","nom_prov":"Tocopilla","nom_reg":"Antofagasta","cine_reg":"02","sector":"Caleta Buena"},"geometry":{"type":"Point","coordinates":[-70.2507,-22.44115]}},
{"type":"Feature","properties":{"cine_prov":"023","cine_com":"02301","nom_com":"Tocopilla","nom_prov":"Tocopilla","nom_reg":"Antofagasta","cine_reg":"02","sector":"Tocopilla"},"geometry":{"type":"Point","coordinates":[-70.19255,-22.08695]}},
{"type":"Feature","properties":{"cine_prov":"021","cine_com":"02101","nom_com":"Antofagasta","nom_prov":"Antofagasta","nom_reg":"Antofagasta","cine_reg":"02","sector":"Antofagasta"},"geometry":{"type":"Point","coordinates":[-70.39307,-23.56578]}},
{"type":"Feature","properties":{"cine_prov":"023","cine_com":"02301","nom_com":"Tocopilla","nom_prov":"Tocopilla","nom_reg":"Antofagasta","cine_reg":"02","sector":"Caleta Urco"},"geometry":{"type":"Point","coordinates":[-70.15011,-21.75227]}},
{"type":"Feature","properties":{"cine_prov":"023","cine_com":"02301","nom_com":"Tocopilla","nom_prov":"Tocopilla","nom_reg":"Antofagasta","cine_reg":"02","sector":"Tocopilla"},"geometry":{"type":"Point","coordinates":[-70.19719,-22.09321]}},
{"type":"Feature","properties":{"cine_prov":"021","cine_com":"02102","nom_com":"Mejillones","nom_prov":"Antofagasta","nom_reg":"Antofagasta","cine_reg":"02","sector":"Hornitos"},"geometry":{"type":"Point","coordinates":[-70.29338,-22.92377]}},
{"type":"Feature","properties":{"cine_prov":"023","cine_com":"02301","nom_com":"Tocopilla","nom_prov":"Tocopilla","nom_reg":"Antofagasta","cine_reg":"02","sector":"Tocopilla"},"geometry":{"type":"Point","coordinates":[-70.20946,-22.10747]}},
{"type":"Feature","properties":{"cine_prov":"021","cine_com":"02101","nom_com":"Antofagasta","nom_prov":"Antofagasta","nom_reg":"Antofagasta","cine_reg":"02","sector":"Antofagasta"},"geometry":{"type":"Point","coordinates":[-70.42158,-23.7069]}},
{"type":"Feature","properties":{"cine_prov":"023","cine_com":"02301","nom_com":"Tocopilla","nom_prov":"Tocopilla","nom_reg":"Antofagasta","cine_reg":"02","sector":"Tocopilla"},"geometry":{"type":"Point","coordinates":[-70.19228,-22.08471]}},
{"type":"Feature","properties":{"cine_prov":"023","cine_com":"02301","nom_com":"Tocopilla","nom_prov":"Tocopilla","nom_reg":"Antofagasta","cine_reg":"02","sector":"Tocopilla"},"geometry":{"type":"Point","coordinates":[-70.19637,-22.09246]}},
{"type":"Feature","properties":{"cine_prov":"021","cine_com":"02101","nom_com":"Antofagasta","nom_prov":"Antofagasta","nom_reg":"Antofagasta","cine_reg":"02","sector":"Antofagasta"},"geometry":{"type":"Point","coordinates":[-70.41678,-23.69601]}},
{"type":"Feature","properties":{"cine_prov":"023","cine_com":"02301","nom_com":"Tocopilla","nom_prov":"Tocopilla","nom_reg":"Antofagasta","cine_reg":"02","sector":"Tocopilla"},"geometry":{"type":"Point","coordinates":[-70.18958,-22.07588]}},
{"type":"Feature","properties":{"cine_prov":"023","cine_com":"02301","nom_com":"Tocopilla","nom_prov":"Tocopilla","nom_reg":"Antofagasta","cine_reg":"02","sector":"Tocopilla"},"geometry":{"type":"Point","coordinates":[-70.20952,-22.10691]}},
{"type":"Feature","properties":{"cine_prov":"021","cine_com":"02101","nom_com":"Antofagasta","nom_prov":"Antofagasta","nom_reg":"Antofagasta","cine_reg":"02","sector":"Antofagasta"},"geometry":{"type":"Point","coordinates":[-70.4388,-23.73879]}},
{"type":"Feature","properties":{"cine_prov":"021","cine_com":"02101","nom_com":"Antofagasta","nom_prov":"Antofagasta","nom_reg":"Antofagasta","cine_reg":"02","sector":"Antofagasta"},"geometry":{"type":"Point","coordinates":[-70.42564,-23.70934]}},
{"type":"Feature","properties":{"cine_prov":"023","cine_com":"02301","nom_com":"Tocopilla","nom_prov":"Tocopilla","nom_reg":"Antofagasta","cine_reg":"02","sector":"Tocopilla"},"geometry":{"type":"Point","coordinates":[-70.19398,-22.08308]}},
{"type":"Feature","properties":{"cine_prov":"023","cine_com":"02301","nom_com":"Tocopilla","nom_prov":"Tocopilla","nom_reg":"Antofagasta","cine_reg":"02","sector":"Tocopilla"},"geometry":{"type":"Point","coordinates":[-70.19995,-22.094]}},
{"type":"Feature","properties":{"cine_prov":"021","cine_com":"02101","nom_com":"Antofagasta","nom_prov":"Antofagasta","nom_reg":"Antofagasta","cine_reg":"02","sector":"Antofagasta"},"geometry":{"type":"Point","coordinates":[-70.43499,-23.72746]}},
{"type":"Feature","properties":{"cine_prov":"023","cine_com":"02301","nom_com":"Tocopilla","nom_prov":"Tocopilla","nom_reg":"Antofagasta","cine_reg":"02","sector":"Tocopilla"},"geometry":{"type":"Point","coordinates":[-70.21093,-22.10453]}},
{"type":"Feature","properties":{"cine_prov":"023","cine_com":"02301","nom_com":"Tocopilla","nom_prov":"Tocopilla","nom_reg":"Antofagasta","cine_reg":"02","sector":"Caleta Paquica"},"geometry":{"type":"Point","coordinates":[-70.17023,-21.89735]}},
{"type":"Feature","properties":{"cine_prov":"021","cine_com":"02101","nom_com":"Antofagasta","nom_prov":"Antofagasta","nom_reg":"Antofagasta","cine_reg":"02","sector":"Antofagasta"},"geometry":{"type":"Point","coordinates":[-70.38901,-23.57732]}},
{"type":"Feature","properties":{"cine_prov":"021","cine_com":"02101","nom_com":"Antofagasta","nom_prov":"Antofagasta","nom_reg":"Antofagasta","cine_reg":"02","sector":"Antofagasta"},"geometry":{"type":"Point","coordinates":[-70.39381,-23.65257]}},
{"type":"Feature","properties":{"cine_prov":"021","cine_com":"02101","nom_com":"Antofagasta","nom_prov":"Antofagasta","nom_reg":"Antofagasta","cine_reg":"02","sector":"Antofagasta"},"geometry":{"type":"Point","coordinates":[-70.39619,-23.6598]}},
{"type":"Feature","properties":{"cine_prov":"021","cine_com":"02101","nom_com":"Antofagasta","nom_prov":"Antofagasta","nom_reg":"Antofagasta","cine_reg":"02","sector":"Antofagasta"},"geometry":{"type":"Point","coordinates":[-70.39502,-23.54752]}},
{"type":"Feature","properties":{"cine_prov":"021","cine_com":"02101","nom_com":"Antofagasta","nom_prov":"Antofagasta","nom_reg":"Antofagasta","cine_reg":"02","sector":"Antofagasta"},"geometry":{"type":"Point","coordinates":[-70.39579,-23.65612]}},
{"type":"Feature","properties":{"cine_prov":"021","cine_com":"02101","nom_com":"Antofagasta","nom_prov":"Antofagasta","nom_reg":"Antofagasta","cine_reg":"02","sector":"Constitución (Santa María)"},"geometry":{"type":"Point","coordinates":[-70.58624,-23.40987]}},
{"type":"Feature","properties":{"cine_prov":"023","cine_com":"02301","nom_com":"Tocopilla","nom_prov":"Tocopilla","nom_reg":"Antofagasta","cine_reg":"02","sector":"Tocopilla"},"geometry":{"type":"Point","coordinates":[-70.20346,-22.09681]}},
{"type":"Feature","properties":{"cine_prov":"023","cine_com":"02301","nom_com":"Tocopilla","nom_prov":"Tocopilla","nom_reg":"Antofagasta","cine_reg":"02","sector":"Tocopilla"},"geometry":{"type":"Point","coordinates":[-70.19155,-22.08926]}},
{"type":"Feature","properties":{"cine_prov":"021","cine_com":"02102","nom_com":"Mejillones","nom_prov":"Antofagasta","nom_reg":"Antofagasta","cine_reg":"02","sector":"Michilla"},"geometry":{"type":"Point","coordinates":[-70.27247,-22.71196]}},
{"type":"Feature","properties":{"cine_prov":"023","cine_com":"02301","nom_com":"Tocopilla","nom_prov":"Tocopilla","nom_reg":"Antofagasta","cine_reg":"02","sector":"Caleta Punta Arenas"},"geometry":{"type":"Point","coordinates":[-70.13902,-21.63716]}},
{"type":"Feature","properties":{"cine_prov":"021","cine_com":"02101","nom_com":"Antofagasta","nom_prov":"Antofagasta","nom_reg":"Antofagasta","cine_reg":"02","sector":"Antofagasta"},"geometry":{"type":"Point","coordinates":[-70.39488,-23.56123]}},
{"type":"Feature","properties":{"cine_prov":"023","cine_com":"02301","nom_com":"Tocopilla","nom_prov":"Tocopilla","nom_reg":"Antofagasta","cine_reg":"02","sector":"Caleta Punta Arenas"},"geometry":{"type":"Point","coordinates":[-70.13641,-21.63744]}},
{"type":"Feature","properties":{"cine_prov":"021","cine_com":"02101","nom_com":"Antofagasta","nom_prov":"Antofagasta","nom_reg":"Antofagasta","cine_reg":"02","sector":"Antofagasta"},"geometry":{"type":"Point","coordinates":[-70.4365,-23.73415]}},
{"type":"Feature","properties":{"cine_prov":"021","cine_com":"02101","nom_com":"Antofagasta","nom_prov":"Antofagasta","nom_reg":"Antofagasta","cine_reg":"02","sector":"Antofagasta"},"geometry":{"type":"Point","coordinates":[-70.39282,-23.64967]}},
{"type":"Feature","properties":{"cine_prov":"021","cine_com":"02101","nom_com":"Antofagasta","nom_prov":"Antofagasta","nom_reg":"Antofagasta","cine_reg":"02","sector":"Antofagasta"},"geometry":{"type":"Point","coordinates":[-70.39559,-23.55194]}},
{"type":"Feature","properties":{"cine_prov":"021","cine_com":"02101","nom_com":"Antofagasta","nom_prov":"Antofagasta","nom_reg":"Antofagasta","cine_reg":"02","sector":"Antofagasta"},"geometry":{"type":"Point","coordinates":[-70.42083,-23.70584]}},
{"type":"Feature","properties":{"cine_prov":"021","cine_com":"02101","nom_com":"Antofagasta","nom_prov":"Antofagasta","nom_reg":"Antofagasta","cine_reg":"02","sector":"Antofagasta"},"geometry":{"type":"Point","coordinates":[-70.40204,-23.67042]}},
{"type":"Feature","properties":{"cine_prov":"021","cine_com":"02101","nom_com":"Antofagasta","nom_prov":"Antofagasta","nom_reg":"Antofagasta","cine_reg":"02","sector":"Antofagasta"},"geometry":{"type":"Point","coordinates":[-70.39791,-23.66385]}},
{"type":"Feature","properties":{"cine_prov":"023","cine_com":"02301","nom_com":"Tocopilla","nom_prov":"Tocopilla","nom_reg":"Antofagasta","cine_reg":"02","sector":"Tocopilla"},"geometry":{"type":"Point","coordinates":[-70.1935,-22.08127]}},
{"type":"Feature","properties":{"cine_prov":"021","cine_com":"02101","nom_com":"Antofagasta","nom_prov":"Antofagasta","nom_reg":"Antofagasta","cine_reg":"02","sector":"Antofagasta"},"geometry":{"type":"Point","coordinates":[-70.38992,-23.64029]}},
{"type":"Feature","properties":{"cine_prov":"021","cine_com":"02101","nom_com":"Antofagasta","nom_prov":"Antofagasta","nom_reg":"Antofagasta","cine_reg":"02","sector":"Antofagasta"},"geometry":{"type":"Point","coordinates":[-70.3999,-23.66791]}},
{"type":"Feature","properties":{"cine_prov":"021","cine_com":"02101","nom_com":"Antofagasta","nom_prov":"Antofagasta","nom_reg":"Antofagasta","cine_reg":"02","sector":"Antofagasta"},"geometry":{"type":"Point","coordinates":[-70.4129,-23.6857]}},
{"type":"Feature","properties":{"cine_prov":"023","cine_com":"02301","nom_com":"Tocopilla","nom_prov":"Tocopilla","nom_reg":"Antofagasta","cine_reg":"02","sector":"Caleta Urco"},"geometry":{"type":"Point","coordinates":[-70.1522,-21.76504]}},
{"type":"Feature","properties":{"cine_prov":"023","cine_com":"02301","nom_com":"Tocopilla","nom_prov":"Tocopilla","nom_reg":"Antofagasta","cine_reg":"02","sector":"Tocopilla"},"geometry":{"type":"Point","coordinates":[-70.18874,-22.06737]}},
{"type":"Feature","properties":{"cine_prov":"021","cine_com":"02101","nom_com":"Antofagasta","nom_prov":"Antofagasta","nom_reg":"Antofagasta","cine_reg":"02","sector":"Antofagasta"},"geometry":{"type":"Point","coordinates":[-70.40548,-23.67731]}},
{"type":"Feature","properties":{"cine_prov":"023","cine_com":"02301","nom_com":"Tocopilla","nom_prov":"Tocopilla","nom_reg":"Antofagasta","cine_reg":"02","sector":"Caleta Buena"},"geometry":{"type":"Point","coordinates":[-70.25206,-22.43556]}},
{"type":"Feature","properties":{"cine_prov":"021","cine_com":"02101","nom_com":"Antofagasta","nom_prov":"Antofagasta","nom_reg":"Antofagasta","cine_reg":"02","sector":"Antofagasta"},"geometry":{"type":"Point","coordinates":[-70.42859,-23.71486]}},
{"type":"Feature","properties":{"cine_prov":"021","cine_com":"02101","nom_com":"Antofagasta","nom_prov":"Antofagasta","nom_reg":"Antofagasta","cine_reg":"02","sector":"Antofagasta"},"geometry":{"type":"Point","coordinates":[-70.38543,-23.59665]}},
{"type":"Feature","properties":{"cine_prov":"021","cine_com":"02101","nom_com":"Antofagasta","nom_prov":"Antofagasta","nom_reg":"Antofagasta","cine_reg":"02","sector":"Antofagasta"},"geometry":{"type":"Point","coordinates":[-70.38843,-23.58788]}},
{"type":"Feature","properties":{"cine_prov":"021","cine_com":"02101","nom_com":"Antofagasta","nom_prov":"Antofagasta","nom_reg":"Antofagasta","cine_reg":"02","sector":"Antofagasta"},"geometry":{"type":"Point","coordinates":[-70.39058,-23.5677]}},
{"type":"Feature","properties":{"cine_prov":"023","cine_com":"02301","nom_com":"Tocopilla","nom_prov":"Tocopilla","nom_reg":"Antofagasta","cine_reg":"02","sector":"Tocopilla"},"geometry":{"type":"Point","coordinates":[-70.18909,-22.08414]}},
{"type":"Feature","properties":{"cine_prov":"023","cine_com":"02301","nom_com":"Tocopilla","nom_prov":"Tocopilla","nom_reg":"Antofagasta","cine_reg":"02","sector":"Tocopilla"},"geometry":{"type":"Point","coordinates":[-70.19278,-22.07951]}},
{"type":"Feature","properties":{"cine_prov":"021","cine_com":"02101","nom_com":"Antofagasta","nom_prov":"Antofagasta","nom_reg":"Antofagasta","cine_reg":"02","sector":"Antofagasta"},"geometry":{"type":"Point","coordinates":[-70.39108,-23.64029]}},
{"type":"Feature","properties":{"cine_prov":"023","cine_com":"02301","nom_com":"Tocopilla","nom_prov":"Tocopilla","nom_reg":"Antofagasta","cine_reg":"02","sector":"Caleta Urco"},"geometry":{"type":"Point","coordinates":[-70.15303,-21.76387]}},
{"type":"Feature","properties":{"cine_prov":"021","cine_com":"02101","nom_com":"Antofagasta","nom_prov":"Antofagasta","nom_reg":"Antofagasta","cine_reg":"02","sector":"Antofagasta"},"geometry":{"type":"Point","coordinates":[-70.38768,-23.62197]}},
{"type":"Feature","properties":{"cine_prov":"021","cine_com":"02101","nom_com":"Antofagasta","nom_prov":"Antofagasta","nom_reg":"Antofagasta","cine_reg":"02","sector":"Antofagasta"},"geometry":{"type":"Point","coordinates":[-70.38904,-23.62607]}},
{"type":"Feature","properties":{"cine_prov":"021","cine_com":"02101","nom_com":"Antofagasta","nom_prov":"Antofagasta","nom_reg":"Antofagasta","cine_reg":"02","sector":"Antofagasta"},"geometry":{"type":"Point","coordinates":[-70.41587,-23.69288]}},
{"type":"Feature","properties":{"cine_prov":"021","cine_com":"02101","nom_com":"Antofagasta","nom_prov":"Antofagasta","nom_reg":"Antofagasta","cine_reg":"02","sector":"Antofagasta"},"geometry":{"type":"Point","coordinates":[-70.39159,-23.62769]}},
{"type":"Feature","properties":{"cine_prov":"021","cine_com":"02101","nom_com":"Antofagasta","nom_prov":"Antofagasta","nom_reg":"Antofagasta","cine_reg":"02","sector":"Antofagasta"},"geometry":{"type":"Point","coordinates":[-70.39096,-23.59193]}},
{"type":"Feature","properties":{"cine_prov":"021","cine_com":"02101","nom_com":"Antofagasta","nom_prov":"Antofagasta","nom_reg":"Antofagasta","cine_reg":"02","sector":"Abtao"},"geometry":{"type":"Point","coordinates":[-70.53392,-23.51607]}},
{"type":"Feature","properties":{"cine_prov":"023","cine_com":"02301","nom_com":"Tocopilla","nom_prov":"Tocopilla","nom_reg":"Antofagasta","cine_reg":"02","sector":"Punta Atala"},"geometry":{"type":"Point","coordinates":[-70.24191,-22.28438]}},
{"type":"Feature","properties":{"cine_prov":"021","cine_com":"02101","nom_com":"Antofagasta","nom_prov":"Antofagasta","nom_reg":"Antofagasta","cine_reg":"02","sector":"Antofagasta"},"geometry":{"type":"Point","coordinates":[-70.4344,-23.72575]}},
{"type":"Feature","properties":{"cine_prov":"023","cine_com":"02301","nom_com":"Tocopilla","nom_prov":"Tocopilla","nom_reg":"Antofagasta","cine_reg":"02","sector":"Tocopilla"},"geometry":{"type":"Point","coordinates":[-70.20778,-22.10024]}},
{"type":"Feature","properties":{"cine_prov":"023","cine_com":"02301","nom_com":"Tocopilla","nom_prov":"Tocopilla","nom_reg":"Antofagasta","cine_reg":"02","sector":"Caleta Urco"},"geometry":{"type":"Point","coordinates":[-70.1506,-21.75497]}},
{"type":"Feature","properties":{"cine_prov":"021","cine_com":"02101","nom_com":"Antofagasta","nom_prov":"Antofagasta","nom_reg":"Antofagasta","cine_reg":"02","sector":"Antofagasta"},"geometry":{"type":"Point","coordinates":[-70.40347,-23.67417]}},
{"type":"Feature","properties":{"cine_prov":"021","cine_com":"02102","nom_com":"Mejillones","nom_prov":"Antofagasta","nom_reg":"Antofagasta","cine_reg":"02","sector":"Hornitos"},"geometry":{"type":"Point","coordinates":[-70.28366,-22.9097]}},
{"type":"Feature","properties":{"cine_prov":"073","cine_com":"07309","nom_com":"Vichuquén","nom_prov":"Curicó","nom_reg":"Maule","cine_reg":"07","sector":"Boyeruca (Vichuquen)"},"geometry":{"type":"Point","coordinates":[-72.05859,-34.68956]}},
{"type":"Feature","properties":{"cine_prov":"062","cine_com":"06203","nom_com":"Litueche","nom_prov":"Cardenal Caro","nom_reg":"Libertador General Bernardo O'Higgins","cine_reg":"06","sector":"Punta Puertecillo"},"geometry":{"type":"Point","coordinates":[-71.95635,-34.09183]}},
{"type":"Feature","properties":{"cine_prov":"062","cine_com":"06203","nom_com":"Litueche","nom_prov":"Cardenal Caro","nom_reg":"Libertador General Bernardo O'Higgins","cine_reg":"06","sector":"Topocalma-Predio"},"geometry":{"type":"Point","coordinates":[-71.98807,-34.13417]}},
{"type":"Feature","properties":{"cine_prov":"062","cine_com":"06203","nom_com":"Litueche","nom_prov":"Cardenal Caro","nom_reg":"Libertador General Bernardo O'Higgins","cine_reg":"06","sector":"Punta Puertecillo"},"geometry":{"type":"Point","coordinates":[-71.94916,-34.08838]}},
{"type":"Feature","properties":{"cine_prov":"071","cine_com":"07102","nom_com":"Constitución","nom_prov":"Talca","nom_reg":"Maule","cine_reg":"07","sector":"Constitución"},"geometry":{"type":"Point","coordinates":[-72.40373,-35.34059]}},
{"type":"Feature","properties":{"cine_prov":"073","cine_com":"07309","nom_com":"Vichuquén","nom_prov":"Curicó","nom_reg":"Maule","cine_reg":"07","sector":"Lipimavida"},"geometry":{"type":"Point","coordinates":[-72.1387,-34.85289]}},
{"type":"Feature","properties":{"cine_prov":"073","cine_com":"07309","nom_com":"Vichuquén","nom_prov":"Curicó","nom_reg":"Maule","cine_reg":"07","sector":"Lipimavida"},"geometry":{"type":"Point","coordinates":[-72.1389,-34.84855]}},
{"type":"Feature","properties":{"cine_prov":"073","cine_com":"07309","nom_com":"Vichuquén","nom_prov":"Curicó","nom_reg":"Maule","cine_reg":"07","sector":"Lipimavida"},"geometry":{"type":"Point","coordinates":[-72.13956,-34.84152]}},
{"type":"Feature","properties":{"cine_prov":"073","cine_com":"07309","nom_com":"Vichuquén","nom_prov":"Curicó","nom_reg":"Maule","cine_reg":"07","sector":"Lipimavida"},"geometry":{"type":"Point","coordinates":[-72.13972,-34.83613]}},
{"type":"Feature","properties":{"cine_prov":"073","cine_com":"07309","nom_com":"Vichuquén","nom_prov":"Curicó","nom_reg":"Maule","cine_reg":"07","sector":"Llico"},"geometry":{"type":"Point","coordinates":[-72.07748,-34.76659]}},
{"type":"Feature","properties":{"cine_prov":"073","cine_com":"07309","nom_com":"Vichuquén","nom_prov":"Curicó","nom_reg":"Maule","cine_reg":"07","sector":"Llico"},"geometry":{"type":"Point","coordinates":[-72.08167,-34.7651]}},
{"type":"Feature","properties":{"cine_prov":"072","cine_com":"07203","nom_com":"Pelluhue","nom_prov":"Cauquenes","nom_reg":"Maule","cine_reg":"07","sector":"Punta Sirena y Caleta Cardonal"},"geometry":{"type":"Point","coordinates":[-72.67514,-35.88612]}},
{"type":"Feature","properties":{"cine_prov":"072","cine_com":"07203","nom_com":"Pelluhue","nom_prov":"Cauquenes","nom_reg":"Maule","cine_reg":"07","sector":"Punta Sirena y Caleta Cardonal"},"geometry":{"type":"Point","coordinates":[-72.67464,-35.88145]}},
{"type":"Feature","properties":{"cine_prov":"072","cine_com":"07203","nom_com":"Pelluhue","nom_prov":"Cauquenes","nom_reg":"Maule","cine_reg":"07","sector":"Punta Sirena y Caleta Cardonal"},"geometry":{"type":"Point","coordinates":[-72.66697,-35.87749]}},
{"type":"Feature","properties":{"cine_prov":"073","cine_com":"07309","nom_com":"Vichuquén","nom_prov":"Curicó","nom_reg":"Maule","cine_reg":"07","sector":"Boyeruca (Vichuquen)"},"geometry":{"type":"Point","coordinates":[-72.0579,-34.69231]}},
{"type":"Feature","properties":{"cine_prov":"073","cine_com":"07309","nom_com":"Vichuquén","nom_prov":"Curicó","nom_reg":"Maule","cine_reg":"07","sector":"Boyeruca (Vichuquen)"},"geometry":{"type":"Point","coordinates":[-72.04897,-34.68926]}},
{"type":"Feature","properties":{"cine_prov":"072","cine_com":"07203","nom_com":"Pelluhue","nom_prov":"Cauquenes","nom_reg":"Maule","cine_reg":"07","sector":"Punta Sirena y Caleta Cardonal"},"geometry":{"type":"Point","coordinates":[-72.67614,-35.89179]}},
{"type":"Feature","properties":{"cine_prov":"073","cine_com":"07303","nom_com":"Licantén","nom_prov":"Curicó","nom_reg":"Maule","cine_reg":"07","sector":"Iloca"},"geometry":{"type":"Point","coordinates":[-72.18043,-34.91372]}},
{"type":"Feature","properties":{"cine_prov":"073","cine_com":"07303","nom_com":"Licantén","nom_prov":"Curicó","nom_reg":"Maule","cine_reg":"07","sector":"Iloca"},"geometry":{"type":"Point","coordinates":[-72.1744,-34.92224]}},
{"type":"Feature","properties":{"cine_prov":"073","cine_com":"07303","nom_com":"Licantén","nom_prov":"Curicó","nom_reg":"Maule","cine_reg":"07","sector":"Iloca"},"geometry":{"type":"Point","coordinates":[-72.17623,-34.92895]}},
{"type":"Feature","properties":{"cine_prov":"073","cine_com":"07303","nom_com":"Licantén","nom_prov":"Curicó","nom_reg":"Maule","cine_reg":"07","sector":"Iloca"},"geometry":{"type":"Point","coordinates":[-72.17594,-34.93171]}},
{"type":"Feature","properties":{"cine_prov":"073","cine_com":"07303","nom_com":"Licantén","nom_prov":"Curicó","nom_reg":"Maule","cine_reg":"07","sector":"La Pesca"},"geometry":{"type":"Point","coordinates":[-72.18009,-34.95164]}},
{"type":"Feature","properties":{"cine_prov":"073","cine_com":"07303","nom_com":"Licantén","nom_prov":"Curicó","nom_reg":"Maule","cine_reg":"07","sector":"La Pesca"},"geometry":{"type":"Point","coordinates":[-72.18097,-34.96668]}},
{"type":"Feature","properties":{"cine_prov":"073","cine_com":"07303","nom_com":"Licantén","nom_prov":"Curicó","nom_reg":"Maule","cine_reg":"07","sector":"La Pesca"},"geometry":{"type":"Point","coordinates":[-72.18271,-34.97311]}},
{"type":"Feature","properties":{"cine_prov":"073","cine_com":"07303","nom_com":"Licantén","nom_prov":"Curicó","nom_reg":"Maule","cine_reg":"07","sector":"La Pesca"},"geometry":{"type":"Point","coordinates":[-72.17995,-34.97673]}},
{"type":"Feature","properties":{"cine_prov":"073","cine_com":"07303","nom_com":"Licantén","nom_prov":"Curicó","nom_reg":"Maule","cine_reg":"07","sector":"La Pesca"},"geometry":{"type":"Point","coordinates":[-72.17715,-34.98745]}},
{"type":"Feature","properties":{"cine_prov":"071","cine_com":"07102","nom_com":"Constitución","nom_prov":"Talca","nom_reg":"Maule","cine_reg":"07","sector":"Pellines"},"geometry":{"type":"Point","coordinates":[-72.51601,-35.49421]}},
{"type":"Feature","properties":{"cine_prov":"071","cine_com":"07102","nom_com":"Constitución","nom_prov":"Talca","nom_reg":"Maule","cine_reg":"07","sector":"Constitución"},"geometry":{"type":"Point","coordinates":[-72.40049,-35.34473]}},
{"type":"Feature","properties":{"cine_prov":"073","cine_com":"07309","nom_com":"Vichuquén","nom_prov":"Curicó","nom_reg":"Maule","cine_reg":"07","sector":"Llico"},"geometry":{"type":"Point","coordinates":[-72.07671,-34.76837]}},
{"type":"Feature","properties":{"cine_prov":"072","cine_com":"07203","nom_com":"Pelluhue","nom_prov":"Cauquenes","nom_reg":"Maule","cine_reg":"07","sector":"Tregualemu"},"geometry":{"type":"Point","coordinates":[-72.7675,-35.98867]}},
{"type":"Feature","properties":{"cine_prov":"071","cine_com":"07103","nom_com":"Curepto","nom_prov":"Talca","nom_reg":"Maule","cine_reg":"07","sector":"Playa La Trinchera"},"geometry":{"type":"Point","coordinates":[-72.17541,-35.11531]}},
{"type":"Feature","properties":{"cine_prov":"071","cine_com":"07103","nom_com":"Curepto","nom_prov":"Talca","nom_reg":"Maule","cine_reg":"07","sector":"Playa La Trinchera"},"geometry":{"type":"Point","coordinates":[-72.18824,-35.11198]}},
{"type":"Feature","properties":{"cine_prov":"071","cine_com":"07103","nom_com":"Curepto","nom_prov":"Talca","nom_reg":"Maule","cine_reg":"07","sector":"Playa La Trinchera"},"geometry":{"type":"Point","coordinates":[-72.18675,-35.13335]}},
{"type":"Feature","properties":{"cine_prov":"071","cine_com":"07103","nom_com":"Curepto","nom_prov":"Talca","nom_reg":"Maule","cine_reg":"07","sector":"Playa La Trinchera"},"geometry":{"type":"Point","coordinates":[-72.15802,-35.12718]}},
{"type":"Feature","properties":{"cine_prov":"072","cine_com":"07203","nom_com":"Pelluhue","nom_prov":"Cauquenes","nom_reg":"Maule","cine_reg":"07","sector":"Punta Sirena y Caleta Cardonal"},"geometry":{"type":"Point","coordinates":[-72.68262,-35.90346]}},
{"type":"Feature","properties":{"cine_prov":"071","cine_com":"07102","nom_com":"Constitución","nom_prov":"Talca","nom_reg":"Maule","cine_reg":"07","sector":"Pellines"},"geometry":{"type":"Point","coordinates":[-72.51838,-35.49919]}},
{"type":"Feature","properties":{"cine_prov":"071","cine_com":"07102","nom_com":"Constitución","nom_prov":"Talca","nom_reg":"Maule","cine_reg":"07","sector":"Pellines"},"geometry":{"type":"Point","coordinates":[-72.51188,-35.49122]}},
{"type":"Feature","properties":{"cine_prov":"073","cine_com":"07309","nom_com":"Vichuquén","nom_prov":"Curicó","nom_reg":"Maule","cine_reg":"07","sector":"Lipimavida"},"geometry":{"type":"Point","coordinates":[-72.1473,-34.87129]}},
{"type":"Feature","properties":{"cine_prov":"072","cine_com":"07203","nom_com":"Pelluhue","nom_prov":"Cauquenes","nom_reg":"Maule","cine_reg":"07","sector":"Punta Sirena y Caleta Cardonal"},"geometry":{"type":"Point","coordinates":[-72.65609,-35.87159]}},
{"type":"Feature","properties":{"cine_prov":"072","cine_com":"07203","nom_com":"Pelluhue","nom_prov":"Cauquenes","nom_reg":"Maule","cine_reg":"07","sector":"Curanipe"},"geometry":{"type":"Point","coordinates":[-72.63571,-35.85055]}},
{"type":"Feature","properties":{"cine_prov":"072","cine_com":"07203","nom_com":"Pelluhue","nom_prov":"Cauquenes","nom_reg":"Maule","cine_reg":"07","sector":"Curanipe"},"geometry":{"type":"Point","coordinates":[-72.63634,-35.85071]}},
{"type":"Feature","properties":{"cine_prov":"071","cine_com":"07102","nom_com":"Constitución","nom_prov":"Talca","nom_reg":"Maule","cine_reg":"07","sector":"Pellines"},"geometry":{"type":"Point","coordinates":[-72.5079,-35.48749]}},
{"type":"Feature","properties":{"cine_prov":"071","cine_com":"07102","nom_com":"Constitución","nom_prov":"Talca","nom_reg":"Maule","cine_reg":"07","sector":"Pellines"},"geometry":{"type":"Point","coordinates":[-72.50802,-35.48645]}},
{"type":"Feature","properties":{"cine_prov":"071","cine_com":"07102","nom_com":"Constitución","nom_prov":"Talca","nom_reg":"Maule","cine_reg":"07","sector":"Pellines"},"geometry":{"type":"Point","coordinates":[-72.50331,-35.47683]}},
{"type":"Feature","properties":{"cine_prov":"071","cine_com":"07102","nom_com":"Constitución","nom_prov":"Talca","nom_reg":"Maule","cine_reg":"07","sector":"Pellines"},"geometry":{"type":"Point","coordinates":[-72.50745,-35.47831]}},
{"type":"Feature","properties":{"cine_prov":"071","cine_com":"07102","nom_com":"Constitución","nom_prov":"Talca","nom_reg":"Maule","cine_reg":"07","sector":"Las Cañas"},"geometry":{"type":"Point","coordinates":[-72.47499,-35.4489]}},
{"type":"Feature","properties":{"cine_prov":"071","cine_com":"07102","nom_com":"Constitución","nom_prov":"Talca","nom_reg":"Maule","cine_reg":"07","sector":"Constitución"},"geometry":{"type":"Point","coordinates":[-72.41232,-35.32232]}},
{"type":"Feature","properties":{"cine_prov":"072","cine_com":"07203","nom_com":"Pelluhue","nom_prov":"Cauquenes","nom_reg":"Maule","cine_reg":"07","sector":"Curanipe"},"geometry":{"type":"Point","coordinates":[-72.64367,-35.85534]}},
{"type":"Feature","properties":{"cine_prov":"073","cine_com":"07309","nom_com":"Vichuquén","nom_prov":"Curicó","nom_reg":"Maule","cine_reg":"07","sector":"Llico"},"geometry":{"type":"Point","coordinates":[-72.0689,-34.77839]}},
{"type":"Feature","properties":{"cine_prov":"072","cine_com":"07203","nom_com":"Pelluhue","nom_prov":"Cauquenes","nom_reg":"Maule","cine_reg":"07","sector":"Pelluhue"},"geometry":{"type":"Point","coordinates":[-72.57365,-35.81585]}},
{"type":"Feature","properties":{"cine_prov":"071","cine_com":"07102","nom_com":"Constitución","nom_prov":"Talca","nom_reg":"Maule","cine_reg":"07","sector":"Puerto de Maguellines"},"geometry":{"type":"Point","coordinates":[-72.4577,-35.36163]}},
{"type":"Feature","properties":{"cine_prov":"072","cine_com":"07203","nom_com":"Pelluhue","nom_prov":"Cauquenes","nom_reg":"Maule","cine_reg":"07","sector":"Pelluhue"},"geometry":{"type":"Point","coordinates":[-72.58146,-35.81686]}},
{"type":"Feature","properties":{"cine_prov":"072","cine_com":"07203","nom_com":"Pelluhue","nom_prov":"Cauquenes","nom_reg":"Maule","cine_reg":"07","sector":"Pelluhue"},"geometry":{"type":"Point","coordinates":[-72.55428,-35.80405]}},
{"type":"Feature","properties":{"cine_prov":"072","cine_com":"07203","nom_com":"Pelluhue","nom_prov":"Cauquenes","nom_reg":"Maule","cine_reg":"07","sector":"Pelluhue"},"geometry":{"type":"Point","coordinates":[-72.5769,-35.81701]}},
{"type":"Feature","properties":{"cine_prov":"072","cine_com":"07203","nom_com":"Pelluhue","nom_prov":"Cauquenes","nom_reg":"Maule","cine_reg":"07","sector":"Pelluhue"},"geometry":{"type":"Point","coordinates":[-72.58991,-35.81981]}},
{"type":"Feature","properties":{"cine_prov":"072","cine_com":"07203","nom_com":"Pelluhue","nom_prov":"Cauquenes","nom_reg":"Maule","cine_reg":"07","sector":"Pelluhue"},"geometry":{"type":"Point","coordinates":[-72.59407,-35.82013]}},
{"type":"Feature","properties":{"cine_prov":"072","cine_com":"07203","nom_com":"Pelluhue","nom_prov":"Cauquenes","nom_reg":"Maule","cine_reg":"07","sector":"Curanipe"},"geometry":{"type":"Point","coordinates":[-72.60489,-35.82568]}},
{"type":"Feature","properties":{"cine_prov":"072","cine_com":"07203","nom_com":"Pelluhue","nom_prov":"Cauquenes","nom_reg":"Maule","cine_reg":"07","sector":"Curanipe"},"geometry":{"type":"Point","coordinates":[-72.6236,-35.83853]}},
{"type":"Feature","properties":{"cine_prov":"072","cine_com":"07203","nom_com":"Pelluhue","nom_prov":"Cauquenes","nom_reg":"Maule","cine_reg":"07","sector":"Curanipe"},"geometry":{"type":"Point","coordinates":[-72.62839,-35.84372]}},
{"type":"Feature","properties":{"cine_prov":"072","cine_com":"07203","nom_com":"Pelluhue","nom_prov":"Cauquenes","nom_reg":"Maule","cine_reg":"07","sector":"Curanipe"},"geometry":{"type":"Point","coordinates":[-72.63035,-35.84711]}},
{"type":"Feature","properties":{"cine_prov":"072","cine_com":"07203","nom_com":"Pelluhue","nom_prov":"Cauquenes","nom_reg":"Maule","cine_reg":"07","sector":"Pelluhue"},"geometry":{"type":"Point","coordinates":[-72.58358,-35.81772]}},
{"type":"Feature","properties":{"cine_prov":"071","cine_com":"07102","nom_com":"Constitución","nom_prov":"Talca","nom_reg":"Maule","cine_reg":"07","sector":"Pellines"},"geometry":{"type":"Point","coordinates":[-72.52099,-35.50807]}},
{"type":"Feature","properties":{"cine_prov":"071","cine_com":"07102","nom_com":"Constitución","nom_prov":"Talca","nom_reg":"Maule","cine_reg":"07","sector":"Constitución"},"geometry":{"type":"Point","coordinates":[-72.41274,-35.33637]}},
{"type":"Feature","properties":{"cine_prov":"071","cine_com":"07102","nom_com":"Constitución","nom_prov":"Talca","nom_reg":"Maule","cine_reg":"07","sector":"Constitución"},"geometry":{"type":"Point","coordinates":[-72.41366,-35.33936]}},
{"type":"Feature","properties":{"cine_prov":"071","cine_com":"07102","nom_com":"Constitución","nom_prov":"Talca","nom_reg":"Maule","cine_reg":"07","sector":"Constitución"},"geometry":{"type":"Point","coordinates":[-72.41457,-35.3336]}},
{"type":"Feature","properties":{"cine_prov":"071","cine_com":"07102","nom_com":"Constitución","nom_prov":"Talca","nom_reg":"Maule","cine_reg":"07","sector":"Constitución"},"geometry":{"type":"Point","coordinates":[-72.41453,-35.33474]}},
{"type":"Feature","properties":{"cine_prov":"072","cine_com":"07202","nom_com":"Chanco","nom_prov":"Cauquenes","nom_reg":"Maule","cine_reg":"07","sector":"Loanco"},"geometry":{"type":"Point","coordinates":[-72.62377,-35.58571]}},
{"type":"Feature","properties":{"cine_prov":"072","cine_com":"07203","nom_com":"Pelluhue","nom_prov":"Cauquenes","nom_reg":"Maule","cine_reg":"07","sector":"Pelluhue"},"geometry":{"type":"Point","coordinates":[-72.55187,-35.7958]}},
{"type":"Feature","properties":{"cine_prov":"073","cine_com":"07303","nom_com":"Licantén","nom_prov":"Curicó","nom_reg":"Maule","cine_reg":"07","sector":"Duao"},"geometry":{"type":"Point","coordinates":[-72.15547,-34.88737]}},
{"type":"Feature","properties":{"cine_prov":"073","cine_com":"07303","nom_com":"Licantén","nom_prov":"Curicó","nom_reg":"Maule","cine_reg":"07","sector":"Duao"},"geometry":{"type":"Point","coordinates":[-72.17054,-34.88812]}},
{"type":"Feature","properties":{"cine_prov":"073","cine_com":"07303","nom_com":"Licantén","nom_prov":"Curicó","nom_reg":"Maule","cine_reg":"07","sector":"Duao"},"geometry":{"type":"Point","coordinates":[-72.17755,-34.89493]}},
{"type":"Feature","properties":{"cine_prov":"072","cine_com":"07203","nom_com":"Pelluhue","nom_prov":"Cauquenes","nom_reg":"Maule","cine_reg":"07","sector":"Curanipe"},"geometry":{"type":"Point","coordinates":[-72.63217,-35.84662]}},
{"type":"Feature","properties":{"cine_prov":"071","cine_com":"07102","nom_com":"Constitución","nom_prov":"Talca","nom_reg":"Maule","cine_reg":"07","sector":"Constitución"},"geometry":{"type":"Point","coordinates":[-72.41556,-35.32728]}},
{"type":"Feature","properties":{"cine_prov":"062","cine_com":"06205","nom_com":"Navidad","nom_prov":"Cardenal Caro","nom_reg":"Libertador General Bernardo O'Higgins","cine_reg":"06","sector":"Las Brisas y Navidad (centro)"},"geometry":{"type":"Point","coordinates":[-71.84103,-33.93638]}},
{"type":"Feature","properties":{"cine_prov":"062","cine_com":"06205","nom_com":"Navidad","nom_prov":"Cardenal Caro","nom_reg":"Libertador General Bernardo O'Higgins","cine_reg":"06","sector":"Vega de Pupuya"},"geometry":{"type":"Point","coordinates":[-71.87498,-33.99498]}},
{"type":"Feature","properties":{"cine_prov":"062","cine_com":"06205","nom_com":"Navidad","nom_prov":"Cardenal Caro","nom_reg":"Libertador General Bernardo O'Higgins","cine_reg":"06","sector":"Vega de Pupuya"},"geometry":{"type":"Point","coordinates":[-71.86299,-33.99537]}},
{"type":"Feature","properties":{"cine_prov":"062","cine_com":"06205","nom_com":"Navidad","nom_prov":"Cardenal Caro","nom_reg":"Libertador General Bernardo O'Higgins","cine_reg":"06","sector":"Matanzas"},"geometry":{"type":"Point","coordinates":[-71.87702,-33.96784]}},
{"type":"Feature","properties":{"cine_prov":"062","cine_com":"06205","nom_com":"Navidad","nom_prov":"Cardenal Caro","nom_reg":"Libertador General Bernardo O'Higgins","cine_reg":"06","sector":"Vega de Pupuya"},"geometry":{"type":"Point","coordinates":[-71.87629,-33.99757]}},
{"type":"Feature","properties":{"cine_prov":"062","cine_com":"06205","nom_com":"Navidad","nom_prov":"Cardenal Caro","nom_reg":"Libertador General Bernardo O'Higgins","cine_reg":"06","sector":"Chorrillos Playa"},"geometry":{"type":"Point","coordinates":[-71.89858,-34.01077]}},
{"type":"Feature","properties":{"cine_prov":"062","cine_com":"06205","nom_com":"Navidad","nom_prov":"Cardenal Caro","nom_reg":"Libertador General Bernardo O'Higgins","cine_reg":"06","sector":"Chorrillos Playa"},"geometry":{"type":"Point","coordinates":[-71.88819,-33.99669]}},
{"type":"Feature","properties":{"cine_prov":"062","cine_com":"06205","nom_com":"Navidad","nom_prov":"Cardenal Caro","nom_reg":"Libertador General Bernardo O'Higgins","cine_reg":"06","sector":"Vega de Pupuya"},"geometry":{"type":"Point","coordinates":[-71.87478,-33.98271]}},
{"type":"Feature","properties":{"cine_prov":"062","cine_com":"06205","nom_com":"Navidad","nom_prov":"Cardenal Caro","nom_reg":"Libertador General Bernardo O'Higgins","cine_reg":"06","sector":"Vega de Pupuya"},"geometry":{"type":"Point","coordinates":[-71.88241,-33.99649]}},
{"type":"Feature","properties":{"cine_prov":"062","cine_com":"06205","nom_com":"Navidad","nom_prov":"Cardenal Caro","nom_reg":"Libertador General Bernardo O'Higgins","cine_reg":"06","sector":"Matanzas"},"geometry":{"type":"Point","coordinates":[-71.87009,-33.95521]}},
{"type":"Feature","properties":{"cine_prov":"062","cine_com":"06205","nom_com":"Navidad","nom_prov":"Cardenal Caro","nom_reg":"Libertador General Bernardo O'Higgins","cine_reg":"06","sector":"Matanzas"},"geometry":{"type":"Point","coordinates":[-71.86731,-33.96074]}},
{"type":"Feature","properties":{"cine_prov":"062","cine_com":"06205","nom_com":"Navidad","nom_prov":"Cardenal Caro","nom_reg":"Libertador General Bernardo O'Higgins","cine_reg":"06","sector":"Puertecillo (Navidad)"},"geometry":{"type":"Point","coordinates":[-71.93793,-34.05588]}},
{"type":"Feature","properties":{"cine_prov":"062","cine_com":"06205","nom_com":"Navidad","nom_prov":"Cardenal Caro","nom_reg":"Libertador General Bernardo O'Higgins","cine_reg":"06","sector":"Las Brisas y Navidad (centro)"},"geometry":{"type":"Point","coordinates":[-71.84703,-33.94608]}},
{"type":"Feature","properties":{"cine_prov":"062","cine_com":"06205","nom_com":"Navidad","nom_prov":"Cardenal Caro","nom_reg":"Libertador General Bernardo O'Higgins","cine_reg":"06","sector":"Puertecillo (Navidad)"},"geometry":{"type":"Point","coordinates":[-71.93423,-34.06997]}},
{"type":"Feature","properties":{"cine_prov":"062","cine_com":"06205","nom_com":"Navidad","nom_prov":"Cardenal Caro","nom_reg":"Libertador General Bernardo O'Higgins","cine_reg":"06","sector":"Las Brisas y Navidad (centro)"},"geometry":{"type":"Point","coordinates":[-71.83709,-33.93598]}},
{"type":"Feature","properties":{"cine_prov":"062","cine_com":"06205","nom_com":"Navidad","nom_prov":"Cardenal Caro","nom_reg":"Libertador General Bernardo O'Higgins","cine_reg":"06","sector":"La Boca"},"geometry":{"type":"Point","coordinates":[-71.84201,-33.93129]}},
{"type":"Feature","properties":{"cine_prov":"062","cine_com":"06205","nom_com":"Navidad","nom_prov":"Cardenal Caro","nom_reg":"Libertador General Bernardo O'Higgins","cine_reg":"06","sector":"La Vega de La Boca - El Bajío"},"geometry":{"type":"Point","coordinates":[-71.81504,-33.92016]}},
{"type":"Feature","properties":{"cine_prov":"062","cine_com":"06205","nom_com":"Navidad","nom_prov":"Cardenal Caro","nom_reg":"Libertador General Bernardo O'Higgins","cine_reg":"06","sector":"Vega de Pupuya"},"geometry":{"type":"Point","coordinates":[-71.8605,-33.98761]}},
{"type":"Feature","properties":{"cine_prov":"062","cine_com":"06205","nom_com":"Navidad","nom_prov":"Cardenal Caro","nom_reg":"Libertador General Bernardo O'Higgins","cine_reg":"06","sector":"La Vega de La Boca - El Bajío"},"geometry":{"type":"Point","coordinates":[-71.81527,-33.93383]}},
{"type":"Feature","properties":{"cine_prov":"062","cine_com":"06205","nom_com":"Navidad","nom_prov":"Cardenal Caro","nom_reg":"Libertador General Bernardo O'Higgins","cine_reg":"06","sector":"Vega de Pupuya"},"geometry":{"type":"Point","coordinates":[-71.87857,-33.98]}},
{"type":"Feature","properties":{"cine_prov":"062","cine_com":"06205","nom_com":"Navidad","nom_prov":"Cardenal Caro","nom_reg":"Libertador General Bernardo O'Higgins","cine_reg":"06","sector":"Vega de Pupuya"},"geometry":{"type":"Point","coordinates":[-71.85433,-34.00225]}},
{"type":"Feature","properties":{"cine_prov":"062","cine_com":"06205","nom_com":"Navidad","nom_prov":"Cardenal Caro","nom_reg":"Libertador General Bernardo O'Higgins","cine_reg":"06","sector":"Vega de Pupuya"},"geometry":{"type":"Point","coordinates":[-71.85402,-33.98339]}},
{"type":"Feature","properties":{"cine_prov":"062","cine_com":"06205","nom_com":"Navidad","nom_prov":"Cardenal Caro","nom_reg":"Libertador General Bernardo O'Higgins","cine_reg":"06","sector":"Las Brisas y Navidad (centro)"},"geometry":{"type":"Point","coordinates":[-71.83645,-33.9604]}},
{"type":"Feature","properties":{"cine_prov":"062","cine_com":"06205","nom_com":"Navidad","nom_prov":"Cardenal Caro","nom_reg":"Libertador General Bernardo O'Higgins","cine_reg":"06","sector":"Las Brisas y Navidad (centro)"},"geometry":{"type":"Point","coordinates":[-71.81591,-33.96339]}},
{"type":"Feature","properties":{"cine_prov":"062","cine_com":"06205","nom_com":"Navidad","nom_prov":"Cardenal Caro","nom_reg":"Libertador General Bernardo O'Higgins","cine_reg":"06","sector":"Las Brisas y Navidad (centro)"},"geometry":{"type":"Point","coordinates":[-71.82176,-33.95513]}},
{"type":"Feature","properties":{"cine_prov":"062","cine_com":"06205","nom_com":"Navidad","nom_prov":"Cardenal Caro","nom_reg":"Libertador General Bernardo O'Higgins","cine_reg":"06","sector":"Matanzas"},"geometry":{"type":"Point","coordinates":[-71.85951,-33.97345]}},
{"type":"Feature","properties":{"cine_prov":"062","cine_com":"06205","nom_com":"Navidad","nom_prov":"Cardenal Caro","nom_reg":"Libertador General Bernardo O'Higgins","cine_reg":"06","sector":"Matanzas"},"geometry":{"type":"Point","coordinates":[-71.85699,-33.96829]}},
{"type":"Feature","properties":{"cine_prov":"062","cine_com":"06205","nom_com":"Navidad","nom_prov":"Cardenal Caro","nom_reg":"Libertador General Bernardo O'Higgins","cine_reg":"06","sector":"La Vega de La Boca - El Bajío"},"geometry":{"type":"Point","coordinates":[-71.83435,-33.93382]}},
{"type":"Feature","properties":{"cine_prov":"062","cine_com":"06205","nom_com":"Navidad","nom_prov":"Cardenal Caro","nom_reg":"Libertador General Bernardo O'Higgins","cine_reg":"06","sector":"Las Brisas y Navidad (centro)"},"geometry":{"type":"Point","coordinates":[-71.84674,-33.93535]}},
{"type":"Feature","properties":{"cine_prov":"062","cine_com":"06205","nom_com":"Navidad","nom_prov":"Cardenal Caro","nom_reg":"Libertador General Bernardo O'Higgins","cine_reg":"06","sector":"Las Brisas y Navidad (centro)"},"geometry":{"type":"Point","coordinates":[-71.84631,-33.93618]}},
{"type":"Feature","properties":{"cine_prov":"102","cine_com":"10209","nom_com":"Quemchi","nom_prov":"Chiloé","nom_reg":"Los Lagos","cine_reg":"10","sector":"Quemchi"},"geometry":{"type":"Point","coordinates":[-73.48155,-42.1435]}},
{"type":"Feature","properties":{"cine_prov":"102","cine_com":"10208","nom_com":"Quellón","nom_prov":"Chiloé","nom_reg":"Los Lagos","cine_reg":"10","sector":"Quellón"},"geometry":{"type":"Point","coordinates":[-73.61403,-43.1126]}},
{"type":"Feature","properties":{"cine_prov":"102","cine_com":"10208","nom_com":"Quellón","nom_prov":"Chiloé","nom_reg":"Los Lagos","cine_reg":"10","sector":"Quellón"},"geometry":{"type":"Point","coordinates":[-73.61824,-43.11406]}},
{"type":"Feature","properties":{"cine_prov":"103","cine_com":"10306","nom_com":"San Juan de la Costa","nom_prov":"Osorno","nom_reg":"Los Lagos","cine_reg":"10","sector":"Maicolpue"},"geometry":{"type":"Point","coordinates":[-73.73182,-40.59667]}},
{"type":"Feature","properties":{"cine_prov":"103","cine_com":"10306","nom_com":"San Juan de la Costa","nom_prov":"Osorno","nom_reg":"Los Lagos","cine_reg":"10","sector":"Maicolpue"},"geometry":{"type":"Point","coordinates":[-73.75017,-40.60436]}},
{"type":"Feature","properties":{"cine_prov":"102","cine_com":"10205","nom_com":"Dalcahue","nom_prov":"Chiloé","nom_reg":"Los Lagos","cine_reg":"10","sector":"Dalcahue"},"geometry":{"type":"Point","coordinates":[-73.65705,-42.37747]}},
{"type":"Feature","properties":{"cine_prov":"102","cine_com":"10203","nom_com":"Chonchi","nom_prov":"Chiloé","nom_reg":"Los Lagos","cine_reg":"10","sector":"Chonchi"},"geometry":{"type":"Point","coordinates":[-73.77306,-42.62397]}},
{"type":"Feature","properties":{"cine_prov":"102","cine_com":"10208","nom_com":"Quellón","nom_prov":"Chiloé","nom_reg":"Los Lagos","cine_reg":"10","sector":"Quellón"},"geometry":{"type":"Point","coordinates":[-73.62549,-43.11517]}},
{"type":"Feature","properties":{"cine_prov":"102","cine_com":"10206","nom_com":"Puqueldón","nom_prov":"Chiloé","nom_reg":"Los Lagos","cine_reg":"10","sector":"Puqueldon"},"geometry":{"type":"Point","coordinates":[-73.67239,-42.60189]}},
{"type":"Feature","properties":{"cine_prov":"103","cine_com":"10306","nom_com":"San Juan de la Costa","nom_prov":"Osorno","nom_reg":"Los Lagos","cine_reg":"10","sector":"Pucatrihue"},"geometry":{"type":"Point","coordinates":[-73.71273,-40.53966]}},
{"type":"Feature","properties":{"cine_prov":"102","cine_com":"10208","nom_com":"Quellón","nom_prov":"Chiloé","nom_reg":"Los Lagos","cine_reg":"10","sector":"Quellón"},"geometry":{"type":"Point","coordinates":[-73.6157,-43.11467]}},
{"type":"Feature","properties":{"cine_prov":"102","cine_com":"10208","nom_com":"Quellón","nom_prov":"Chiloé","nom_reg":"Los Lagos","cine_reg":"10","sector":"Quellón"},"geometry":{"type":"Point","coordinates":[-73.60687,-43.1131]}},
{"type":"Feature","properties":{"cine_prov":"102","cine_com":"10209","nom_com":"Quemchi","nom_prov":"Chiloé","nom_reg":"Los Lagos","cine_reg":"10","sector":"Quemchi"},"geometry":{"type":"Point","coordinates":[-73.49524,-42.1522]}},
{"type":"Feature","properties":{"cine_prov":"101","cine_com":"10101","nom_com":"Puerto Montt","nom_prov":"Llanquihue","nom_reg":"Los Lagos","cine_reg":"10","sector":"Puerto Montt"},"geometry":{"type":"Point","coordinates":[-72.95331,-41.47206]}},
{"type":"Feature","properties":{"cine_prov":"102","cine_com":"10208","nom_com":"Quellón","nom_prov":"Chiloé","nom_reg":"Los Lagos","cine_reg":"10","sector":"Quellón"},"geometry":{"type":"Point","coordinates":[-73.61786,-43.11485]}},
{"type":"Feature","properties":{"cine_prov":"102","cine_com":"10203","nom_com":"Chonchi","nom_prov":"Chiloé","nom_reg":"Los Lagos","cine_reg":"10","sector":"Chonchi"},"geometry":{"type":"Point","coordinates":[-73.77594,-42.61964]}},
{"type":"Feature","properties":{"cine_prov":"102","cine_com":"10206","nom_com":"Puqueldón","nom_prov":"Chiloé","nom_reg":"Los Lagos","cine_reg":"10","sector":"Puqueldon"},"geometry":{"type":"Point","coordinates":[-73.67231,-42.59788]}},
{"type":"Feature","properties":{"cine_prov":"103","cine_com":"10306","nom_com":"San Juan de la Costa","nom_prov":"Osorno","nom_reg":"Los Lagos","cine_reg":"10","sector":"Maicolpue"},"geometry":{"type":"Point","coordinates":[-73.73559,-40.5976]}},
{"type":"Feature","properties":{"cine_prov":"102","cine_com":"10205","nom_com":"Dalcahue","nom_prov":"Chiloé","nom_reg":"Los Lagos","cine_reg":"10","sector":"Dalcahue"},"geometry":{"type":"Point","coordinates":[-73.65496,-42.37673]}},
{"type":"Feature","properties":{"cine_prov":"103","cine_com":"10306","nom_com":"San Juan de la Costa","nom_prov":"Osorno","nom_reg":"Los Lagos","cine_reg":"10","sector":"Pucatrihue"},"geometry":{"type":"Point","coordinates":[-73.70768,-40.56659]}},
{"type":"Feature","properties":{"cine_prov":"102","cine_com":"10210","nom_com":"Quinchao","nom_prov":"Chiloé","nom_reg":"Los Lagos","cine_reg":"10","sector":"Achao"},"geometry":{"type":"Point","coordinates":[-73.49909,-42.47407]}},
{"type":"Feature","properties":{"cine_prov":"103","cine_com":"10306","nom_com":"San Juan de la Costa","nom_prov":"Osorno","nom_reg":"Los Lagos","cine_reg":"10","sector":"Maicolpue"},"geometry":{"type":"Point","coordinates":[-73.73347,-40.59655]}},
{"type":"Feature","properties":{"cine_prov":"103","cine_com":"10306","nom_com":"San Juan de la Costa","nom_prov":"Osorno","nom_reg":"Los Lagos","cine_reg":"10","sector":"Pucatrihue"},"geometry":{"type":"Point","coordinates":[-73.71644,-40.5263]}},
{"type":"Feature","properties":{"cine_prov":"104","cine_com":"10403","nom_com":"Hualaihué","nom_prov":"Palena","nom_reg":"Los Lagos","cine_reg":"10","sector":"Hornopiren"},"geometry":{"type":"Point","coordinates":[-72.48482,-41.96052]}},
{"type":"Feature","properties":{"cine_prov":"102","cine_com":"10208","nom_com":"Quellón","nom_prov":"Chiloé","nom_reg":"Los Lagos","cine_reg":"10","sector":"Quellón"},"geometry":{"type":"Point","coordinates":[-73.61243,-43.11263]}},
{"type":"Feature","properties":{"cine_prov":"103","cine_com":"10306","nom_com":"San Juan de la Costa","nom_prov":"Osorno","nom_reg":"Los Lagos","cine_reg":"10","sector":"Bahía Mansa"},"geometry":{"type":"Point","coordinates":[-73.73045,-40.58102]}},
{"type":"Feature","properties":{"cine_prov":"102","cine_com":"10208","nom_com":"Quellón","nom_prov":"Chiloé","nom_reg":"Los Lagos","cine_reg":"10","sector":"Quellón"},"geometry":{"type":"Point","coordinates":[-73.61936,-43.11278]}},
{"type":"Feature","properties":{"cine_prov":"102","cine_com":"10208","nom_com":"Quellón","nom_prov":"Chiloé","nom_reg":"Los Lagos","cine_reg":"10","sector":"Quellón"},"geometry":{"type":"Point","coordinates":[-73.63007,-43.11438]}},
{"type":"Feature","properties":{"cine_prov":"102","cine_com":"10209","nom_com":"Quemchi","nom_prov":"Chiloé","nom_reg":"Los Lagos","cine_reg":"10","sector":"Quemchi"},"geometry":{"type":"Point","coordinates":[-73.47523,-42.13725]}},
{"type":"Feature","properties":{"cine_prov":"104","cine_com":"10403","nom_com":"Hualaihué","nom_prov":"Palena","nom_reg":"Los Lagos","cine_reg":"10","sector":"Contao"},"geometry":{"type":"Point","coordinates":[-72.70516,-41.80083]}},
{"type":"Feature","properties":{"cine_prov":"101","cine_com":"10101","nom_com":"Puerto Montt","nom_prov":"Llanquihue","nom_reg":"Los Lagos","cine_reg":"10","sector":"Puerto Montt"},"geometry":{"type":"Point","coordinates":[-72.93905,-41.46937]}},
{"type":"Feature","properties":{"cine_prov":"103","cine_com":"10306","nom_com":"San Juan de la Costa","nom_prov":"Osorno","nom_reg":"Los Lagos","cine_reg":"10","sector":"Maicolpue"},"geometry":{"type":"Point","coordinates":[-73.74527,-40.60684]}},
{"type":"Feature","properties":{"cine_prov":"101","cine_com":"10101","nom_com":"Puerto Montt","nom_prov":"Llanquihue","nom_reg":"Los Lagos","cine_reg":"10","sector":"Puerto Montt"},"geometry":{"type":"Point","coordinates":[-72.97274,-41.48398]}},
{"type":"Feature","properties":{"cine_prov":"102","cine_com":"10205","nom_com":"Dalcahue","nom_prov":"Chiloé","nom_reg":"Los Lagos","cine_reg":"10","sector":"Dalcahue"},"geometry":{"type":"Point","coordinates":[-73.6457,-42.37398]}},
{"type":"Feature","properties":{"cine_prov":"102","cine_com":"10207","nom_com":"Queilén","nom_prov":"Chiloé","nom_reg":"Los Lagos","cine_reg":"10","sector":"Queilen"},"geometry":{"type":"Point","coordinates":[-73.47319,-42.88455]}},
{"type":"Feature","properties":{"cine_prov":"102","cine_com":"10210","nom_com":"Quinchao","nom_prov":"Chiloé","nom_reg":"Los Lagos","cine_reg":"10","sector":"Achao"},"geometry":{"type":"Point","coordinates":[-73.49532,-42.47778]}},
{"type":"Feature","properties":{"cine_prov":"102","cine_com":"10205","nom_com":"Dalcahue","nom_prov":"Chiloé","nom_reg":"Los Lagos","cine_reg":"10","sector":"Dalcahue"},"geometry":{"type":"Point","coordinates":[-73.65025,-42.37519]}},
{"type":"Feature","properties":{"cine_prov":"102","cine_com":"10205","nom_com":"Dalcahue","nom_prov":"Chiloé","nom_reg":"Los Lagos","cine_reg":"10","sector":"Dalcahue"},"geometry":{"type":"Point","coordinates":[-73.66269,-42.37943]}},
{"type":"Feature","properties":{"cine_prov":"104","cine_com":"10403","nom_com":"Hualaihué","nom_prov":"Palena","nom_reg":"Los Lagos","cine_reg":"10","sector":"Hornopiren"},"geometry":{"type":"Point","coordinates":[-72.47117,-41.95858]}},
{"type":"Feature","properties":{"cine_prov":"102","cine_com":"10208","nom_com":"Quellón","nom_prov":"Chiloé","nom_reg":"Los Lagos","cine_reg":"10","sector":"Quellón"},"geometry":{"type":"Point","coordinates":[-73.62708,-43.11513]}},
{"type":"Feature","properties":{"cine_prov":"104","cine_com":"10403","nom_com":"Hualaihué","nom_prov":"Palena","nom_reg":"Los Lagos","cine_reg":"10","sector":"Contao"},"geometry":{"type":"Point","coordinates":[-72.72178,-41.80707]}},
{"type":"Feature","properties":{"cine_prov":"102","cine_com":"10203","nom_com":"Chonchi","nom_prov":"Chiloé","nom_reg":"Los Lagos","cine_reg":"10","sector":"Chonchi"},"geometry":{"type":"Point","coordinates":[-73.76543,-42.62497]}},
{"type":"Feature","properties":{"cine_prov":"103","cine_com":"10306","nom_com":"San Juan de la Costa","nom_prov":"Osorno","nom_reg":"Los Lagos","cine_reg":"10","sector":"Pucatrihue"},"geometry":{"type":"Point","coordinates":[-73.71664,-40.5458]}},
{"type":"Feature","properties":{"cine_prov":"102","cine_com":"10207","nom_com":"Queilén","nom_prov":"Chiloé","nom_reg":"Los Lagos","cine_reg":"10","sector":"Queilen"},"geometry":{"type":"Point","coordinates":[-73.47222,-42.8801]}},
{"type":"Feature","properties":{"cine_prov":"102","cine_com":"10210","nom_com":"Quinchao","nom_prov":"Chiloé","nom_reg":"Los Lagos","cine_reg":"10","sector":"Achao"},"geometry":{"type":"Point","coordinates":[-73.48289,-42.47285]}},
{"type":"Feature","properties":{"cine_prov":"102","cine_com":"10208","nom_com":"Quellón","nom_prov":"Chiloé","nom_reg":"Los Lagos","cine_reg":"10","sector":"Quellón"},"geometry":{"type":"Point","coordinates":[-73.61063,-43.11364]}},
{"type":"Feature","properties":{"cine_prov":"102","cine_com":"10208","nom_com":"Quellón","nom_prov":"Chiloé","nom_reg":"Los Lagos","cine_reg":"10","sector":"Quellón"},"geometry":{"type":"Point","coordinates":[-73.62531,-43.11475]}},
{"type":"Feature","properties":{"cine_prov":"102","cine_com":"10206","nom_com":"Puqueldón","nom_prov":"Chiloé","nom_reg":"Los Lagos","cine_reg":"10","sector":"Puqueldon"},"geometry":{"type":"Point","coordinates":[-73.67629,-42.5992]}},
{"type":"Feature","properties":{"cine_prov":"102","cine_com":"10208","nom_com":"Quellón","nom_prov":"Chiloé","nom_reg":"Los Lagos","cine_reg":"10","sector":"Quellón"},"geometry":{"type":"Point","coordinates":[-73.59937,-43.11113]}},
{"type":"Feature","properties":{"cine_prov":"101","cine_com":"10101","nom_com":"Puerto Montt","nom_prov":"Llanquihue","nom_reg":"Los Lagos","cine_reg":"10","sector":"Puerto Montt"},"geometry":{"type":"Point","coordinates":[-72.92003,-41.47212]}},
{"type":"Feature","properties":{"cine_prov":"102","cine_com":"10208","nom_com":"Quellón","nom_prov":"Chiloé","nom_reg":"Los Lagos","cine_reg":"10","sector":"Quellón"},"geometry":{"type":"Point","coordinates":[-73.60446,-43.11478]}},
{"type":"Feature","properties":{"cine_prov":"102","cine_com":"10207","nom_com":"Queilén","nom_prov":"Chiloé","nom_reg":"Los Lagos","cine_reg":"10","sector":"Queilen"},"geometry":{"type":"Point","coordinates":[-73.47093,-42.88304]}},
{"type":"Feature","properties":{"cine_prov":"102","cine_com":"10208","nom_com":"Quellón","nom_prov":"Chiloé","nom_reg":"Los Lagos","cine_reg":"10","sector":"Quellón"},"geometry":{"type":"Point","coordinates":[-73.62352,-43.11454]}},
{"type":"Feature","properties":{"cine_prov":"101","cine_com":"10103","nom_com":"Cochamó","nom_prov":"Llanquihue","nom_reg":"Los Lagos","cine_reg":"10","sector":"Cochamó"},"geometry":{"type":"Point","coordinates":[-72.30168,-41.4926]}},
{"type":"Feature","properties":{"cine_prov":"101","cine_com":"10103","nom_com":"Cochamó","nom_prov":"Llanquihue","nom_reg":"Los Lagos","cine_reg":"10","sector":"Cochamó"},"geometry":{"type":"Point","coordinates":[-72.30743,-41.49161]}},
{"type":"Feature","properties":{"cine_prov":"102","cine_com":"10205","nom_com":"Dalcahue","nom_prov":"Chiloé","nom_reg":"Los Lagos","cine_reg":"10","sector":"Dalcahue"},"geometry":{"type":"Point","coordinates":[-73.65375,-42.37404]}},
{"type":"Feature","properties":{"cine_prov":"021","cine_com":"02101","nom_com":"Antofagasta","nom_prov":"Antofagasta","nom_reg":"Antofagasta","cine_reg":"02","sector":"Antofagasta"},"geometry":{"type":"Point","coordinates":[-70.47149,-23.76598]}},
{"type":"Feature","properties":{"cine_prov":"062","cine_com":"06205","nom_com":"Navidad","nom_prov":"Cardenal Caro","nom_reg":"Libertador General Bernardo O'Higgins","cine_reg":"06","sector":"Rapel"},"geometry":{"type":"Point","coordinates":[-71.72879,-33.97404]}},
{"type":"Feature","properties":{"cine_prov":"062","cine_com":"06205","nom_com":"Navidad","nom_prov":"Cardenal Caro","nom_reg":"Libertador General Bernardo O'Higgins","cine_reg":"06","sector":"Rapel"},"geometry":{"type":"Point","coordinates":[-71.73306,-33.94884]}},
{"type":"Feature","properties":{"cine_prov":"062","cine_com":"06205","nom_com":"Navidad","nom_prov":"Cardenal Caro","nom_reg":"Libertador General Bernardo O'Higgins","cine_reg":"06","sector":"Rapel"},"geometry":{"type":"Point","coordinates":[-71.75853,-33.94163]}},
{"type":"Feature","properties":{"cine_prov":"062","cine_com":"06205","nom_com":"Navidad","nom_prov":"Cardenal Caro","nom_reg":"Libertador General Bernardo O'Higgins","cine_reg":"06","sector":"Licancheu"},"geometry":{"type":"Point","coordinates":[-71.7687,-33.94356]}},
{"type":"Feature","properties":{"cine_prov":"062","cine_com":"06205","nom_com":"Navidad","nom_prov":"Cardenal Caro","nom_reg":"Libertador General Bernardo O'Higgins","cine_reg":"06","sector":"Licancheu"},"geometry":{"type":"Point","coordinates":[-71.80964,-33.95757]}},
{"type":"Feature","properties":{"cine_prov":"112","cine_com":"11201","nom_com":"Aisén","nom_prov":"Aisén","nom_reg":"Aysén del General Carlos Ibáñez del Campo","cine_reg":"11","sector":"Puerto Aysen"},"geometry":{"type":"Point","coordinates":[-72.68642,-45.40054]}},
{"type":"Feature","properties":{"cine_prov":"102","cine_com":"10201","nom_com":"Castro","nom_prov":"Chiloé","nom_reg":"Los Lagos","cine_reg":"10","sector":"Castro"},"geometry":{"type":"Point","coordinates":[-73.76354,-42.48058]}},
{"type":"Feature","properties":{"cine_prov":"102","cine_com":"10202","nom_com":"Ancud","nom_prov":"Chiloé","nom_reg":"Los Lagos","cine_reg":"10","sector":"Ancud"},"geometry":{"type":"Point","coordinates":[-73.82106,-41.87662]}},
{"type":"Feature","properties":{"cine_prov":"062","cine_com":"06201","nom_com":"Pichilemu","nom_prov":"Cardenal Caro","nom_reg":"Libertador General Bernardo O'Higgins","cine_reg":"06","sector":"Pichilemu"},"geometry":{"type":"Point","coordinates":[-72.01469,-34.39568]}},
{"type":"Feature","properties":{"cine_prov":"062","cine_com":"06206","nom_com":"Paredones","nom_prov":"Cardenal Caro","nom_reg":"Libertador General Bernardo O'Higgins","cine_reg":"06","sector":"La Capilla"},"geometry":{"type":"Point","coordinates":[-72.00663,-34.66271]}},
{"type":"Feature","properties":{"cine_prov":"101","cine_com":"10108","nom_com":"Maullín","nom_prov":"Llanquihue","nom_reg":"Los Lagos","cine_reg":"10","sector":"Carelmapu"},"geometry":{"type":"Point","coordinates":[-73.71036,-41.74993]}},
{"type":"Feature","properties":{"cine_prov":"112","cine_com":"11203","nom_com":"Guaitecas","nom_prov":"Aisén","nom_reg":"Aysén del General Carlos Ibáñez del Campo","cine_reg":"11","sector":"Melinka"},"geometry":{"type":"Point","coordinates":[-73.74514,-43.89647]}},
{"type":"Feature","properties":{"cine_prov":"112","cine_com":"11201","nom_com":"Aisén","nom_prov":"Aisén","nom_reg":"Aysén del General Carlos Ibáñez del Campo","cine_reg":"11","sector":"Caleta Andrade - Puerto Aguirre"},"geometry":{"type":"Point","coordinates":[-73.52359,-45.1632]}},
{"type":"Feature","properties":{"cine_prov":"101","cine_com":"10102","nom_com":"Calbuco","nom_prov":"Llanquihue","nom_reg":"Los Lagos","cine_reg":"10","sector":"Calbuco"},"geometry":{"type":"Point","coordinates":[-73.14178,-41.78458]}},
{"type":"Feature","properties":{"cine_prov":"021","cine_com":"02104","nom_com":"Taltal","nom_prov":"Antofagasta","nom_reg":"Antofagasta","cine_reg":"02","sector":"Taltal"},"geometry":{"type":"Point","coordinates":[-70.47138,-25.39903]}},
{"type":"Feature","properties":{"cine_prov":"101","cine_com":"10102","nom_com":"Calbuco","nom_prov":"Llanquihue","nom_reg":"Los Lagos","cine_reg":"10","sector":"Calbuco"},"geometry":{"type":"Point","coordinates":[-73.13569,-41.77459]}},
{"type":"Feature","properties":{"cine_prov":"102","cine_com":"10202","nom_com":"Ancud","nom_prov":"Chiloé","nom_reg":"Los Lagos","cine_reg":"10","sector":"Ancud"},"geometry":{"type":"Point","coordinates":[-73.80644,-41.87152]}},
{"type":"Feature","properties":{"cine_prov":"102","cine_com":"10201","nom_com":"Castro","nom_prov":"Chiloé","nom_reg":"Los Lagos","cine_reg":"10","sector":"Castro"},"geometry":{"type":"Point","coordinates":[-73.77663,-42.483]}},
{"type":"Feature","properties":{"cine_prov":"101","cine_com":"10108","nom_com":"Maullín","nom_prov":"Llanquihue","nom_reg":"Los Lagos","cine_reg":"10","sector":"Rivera Norte Maullin"},"geometry":{"type":"Point","coordinates":[-73.65173,-41.57683]}},
{"type":"Feature","properties":{"cine_prov":"104","cine_com":"10401","nom_com":"Chaitén","nom_prov":"Palena","nom_reg":"Los Lagos","cine_reg":"10","sector":"Chaiten"},"geometry":{"type":"Point","coordinates":[-72.70068,-42.92119]}},
{"type":"Feature","properties":{"cine_prov":"062","cine_com":"06206","nom_com":"Paredones","nom_prov":"Cardenal Caro","nom_reg":"Libertador General Bernardo O'Higgins","cine_reg":"06","sector":"Lo Valdivia"},"geometry":{"type":"Point","coordinates":[-72.01924,-34.69018]}},
{"type":"Feature","properties":{"cine_prov":"062","cine_com":"06201","nom_com":"Pichilemu","nom_prov":"Cardenal Caro","nom_reg":"Libertador General Bernardo O'Higgins","cine_reg":"06","sector":"Cahuil"},"geometry":{"type":"Point","coordinates":[-72.01531,-34.46557]}},
{"type":"Feature","properties":{"cine_prov":"102","cine_com":"10202","nom_com":"Ancud","nom_prov":"Chiloé","nom_reg":"Los Lagos","cine_reg":"10","sector":"Ancud"},"geometry":{"type":"Point","coordinates":[-73.8243,-41.8639]}},
{"type":"Feature","properties":{"cine_prov":"112","cine_com":"11201","nom_com":"Aisén","nom_prov":"Aisén","nom_reg":"Aysén del General Carlos Ibáñez del Campo","cine_reg":"11","sector":"Puerto Aysen"},"geometry":{"type":"Point","coordinates":[-72.68346,-45.41078]}},
{"type":"Feature","properties":{"cine_prov":"021","cine_com":"02104","nom_com":"Taltal","nom_prov":"Antofagasta","nom_reg":"Antofagasta","cine_reg":"02","sector":"Taltal"},"geometry":{"type":"Point","coordinates":[-70.47125,-25.40243]}},
{"type":"Feature","properties":{"cine_prov":"062","cine_com":"06201","nom_com":"Pichilemu","nom_prov":"Cardenal Caro","nom_reg":"Libertador General Bernardo O'Higgins","cine_reg":"06","sector":"Pichilemu"},"geometry":{"type":"Point","coordinates":[-71.99465,-34.40476]}},
{"type":"Feature","properties":{"cine_prov":"112","cine_com":"11203","nom_com":"Guaitecas","nom_prov":"Aisén","nom_reg":"Aysén del General Carlos Ibáñez del Campo","cine_reg":"11","sector":"Repollal Bajo"},"geometry":{"type":"Point","coordinates":[-73.87217,-43.8876]}},
{"type":"Feature","properties":{"cine_prov":"021","cine_com":"02104","nom_com":"Taltal","nom_prov":"Antofagasta","nom_reg":"Antofagasta","cine_reg":"02","sector":"Cifuncho"},"geometry":{"type":"Point","coordinates":[-70.64852,-25.65602]}},
{"type":"Feature","properties":{"cine_prov":"112","cine_com":"11201","nom_com":"Aisén","nom_prov":"Aisén","nom_reg":"Aysén del General Carlos Ibáñez del Campo","cine_reg":"11","sector":"Puerto Aysen"},"geometry":{"type":"Point","coordinates":[-72.68714,-45.39755]}},
{"type":"Feature","properties":{"cine_prov":"112","cine_com":"11203","nom_com":"Guaitecas","nom_prov":"Aisén","nom_reg":"Aysén del General Carlos Ibáñez del Campo","cine_reg":"11","sector":"Repollal"},"geometry":{"type":"Point","coordinates":[-73.88176,-43.87458]}},
{"type":"Feature","properties":{"cine_prov":"101","cine_com":"10102","nom_com":"Calbuco","nom_prov":"Llanquihue","nom_reg":"Los Lagos","cine_reg":"10","sector":"Calbuco"},"geometry":{"type":"Point","coordinates":[-73.13682,-41.76391]}},
{"type":"Feature","properties":{"cine_prov":"102","cine_com":"10202","nom_com":"Ancud","nom_prov":"Chiloé","nom_reg":"Los Lagos","cine_reg":"10","sector":"Ancud"},"geometry":{"type":"Point","coordinates":[-73.82458,-41.87162]}},
{"type":"Feature","properties":{"cine_prov":"021","cine_com":"02104","nom_com":"Taltal","nom_prov":"Antofagasta","nom_reg":"Antofagasta","cine_reg":"02","sector":"Taltal"},"geometry":{"type":"Point","coordinates":[-70.47704,-25.40608]}},
{"type":"Feature","properties":{"cine_prov":"021","cine_com":"02104","nom_com":"Taltal","nom_prov":"Antofagasta","nom_reg":"Antofagasta","cine_reg":"02","sector":"Taltal"},"geometry":{"type":"Point","coordinates":[-70.47752,-25.4061]}},
{"type":"Feature","properties":{"cine_prov":"102","cine_com":"10201","nom_com":"Castro","nom_prov":"Chiloé","nom_reg":"Los Lagos","cine_reg":"10","sector":"Castro"},"geometry":{"type":"Point","coordinates":[-73.76935,-42.47266]}},
{"type":"Feature","properties":{"cine_prov":"102","cine_com":"10202","nom_com":"Ancud","nom_prov":"Chiloé","nom_reg":"Los Lagos","cine_reg":"10","sector":"Ancud"},"geometry":{"type":"Point","coordinates":[-73.82835,-41.86249]}},
{"type":"Feature","properties":{"cine_prov":"112","cine_com":"11201","nom_com":"Aisén","nom_prov":"Aisén","nom_reg":"Aysén del General Carlos Ibáñez del Campo","cine_reg":"11","sector":"Puerto Chacabuco"},"geometry":{"type":"Point","coordinates":[-72.81539,-45.46457]}},
{"type":"Feature","properties":{"cine_prov":"102","cine_com":"10201","nom_com":"Castro","nom_prov":"Chiloé","nom_reg":"Los Lagos","cine_reg":"10","sector":"Castro"},"geometry":{"type":"Point","coordinates":[-73.77393,-42.46412]}},
{"type":"Feature","properties":{"cine_prov":"101","cine_com":"10108","nom_com":"Maullín","nom_prov":"Llanquihue","nom_reg":"Los Lagos","cine_reg":"10","sector":"Maullin"},"geometry":{"type":"Point","coordinates":[-73.60218,-41.61626]}},
{"type":"Feature","properties":{"cine_prov":"021","cine_com":"02104","nom_com":"Taltal","nom_prov":"Antofagasta","nom_reg":"Antofagasta","cine_reg":"02","sector":"Cifuncho"},"geometry":{"type":"Point","coordinates":[-70.64803,-25.65393]}},
{"type":"Feature","properties":{"cine_prov":"021","cine_com":"02104","nom_com":"Taltal","nom_prov":"Antofagasta","nom_reg":"Antofagasta","cine_reg":"02","sector":"Taltal"},"geometry":{"type":"Point","coordinates":[-70.47202,-25.4047]}},
{"type":"Feature","properties":{"cine_prov":"021","cine_com":"02104","nom_com":"Taltal","nom_prov":"Antofagasta","nom_reg":"Antofagasta","cine_reg":"02","sector":"Taltal"},"geometry":{"type":"Point","coordinates":[-70.48305,-25.4109]}},
{"type":"Feature","properties":{"cine_prov":"062","cine_com":"06206","nom_com":"Paredones","nom_prov":"Cardenal Caro","nom_reg":"Libertador General Bernardo O'Higgins","cine_reg":"06","sector":"Lo Valdivia"},"geometry":{"type":"Point","coordinates":[-72.008,-34.69521]}},
{"type":"Feature","properties":{"cine_prov":"112","cine_com":"11201","nom_com":"Aisén","nom_prov":"Aisén","nom_reg":"Aysén del General Carlos Ibáñez del Campo","cine_reg":"11","sector":"Puerto Aysen"},"geometry":{"type":"Point","coordinates":[-72.68865,-45.39289]}},
{"type":"Feature","properties":{"cine_prov":"062","cine_com":"06206","nom_com":"Paredones","nom_prov":"Cardenal Caro","nom_reg":"Libertador General Bernardo O'Higgins","cine_reg":"06","sector":"Cabecera"},"geometry":{"type":"Point","coordinates":[-71.98252,-34.61745]}},
{"type":"Feature","properties":{"cine_prov":"062","cine_com":"06201","nom_com":"Pichilemu","nom_prov":"Cardenal Caro","nom_reg":"Libertador General Bernardo O'Higgins","cine_reg":"06","sector":"Cahuil"},"geometry":{"type":"Point","coordinates":[-72.01095,-34.47513]}},
{"type":"Feature","properties":{"cine_prov":"102","cine_com":"10202","nom_com":"Ancud","nom_prov":"Chiloé","nom_reg":"Los Lagos","cine_reg":"10","sector":"Ancud"},"geometry":{"type":"Point","coordinates":[-73.79714,-41.88495]}},
{"type":"Feature","properties":{"cine_prov":"062","cine_com":"06201","nom_com":"Pichilemu","nom_prov":"Cardenal Caro","nom_reg":"Libertador General Bernardo O'Higgins","cine_reg":"06","sector":"Pichilemu"},"geometry":{"type":"Point","coordinates":[-71.98998,-34.39463]}},
{"type":"Feature","properties":{"cine_prov":"104","cine_com":"10401","nom_com":"Chaitén","nom_prov":"Palena","nom_reg":"Los Lagos","cine_reg":"10","sector":"Ayacara"},"geometry":{"type":"Point","coordinates":[-72.78019,-42.30986]}},
{"type":"Feature","properties":{"cine_prov":"021","cine_com":"02104","nom_com":"Taltal","nom_prov":"Antofagasta","nom_reg":"Antofagasta","cine_reg":"02","sector":"Paposo"},"geometry":{"type":"Point","coordinates":[-70.46215,-25.00217]}},
{"type":"Feature","properties":{"cine_prov":"101","cine_com":"10102","nom_com":"Calbuco","nom_prov":"Llanquihue","nom_reg":"Los Lagos","cine_reg":"10","sector":"Calbuco"},"geometry":{"type":"Point","coordinates":[-73.13014,-41.76287]}},
{"type":"Feature","properties":{"cine_prov":"021","cine_com":"02104","nom_com":"Taltal","nom_prov":"Antofagasta","nom_reg":"Antofagasta","cine_reg":"02","sector":"Taltal"},"geometry":{"type":"Point","coordinates":[-70.48418,-25.41151]}},
{"type":"Feature","properties":{"cine_prov":"112","cine_com":"11201","nom_com":"Aisén","nom_prov":"Aisén","nom_reg":"Aysén del General Carlos Ibáñez del Campo","cine_reg":"11","sector":"Puerto Chacabuco"},"geometry":{"type":"Point","coordinates":[-72.81659,-45.46567]}},
{"type":"Feature","properties":{"cine_prov":"113","cine_com":"11303","nom_com":"Tortel","nom_prov":"Capitán Prat","nom_reg":"Aysén del General Carlos Ibáñez del Campo","cine_reg":"11","sector":"Caleta Tortel"},"geometry":{"type":"Point","coordinates":[-73.5407,-47.80403]}},
{"type":"Feature","properties":{"cine_prov":"112","cine_com":"11201","nom_com":"Aisén","nom_prov":"Aisén","nom_reg":"Aysén del General Carlos Ibáñez del Campo","cine_reg":"11","sector":"Puerto Aysen"},"geometry":{"type":"Point","coordinates":[-72.68363,-45.41195]}},
{"type":"Feature","properties":{"cine_prov":"101","cine_com":"10102","nom_com":"Calbuco","nom_prov":"Llanquihue","nom_reg":"Los Lagos","cine_reg":"10","sector":"Calbuco"},"geometry":{"type":"Point","coordinates":[-73.14881,-41.75882]}},
{"type":"Feature","properties":{"cine_prov":"062","cine_com":"06201","nom_com":"Pichilemu","nom_prov":"Cardenal Caro","nom_reg":"Libertador General Bernardo O'Higgins","cine_reg":"06","sector":"Pichilemu"},"geometry":{"type":"Point","coordinates":[-72.02265,-34.41458]}},
{"type":"Feature","properties":{"cine_prov":"062","cine_com":"06206","nom_com":"Paredones","nom_prov":"Cardenal Caro","nom_reg":"Libertador General Bernardo O'Higgins","cine_reg":"06","sector":"La Capilla"},"geometry":{"type":"Point","coordinates":[-72.00678,-34.6588]}},
{"type":"Feature","properties":{"cine_prov":"021","cine_com":"02104","nom_com":"Taltal","nom_prov":"Antofagasta","nom_reg":"Antofagasta","cine_reg":"02","sector":"Paposo"},"geometry":{"type":"Point","coordinates":[-70.46455,-25.01112]}},
{"type":"Feature","properties":{"cine_prov":"102","cine_com":"10201","nom_com":"Castro","nom_prov":"Chiloé","nom_reg":"Los Lagos","cine_reg":"10","sector":"Castro"},"geometry":{"type":"Point","coordinates":[-73.77062,-42.46653]}},
{"type":"Feature","properties":{"cine_prov":"062","cine_com":"06206","nom_com":"Paredones","nom_prov":"Cardenal Caro","nom_reg":"Libertador General Bernardo O'Higgins","cine_reg":"06","sector":"El Cardal"},"geometry":{"type":"Point","coordinates":[-71.98799,-34.70407]}},
{"type":"Feature","properties":{"cine_prov":"062","cine_com":"06206","nom_com":"Paredones","nom_prov":"Cardenal Caro","nom_reg":"Libertador General Bernardo O'Higgins","cine_reg":"06","sector":"Lo Valdivia"},"geometry":{"type":"Point","coordinates":[-72.01172,-34.68843]}},
{"type":"Feature","properties":{"cine_prov":"062","cine_com":"06206","nom_com":"Paredones","nom_prov":"Cardenal Caro","nom_reg":"Libertador General Bernardo O'Higgins","cine_reg":"06","sector":"Cabecera"},"geometry":{"type":"Point","coordinates":[-71.99767,-34.62386]}},
{"type":"Feature","properties":{"cine_prov":"104","cine_com":"10401","nom_com":"Chaitén","nom_prov":"Palena","nom_reg":"Los Lagos","cine_reg":"10","sector":"Ayacara"},"geometry":{"type":"Point","coordinates":[-72.78856,-42.30207]}},
{"type":"Feature","properties":{"cine_prov":"101","cine_com":"10102","nom_com":"Calbuco","nom_prov":"Llanquihue","nom_reg":"Los Lagos","cine_reg":"10","sector":"Calbuco"},"geometry":{"type":"Point","coordinates":[-73.13102,-41.77365]}},
{"type":"Feature","properties":{"cine_prov":"021","cine_com":"02104","nom_com":"Taltal","nom_prov":"Antofagasta","nom_reg":"Antofagasta","cine_reg":"02","sector":"Taltal"},"geometry":{"type":"Point","coordinates":[-70.47945,-25.4073]}},
{"type":"Feature","properties":{"cine_prov":"021","cine_com":"02104","nom_com":"Taltal","nom_prov":"Antofagasta","nom_reg":"Antofagasta","cine_reg":"02","sector":"Paposo"},"geometry":{"type":"Point","coordinates":[-70.46366,-25.00789]}},
{"type":"Feature","properties":{"cine_prov":"101","cine_com":"10102","nom_com":"Calbuco","nom_prov":"Llanquihue","nom_reg":"Los Lagos","cine_reg":"10","sector":"Calbuco"},"geometry":{"type":"Point","coordinates":[-73.13654,-41.77122]}},
{"type":"Feature","properties":{"cine_prov":"104","cine_com":"10401","nom_com":"Chaitén","nom_prov":"Palena","nom_reg":"Los Lagos","cine_reg":"10","sector":"Ayacara"},"geometry":{"type":"Point","coordinates":[-72.80235,-42.3115]}},
{"type":"Feature","properties":{"cine_prov":"021","cine_com":"02104","nom_com":"Taltal","nom_prov":"Antofagasta","nom_reg":"Antofagasta","cine_reg":"02","sector":"Taltal"},"geometry":{"type":"Point","coordinates":[-70.47538,-25.40582]}},
{"type":"Feature","properties":{"cine_prov":"112","cine_com":"11201","nom_com":"Aisén","nom_prov":"Aisén","nom_reg":"Aysén del General Carlos Ibáñez del Campo","cine_reg":"11","sector":"Puerto Aysen"},"geometry":{"type":"Point","coordinates":[-72.68377,-45.41325]}},
{"type":"Feature","properties":{"cine_prov":"113","cine_com":"11303","nom_com":"Tortel","nom_prov":"Capitán Prat","nom_reg":"Aysén del General Carlos Ibáñez del Campo","cine_reg":"11","sector":"Caleta Tortel"},"geometry":{"type":"Point","coordinates":[-73.53154,-47.79578]}},
{"type":"Feature","properties":{"cine_prov":"102","cine_com":"10201","nom_com":"Castro","nom_prov":"Chiloé","nom_reg":"Los Lagos","cine_reg":"10","sector":"Castro"},"geometry":{"type":"Point","coordinates":[-73.76631,-42.47576]}},
{"type":"Feature","properties":{"cine_prov":"021","cine_com":"02104","nom_com":"Taltal","nom_prov":"Antofagasta","nom_reg":"Antofagasta","cine_reg":"02","sector":"Taltal"},"geometry":{"type":"Point","coordinates":[-70.47192,-25.40207]}},
{"type":"Feature","properties":{"cine_prov":"021","cine_com":"02104","nom_com":"Taltal","nom_prov":"Antofagasta","nom_reg":"Antofagasta","cine_reg":"02","sector":"Taltal"},"geometry":{"type":"Point","coordinates":[-70.47965,-25.4059]}},
{"type":"Feature","properties":{"cine_prov":"102","cine_com":"10201","nom_com":"Castro","nom_prov":"Chiloé","nom_reg":"Los Lagos","cine_reg":"10","sector":"Castro"},"geometry":{"type":"Point","coordinates":[-73.77117,-42.46985]}},
{"type":"Feature","properties":{"cine_prov":"101","cine_com":"10108","nom_com":"Maullín","nom_prov":"Llanquihue","nom_reg":"Los Lagos","cine_reg":"10","sector":"Maullin"},"geometry":{"type":"Point","coordinates":[-73.60226,-41.61776]}},
{"type":"Feature","properties":{"cine_prov":"021","cine_com":"02104","nom_com":"Taltal","nom_prov":"Antofagasta","nom_reg":"Antofagasta","cine_reg":"02","sector":"Taltal"},"geometry":{"type":"Point","coordinates":[-70.48145,-25.40908]}},
{"type":"Feature","properties":{"cine_prov":"021","cine_com":"02104","nom_com":"Taltal","nom_prov":"Antofagasta","nom_reg":"Antofagasta","cine_reg":"02","sector":"Taltal"},"geometry":{"type":"Point","coordinates":[-70.48046,-25.40841]}},
{"type":"Feature","properties":{"cine_prov":"102","cine_com":"10201","nom_com":"Castro","nom_prov":"Chiloé","nom_reg":"Los Lagos","cine_reg":"10","sector":"Castro"},"geometry":{"type":"Point","coordinates":[-73.76348,-42.4829]}},
{"type":"Feature","properties":{"cine_prov":"102","cine_com":"10202","nom_com":"Ancud","nom_prov":"Chiloé","nom_reg":"Los Lagos","cine_reg":"10","sector":"Ancud"},"geometry":{"type":"Point","coordinates":[-73.80021,-41.88453]}},
{"type":"Feature","properties":{"cine_prov":"101","cine_com":"10108","nom_com":"Maullín","nom_prov":"Llanquihue","nom_reg":"Los Lagos","cine_reg":"10","sector":"Maullin"},"geometry":{"type":"Point","coordinates":[-73.59715,-41.6286]}},
{"type":"Feature","properties":{"cine_prov":"104","cine_com":"10401","nom_com":"Chaitén","nom_prov":"Palena","nom_reg":"Los Lagos","cine_reg":"10","sector":"Ayacara"},"geometry":{"type":"Point","coordinates":[-72.78131,-42.31936]}},
{"type":"Feature","properties":{"cine_prov":"112","cine_com":"11203","nom_com":"Guaitecas","nom_prov":"Aisén","nom_reg":"Aysén del General Carlos Ibáñez del Campo","cine_reg":"11","sector":"Melinka"},"geometry":{"type":"Point","coordinates":[-73.74333,-43.89745]}},
{"type":"Feature","properties":{"cine_prov":"021","cine_com":"02104","nom_com":"Taltal","nom_prov":"Antofagasta","nom_reg":"Antofagasta","cine_reg":"02","sector":"Paposo"},"geometry":{"type":"Point","coordinates":[-70.46458,-25.0115]}},
{"type":"Feature","properties":{"cine_prov":"021","cine_com":"02104","nom_com":"Taltal","nom_prov":"Antofagasta","nom_reg":"Antofagasta","cine_reg":"02","sector":"Paposo"},"geometry":{"type":"Point","coordinates":[-70.46398,-25.00835]}},
{"type":"Feature","properties":{"cine_prov":"112","cine_com":"11203","nom_com":"Guaitecas","nom_prov":"Aisén","nom_reg":"Aysén del General Carlos Ibáñez del Campo","cine_reg":"11","sector":"Melinka"},"geometry":{"type":"Point","coordinates":[-73.74119,-43.89157]}},
{"type":"Feature","properties":{"cine_prov":"101","cine_com":"10102","nom_com":"Calbuco","nom_prov":"Llanquihue","nom_reg":"Los Lagos","cine_reg":"10","sector":"Calbuco"},"geometry":{"type":"Point","coordinates":[-73.15679,-41.75796]}},
{"type":"Feature","properties":{"cine_prov":"062","cine_com":"06201","nom_com":"Pichilemu","nom_prov":"Cardenal Caro","nom_reg":"Libertador General Bernardo O'Higgins","cine_reg":"06","sector":"Pichilemu"},"geometry":{"type":"Point","coordinates":[-72.02361,-34.41307]}},
{"type":"Feature","properties":{"cine_prov":"101","cine_com":"10108","nom_com":"Maullín","nom_prov":"Llanquihue","nom_reg":"Los Lagos","cine_reg":"10","sector":"Carelmapu"},"geometry":{"type":"Point","coordinates":[-73.70803,-41.75123]}},
{"type":"Feature","properties":{"cine_prov":"112","cine_com":"11201","nom_com":"Aisén","nom_prov":"Aisén","nom_reg":"Aysén del General Carlos Ibáñez del Campo","cine_reg":"11","sector":"Puerto Aysen"},"geometry":{"type":"Point","coordinates":[-72.68551,-45.40146]}},
{"type":"Feature","properties":{"cine_prov":"101","cine_com":"10108","nom_com":"Maullín","nom_prov":"Llanquihue","nom_reg":"Los Lagos","cine_reg":"10","sector":"Carelmapu"},"geometry":{"type":"Point","coordinates":[-73.67006,-41.71134]}},
{"type":"Feature","properties":{"cine_prov":"113","cine_com":"11303","nom_com":"Tortel","nom_prov":"Capitán Prat","nom_reg":"Aysén del General Carlos Ibáñez del Campo","cine_reg":"11","sector":"Caleta Tortel"},"geometry":{"type":"Point","coordinates":[-73.53645,-47.80072]}},
{"type":"Feature","properties":{"cine_prov":"112","cine_com":"11201","nom_com":"Aisén","nom_prov":"Aisén","nom_reg":"Aysén del General Carlos Ibáñez del Campo","cine_reg":"11","sector":"Puerto Aysen"},"geometry":{"type":"Point","coordinates":[-72.68791,-45.39525]}},
{"type":"Feature","properties":{"cine_prov":"102","cine_com":"10202","nom_com":"Ancud","nom_prov":"Chiloé","nom_reg":"Los Lagos","cine_reg":"10","sector":"Ancud"},"geometry":{"type":"Point","coordinates":[-73.82915,-41.88198]}},
{"type":"Feature","properties":{"cine_prov":"062","cine_com":"06201","nom_com":"Pichilemu","nom_prov":"Cardenal Caro","nom_reg":"Libertador General Bernardo O'Higgins","cine_reg":"06","sector":"Pichilemu"},"geometry":{"type":"Point","coordinates":[-72.01313,-34.39821]}},
{"type":"Feature","properties":{"cine_prov":"101","cine_com":"10108","nom_com":"Maullín","nom_prov":"Llanquihue","nom_reg":"Los Lagos","cine_reg":"10","sector":"Rivera Norte Maullin"},"geometry":{"type":"Point","coordinates":[-73.65442,-41.58347]}},
{"type":"Feature","properties":{"cine_prov":"112","cine_com":"11201","nom_com":"Aisén","nom_prov":"Aisén","nom_reg":"Aysén del General Carlos Ibáñez del Campo","cine_reg":"11","sector":"Caleta Andrade - Puerto Aguirre"},"geometry":{"type":"Point","coordinates":[-73.52139,-45.15487]}},
{"type":"Feature","properties":{"cine_prov":"021","cine_com":"02104","nom_com":"Taltal","nom_prov":"Antofagasta","nom_reg":"Antofagasta","cine_reg":"02","sector":"Taltal"},"geometry":{"type":"Point","coordinates":[-70.4862,-25.4126]}},
{"type":"Feature","properties":{"cine_prov":"104","cine_com":"10401","nom_com":"Chaitén","nom_prov":"Palena","nom_reg":"Los Lagos","cine_reg":"10","sector":"Chaiten"},"geometry":{"type":"Point","coordinates":[-72.71466,-42.91072]}},
{"type":"Feature","properties":{"cine_prov":"104","cine_com":"10401","nom_com":"Chaitén","nom_prov":"Palena","nom_reg":"Los Lagos","cine_reg":"10","sector":"Ayacara"},"geometry":{"type":"Point","coordinates":[-72.77811,-42.30386]}},
{"type":"Feature","properties":{"cine_prov":"101","cine_com":"10108","nom_com":"Maullín","nom_prov":"Llanquihue","nom_reg":"Los Lagos","cine_reg":"10","sector":"Maullin"},"geometry":{"type":"Point","coordinates":[-73.59817,-41.61971]}},
{"type":"Feature","properties":{"cine_prov":"112","cine_com":"11201","nom_com":"Aisén","nom_prov":"Aisén","nom_reg":"Aysén del General Carlos Ibáñez del Campo","cine_reg":"11","sector":"Puerto Aysen"},"geometry":{"type":"Point","coordinates":[-72.68723,-45.3993]}},
{"type":"Feature","properties":{"cine_prov":"062","cine_com":"06201","nom_com":"Pichilemu","nom_prov":"Cardenal Caro","nom_reg":"Libertador General Bernardo O'Higgins","cine_reg":"06","sector":"Pichilemu"},"geometry":{"type":"Point","coordinates":[-72.01793,-34.40319]}},
{"type":"Feature","properties":{"cine_prov":"021","cine_com":"02104","nom_com":"Taltal","nom_prov":"Antofagasta","nom_reg":"Antofagasta","cine_reg":"02","sector":"Taltal"},"geometry":{"type":"Point","coordinates":[-70.48518,-25.41206]}},
{"type":"Feature","properties":{"cine_prov":"101","cine_com":"10108","nom_com":"Maullín","nom_prov":"Llanquihue","nom_reg":"Los Lagos","cine_reg":"10","sector":"Rivera Norte Maullin"},"geometry":{"type":"Point","coordinates":[-73.57133,-41.56829]}},
{"type":"Feature","properties":{"cine_prov":"062","cine_com":"06201","nom_com":"Pichilemu","nom_prov":"Cardenal Caro","nom_reg":"Libertador General Bernardo O'Higgins","cine_reg":"06","sector":"Cahuil"},"geometry":{"type":"Point","coordinates":[-72.0055,-34.48073]}},
{"type":"Feature","properties":{"cine_prov":"062","cine_com":"06201","nom_com":"Pichilemu","nom_prov":"Cardenal Caro","nom_reg":"Libertador General Bernardo O'Higgins","cine_reg":"06","sector":"Pichilemu"},"geometry":{"type":"Point","coordinates":[-72.01247,-34.39446]}},
{"type":"Feature","properties":{"cine_prov":"062","cine_com":"06206","nom_com":"Paredones","nom_prov":"Cardenal Caro","nom_reg":"Libertador General Bernardo O'Higgins","cine_reg":"06","sector":"Bucalemu"},"geometry":{"type":"Point","coordinates":[-72.04427,-34.64465]}},
{"type":"Feature","properties":{"cine_prov":"104","cine_com":"10401","nom_com":"Chaitén","nom_prov":"Palena","nom_reg":"Los Lagos","cine_reg":"10","sector":"Ayacara"},"geometry":{"type":"Point","coordinates":[-72.77386,-42.29772]}},
{"type":"Feature","properties":{"cine_prov":"021","cine_com":"02104","nom_com":"Taltal","nom_prov":"Antofagasta","nom_reg":"Antofagasta","cine_reg":"02","sector":"Taltal"},"geometry":{"type":"Point","coordinates":[-70.4718,-25.40064]}},
{"type":"Feature","properties":{"cine_prov":"062","cine_com":"06206","nom_com":"Paredones","nom_prov":"Cardenal Caro","nom_reg":"Libertador General Bernardo O'Higgins","cine_reg":"06","sector":"Bucalemu"},"geometry":{"type":"Point","coordinates":[-72.03752,-34.64551]}},
{"type":"Feature","properties":{"cine_prov":"062","cine_com":"06201","nom_com":"Pichilemu","nom_prov":"Cardenal Caro","nom_reg":"Libertador General Bernardo O'Higgins","cine_reg":"06","sector":"Barranca"},"geometry":{"type":"Point","coordinates":[-71.97571,-34.52095]}},
{"type":"Feature","properties":{"cine_prov":"062","cine_com":"06201","nom_com":"Pichilemu","nom_prov":"Cardenal Caro","nom_reg":"Libertador General Bernardo O'Higgins","cine_reg":"06","sector":"Barranca"},"geometry":{"type":"Point","coordinates":[-71.97974,-34.49808]}},
{"type":"Feature","properties":{"cine_prov":"102","cine_com":"10202","nom_com":"Ancud","nom_prov":"Chiloé","nom_reg":"Los Lagos","cine_reg":"10","sector":"Ancud"},"geometry":{"type":"Point","coordinates":[-73.8158,-41.86584]}},
{"type":"Feature","properties":{"cine_prov":"102","cine_com":"10201","nom_com":"Castro","nom_prov":"Chiloé","nom_reg":"Los Lagos","cine_reg":"10","sector":"Nercon"},"geometry":{"type":"Point","coordinates":[-73.77281,-42.49098]}},
{"type":"Feature","properties":{"cine_prov":"112","cine_com":"11201","nom_com":"Aisén","nom_prov":"Aisén","nom_reg":"Aysén del General Carlos Ibáñez del Campo","cine_reg":"11","sector":"Puerto Chacabuco"},"geometry":{"type":"Point","coordinates":[-72.81601,-45.46506]}},
{"type":"Feature","properties":{"cine_prov":"101","cine_com":"10102","nom_com":"Calbuco","nom_prov":"Llanquihue","nom_reg":"Los Lagos","cine_reg":"10","sector":"Calbuco"},"geometry":{"type":"Point","coordinates":[-73.13222,-41.7711]}},
{"type":"Feature","properties":{"cine_prov":"021","cine_com":"02104","nom_com":"Taltal","nom_prov":"Antofagasta","nom_reg":"Antofagasta","cine_reg":"02","sector":"Taltal"},"geometry":{"type":"Point","coordinates":[-70.48203,-25.41037]}},
{"type":"Feature","properties":{"cine_prov":"021","cine_com":"02104","nom_com":"Taltal","nom_prov":"Antofagasta","nom_reg":"Antofagasta","cine_reg":"02","sector":"Taltal"},"geometry":{"type":"Point","coordinates":[-70.47481,-25.40474]}},
{"type":"Feature","properties":{"cine_prov":"054","cine_com":"05403","nom_com":"Papudo","nom_prov":"Petorca","nom_reg":"Valparaíso","cine_reg":"05","sector":"Papudo"},"geometry":{"type":"Point","coordinates":[-71.43772,-32.50863]}},
{"type":"Feature","properties":{"cine_prov":"054","cine_com":"05403","nom_com":"Papudo","nom_prov":"Petorca","nom_reg":"Valparaíso","cine_reg":"05","sector":"Las Salinas Playa"},"geometry":{"type":"Point","coordinates":[-71.41981,-32.41579]}},
{"type":"Feature","properties":{"cine_prov":"054","cine_com":"05403","nom_com":"Papudo","nom_prov":"Petorca","nom_reg":"Valparaíso","cine_reg":"05","sector":"Papudo"},"geometry":{"type":"Point","coordinates":[-71.42629,-32.51]}},
{"type":"Feature","properties":{"cine_prov":"054","cine_com":"05403","nom_com":"Papudo","nom_prov":"Petorca","nom_reg":"Valparaíso","cine_reg":"05","sector":"Papudo"},"geometry":{"type":"Point","coordinates":[-71.45467,-32.50457]}},
{"type":"Feature","properties":{"cine_prov":"054","cine_com":"05403","nom_com":"Papudo","nom_prov":"Petorca","nom_reg":"Valparaíso","cine_reg":"05","sector":"Papudo"},"geometry":{"type":"Point","coordinates":[-71.44582,-32.50964]}},
{"type":"Feature","properties":{"cine_prov":"054","cine_com":"05403","nom_com":"Papudo","nom_prov":"Petorca","nom_reg":"Valparaíso","cine_reg":"05","sector":"Papudo"},"geometry":{"type":"Point","coordinates":[-71.42887,-32.49676]}},
{"type":"Feature","properties":{"cine_prov":"054","cine_com":"05403","nom_com":"Papudo","nom_prov":"Petorca","nom_reg":"Valparaíso","cine_reg":"05","sector":"Camino Las Salinas"},"geometry":{"type":"Point","coordinates":[-71.35359,-32.43822]}},
{"type":"Feature","properties":{"cine_prov":"021","cine_com":"02104","nom_com":"Taltal","nom_prov":"Antofagasta","nom_reg":"Antofagasta","cine_reg":"02","sector":"Tierra del Moro"},"geometry":{"type":"Point","coordinates":[-70.46025,-25.39184]}},
{"type":"Feature","properties":{"cine_prov":"021","cine_com":"02104","nom_com":"Taltal","nom_prov":"Antofagasta","nom_reg":"Antofagasta","cine_reg":"02","sector":"Tierra del Moro"},"geometry":{"type":"Point","coordinates":[-70.45236,-25.38421]}},
{"type":"Feature","properties":{"cine_prov":"021","cine_com":"02104","nom_com":"Taltal","nom_prov":"Antofagasta","nom_reg":"Antofagasta","cine_reg":"02","sector":"Tierra del Moro"},"geometry":{"type":"Point","coordinates":[-70.44955,-25.38095]}},
{"type":"Feature","properties":{"cine_prov":"021","cine_com":"02104","nom_com":"Taltal","nom_prov":"Antofagasta","nom_reg":"Antofagasta","cine_reg":"02","sector":"Tierra del Moro"},"geometry":{"type":"Point","coordinates":[-70.44853,-25.37899]}},
{"type":"Feature","properties":{"cine_prov":"062","cine_com":"06206","nom_com":"Paredones","nom_prov":"Cardenal Caro","nom_reg":"Libertador General Bernardo O'Higgins","cine_reg":"06","sector":"Bucalemu"},"geometry":{"type":"Point","coordinates":[-72.03441,-34.64836]}},
{"type":"Feature","properties":{"cine_prov":"062","cine_com":"06206","nom_com":"Paredones","nom_prov":"Cardenal Caro","nom_reg":"Libertador General Bernardo O'Higgins","cine_reg":"06","sector":"La Capilla"},"geometry":{"type":"Point","coordinates":[-72.01818,-34.65995]}},
{"type":"Feature","properties":{"cine_prov":"062","cine_com":"06206","nom_com":"Paredones","nom_prov":"Cardenal Caro","nom_reg":"Libertador General Bernardo O'Higgins","cine_reg":"06","sector":"El Cardal"},"geometry":{"type":"Point","coordinates":[-71.96587,-34.69687]}},
{"type":"Feature","properties":{"cine_prov":"062","cine_com":"06206","nom_com":"Paredones","nom_prov":"Cardenal Caro","nom_reg":"Libertador General Bernardo O'Higgins","cine_reg":"06","sector":"Lo Valdivia"},"geometry":{"type":"Point","coordinates":[-72.00647,-34.67456]}},
{"type":"Feature","properties":{"cine_prov":"101","cine_com":"10102","nom_com":"Calbuco","nom_prov":"Llanquihue","nom_reg":"Los Lagos","cine_reg":"10","sector":"Calbuco"},"geometry":{"type":"Point","coordinates":[-73.15515,-41.80163]}},
{"type":"Feature","properties":{"cine_prov":"101","cine_com":"10102","nom_com":"Calbuco","nom_prov":"Llanquihue","nom_reg":"Los Lagos","cine_reg":"10","sector":"Punta Quihua"},"geometry":{"type":"Point","coordinates":[-73.16751,-41.78365]}},
{"type":"Feature","properties":{"cine_prov":"101","cine_com":"10102","nom_com":"Calbuco","nom_prov":"Llanquihue","nom_reg":"Los Lagos","cine_reg":"10","sector":"Pargua"},"geometry":{"type":"Point","coordinates":[-73.46934,-41.7879]}},
{"type":"Feature","properties":{"cine_prov":"101","cine_com":"10102","nom_com":"Calbuco","nom_prov":"Llanquihue","nom_reg":"Los Lagos","cine_reg":"10","sector":"Pargua"},"geometry":{"type":"Point","coordinates":[-73.46736,-41.78751]}},
{"type":"Feature","properties":{"cine_prov":"101","cine_com":"10102","nom_com":"Calbuco","nom_prov":"Llanquihue","nom_reg":"Los Lagos","cine_reg":"10","sector":"Pargua"},"geometry":{"type":"Point","coordinates":[-73.46362,-41.78599]}},
{"type":"Feature","properties":{"cine_prov":"101","cine_com":"10102","nom_com":"Calbuco","nom_prov":"Llanquihue","nom_reg":"Los Lagos","cine_reg":"10","sector":"Pargua"},"geometry":{"type":"Point","coordinates":[-73.46043,-41.78434]}},
{"type":"Feature","properties":{"cine_prov":"101","cine_com":"10102","nom_com":"Calbuco","nom_prov":"Llanquihue","nom_reg":"Los Lagos","cine_reg":"10","sector":"Chayahue"},"geometry":{"type":"Point","coordinates":[-73.37421,-41.79124]}},
{"type":"Feature","properties":{"cine_prov":"101","cine_com":"10102","nom_com":"Calbuco","nom_prov":"Llanquihue","nom_reg":"Los Lagos","cine_reg":"10","sector":"San José"},"geometry":{"type":"Point","coordinates":[-73.20157,-41.78086]}},
{"type":"Feature","properties":{"cine_prov":"101","cine_com":"10102","nom_com":"Calbuco","nom_prov":"Llanquihue","nom_reg":"Los Lagos","cine_reg":"10","sector":"Isla Quihua"},"geometry":{"type":"Point","coordinates":[-73.23468,-41.79616]}},
{"type":"Feature","properties":{"cine_prov":"101","cine_com":"10102","nom_com":"Calbuco","nom_prov":"Llanquihue","nom_reg":"Los Lagos","cine_reg":"10","sector":"Isla Quihua"},"geometry":{"type":"Point","coordinates":[-73.22281,-41.78533]}},
{"type":"Feature","properties":{"cine_prov":"102","cine_com":"10201","nom_com":"Castro","nom_prov":"Chiloé","nom_reg":"Los Lagos","cine_reg":"10","sector":"Quilquilco"},"geometry":{"type":"Point","coordinates":[-73.67789,-42.45862]}},
{"type":"Feature","properties":{"cine_prov":"102","cine_com":"10201","nom_com":"Castro","nom_prov":"Chiloé","nom_reg":"Los Lagos","cine_reg":"10","sector":"Quilquilco"},"geometry":{"type":"Point","coordinates":[-73.69188,-42.46289]}},
{"type":"Feature","properties":{"cine_prov":"102","cine_com":"10201","nom_com":"Castro","nom_prov":"Chiloé","nom_reg":"Los Lagos","cine_reg":"10","sector":"Quilquilco"},"geometry":{"type":"Point","coordinates":[-73.6666,-42.4955]}},
{"type":"Feature","properties":{"cine_prov":"102","cine_com":"10201","nom_com":"Castro","nom_prov":"Chiloé","nom_reg":"Los Lagos","cine_reg":"10","sector":"Rilan"},"geometry":{"type":"Point","coordinates":[-73.61732,-42.5227]}},
{"type":"Feature","properties":{"cine_prov":"102","cine_com":"10201","nom_com":"Castro","nom_prov":"Chiloé","nom_reg":"Los Lagos","cine_reg":"10","sector":"Rilan"},"geometry":{"type":"Point","coordinates":[-73.63227,-42.52128]}},
{"type":"Feature","properties":{"cine_prov":"102","cine_com":"10201","nom_com":"Castro","nom_prov":"Chiloé","nom_reg":"Los Lagos","cine_reg":"10","sector":"Rilan"},"geometry":{"type":"Point","coordinates":[-73.64271,-42.52191]}},
{"type":"Feature","properties":{"cine_prov":"102","cine_com":"10201","nom_com":"Castro","nom_prov":"Chiloé","nom_reg":"Los Lagos","cine_reg":"10","sector":"Rilan"},"geometry":{"type":"Point","coordinates":[-73.64635,-42.53988]}},
{"type":"Feature","properties":{"cine_prov":"102","cine_com":"10201","nom_com":"Castro","nom_prov":"Chiloé","nom_reg":"Los Lagos","cine_reg":"10","sector":"Carahue"},"geometry":{"type":"Point","coordinates":[-73.68627,-42.5471]}},
{"type":"Feature","properties":{"cine_prov":"102","cine_com":"10201","nom_com":"Castro","nom_prov":"Chiloé","nom_reg":"Los Lagos","cine_reg":"10","sector":"Carahue"},"geometry":{"type":"Point","coordinates":[-73.69238,-42.55099]}},
{"type":"Feature","properties":{"cine_prov":"102","cine_com":"10201","nom_com":"Castro","nom_prov":"Chiloé","nom_reg":"Los Lagos","cine_reg":"10","sector":"Carahue"},"geometry":{"type":"Point","coordinates":[-73.70611,-42.54809]}},
{"type":"Feature","properties":{"cine_prov":"102","cine_com":"10201","nom_com":"Castro","nom_prov":"Chiloé","nom_reg":"Los Lagos","cine_reg":"10","sector":"Carahue"},"geometry":{"type":"Point","coordinates":[-73.72754,-42.55441]}},
{"type":"Feature","properties":{"cine_prov":"102","cine_com":"10201","nom_com":"Castro","nom_prov":"Chiloé","nom_reg":"Los Lagos","cine_reg":"10","sector":"Carahue"},"geometry":{"type":"Point","coordinates":[-73.71365,-42.55242]}},
{"type":"Feature","properties":{"cine_prov":"102","cine_com":"10201","nom_com":"Castro","nom_prov":"Chiloé","nom_reg":"Los Lagos","cine_reg":"10","sector":"Punta Anim"},"geometry":{"type":"Point","coordinates":[-73.78025,-42.5292]}},
{"type":"Feature","properties":{"cine_prov":"102","cine_com":"10201","nom_com":"Castro","nom_prov":"Chiloé","nom_reg":"Los Lagos","cine_reg":"10","sector":"Castro"},"geometry":{"type":"Point","coordinates":[-73.76825,-42.45333]}},
{"type":"Feature","properties":{"cine_prov":"102","cine_com":"10201","nom_com":"Castro","nom_prov":"Chiloé","nom_reg":"Los Lagos","cine_reg":"10","sector":"Castro"},"geometry":{"type":"Point","coordinates":[-73.77273,-42.45642]}},
{"type":"Feature","properties":{"cine_prov":"102","cine_com":"10201","nom_com":"Castro","nom_prov":"Chiloé","nom_reg":"Los Lagos","cine_reg":"10","sector":"Castro"},"geometry":{"type":"Point","coordinates":[-73.75905,-42.4618]}},
{"type":"Feature","properties":{"cine_prov":"102","cine_com":"10201","nom_com":"Castro","nom_prov":"Chiloé","nom_reg":"Los Lagos","cine_reg":"10","sector":"Nercon"},"geometry":{"type":"Point","coordinates":[-73.78049,-42.49476]}},
{"type":"Feature","properties":{"cine_prov":"102","cine_com":"10201","nom_com":"Castro","nom_prov":"Chiloé","nom_reg":"Los Lagos","cine_reg":"10","sector":"Nercon"},"geometry":{"type":"Point","coordinates":[-73.78231,-42.49641]}},
{"type":"Feature","properties":{"cine_prov":"102","cine_com":"10201","nom_com":"Castro","nom_prov":"Chiloé","nom_reg":"Los Lagos","cine_reg":"10","sector":"Castro"},"geometry":{"type":"Point","coordinates":[-73.77364,-42.48689]}},
{"type":"Feature","properties":{"cine_prov":"102","cine_com":"10201","nom_com":"Castro","nom_prov":"Chiloé","nom_reg":"Los Lagos","cine_reg":"10","sector":"Nercon"},"geometry":{"type":"Point","coordinates":[-73.78885,-42.49971]}},
{"type":"Feature","properties":{"cine_prov":"102","cine_com":"10201","nom_com":"Castro","nom_prov":"Chiloé","nom_reg":"Los Lagos","cine_reg":"10","sector":"Nercon"},"geometry":{"type":"Point","coordinates":[-73.79201,-42.50577]}},
{"type":"Feature","properties":{"cine_prov":"102","cine_com":"10201","nom_com":"Castro","nom_prov":"Chiloé","nom_reg":"Los Lagos","cine_reg":"10","sector":"Nercon"},"geometry":{"type":"Point","coordinates":[-73.79295,-42.50953]}},
{"type":"Feature","properties":{"cine_prov":"102","cine_com":"10201","nom_com":"Castro","nom_prov":"Chiloé","nom_reg":"Los Lagos","cine_reg":"10","sector":"Nercon"},"geometry":{"type":"Point","coordinates":[-73.7959,-42.5131]}},
{"type":"Feature","properties":{"cine_prov":"054","cine_com":"05403","nom_com":"Papudo","nom_prov":"Petorca","nom_reg":"Valparaíso","cine_reg":"05","sector":"Las Salinas Playa"},"geometry":{"type":"Point","coordinates":[-71.41506,-32.4182]}},
{"type":"Feature","properties":{"cine_prov":"102","cine_com":"10201","nom_com":"Castro","nom_prov":"Chiloé","nom_reg":"Los Lagos","cine_reg":"10","sector":"Isla Chelin"},"geometry":{"type":"Point","coordinates":[-73.53292,-42.58734]}},
{"type":"Feature","properties":{"cine_prov":"102","cine_com":"10201","nom_com":"Castro","nom_prov":"Chiloé","nom_reg":"Los Lagos","cine_reg":"10","sector":"Isla Chelin"},"geometry":{"type":"Point","coordinates":[-73.51872,-42.58453]}},
{"type":"Feature","properties":{"cine_prov":"102","cine_com":"10201","nom_com":"Castro","nom_prov":"Chiloé","nom_reg":"Los Lagos","cine_reg":"10","sector":"Isla Quehui"},"geometry":{"type":"Point","coordinates":[-73.43914,-42.62059]}},
{"type":"Feature","properties":{"cine_prov":"102","cine_com":"10201","nom_com":"Castro","nom_prov":"Chiloé","nom_reg":"Los Lagos","cine_reg":"10","sector":"Isla Quehui"},"geometry":{"type":"Point","coordinates":[-73.49492,-42.60843]}},
{"type":"Feature","properties":{"cine_prov":"102","cine_com":"10201","nom_com":"Castro","nom_prov":"Chiloé","nom_reg":"Los Lagos","cine_reg":"10","sector":"Isla Quehui"},"geometry":{"type":"Point","coordinates":[-73.48521,-42.6136]}},
{"type":"Feature","properties":{"cine_prov":"102","cine_com":"10201","nom_com":"Castro","nom_prov":"Chiloé","nom_reg":"Los Lagos","cine_reg":"10","sector":"Isla Quehui"},"geometry":{"type":"Point","coordinates":[-73.50363,-42.62437]}},
{"type":"Feature","properties":{"cine_prov":"102","cine_com":"10201","nom_com":"Castro","nom_prov":"Chiloé","nom_reg":"Los Lagos","cine_reg":"10","sector":"El Astillero"},"geometry":{"type":"Point","coordinates":[-73.67345,-42.4091]}},
{"type":"Feature","properties":{"cine_prov":"062","cine_com":"06201","nom_com":"Pichilemu","nom_prov":"Cardenal Caro","nom_reg":"Libertador General Bernardo O'Higgins","cine_reg":"06","sector":"Punta de Lobos"},"geometry":{"type":"Point","coordinates":[-72.02674,-34.42766]}}
]
}
