{
"type": "FeatureCollection",
"name": "Vías_de_Evacuación_Volcánica",
"crs": { "type": "name", "properties": { "name": "urn:ogc:def:crs:OGC:1.3:CRS84" } },
"xy_coordinate_resolution": 1e-05,
"features": [
{"type":"Feature","properties":{"volcan":"Chaitén","Shape__Len":0.0058047432898599999},"geometry":{"type":"LineString","coordinates":[[-72.70255,-42.91931],[-72.70211,-42.92237],[-72.70189,-42.92297],[-72.70036,-42.92437]]}},
{"type":"Feature","properties":{"volcan":"Chaitén","Shape__Len":0.012524291059200001},"geometry":{"type":"LineString","coordinates":[[-72.71001,-42.92093],[-72.70891,-42.91471],[-72.71047,-42.91457],[-72.71026,-42.91328],[-72.70969,-42.91271],[-72.70978,-42.91249],[-72.71054,-42.91174],[-72.71175,-42.91172]]}},
{"type":"Feature","properties":{"volcan":"Chaitén","Shape__Len":0.00367711450661},"geometry":{"type":"LineString","coordinates":[[-72.70586,-42.91854],[-72.70953,-42.9182]]}},
{"type":"Feature","properties":{"volcan":"Chaitén","Shape__Len":0.00694702460952},"geometry":{"type":"LineString","coordinates":[[-72.7086,-42.92307],[-72.70712,-42.92319],[-72.70516,-42.92294],[-72.70339,-42.92176],[-72.70277,-42.92172],[-72.70215,-42.9221]]}},
{"type":"Feature","properties":{"volcan":"Llaima","Shape__Len":0.042438978698700003},"geometry":{"type":"LineString","coordinates":[[-71.63781,-38.77847],[-71.63962,-38.78085],[-71.64075,-38.78176],[-71.64183,-38.7832],[-71.64321,-38.78396],[-71.64412,-38.78494],[-71.645,-38.78718],[-71.64764,-38.78779],[-71.64721,-38.78948],[-71.64757,-38.79246],[-71.64747,-38.79429],[-71.64802,-38.79462],[-71.64953,-38.79716],[-71.64902,-38.79967],[-71.65592,-38.80738],[-71.65666,-38.80747],[-71.65786,-38.80854],[-71.65913,-38.81096]]}},
{"type":"Feature","properties":{"volcan":"Llaima","Shape__Len":0.0151732510386},"geometry":{"type":"LineString","coordinates":[[-71.64859,-38.83779],[-71.65416,-38.83938],[-71.66091,-38.83919],[-71.66347,-38.83977]]}},
{"type":"Feature","properties":{"volcan":"Llaima","Shape__Len":0.128122277934},"geometry":{"type":"LineString","coordinates":[[-71.80161,-38.85288],[-71.81596,-38.8579],[-71.82586,-38.86084],[-71.83001,-38.86236],[-71.8465,-38.87063],[-71.85267,-38.87481],[-71.86214,-38.87877],[-71.86492,-38.87935],[-71.87897,-38.88357],[-71.88832,-38.88152],[-71.89005,-38.8813],[-71.89135,-38.88165],[-71.89498,-38.88308],[-71.91678,-38.89614],[-71.91748,-38.89674],[-71.91837,-38.89806]]}},
{"type":"Feature","properties":{"volcan":"Llaima","Shape__Len":0.022906509505299998},"geometry":{"type":"LineString","coordinates":[[-71.74901,-38.83907],[-71.74611,-38.83909],[-71.74516,-38.84078],[-71.74409,-38.84179],[-71.74412,-38.84226],[-71.7475,-38.84389],[-71.74978,-38.84425],[-71.75015,-38.84471],[-71.75092,-38.84647],[-71.75163,-38.8493],[-71.75232,-38.85078],[-71.7526,-38.85098],[-71.75349,-38.851],[-71.75388,-38.8527]]}},
{"type":"Feature","properties":{"volcan":"Llaima","Shape__Len":0.0087355616901599997},"geometry":{"type":"LineString","coordinates":[[-71.69086,-38.84938],[-71.69936,-38.8514]]}},
{"type":"Feature","properties":{"volcan":"Llaima","Shape__Len":0.024849624389199999},"geometry":{"type":"LineString","coordinates":[[-71.68784,-38.83253],[-71.68794,-38.83321],[-71.68878,-38.83383],[-71.68927,-38.83461],[-71.6903,-38.83571],[-71.69112,-38.83634],[-71.69266,-38.83706],[-71.69433,-38.83754],[-71.69621,-38.83949],[-71.697,-38.83975],[-71.6977,-38.84382],[-71.69795,-38.84428],[-71.69626,-38.84432],[-71.696,-38.84461],[-71.69596,-38.84536],[-71.69543,-38.84567],[-71.69348,-38.84556],[-71.69364,-38.84632],[-71.69218,-38.84721]]}},
{"type":"Feature","properties":{"volcan":"Llaima","Shape__Len":0.0161726281124},"geometry":{"type":"LineString","coordinates":[[-71.7128,-38.84142],[-71.71246,-38.842],[-71.71224,-38.84203],[-71.71194,-38.84237],[-71.71151,-38.84363],[-71.70996,-38.84472],[-71.70849,-38.84509],[-71.70762,-38.84495],[-71.70595,-38.84414],[-71.69879,-38.84561]]}},
{"type":"Feature","properties":{"volcan":"Llaima","Shape__Len":0.0117879515377},"geometry":{"type":"LineString","coordinates":[[-71.68388,-38.83281],[-71.67645,-38.83374],[-71.67737,-38.83501],[-71.6774,-38.83773]]}},
{"type":"Feature","properties":{"volcan":"Llaima","Shape__Len":0.084276161311300002},"geometry":{"type":"LineString","coordinates":[[-71.83281,-38.8694],[-71.82701,-38.87062],[-71.82277,-38.87191],[-71.81936,-38.87251],[-71.80284,-38.86909],[-71.7885,-38.86723],[-71.78667,-38.86722],[-71.78053,-38.86767],[-71.77108,-38.87193],[-71.76574,-38.87627],[-71.7612,-38.87968],[-71.75958,-38.88116],[-71.75825,-38.88205],[-71.75424,-38.8839]]}},
{"type":"Feature","properties":{"volcan":"Llaima","Shape__Len":0.035012411044100002},"geometry":{"type":"LineString","coordinates":[[-71.65948,-38.81183],[-71.65898,-38.81238],[-71.65903,-38.81371],[-71.65865,-38.81452],[-71.65951,-38.81611],[-71.66062,-38.81736],[-71.66295,-38.81856],[-71.66296,-38.81906],[-71.6637,-38.81965],[-71.66427,-38.82267],[-71.66268,-38.8263],[-71.65963,-38.83012],[-71.65851,-38.83181],[-71.6582,-38.83246],[-71.65808,-38.83317],[-71.65818,-38.83353],[-71.6588,-38.83436],[-71.65892,-38.83529],[-71.65984,-38.83643],[-71.66053,-38.83707],[-71.6616,-38.83745],[-71.6641,-38.83945]]}},
{"type":"Feature","properties":{"volcan":"Llaima","Shape__Len":0.0519499153928},"geometry":{"type":"LineString","coordinates":[[-71.73436,-38.86652],[-71.7381,-38.8694],[-71.73954,-38.86994],[-71.74055,-38.87],[-71.74205,-38.86966],[-71.74497,-38.86937],[-71.74712,-38.86854],[-71.74779,-38.8686],[-71.75536,-38.86761],[-71.75727,-38.86696],[-71.76183,-38.8668],[-71.76399,-38.8664],[-71.7662,-38.86636],[-71.76615,-38.866],[-71.7683,-38.86628],[-71.7723,-38.8662],[-71.77524,-38.86486],[-71.77741,-38.86487],[-71.77972,-38.86566],[-71.78177,-38.86566],[-71.782,-38.86585],[-71.78196,-38.86625],[-71.78135,-38.86754]]}},
{"type":"Feature","properties":{"volcan":"Llaima","Shape__Len":0.0624264412916},"geometry":{"type":"LineString","coordinates":[[-71.97258,-38.92027],[-71.97548,-38.92173],[-71.97626,-38.92195],[-71.97702,-38.92206],[-71.98285,-38.92188],[-71.98461,-38.92157],[-71.99174,-38.91944],[-71.99354,-38.91936],[-71.99478,-38.91999],[-71.99629,-38.92152],[-71.99964,-38.92359],[-72.00226,-38.92619],[-72.00323,-38.92685],[-72.00594,-38.92797],[-72.01398,-38.93041],[-72.02551,-38.93031],[-72.02653,-38.93237],[-72.02967,-38.93179]]}},
{"type":"Feature","properties":{"volcan":"Llaima","Shape__Len":0.047517463629299997},"geometry":{"type":"LineString","coordinates":[[-71.86229,-38.83387],[-71.86468,-38.83895],[-71.86552,-38.84178],[-71.86105,-38.84812],[-71.86091,-38.84901],[-71.86236,-38.85437],[-71.86468,-38.85698],[-71.86516,-38.85799],[-71.86474,-38.85972],[-71.86337,-38.86347],[-71.85855,-38.87316],[-71.85647,-38.87602]]}},
{"type":"Feature","properties":{"volcan":"Llaima","Shape__Len":0.148703468807},"geometry":{"type":"LineString","coordinates":[[-71.85195,-38.64781],[-71.85648,-38.65198],[-71.86261,-38.6504],[-71.86993,-38.65165],[-71.87199,-38.65759],[-71.87454,-38.65752],[-71.87798,-38.66172],[-71.87696,-38.66346],[-71.88038,-38.66708],[-71.88697,-38.66806],[-71.89426,-38.66845],[-71.89322,-38.66962],[-71.89806,-38.67235],[-71.90683,-38.67328],[-71.90834,-38.67466],[-71.91855,-38.67498],[-71.9216,-38.67833],[-71.92599,-38.67907],[-71.93036,-38.67896],[-71.93419,-38.6796],[-71.93566,-38.68018],[-71.93607,-38.68056],[-71.93811,-38.68159],[-71.94034,-38.68171],[-71.94233,-38.68284],[-71.94376,-38.68267],[-71.94428,-38.68296],[-71.9541,-38.68094],[-71.95995,-38.68164],[-71.96964,-38.6871],[-71.97343,-38.69072],[-71.97813,-38.68974]]}},
{"type":"Feature","properties":{"volcan":"Llaima","Shape__Len":0.041698057373499998},"geometry":{"type":"LineString","coordinates":[[-71.95903,-38.71779],[-71.97209,-38.71101],[-71.97408,-38.70639],[-71.97262,-38.70614],[-71.97392,-38.7024],[-71.97713,-38.70089],[-71.97583,-38.69579],[-71.97573,-38.69351],[-71.97758,-38.69403],[-71.97816,-38.6906]]}},
{"type":"Feature","properties":{"volcan":"Llaima","Shape__Len":0.0387551422282},"geometry":{"type":"LineString","coordinates":[[-71.77852,-38.64016],[-71.78526,-38.6263],[-71.78442,-38.62347],[-71.7851,-38.62203],[-71.7842,-38.61777],[-71.78693,-38.61314],[-71.79245,-38.60593]]}},
{"type":"Feature","properties":{"volcan":"Llaima","Shape__Len":0.108868649638},"geometry":{"type":"LineString","coordinates":[[-71.80933,-38.55696],[-71.8102,-38.55694],[-71.81441,-38.55313],[-71.81145,-38.55177],[-71.81055,-38.54723],[-71.81149,-38.5435],[-71.81354,-38.54002],[-71.81492,-38.53828],[-71.81512,-38.53399],[-71.82123,-38.53242],[-71.83225,-38.52616],[-71.83395,-38.52327],[-71.8386,-38.52144],[-71.83422,-38.52098],[-71.83024,-38.52136],[-71.82508,-38.51007],[-71.82375,-38.50382],[-71.82352,-38.49812],[-71.82647,-38.48978],[-71.83679,-38.48616]]}},
{"type":"Feature","properties":{"volcan":"Llaima","Shape__Len":0.0358046804377},"geometry":{"type":"LineString","coordinates":[[-71.83317,-38.55895],[-71.83609,-38.55917],[-71.83858,-38.55797],[-71.83887,-38.54683],[-71.83236,-38.52901]]}},
{"type":"Feature","properties":{"volcan":"Llaima","Shape__Len":0.037363755539600002},"geometry":{"type":"LineString","coordinates":[[-71.81644,-38.58646],[-71.8197,-38.57697],[-71.81894,-38.57613],[-71.82018,-38.57068],[-71.81979,-38.56983],[-71.82107,-38.56552],[-71.82097,-38.56296],[-71.81867,-38.55987],[-71.81887,-38.55559],[-71.81735,-38.55391],[-71.81516,-38.55368]]}},
{"type":"Feature","properties":{"volcan":"Llaima","Shape__Len":0.051568197631500001},"geometry":{"type":"LineString","coordinates":[[-71.84804,-38.68397],[-71.85213,-38.68187],[-71.85376,-38.6822],[-71.85533,-38.68089],[-71.86395,-38.67613],[-71.86386,-38.67377],[-71.86567,-38.67264],[-71.88503,-38.6698],[-71.88602,-38.67141],[-71.88674,-38.67212],[-71.88789,-38.67173],[-71.88831,-38.67081],[-71.89245,-38.66998]]}},
{"type":"Feature","properties":{"volcan":"Llaima","Shape__Len":0.021442364551200001},"geometry":{"type":"LineString","coordinates":[[-71.86956,-38.44946],[-71.87113,-38.44868],[-71.88177,-38.44618],[-71.88213,-38.44596],[-71.88852,-38.44549],[-71.88831,-38.44357]]}},
{"type":"Feature","properties":{"volcan":"Llaima","Shape__Len":0.115474459669},"geometry":{"type":"LineString","coordinates":[[-72.00648,-38.68398],[-72.00788,-38.68615],[-72.01073,-38.68787],[-72.01662,-38.69023],[-72.01871,-38.69154],[-72.02163,-38.69203],[-72.02314,-38.69347],[-72.03223,-38.69596],[-72.03498,-38.69578],[-72.04103,-38.69482],[-72.04374,-38.69396],[-72.05043,-38.69447],[-72.0559,-38.69353],[-72.06148,-38.69509],[-72.06218,-38.70143],[-72.06044,-38.70806],[-72.05821,-38.71017],[-72.06381,-38.71241],[-72.06283,-38.71664],[-72.06845,-38.71569],[-72.07228,-38.71718],[-72.0777,-38.715],[-72.08262,-38.71475],[-72.09167,-38.71292]]}},
{"type":"Feature","properties":{"volcan":"Llaima","Shape__Len":0.044773259896599998},"geometry":{"type":"LineString","coordinates":[[-71.96567,-38.66734],[-71.96941,-38.6702],[-71.9752,-38.67016],[-71.98613,-38.67147],[-71.99027,-38.67353],[-71.99383,-38.67889],[-71.99763,-38.67981],[-72.00156,-38.68139],[-72.00199,-38.68177],[-72.00393,-38.68467]]}},
{"type":"Feature","properties":{"volcan":"Llaima","Shape__Len":0.0340827933161},"geometry":{"type":"LineString","coordinates":[[-71.91046,-38.75457],[-71.91583,-38.7493],[-71.92105,-38.74791],[-71.91796,-38.74538],[-71.91997,-38.74407],[-71.91626,-38.743],[-71.91479,-38.74061],[-71.9148,-38.73819],[-71.91805,-38.73353]]}},
{"type":"Feature","properties":{"volcan":"Llaima","Shape__Len":0.028948047979899999},"geometry":{"type":"LineString","coordinates":[[-71.97848,-38.68985],[-71.997,-38.68551],[-71.99888,-38.68617],[-72.00035,-38.68633],[-72.00634,-38.6839]]}},
{"type":"Feature","properties":{"volcan":"Llaima","Shape__Len":0.0099238743838499996},"geometry":{"type":"LineString","coordinates":[[-71.69844,-38.84512],[-71.6995,-38.84702],[-71.69985,-38.85024],[-71.69825,-38.85445]]}},
{"type":"Feature","properties":{"volcan":"Llaima","Shape__Len":0.014713708800200001},"geometry":{"type":"LineString","coordinates":[[-71.68414,-38.84091],[-71.68456,-38.84123],[-71.68553,-38.8413],[-71.68591,-38.84123],[-71.68705,-38.84052],[-71.68811,-38.84042],[-71.68975,-38.83995],[-71.69149,-38.84008],[-71.69445,-38.84205],[-71.69569,-38.8425],[-71.69612,-38.84282],[-71.69659,-38.84346],[-71.69662,-38.84418]]}},
{"type":"Feature","properties":{"volcan":"Llaima","Shape__Len":0.019565655262199999},"geometry":{"type":"LineString","coordinates":[[-71.66989,-38.84255],[-71.67019,-38.84269],[-71.67145,-38.84399],[-71.67988,-38.84636],[-71.68493,-38.84954],[-71.68644,-38.85126],[-71.68635,-38.85163]]}},
{"type":"Feature","properties":{"volcan":"Llaima","Shape__Len":0.00771876766779},"geometry":{"type":"LineString","coordinates":[[-71.68691,-38.8432],[-71.68363,-38.84366],[-71.68347,-38.84419],[-71.67969,-38.8449]]}},
{"type":"Feature","properties":{"volcan":"Llaima","Shape__Len":0.00491227865488},"geometry":{"type":"LineString","coordinates":[[-71.75733,-38.87662],[-71.75798,-38.87681],[-71.76007,-38.87843],[-71.76091,-38.87976]]}},
{"type":"Feature","properties":{"volcan":"Llaima","Shape__Len":0.010329126243099999},"geometry":{"type":"LineString","coordinates":[[-71.77224,-38.88016],[-71.76771,-38.88088],[-71.76561,-38.88058],[-71.76512,-38.88018],[-71.76476,-38.8793],[-71.76453,-38.87729]]}},
{"type":"Feature","properties":{"volcan":"Llaima","Shape__Len":0.0056723605920700002},"geometry":{"type":"LineString","coordinates":[[-71.76696,-38.86842],[-71.76832,-38.87281],[-71.76843,-38.87388]]}},
{"type":"Feature","properties":{"volcan":"Llaima","Shape__Len":0.0083256549843099999},"geometry":{"type":"LineString","coordinates":[[-71.69737,-38.8316],[-71.69682,-38.83236],[-71.69523,-38.836],[-71.69529,-38.8377],[-71.69608,-38.8392]]}},
{"type":"Feature","properties":{"volcan":"Llaima","Shape__Len":0.057985425570199998},"geometry":{"type":"LineString","coordinates":[[-71.9206,-38.90127],[-71.92185,-38.90334],[-71.92749,-38.9092],[-71.93281,-38.9133],[-71.93602,-38.91516],[-71.93734,-38.91552],[-71.95026,-38.91566],[-71.96654,-38.91869],[-71.9725,-38.92023]]}},
{"type":"Feature","properties":{"volcan":"Llaima","Shape__Len":0.00057247978219199995},"geometry":{"type":"LineString","coordinates":[[-71.6593,-38.81129],[-71.65948,-38.81183]]}},
{"type":"Feature","properties":{"volcan":"Llaima","Shape__Len":0.0078243193728700002},"geometry":{"type":"LineString","coordinates":[[-71.67755,-38.83868],[-71.6795,-38.84495],[-71.6795,-38.84621]]}},
{"type":"Feature","properties":{"volcan":"Llaima","Shape__Len":0.00206606261087},"geometry":{"type":"LineString","coordinates":[[-71.69173,-38.84765],[-71.69107,-38.84821],[-71.69086,-38.84938]]}},
{"type":"Feature","properties":{"volcan":"Llaima","Shape__Len":0.0213091275162},"geometry":{"type":"LineString","coordinates":[[-71.66425,-38.84002],[-71.66532,-38.84109],[-71.67556,-38.84754],[-71.68252,-38.8508]]}},
{"type":"Feature","properties":{"volcan":"Llaima","Shape__Len":0.021055264661800001},"geometry":{"type":"LineString","coordinates":[[-71.68254,-38.8508],[-71.70302,-38.85571]]}},
{"type":"Feature","properties":{"volcan":"Llaima","Shape__Len":0.10020484166099999},"geometry":{"type":"LineString","coordinates":[[-71.70311,-38.85577],[-71.70899,-38.85718],[-71.70985,-38.85725],[-71.75631,-38.85266],[-71.75753,-38.85242],[-71.7582,-38.85209],[-71.7601,-38.85007],[-71.76094,-38.84964],[-71.76183,-38.84946],[-71.76329,-38.84964],[-71.7685,-38.8508],[-71.77759,-38.85151],[-71.80161,-38.85288]]}},
{"type":"Feature","properties":{"volcan":"Llaima","Shape__Len":0.042806705477099999},"geometry":{"type":"LineString","coordinates":[[-71.83679,-38.48616],[-71.84831,-38.48211],[-71.8555,-38.48023],[-71.85339,-38.47286],[-71.85614,-38.46908],[-71.85608,-38.46737],[-71.86349,-38.46206]]}},
{"type":"Feature","properties":{"volcan":"Llaima","Shape__Len":0.0290777991815},"geometry":{"type":"LineString","coordinates":[[-71.78594,-38.56941],[-71.78845,-38.56773],[-71.7891,-38.56572],[-71.79182,-38.5608],[-71.79429,-38.55903],[-71.80149,-38.55715],[-71.80933,-38.55696]]}},
{"type":"Feature","properties":{"volcan":"Llaima","Shape__Len":0.032104136762200003},"geometry":{"type":"LineString","coordinates":[[-71.79245,-38.60593],[-71.79316,-38.605],[-71.79366,-38.59899],[-71.79547,-38.58953],[-71.79049,-38.58281],[-71.78785,-38.5803],[-71.78488,-38.57894]]}},
{"type":"Feature","properties":{"volcan":"Llaima","Shape__Len":0.037841915693899997},"geometry":{"type":"LineString","coordinates":[[-71.72776,-38.63508],[-71.73235,-38.63155],[-71.74712,-38.61807],[-71.74883,-38.61518],[-71.75631,-38.61075]]}},
{"type":"Feature","properties":{"volcan":"Llaima","Shape__Len":0.054225678760799999},"geometry":{"type":"LineString","coordinates":[[-71.75631,-38.61075],[-71.75736,-38.61013],[-71.76362,-38.60256],[-71.77002,-38.59899],[-71.77097,-38.59525],[-71.77298,-38.59064],[-71.7835,-38.58069],[-71.78486,-38.57837],[-71.78391,-38.5724],[-71.78491,-38.5701],[-71.78594,-38.56941]]}},
{"type":"Feature","properties":{"volcan":"Llaima","Shape__Len":0.044886410314200001},"geometry":{"type":"LineString","coordinates":[[-71.91837,-38.73319],[-71.92335,-38.73021],[-71.93163,-38.72801],[-71.93714,-38.72901],[-71.93817,-38.72756],[-71.93924,-38.72696],[-71.94321,-38.72601],[-71.95903,-38.71779]]}},
{"type":"Feature","properties":{"volcan":"Llaima","Shape__Len":0.022861357337599999},"geometry":{"type":"LineString","coordinates":[[-71.8942,-38.77003],[-71.90118,-38.76133],[-71.90513,-38.7598],[-71.91046,-38.75457]]}},
{"type":"Feature","properties":{"volcan":"Osorno","Shape__Len":0.135794036737},"geometry":{"type":"LineString","coordinates":[[-72.76503,-40.96116],[-72.78087,-40.95267],[-72.7921,-40.93973],[-72.79279,-40.93914],[-72.80415,-40.9341],[-72.82523,-40.92913],[-72.82664,-40.92864],[-72.87199,-40.90481],[-72.8811,-40.8956]]}},
{"type":"Feature","properties":{"volcan":"Osorno","Shape__Len":0.111008190843},"geometry":{"type":"LineString","coordinates":[[-72.59428,-40.97413],[-72.59653,-40.97395],[-72.60475,-40.97207],[-72.61154,-40.97298],[-72.61603,-40.9733],[-72.6297,-40.9747],[-72.63311,-40.97589],[-72.63827,-40.97579],[-72.64731,-40.9736],[-72.65273,-40.97345],[-72.66431,-40.97264],[-72.67237,-40.97163],[-72.6725,-40.97196],[-72.67341,-40.98432],[-72.67357,-40.98491],[-72.68213,-40.99015],[-72.68555,-40.99154],[-72.68629,-40.99212],[-72.68972,-40.99396]]}},
{"type":"Feature","properties":{"volcan":"Osorno","Shape__Len":0.0883037968},"geometry":{"type":"LineString","coordinates":[[-72.57324,-41.00801],[-72.57406,-41.00814],[-72.575,-41.00793],[-72.5758,-41.00803],[-72.57811,-41.0103],[-72.57929,-41.01111],[-72.58323,-41.01214],[-72.5836,-41.01216],[-72.58428,-41.01186],[-72.58613,-41.01173],[-72.59287,-41.01206],[-72.60423,-41.0143],[-72.60534,-41.01566],[-72.61034,-41.01918],[-72.6174,-41.02306],[-72.61912,-41.02481],[-72.61995,-41.02595],[-72.62011,-41.02623],[-72.62006,-41.02756],[-72.62078,-41.02828],[-72.62103,-41.02932],[-72.62124,-41.02947],[-72.62154,-41.02943],[-72.62198,-41.02881],[-72.62222,-41.0287],[-72.62401,-41.02922],[-72.62445,-41.02922],[-72.62568,-41.02817],[-72.62786,-41.02704],[-72.62874,-41.02613],[-72.63306,-41.02576],[-72.63423,-41.02537],[-72.63523,-41.02457],[-72.63763,-41.02389],[-72.64442,-41.02399],[-72.64878,-41.02496],[-72.65085,-41.02485]]}},
{"type":"Feature","properties":{"volcan":"Osorno","Shape__Len":0.064469519381799997},"geometry":{"type":"LineString","coordinates":[[-72.45615,-41.17558],[-72.45408,-41.17422],[-72.45181,-41.1733],[-72.45043,-41.17244],[-72.44622,-41.16783],[-72.44392,-41.16573],[-72.43812,-41.15943],[-72.43669,-41.15837],[-72.4343,-41.15692],[-72.43354,-41.1559],[-72.43332,-41.15521],[-72.43333,-41.15461],[-72.43397,-41.15354],[-72.43384,-41.153],[-72.4313,-41.14994],[-72.43032,-41.14909],[-72.4289,-41.14832],[-72.42622,-41.14725],[-72.41951,-41.14611],[-72.41774,-41.14558],[-72.416,-41.14487],[-72.41204,-41.14252],[-72.40908,-41.14168],[-72.40635,-41.14059]]}},
{"type":"Feature","properties":{"volcan":"Osorno","Shape__Len":0.0308551908277},"geometry":{"type":"LineString","coordinates":[[-72.50902,-41.21855],[-72.51165,-41.21645],[-72.51241,-41.21606],[-72.51915,-41.21436],[-72.53787,-41.20832]]}},
{"type":"Feature","properties":{"volcan":"Osorno","Shape__Len":0.0195179002292},"geometry":{"type":"LineString","coordinates":[[-72.58294,-41.22991],[-72.59865,-41.23364],[-72.60031,-41.23377],[-72.602,-41.23358]]}},
{"type":"Feature","properties":{"volcan":"Osorno","Shape__Len":0.054719159657100003},"geometry":{"type":"LineString","coordinates":[[-72.61069,-41.23219],[-72.61974,-41.23068],[-72.63074,-41.22687],[-72.63221,-41.22678],[-72.63598,-41.22723],[-72.6373,-41.22722],[-72.64578,-41.22507],[-72.66409,-41.22215]]}},
{"type":"Feature","properties":{"volcan":"Osorno","Shape__Len":0.061980619747199997},"geometry":{"type":"LineString","coordinates":[[-72.66375,-41.22221],[-72.66639,-41.22159],[-72.67401,-41.2185],[-72.67503,-41.21831],[-72.67799,-41.21816],[-72.68066,-41.21724],[-72.68216,-41.21653],[-72.68508,-41.21635],[-72.68777,-41.21561],[-72.68943,-41.21491],[-72.69149,-41.21442],[-72.69486,-41.21498],[-72.7055,-41.2151],[-72.71104,-41.21425],[-72.71285,-41.21425],[-72.72385,-41.21723]]}},
{"type":"Feature","properties":{"volcan":"Osorno","Shape__Len":0.101404772519},"geometry":{"type":"LineString","coordinates":[[-72.58683,-41.14437],[-72.58669,-41.14493],[-72.58563,-41.14537],[-72.58472,-41.1461],[-72.58337,-41.14667],[-72.58278,-41.14672],[-72.5823,-41.1465],[-72.58162,-41.1469],[-72.58053,-41.14714],[-72.57931,-41.1469],[-72.57901,-41.14703],[-72.57848,-41.1477],[-72.5772,-41.14771],[-72.57659,-41.1481],[-72.57573,-41.14936],[-72.57457,-41.15027],[-72.57447,-41.15063],[-72.57464,-41.151],[-72.57611,-41.15199],[-72.57651,-41.15252],[-72.57643,-41.15324],[-72.57555,-41.15422],[-72.5754,-41.15462],[-72.57557,-41.155],[-72.57645,-41.15577],[-72.57664,-41.15642],[-72.57585,-41.15981],[-72.5753,-41.16033],[-72.5737,-41.16117],[-72.57322,-41.16188],[-72.57326,-41.16269],[-72.57396,-41.16535],[-72.57388,-41.16592],[-72.57355,-41.16641],[-72.57134,-41.16753],[-72.57023,-41.16918],[-72.56948,-41.16981],[-72.56644,-41.17081],[-72.56546,-41.17127],[-72.56477,-41.17234],[-72.56345,-41.17289],[-72.56261,-41.17396],[-72.56196,-41.17407],[-72.56068,-41.17367],[-72.56014,-41.17366],[-72.55871,-41.17455],[-72.55675,-41.17513],[-72.55634,-41.17565],[-72.55619,-41.1772],[-72.55587,-41.17779],[-72.55529,-41.17812],[-72.55333,-41.17857],[-72.5514,-41.18049],[-72.54904,-41.18096],[-72.54785,-41.18197],[-72.54581,-41.18246],[-72.54525,-41.18337],[-72.54453,-41.18409],[-72.54453,-41.1851],[-72.54433,-41.18546],[-72.5431,-41.18681],[-72.54169,-41.18771],[-72.54094,-41.18887],[-72.53963,-41.18963],[-72.53934,-41.1904],[-72.53953,-41.19203],[-72.53982,-41.19241],[-72.54083,-41.19291],[-72.54105,-41.19351],[-72.54065,-41.1944],[-72.5397,-41.19485],[-72.53962,-41.19594],[-72.53937,-41.19681],[-72.53744,-41.19819],[-72.5375,-41.19916],[-72.53698,-41.20003],[-72.53687,-41.20059],[-72.53717,-41.2017],[-72.53718,-41.20248],[-72.53864,-41.20403],[-72.53843,-41.20473],[-72.5376,-41.20607],[-72.53815,-41.2078]]}},
{"type":"Feature","properties":{"volcan":"Osorno","Shape__Len":0.12577035027399999},"geometry":{"type":"LineString","coordinates":[[-72.52977,-41.12806],[-72.52973,-41.12845],[-72.53081,-41.12969],[-72.53262,-41.13093],[-72.53498,-41.13169],[-72.5361,-41.1315],[-72.53646,-41.13161],[-72.53655,-41.13188],[-72.53604,-41.13253],[-72.53535,-41.13298],[-72.53539,-41.13319],[-72.53703,-41.13259],[-72.5374,-41.13193],[-72.53761,-41.13189],[-72.53758,-41.13272],[-72.53733,-41.13329],[-72.5376,-41.13332],[-72.53832,-41.13268],[-72.53852,-41.13268],[-72.53829,-41.13305],[-72.53841,-41.13371],[-72.53819,-41.13402],[-72.53866,-41.13401],[-72.53895,-41.13355],[-72.53908,-41.13358],[-72.5391,-41.13422],[-72.53838,-41.13472],[-72.53925,-41.13536],[-72.53926,-41.13558],[-72.53764,-41.13719],[-72.53711,-41.13801],[-72.53622,-41.13855],[-72.5361,-41.13891],[-72.53624,-41.13954],[-72.53586,-41.14012],[-72.53494,-41.14076],[-72.53221,-41.14124],[-72.53141,-41.14112],[-72.52979,-41.14214],[-72.52937,-41.14209],[-72.52847,-41.1416],[-72.52669,-41.14178],[-72.52484,-41.14323],[-72.5241,-41.14421],[-72.52403,-41.14453],[-72.52441,-41.14524],[-72.52428,-41.1454],[-72.52238,-41.14516],[-72.5212,-41.1445],[-72.52049,-41.14491],[-72.51999,-41.14581],[-72.5187,-41.14583],[-72.5173,-41.14621],[-72.51654,-41.14609],[-72.51589,-41.14663],[-72.51398,-41.14683],[-72.51442,-41.14729],[-72.5153,-41.14732],[-72.51567,-41.14789],[-72.51664,-41.14852],[-72.51703,-41.149],[-72.5179,-41.14913],[-72.51816,-41.14939],[-72.5177,-41.15031],[-72.51729,-41.1506],[-72.51703,-41.15108],[-72.51734,-41.15217],[-72.51725,-41.1525],[-72.51637,-41.1532],[-72.51593,-41.15392],[-72.51492,-41.15465],[-72.51492,-41.15496],[-72.51534,-41.15543],[-72.51478,-41.15651],[-72.51401,-41.15673],[-72.51295,-41.15643],[-72.51269,-41.15652],[-72.51177,-41.1577],[-72.51115,-41.15796],[-72.5111,-41.159],[-72.51055,-41.16022],[-72.51342,-41.16212],[-72.51389,-41.16367],[-72.51315,-41.16409],[-72.51292,-41.16455],[-72.5135,-41.1651],[-72.5152,-41.16966],[-72.51937,-41.17952],[-72.52087,-41.18069],[-72.52193,-41.18215],[-72.52318,-41.18335],[-72.52365,-41.18418],[-72.52397,-41.18429],[-72.52488,-41.18418],[-72.52548,-41.18466],[-72.52602,-41.18553],[-72.52681,-41.18611],[-72.5274,-41.18778],[-72.53059,-41.19015],[-72.53259,-41.19087],[-72.53465,-41.19125],[-72.53587,-41.19176],[-72.53871,-41.19231],[-72.5397,-41.19294],[-72.54073,-41.19336]]}},
{"type":"Feature","properties":{"volcan":"Osorno","Shape__Len":0.084657135277500004},"geometry":{"type":"LineString","coordinates":[[-72.39432,-41.13567],[-72.35149,-41.12259],[-72.31182,-41.11862]]}},
{"type":"Feature","properties":{"volcan":"Osorno","Shape__Len":0.083423245764499998},"geometry":{"type":"LineString","coordinates":[[-72.30534,-41.11797],[-72.28011,-41.11545],[-72.22457,-41.09849]]}},
{"type":"Feature","properties":{"volcan":"Osorno","Shape__Len":0.082254160987699998},"geometry":{"type":"LineString","coordinates":[[-72.22004,-41.09665],[-72.1879,-41.08273],[-72.16768,-41.07262],[-72.15221,-41.07143],[-72.14322,-41.07285]]}},
{"type":"Feature","properties":{"volcan":"Osorno","Shape__Len":0.067739726178999995},"geometry":{"type":"LineString","coordinates":[[-72.13893,-41.07533],[-72.13258,-41.08213],[-72.12485,-41.09641],[-72.11771,-41.10771],[-72.10938,-41.11307],[-72.09808,-41.11902],[-72.09198,-41.11985]]}},
{"type":"Feature","properties":{"volcan":"Osorno","Shape__Len":0.067996394867299997},"geometry":{"type":"LineString","coordinates":[[-72.08722,-41.1205],[-72.08499,-41.1208],[-72.0725,-41.11723],[-72.05882,-41.10771],[-72.04097,-41.09701],[-72.02612,-41.09346]]}},
{"type":"Feature","properties":{"volcan":"Osorno","Shape__Len":0.078652394222699998},"geometry":{"type":"LineString","coordinates":[[-72.64691,-41.07227],[-72.65112,-41.06723],[-72.65501,-41.06352],[-72.65627,-41.06254],[-72.65964,-41.06044],[-72.66043,-41.0597],[-72.66122,-41.0582],[-72.66323,-41.05125],[-72.66328,-41.05038],[-72.66237,-41.04679],[-72.66191,-41.04356],[-72.66193,-41.04068],[-72.66245,-41.03658],[-72.66225,-41.03574],[-72.66151,-41.03496],[-72.65925,-41.03353],[-72.65615,-41.032],[-72.65252,-41.03063],[-72.65207,-41.03025],[-72.65189,-41.02975],[-72.65293,-41.0256],[-72.65382,-41.02479],[-72.65426,-41.02375],[-72.65525,-41.02321],[-72.65545,-41.02211],[-72.65621,-41.02106],[-72.65798,-41.02016],[-72.65832,-41.01984],[-72.659,-41.01842],[-72.65898,-41.01663],[-72.65984,-41.01473],[-72.66348,-41.01141]]}},
{"type":"Feature","properties":{"volcan":"Osorno","Shape__Len":0.11621081662},"geometry":{"type":"LineString","coordinates":[[-72.66348,-41.01141],[-72.66491,-41.0102],[-72.66596,-41.00961],[-72.68188,-41.00336],[-72.68307,-41.00277],[-72.68429,-41.0019],[-72.68757,-40.99875],[-72.68795,-40.99809],[-72.68857,-40.99633],[-72.68951,-40.99553],[-72.69944,-40.99153],[-72.7005,-40.99144],[-72.70265,-40.99194],[-72.70351,-40.99186],[-72.71713,-40.98662],[-72.71773,-40.98619],[-72.7198,-40.98314],[-72.72433,-40.98156],[-72.72843,-40.97811],[-72.72923,-40.97785],[-72.73542,-40.9769],[-72.73678,-40.97646],[-72.74607,-40.97159],[-72.75486,-40.96663],[-72.76503,-40.96116]]}},
{"type":"Feature","properties":{"volcan":"Osorno","Shape__Len":0.031089713975},"geometry":{"type":"LineString","coordinates":[[-72.60914,-41.13],[-72.60854,-41.13065],[-72.60744,-41.13126],[-72.60526,-41.13396],[-72.60484,-41.13429],[-72.60402,-41.13439],[-72.60273,-41.13369],[-72.60153,-41.13365],[-72.60059,-41.13432],[-72.59885,-41.13489],[-72.59784,-41.13504],[-72.59725,-41.13533],[-72.59584,-41.13545],[-72.59555,-41.13573],[-72.59532,-41.13671],[-72.59495,-41.13697],[-72.59335,-41.13685],[-72.59317,-41.13706],[-72.59296,-41.13836],[-72.59181,-41.13898],[-72.59136,-41.13947],[-72.59099,-41.13954],[-72.58959,-41.13927],[-72.58939,-41.13979],[-72.58903,-41.14014],[-72.5891,-41.14064],[-72.58898,-41.14083],[-72.58841,-41.14097],[-72.58735,-41.14159],[-72.58738,-41.14174],[-72.58817,-41.14207],[-72.5882,-41.14227],[-72.58799,-41.14271],[-72.58711,-41.1431]]}},
{"type":"Feature","properties":{"volcan":"Osorno","Shape__Len":0.0554862867198},"geometry":{"type":"LineString","coordinates":[[-72.46921,-41.18869],[-72.47674,-41.19491],[-72.48496,-41.19958],[-72.49294,-41.20669],[-72.49409,-41.20749],[-72.49534,-41.20802],[-72.51506,-41.21428],[-72.51713,-41.21465]]}},
{"type":"Feature","properties":{"volcan":"Osorno","Shape__Len":0.019936447177100001},"geometry":{"type":"LineString","coordinates":[[-72.53972,-41.20878],[-72.54108,-41.21035],[-72.54646,-41.21425],[-72.54774,-41.21495],[-72.55103,-41.2163],[-72.55183,-41.21682],[-72.55259,-41.21768],[-72.55462,-41.22122]]}},
{"type":"Feature","properties":{"volcan":"Osorno","Shape__Len":0.0104416667551},"geometry":{"type":"LineString","coordinates":[[-72.55515,-41.22202],[-72.55596,-41.22274],[-72.55708,-41.22329],[-72.56486,-41.22554]]}},
{"type":"Feature","properties":{"volcan":"Osorno","Shape__Len":0.016227047138700001},"geometry":{"type":"LineString","coordinates":[[-72.56612,-41.22586],[-72.5819,-41.22966]]}},
{"type":"Feature","properties":{"volcan":"Osorno","Shape__Len":0.053761844990600001},"geometry":{"type":"LineString","coordinates":[[-72.478,-41.2599],[-72.48095,-41.24165],[-72.48119,-41.24086],[-72.48158,-41.24021],[-72.48247,-41.23938],[-72.508,-41.21935]]}},
{"type":"Feature","properties":{"volcan":"Osorno","Shape__Len":0.036306069689599998},"geometry":{"type":"LineString","coordinates":[[-72.61878,-41.11688],[-72.61853,-41.11573],[-72.61869,-41.11536],[-72.61904,-41.11507],[-72.61971,-41.11489],[-72.62208,-41.11488],[-72.62288,-41.11467],[-72.62356,-41.11416],[-72.62414,-41.11291],[-72.62469,-41.11236],[-72.62895,-41.11119],[-72.63031,-41.11043],[-72.63173,-41.10921],[-72.63212,-41.10785],[-72.63209,-41.1067],[-72.63022,-41.10119],[-72.63008,-41.09954],[-72.62962,-41.0982],[-72.6296,-41.09762],[-72.62981,-41.09695],[-72.63292,-41.09106]]}},
{"type":"Feature","properties":{"volcan":"Osorno","Shape__Len":0.0040070119742100004},"geometry":{"type":"LineString","coordinates":[[-72.64435,-41.07535],[-72.64691,-41.07227]]}},
{"type":"Feature","properties":{"volcan":"Osorno","Shape__Len":0.00711423752095},"geometry":{"type":"LineString","coordinates":[[-72.60366,-41.23331],[-72.61069,-41.23219]]}},
{"type":"Feature","properties":{"volcan":"Osorno","Shape__Len":0.018644516718399999},"geometry":{"type":"LineString","coordinates":[[-72.46921,-41.18869],[-72.46709,-41.18668],[-72.46086,-41.17903],[-72.45615,-41.17558]]}},
{"type":"Feature","properties":{"volcan":"Osorno","Shape__Len":0.0171942032591},"geometry":{"type":"LineString","coordinates":[[-72.61886,-41.11718],[-72.61884,-41.11815],[-72.61635,-41.12235],[-72.61409,-41.12712],[-72.61314,-41.12773],[-72.61125,-41.12801],[-72.61066,-41.12824],[-72.60914,-41.13]]}},
{"type":"Feature","properties":{"volcan":"Osorno","Shape__Len":0.020703594758700001},"geometry":{"type":"LineString","coordinates":[[-72.63292,-41.09106],[-72.63478,-41.08738],[-72.63482,-41.08694],[-72.63438,-41.08488],[-72.63462,-41.08406],[-72.64051,-41.07973],[-72.64166,-41.07858],[-72.64435,-41.07535]]}},
{"type":"Feature","properties":{"volcan":"Osorno","Shape__Len":0.062804840931200007},"geometry":{"type":"LineString","coordinates":[[-72.53351,-40.95982],[-72.54586,-40.96342],[-72.55821,-40.97045],[-72.55786,-40.97388],[-72.56164,-40.97286],[-72.56284,-40.97028],[-72.56507,-40.97097],[-72.56781,-40.97903],[-72.56935,-40.97834],[-72.56935,-40.97577],[-72.57964,-40.97406]]}},
{"type":"Feature","properties":{"volcan":"Antuco","Shape__Len":0.0125192701624},"geometry":{"type":"LineString","coordinates":[[-71.48725,-37.36856],[-71.48877,-37.3692],[-71.49399,-37.37196],[-71.49431,-37.37217],[-71.49437,-37.37252],[-71.49652,-37.37173],[-71.49786,-37.37099],[-71.49809,-37.3713]]}},
{"type":"Feature","properties":{"volcan":"Antuco","Shape__Len":0.011949624909200001},"geometry":{"type":"LineString","coordinates":[[-71.46822,-37.38845],[-71.46883,-37.38763],[-71.46937,-37.38727],[-71.47197,-37.38714],[-71.47275,-37.38677],[-71.47498,-37.38487],[-71.47511,-37.38561],[-71.47569,-37.38666],[-71.47561,-37.38689],[-71.47414,-37.38761]]}},
{"type":"Feature","properties":{"volcan":"Antuco","Shape__Len":0.0054291285850200004},"geometry":{"type":"LineString","coordinates":[[-71.40554,-37.39292],[-71.40629,-37.39307],[-71.40815,-37.39224],[-71.40938,-37.39227],[-71.40966,-37.39323],[-71.40931,-37.39336]]}},
{"type":"Feature","properties":{"volcan":"Antuco","Shape__Len":0.0061792871603000002},"geometry":{"type":"LineString","coordinates":[[-71.41517,-37.39425],[-71.41397,-37.39419],[-71.41133,-37.39446],[-71.41013,-37.39422],[-71.40966,-37.39325]]}},
{"type":"Feature","properties":{"volcan":"Antuco","Shape__Len":0.0067100334214600004},"geometry":{"type":"LineString","coordinates":[[-71.53503,-37.35395],[-71.53555,-37.35767],[-71.53436,-37.358],[-71.53482,-37.35909],[-71.53474,-37.35962]]}},
{"type":"Feature","properties":{"volcan":"Callaqui","Shape__Len":0.062839273741100002},"geometry":{"type":"LineString","coordinates":[[-71.66679,-37.85945],[-71.66891,-37.85676],[-71.67021,-37.85464],[-71.67195,-37.8529],[-71.6753,-37.8501],[-71.67974,-37.84543],[-71.68285,-37.84179],[-71.68274,-37.84119],[-71.68089,-37.83695],[-71.68104,-37.83694],[-71.6775,-37.83009],[-71.67614,-37.8286],[-71.67617,-37.82832],[-71.6769,-37.82715],[-71.67836,-37.82357],[-71.67824,-37.82269],[-71.67488,-37.8194],[-71.67223,-37.81615],[-71.6733,-37.81445],[-71.67447,-37.8107],[-71.67584,-37.80873]]}},
{"type":"Feature","properties":{"volcan":"Callaqui","Shape__Len":0.051656924248299999},"geometry":{"type":"LineString","coordinates":[[-71.59655,-37.89905],[-71.59891,-37.89804],[-71.6016,-37.89758],[-71.60564,-37.89628],[-71.60796,-37.89635],[-71.61117,-37.89553],[-71.61263,-37.89532],[-71.61528,-37.89552],[-71.61593,-37.8958],[-71.61805,-37.89621],[-71.62195,-37.89642],[-71.62463,-37.89625],[-71.62897,-37.89395],[-71.63028,-37.89351],[-71.63246,-37.89051],[-71.63371,-37.89033],[-71.63566,-37.88962],[-71.63688,-37.88883],[-71.63712,-37.88832],[-71.63852,-37.88698],[-71.63872,-37.88572],[-71.63904,-37.88524],[-71.63879,-37.88447],[-71.63875,-37.88362],[-71.63943,-37.88176]]}},
{"type":"Feature","properties":{"volcan":"Callaqui","Shape__Len":0.069953911526199994},"geometry":{"type":"LineString","coordinates":[[-71.53685,-37.9857],[-71.53751,-37.98535],[-71.53807,-37.98527],[-71.54235,-37.98539],[-71.54483,-37.98478],[-71.54564,-37.9842],[-71.54624,-37.98162],[-71.54652,-37.98137],[-71.54692,-37.98155],[-71.54751,-37.98297],[-71.54796,-37.98314],[-71.54843,-37.98304],[-71.54877,-37.98257],[-71.54902,-37.98138],[-71.54954,-37.98085],[-71.55033,-37.97542],[-71.55247,-37.97367],[-71.55381,-37.97328],[-71.55447,-37.97272],[-71.55668,-37.97228],[-71.55722,-37.97193],[-71.55785,-37.97119],[-71.55907,-37.97065],[-71.55932,-37.97007],[-71.56026,-37.96908],[-71.56084,-37.9689],[-71.56163,-37.9681],[-71.56252,-37.96756],[-71.56382,-37.96731],[-71.56429,-37.96691],[-71.56367,-37.96465],[-71.5633,-37.96417],[-71.56304,-37.96277],[-71.5632,-37.96176],[-71.56357,-37.96131],[-71.56383,-37.96016],[-71.56436,-37.95932],[-71.56395,-37.95879],[-71.56422,-37.95784],[-71.56502,-37.9571],[-71.56517,-37.9567],[-71.56488,-37.95635],[-71.56424,-37.95627],[-71.56343,-37.95589],[-71.56412,-37.95526],[-71.5653,-37.95462],[-71.56633,-37.95333],[-71.5668,-37.95236],[-71.56834,-37.94217],[-71.56801,-37.94141]]}},
{"type":"Feature","properties":{"volcan":"Callaqui","Shape__Len":0.116280508336},"geometry":{"type":"LineString","coordinates":[[-71.40302,-38.08802],[-71.40691,-38.08739],[-71.40791,-38.08664],[-71.40868,-38.08488],[-71.40867,-38.08385],[-71.40774,-38.08253],[-71.40619,-38.08206],[-71.40564,-38.08114],[-71.4058,-38.08083],[-71.40674,-38.08044],[-71.40696,-38.07948],[-71.40817,-38.07915],[-71.40971,-38.07915],[-71.41093,-38.07859],[-71.41477,-38.07792],[-71.41704,-38.07719],[-71.41986,-38.0751],[-71.42022,-38.07455],[-71.42024,-38.07381],[-71.41939,-38.07296],[-71.41947,-38.07252],[-71.41975,-38.07211],[-71.42049,-38.07187],[-71.42167,-38.07176],[-71.42194,-38.07113],[-71.42252,-38.07088],[-71.42297,-38.07103],[-71.42375,-38.07197],[-71.42413,-38.07209],[-71.42432,-38.07196],[-71.42437,-38.07145],[-71.42471,-38.07095],[-71.42588,-38.07026],[-71.42643,-38.06959],[-71.42576,-38.0681],[-71.42675,-38.06724],[-71.42672,-38.06698],[-71.42531,-38.06642],[-71.42511,-38.06601],[-71.42526,-38.06514],[-71.42449,-38.06487],[-71.42417,-38.06384],[-71.42237,-38.0625],[-71.42262,-38.06221],[-71.4242,-38.06222],[-71.42533,-38.06204],[-71.42541,-38.06174],[-71.42464,-38.06018],[-71.42374,-38.05962],[-71.42347,-38.05893],[-71.42252,-38.05861],[-71.42229,-38.05782],[-71.42184,-38.05738],[-71.42132,-38.05627],[-71.42137,-38.0556],[-71.42086,-38.05497],[-71.42017,-38.05466],[-71.41953,-38.05376],[-71.41897,-38.05334],[-71.41737,-38.05252],[-71.41758,-38.05208],[-71.41887,-38.05201],[-71.41974,-38.05176],[-71.4216,-38.05228],[-71.42249,-38.05285],[-71.42275,-38.05273],[-71.42288,-38.05222],[-71.42327,-38.05208],[-71.42396,-38.05374],[-71.42458,-38.05388],[-71.42511,-38.05442],[-71.42596,-38.05439],[-71.42621,-38.05502],[-71.427,-38.05579],[-71.42748,-38.05602],[-71.42817,-38.05593],[-71.42857,-38.05494],[-71.429,-38.05455],[-71.42939,-38.05459],[-71.42951,-38.05486],[-71.42937,-38.05543],[-71.42983,-38.05637],[-71.42982,-38.0572],[-71.43043,-38.05748],[-71.43088,-38.05799],[-71.43161,-38.05819],[-71.43153,-38.059],[-71.43205,-38.05986],[-71.43424,-38.06143],[-71.43444,-38.06119],[-71.4341,-38.0598],[-71.43477,-38.0592],[-71.43499,-38.0586],[-71.43486,-38.05832],[-71.43435,-38.05806],[-71.43426,-38.05779],[-71.43473,-38.05724],[-71.43471,-38.05653],[-71.43533,-38.05604],[-71.43583,-38.05594],[-71.43599,-38.05517],[-71.43638,-38.05509],[-71.43738,-38.05526],[-71.43816,-38.0551],[-71.43871,-38.0552],[-71.43982,-38.05463],[-71.44086,-38.05458],[-71.44155,-38.05382],[-71.44376,-38.05364],[-71.44453,-38.05314],[-71.4452,-38.05226],[-71.44565,-38.05133],[-71.44679,-38.0509],[-71.4473,-38.0502]]}},
{"type":"Feature","properties":{"volcan":"Callaqui","Shape__Len":0.055297057177400001},"geometry":{"type":"LineString","coordinates":[[-71.47084,-38.03759],[-71.47208,-38.03699],[-71.47371,-38.03532],[-71.47391,-38.03493],[-71.47382,-38.0337],[-71.4737,-38.03354],[-71.47091,-38.03244],[-71.47022,-38.03194],[-71.46888,-38.03151],[-71.46849,-38.0312],[-71.46825,-38.02941],[-71.46787,-38.02869],[-71.46799,-38.02784],[-71.4676,-38.02726],[-71.46745,-38.02654],[-71.46703,-38.02598],[-71.46706,-38.0253],[-71.46631,-38.02391],[-71.46662,-38.02353],[-71.46754,-38.02329],[-71.47002,-38.0212],[-71.47131,-38.01962],[-71.47136,-38.019],[-71.47083,-38.01672],[-71.46973,-38.0156],[-71.46978,-38.01521],[-71.47012,-38.01502],[-71.47095,-38.01493],[-71.47255,-38.01362],[-71.4748,-38.01278],[-71.47513,-38.01239],[-71.47484,-38.0119],[-71.47396,-38.01175],[-71.4707,-38.01007],[-71.47033,-38.0089],[-71.47119,-38.00735],[-71.47036,-38.00599],[-71.47063,-38.00515],[-71.47108,-38.00463],[-71.47175,-38.00447],[-71.47224,-38.00463],[-71.47273,-38.00522],[-71.47301,-38.00535],[-71.47726,-38.00556]]}},
{"type":"Feature","properties":{"volcan":"Callaqui","Shape__Len":0.071326566293800006},"geometry":{"type":"LineString","coordinates":[[-71.47726,-38.00556],[-71.47831,-38.00538],[-71.4812,-38.00376],[-71.48213,-38.0021],[-71.48269,-38.00155],[-71.4845,-38.0016],[-71.48757,-38.00082],[-71.48871,-38.00073],[-71.48963,-38.00084],[-71.4911,-38.00151],[-71.49201,-38.0021],[-71.49284,-38.00232],[-71.49487,-38.00389],[-71.49723,-38.00634],[-71.49791,-38.00644],[-71.49873,-38.00602],[-71.50133,-38.00386],[-71.50433,-38.00244],[-71.50771,-38.00179],[-71.50921,-38.00196],[-71.51181,-38.00124],[-71.51256,-38.00029],[-71.51291,-37.99769],[-71.51384,-37.99612],[-71.51775,-37.99489],[-71.52152,-37.99221],[-71.52422,-37.99119],[-71.52879,-37.99046],[-71.53072,-37.98868],[-71.5319,-37.9885],[-71.53434,-37.98762],[-71.53504,-37.98704],[-71.53534,-37.9865],[-71.53685,-37.9857]]}},
{"type":"Feature","properties":{"volcan":"Callaqui","Shape__Len":0.074138276371799997},"geometry":{"type":"LineString","coordinates":[[-71.57693,-37.92466],[-71.57939,-37.92377],[-71.59228,-37.92427],[-71.5929,-37.9241],[-71.59477,-37.92304],[-71.59505,-37.9227],[-71.59597,-37.92025],[-71.59533,-37.91694],[-71.59483,-37.91627],[-71.59516,-37.91602],[-71.59531,-37.91547],[-71.59627,-37.91527],[-71.59674,-37.91431],[-71.59723,-37.914],[-71.59746,-37.91304],[-71.59724,-37.91265],[-71.59736,-37.91232],[-71.59973,-37.91174],[-71.59997,-37.91113],[-71.60024,-37.91101],[-71.60124,-37.9113],[-71.60196,-37.91115],[-71.60279,-37.91156],[-71.60367,-37.91122],[-71.60461,-37.91252],[-71.605,-37.91275],[-71.60591,-37.91243],[-71.60664,-37.91142],[-71.60731,-37.91128],[-71.61079,-37.90824],[-71.6131,-37.90654],[-71.61412,-37.9052],[-71.61427,-37.90448],[-71.6139,-37.9036],[-71.61441,-37.90325],[-71.6149,-37.90236],[-71.6155,-37.9019],[-71.61569,-37.90072],[-71.61556,-37.90052],[-71.61066,-37.89962],[-71.61037,-37.89926],[-71.61016,-37.89744],[-71.6108,-37.89703],[-71.61402,-37.89624],[-71.61471,-37.89634],[-71.61742,-37.89737],[-71.61789,-37.89725],[-71.61789,-37.89667]]}},
{"type":"Feature","properties":{"volcan":"Callaqui","Shape__Len":0.076284491037200003},"geometry":{"type":"LineString","coordinates":[[-71.55997,-37.81965],[-71.56251,-37.81999],[-71.56328,-37.8204],[-71.56395,-37.82115],[-71.56463,-37.82262],[-71.56535,-37.8235],[-71.56542,-37.82398],[-71.5644,-37.82746],[-71.56437,-37.82821],[-71.56458,-37.82888],[-71.56628,-37.83078],[-71.57209,-37.83181],[-71.57226,-37.832],[-71.57216,-37.83253],[-71.57518,-37.83462],[-71.57606,-37.83558],[-71.57802,-37.83608],[-71.57962,-37.8367],[-71.58,-37.8369],[-71.58056,-37.83769],[-71.58169,-37.83764],[-71.58606,-37.83871],[-71.58638,-37.83885],[-71.58783,-37.84044],[-71.59126,-37.84082],[-71.59148,-37.84118],[-71.59146,-37.84153],[-71.59042,-37.8432],[-71.58981,-37.84382],[-71.59009,-37.84686],[-71.59001,-37.84724],[-71.59066,-37.84784],[-71.59068,-37.84878],[-71.59149,-37.85019],[-71.59201,-37.8503],[-71.5925,-37.85065],[-71.59343,-37.8524],[-71.5942,-37.85311],[-71.59494,-37.85329],[-71.59552,-37.85392],[-71.59553,-37.85403],[-71.59459,-37.85465],[-71.59601,-37.85572],[-71.59614,-37.85596],[-71.59584,-37.85649],[-71.59795,-37.85759],[-71.60198,-37.85895],[-71.60545,-37.86131],[-71.60651,-37.86231]]}},
{"type":"Feature","properties":{"volcan":"Callaqui","Shape__Len":0.048100989819200003},"geometry":{"type":"LineString","coordinates":[[-71.60651,-37.86231],[-71.60759,-37.8639],[-71.60816,-37.86441],[-71.60836,-37.86485],[-71.61112,-37.86791],[-71.61078,-37.86929],[-71.60919,-37.87031],[-71.60931,-37.87086],[-71.60967,-37.87089],[-71.61218,-37.86998],[-71.61248,-37.87004],[-71.61289,-37.87043],[-71.61376,-37.87211],[-71.61485,-37.8726],[-71.61551,-37.87368],[-71.61833,-37.87635],[-71.62099,-37.87797],[-71.62159,-37.87863],[-71.62502,-37.88006],[-71.62692,-37.88185],[-71.62857,-37.88272],[-71.63325,-37.88308],[-71.63533,-37.88369],[-71.63952,-37.8814],[-71.63979,-37.8806]]}},
{"type":"Feature","properties":{"volcan":"Callaqui","Shape__Len":0.0384713970589},"geometry":{"type":"LineString","coordinates":[[-71.67584,-37.80873],[-71.67616,-37.80829],[-71.67752,-37.80804],[-71.67867,-37.80737],[-71.68046,-37.8055],[-71.68364,-37.80408],[-71.68485,-37.80263],[-71.68824,-37.79937],[-71.68957,-37.79885],[-71.69099,-37.79751],[-71.69334,-37.79028],[-71.69728,-37.78251],[-71.69733,-37.78173],[-71.69703,-37.77971]]}},
{"type":"Feature","properties":{"volcan":"Callaqui","Shape__Len":0.040987927565799998},"geometry":{"type":"LineString","coordinates":[[-71.4473,-38.0502],[-71.44802,-38.0492],[-71.44789,-38.04895],[-71.44745,-38.0487],[-71.44737,-38.04845],[-71.4486,-38.04768],[-71.44876,-38.04669],[-71.44857,-38.04601],[-71.44875,-38.0457],[-71.4513,-38.04606],[-71.45228,-38.04582],[-71.45275,-38.0459],[-71.4534,-38.04535],[-71.45432,-38.04513],[-71.45513,-38.04449],[-71.45574,-38.04374],[-71.45678,-38.04312],[-71.45702,-38.04324],[-71.45725,-38.04379],[-71.45715,-38.04493],[-71.45725,-38.04513],[-71.45855,-38.04514],[-71.45922,-38.04486],[-71.4603,-38.04491],[-71.46109,-38.04503],[-71.46189,-38.04563],[-71.46266,-38.04564],[-71.4642,-38.04517],[-71.46461,-38.04452],[-71.46566,-38.04381],[-71.46625,-38.04292],[-71.46597,-38.04271],[-71.4654,-38.04302],[-71.46508,-38.04298],[-71.46508,-38.04262],[-71.46551,-38.04221],[-71.4662,-38.04208],[-71.46766,-38.04252],[-71.46889,-38.0425],[-71.47019,-38.04209],[-71.47111,-38.04134],[-71.47098,-38.04104],[-71.4701,-38.04037],[-71.4699,-38.03983],[-71.47035,-38.03845],[-71.4703,-38.03781],[-71.47084,-38.03759]]}},
{"type":"Feature","properties":{"volcan":"Callaqui","Shape__Len":0.0558933686607},"geometry":{"type":"LineString","coordinates":[[-71.35871,-38.06394],[-71.36111,-38.06466],[-71.36145,-38.06493],[-71.36217,-38.06463],[-71.36285,-38.0648],[-71.36331,-38.06454],[-71.36368,-38.06453],[-71.36378,-38.06467],[-71.36331,-38.06556],[-71.36341,-38.06579],[-71.36566,-38.06733],[-71.36592,-38.06805],[-71.36718,-38.06914],[-71.3702,-38.06985],[-71.37377,-38.07154],[-71.37502,-38.07135],[-71.37518,-38.07151],[-71.37504,-38.0721],[-71.37631,-38.07238],[-71.37743,-38.07316],[-71.37814,-38.07335],[-71.3794,-38.07445],[-71.38005,-38.0747],[-71.38018,-38.07519],[-71.38207,-38.0766],[-71.38264,-38.07731],[-71.38352,-38.07765],[-71.38466,-38.07893],[-71.38582,-38.07948],[-71.38731,-38.08069],[-71.38769,-38.08116],[-71.38893,-38.08179],[-71.39054,-38.08357],[-71.39091,-38.08454],[-71.39404,-38.08665],[-71.39531,-38.08828],[-71.39787,-38.08872],[-71.39992,-38.08845],[-71.40086,-38.0885],[-71.40302,-38.08802]]}},
{"type":"Feature","properties":{"volcan":"Callaqui","Shape__Len":0.0291415190036},"geometry":{"type":"LineString","coordinates":[[-71.56801,-37.94141],[-71.56704,-37.94032],[-71.56702,-37.93986],[-71.56733,-37.93906],[-71.56689,-37.93601],[-71.56658,-37.93523],[-71.56531,-37.93369],[-71.56486,-37.93365],[-71.56323,-37.93275],[-71.56318,-37.93251],[-71.56497,-37.9326],[-71.56601,-37.93195],[-71.56614,-37.93137],[-71.56654,-37.93082],[-71.56711,-37.93044],[-71.56944,-37.93013],[-71.57005,-37.92941],[-71.57006,-37.92885],[-71.57084,-37.92869],[-71.57187,-37.92785],[-71.57206,-37.92719],[-71.57318,-37.92695],[-71.5757,-37.92527],[-71.5759,-37.9247],[-71.57693,-37.92466]]}},
{"type":"Feature","properties":{"volcan":"Callaqui","Shape__Len":0.041352510758300001},"geometry":{"type":"LineString","coordinates":[[-71.55583,-37.90299],[-71.56749,-37.90024],[-71.57817,-37.90169],[-71.59655,-37.89905]]}},
{"type":"Feature","properties":{"volcan":"Callaqui","Shape__Len":0.035742423104599998},"geometry":{"type":"LineString","coordinates":[[-71.63979,-37.8806],[-71.64033,-37.87937],[-71.64154,-37.87751],[-71.645,-37.87466],[-71.64679,-37.87384],[-71.65157,-37.87242],[-71.65329,-37.87161],[-71.65435,-37.87091],[-71.65656,-37.86882],[-71.65969,-37.86667],[-71.66422,-37.86427],[-71.66526,-37.86322],[-71.66631,-37.86018],[-71.66679,-37.85945]]}},
{"type":"Feature","properties":{"volcan":"Callaqui","Shape__Len":0.0914853718663},"geometry":{"type":"LineString","coordinates":[[-71.91747,-37.68921],[-71.92232,-37.68776],[-71.92482,-37.68669],[-71.92827,-37.68562],[-71.94957,-37.68003],[-71.95207,-37.67967],[-71.97527,-37.67491],[-71.97872,-37.67408],[-71.99168,-37.67253],[-71.99347,-37.67253],[-71.99537,-37.67289],[-71.99751,-37.67277],[-72.00311,-37.67087],[-72.00656,-37.67039]]}},
{"type":"Feature","properties":{"volcan":"Callaqui","Shape__Len":0.092567893175500002},"geometry":{"type":"LineString","coordinates":[[-71.69704,-37.77958],[-71.6971,-37.77917],[-71.70007,-37.77667],[-71.70091,-37.77536],[-71.70168,-37.77488],[-71.70359,-37.77476],[-71.70519,-37.7744],[-71.70811,-37.77244],[-71.70877,-37.77184],[-71.70972,-37.77155],[-71.71043,-37.77101],[-71.71454,-37.77065],[-71.7152,-37.77024],[-71.71758,-37.77],[-71.72127,-37.77018],[-71.72288,-37.77041],[-71.72651,-37.77012],[-71.7299,-37.7694],[-71.73496,-37.7669],[-71.73574,-37.76666],[-71.74258,-37.76535],[-71.74359,-37.765],[-71.75044,-37.76095],[-71.75848,-37.75339],[-71.76253,-37.7522],[-71.76556,-37.75095],[-71.76928,-37.74968],[-71.77937,-37.74464]]}},
{"type":"Feature","properties":{"volcan":"Callaqui","Shape__Len":0.095640654972299996},"geometry":{"type":"LineString","coordinates":[[-71.77937,-37.74464],[-71.78643,-37.74075],[-71.78905,-37.73879],[-71.79024,-37.73837],[-71.79089,-37.73766],[-71.79131,-37.73611],[-71.79191,-37.73569],[-71.79292,-37.73557],[-71.79381,-37.73557],[-71.79465,-37.73605],[-71.80185,-37.74284],[-71.80256,-37.74314],[-71.8034,-37.74314],[-71.80447,-37.74299],[-71.80519,-37.74269],[-71.80584,-37.74228],[-71.80638,-37.74127],[-71.80656,-37.7365],[-71.80674,-37.73579],[-71.81084,-37.73174],[-71.81514,-37.72507],[-71.81543,-37.72448],[-71.81609,-37.71852],[-71.81651,-37.71745],[-71.8171,-37.71656],[-71.8193,-37.71418],[-71.82014,-37.71233],[-71.82169,-37.71084],[-71.82216,-37.70858],[-71.82317,-37.70816],[-71.82431,-37.70733],[-71.82508,-37.70727],[-71.82579,-37.70757],[-71.82806,-37.70757],[-71.83949,-37.70447],[-71.84508,-37.70405]]}},
{"type":"Feature","properties":{"volcan":"Callaqui","Shape__Len":0.075428212726400004},"geometry":{"type":"LineString","coordinates":[[-71.84508,-37.70405],[-71.84956,-37.70381],[-71.85236,-37.70333],[-71.85539,-37.70309],[-71.85653,-37.70273],[-71.85938,-37.70119],[-71.8601,-37.70113],[-71.8626,-37.70125],[-71.86492,-37.70226],[-71.87433,-37.70113],[-71.88028,-37.70119],[-71.88629,-37.70065],[-71.8971,-37.69692],[-71.90162,-37.69585],[-71.90305,-37.69514],[-71.90483,-37.69383],[-71.90757,-37.69276],[-71.91078,-37.69121],[-71.91747,-37.68921]]}},
{"type":"Feature","properties":{"volcan":"Puyehue-Caulle","Shape__Len":0.097478537977200005},"geometry":{"type":"LineString","coordinates":[[-72.17211,-40.28541],[-72.17097,-40.28497],[-72.17086,-40.28432],[-72.17152,-40.28343],[-72.1755,-40.27965],[-72.17716,-40.27767],[-72.19034,-40.26868],[-72.1971,-40.26301],[-72.19867,-40.2615],[-72.20608,-40.25543],[-72.20643,-40.25524],[-72.21056,-40.25435],[-72.21184,-40.25379],[-72.21224,-40.25384],[-72.21257,-40.25427],[-72.21323,-40.2542],[-72.21398,-40.25332],[-72.21458,-40.25321],[-72.21531,-40.25338],[-72.21612,-40.25277],[-72.21666,-40.25282],[-72.21753,-40.25328],[-72.21806,-40.25331],[-72.22021,-40.25253],[-72.22146,-40.25106],[-72.22203,-40.24974],[-72.22311,-40.24885],[-72.22386,-40.24753],[-72.2251,-40.24636],[-72.2281,-40.24512],[-72.22894,-40.24519],[-72.22911,-40.24501],[-72.22884,-40.24438],[-72.22906,-40.2439],[-72.23162,-40.24267],[-72.23307,-40.24214],[-72.23592,-40.24232],[-72.23995,-40.24033],[-72.24207,-40.23907],[-72.24692,-40.23514]]}},
{"type":"Feature","properties":{"volcan":"Puyehue-Caulle","Shape__Len":0.130490488155},"geometry":{"type":"LineString","coordinates":[[-72.47141,-40.44648],[-72.47239,-40.4467],[-72.47307,-40.44665],[-72.47392,-40.44615],[-72.47422,-40.4461],[-72.47452,-40.4463],[-72.475,-40.44617],[-72.47608,-40.44553],[-72.47629,-40.44499],[-72.4762,-40.44458],[-72.47637,-40.44442],[-72.47693,-40.44456],[-72.47768,-40.4445],[-72.47833,-40.44385],[-72.47905,-40.44347],[-72.48124,-40.44343],[-72.48421,-40.44281],[-72.48545,-40.44231],[-72.48645,-40.44139],[-72.48755,-40.44116],[-72.49113,-40.44143],[-72.49261,-40.44104],[-72.49375,-40.44099],[-72.49622,-40.44115],[-72.49679,-40.44139],[-72.50141,-40.44189],[-72.50212,-40.44207],[-72.50434,-40.44334],[-72.50726,-40.44435],[-72.51082,-40.44515],[-72.5129,-40.44509],[-72.51379,-40.44438],[-72.51468,-40.44307],[-72.51621,-40.44231],[-72.5172,-40.4415],[-72.5183,-40.44101],[-72.51911,-40.44074],[-72.5221,-40.44057],[-72.52523,-40.44011],[-72.52827,-40.43819],[-72.52932,-40.43705],[-72.53074,-40.43621],[-72.53097,-40.43529],[-72.53121,-40.43496],[-72.53453,-40.43304],[-72.53604,-40.4326],[-72.54151,-40.43283],[-72.54571,-40.43227],[-72.54806,-40.4301],[-72.5491,-40.42949],[-72.55019,-40.42926],[-72.55277,-40.42936],[-72.55518,-40.42982],[-72.55823,-40.42909],[-72.55992,-40.42886],[-72.56149,-40.4287],[-72.56342,-40.42875],[-72.56964,-40.43083],[-72.57567,-40.43146],[-72.57952,-40.43213],[-72.59094,-40.43161],[-72.59234,-40.43116]]}},
{"type":"Feature","properties":{"volcan":"Puyehue-Caulle","Shape__Len":0.17588949288},"geometry":{"type":"LineString","coordinates":[[-72.40102,-40.56787],[-72.40844,-40.56947],[-72.41658,-40.56817],[-72.41918,-40.56678],[-72.42659,-40.56427],[-72.4328,-40.56375],[-72.43389,-40.56349],[-72.43559,-40.5622],[-72.43799,-40.55887],[-72.43977,-40.55791],[-72.44077,-40.55769],[-72.44481,-40.55875],[-72.45212,-40.5617],[-72.45613,-40.56202],[-72.46362,-40.56123],[-72.46859,-40.56092],[-72.48024,-40.56044],[-72.48299,-40.5607],[-72.48898,-40.5621],[-72.49586,-40.56555],[-72.50288,-40.56835],[-72.50412,-40.56869],[-72.50442,-40.56887],[-72.5047,-40.56933],[-72.50496,-40.56942],[-72.5062,-40.56943],[-72.50894,-40.56889],[-72.51312,-40.56836],[-72.54232,-40.5673],[-72.55436,-40.56948],[-72.56139,-40.57111],[-72.57007,-40.57075]]}},
{"type":"Feature","properties":{"volcan":"Puyehue-Caulle","Shape__Len":0.098425387717900006},"geometry":{"type":"LineString","coordinates":[[-72.40177,-40.60384],[-72.40452,-40.60836],[-72.4084,-40.60804],[-72.41066,-40.60577],[-72.41211,-40.60561],[-72.41325,-40.60464],[-72.4168,-40.60513],[-72.42892,-40.60529],[-72.43296,-40.60448],[-72.43829,-40.60125],[-72.44072,-40.60125],[-72.44379,-40.60044],[-72.44605,-40.60157],[-72.45154,-40.6019],[-72.45736,-40.60319],[-72.45994,-40.60464],[-72.46479,-40.604],[-72.4656,-40.60319],[-72.46899,-40.60513],[-72.46964,-40.60464],[-72.47029,-40.60513],[-72.47045,-40.6061],[-72.47255,-40.60755],[-72.47739,-40.60933],[-72.47885,-40.61062],[-72.48208,-40.6124],[-72.48402,-40.61579],[-72.4858,-40.61741],[-72.48564,-40.61967]]}},
{"type":"Feature","properties":{"volcan":"Puyehue-Caulle","Shape__Len":0.13127445294100001},"geometry":{"type":"LineString","coordinates":[[-72.44832,-40.38501],[-72.46247,-40.38254],[-72.46536,-40.38106],[-72.46767,-40.3805],[-72.46807,-40.3797],[-72.46906,-40.37874],[-72.47031,-40.37854],[-72.47087,-40.3781],[-72.47327,-40.37733],[-72.47414,-40.3775],[-72.47504,-40.37812],[-72.47579,-40.3782],[-72.47634,-40.37816],[-72.47861,-40.37745],[-72.48195,-40.37722],[-72.48291,-40.37691],[-72.48904,-40.37408],[-72.49064,-40.3736],[-72.49262,-40.37262],[-72.49421,-40.37265],[-72.49601,-40.37312],[-72.4965,-40.37264],[-72.49673,-40.37193],[-72.49582,-40.36986],[-72.49587,-40.36882],[-72.49871,-40.36763],[-72.50164,-40.36523],[-72.50409,-40.36473],[-72.50725,-40.36314],[-72.50871,-40.36212],[-72.5108,-40.36144],[-72.51409,-40.36046],[-72.52052,-40.35917],[-72.52449,-40.35721],[-72.52871,-40.35641],[-72.53009,-40.35593],[-72.53363,-40.354],[-72.53685,-40.35147],[-72.54002,-40.34963],[-72.54035,-40.34884],[-72.54036,-40.34558],[-72.54068,-40.3449],[-72.54601,-40.3431],[-72.54772,-40.34196],[-72.54804,-40.33983],[-72.55066,-40.33609],[-72.55128,-40.33455],[-72.55138,-40.33311],[-72.55317,-40.33222],[-72.55473,-40.33086]]}},
{"type":"Feature","properties":{"volcan":"Puyehue-Caulle","Shape__Len":0.097740886642200001},"geometry":{"type":"LineString","coordinates":[[-72.48568,-40.62028],[-72.48935,-40.62029],[-72.50291,-40.62184],[-72.50933,-40.62315],[-72.51236,-40.62294],[-72.5138,-40.62302],[-72.54274,-40.62943],[-72.55678,-40.62943],[-72.56516,-40.63077],[-72.57899,-40.62759],[-72.5814,-40.62755],[-72.58186,-40.62783]]}},
{"type":"Feature","properties":{"volcan":"Puyehue-Caulle","Shape__Len":0.11838421195399999},"geometry":{"type":"LineString","coordinates":[[-72.44522,-40.58377],[-72.4512,-40.58404],[-72.45241,-40.58393],[-72.45429,-40.58347],[-72.45637,-40.58335],[-72.45832,-40.58343],[-72.46285,-40.58404],[-72.46432,-40.584],[-72.46952,-40.58509],[-72.47102,-40.58594],[-72.47394,-40.58714],[-72.47582,-40.58764],[-72.4765,-40.58757],[-72.48061,-40.58636],[-72.4834,-40.58674],[-72.4869,-40.5875],[-72.489,-40.58739],[-72.49036,-40.58793],[-72.49285,-40.58835],[-72.49692,-40.59085],[-72.49887,-40.59554],[-72.49924,-40.59595],[-72.50075,-40.59644],[-72.50333,-40.59631],[-72.506,-40.59656],[-72.5068,-40.59834],[-72.50907,-40.59899],[-72.51456,-40.60093],[-72.51876,-40.60658],[-72.5186,-40.60836],[-72.52054,-40.61175],[-72.53944,-40.62581],[-72.54445,-40.62856]]}},
{"type":"Feature","properties":{"volcan":"Puyehue-Caulle","Shape__Len":0.13024002678400001},"geometry":{"type":"LineString","coordinates":[[-72.50046,-40.50789],[-72.50593,-40.50707],[-72.50976,-40.50556],[-72.51127,-40.50584],[-72.51332,-40.50679],[-72.51428,-40.50693],[-72.51523,-40.50611],[-72.5166,-40.50625],[-72.52071,-40.50721],[-72.52208,-40.50543],[-72.5255,-40.50392],[-72.52659,-40.50392],[-72.52933,-40.50173],[-72.52974,-40.50064],[-72.53548,-40.49626],[-72.55368,-40.49421],[-72.56039,-40.49133],[-72.56271,-40.49188],[-72.57338,-40.49229],[-72.57776,-40.49298],[-72.58679,-40.49147],[-72.59117,-40.49202],[-72.59582,-40.49325],[-72.5976,-40.49311],[-72.60212,-40.49147],[-72.61033,-40.48928],[-72.61594,-40.48696],[-72.62292,-40.48463]]}},
{"type":"Feature","properties":{"volcan":"Puyehue-Caulle","Shape__Len":0.034309905943900001},"geometry":{"type":"LineString","coordinates":[[-71.9925,-40.316],[-71.99133,-40.31535],[-71.98868,-40.31458],[-71.98656,-40.31433],[-71.98533,-40.31476],[-71.98504,-40.3152],[-71.98463,-40.31543],[-71.98425,-40.31543],[-71.98349,-40.31587],[-71.98272,-40.31593],[-71.98227,-40.31617],[-71.97864,-40.32054],[-71.97795,-40.32101],[-71.97499,-40.32179],[-71.97241,-40.32197],[-71.97157,-40.32232],[-71.96927,-40.32245],[-71.96669,-40.32227],[-71.9661,-40.32138],[-71.96514,-40.32037],[-71.9625,-40.3196]]}},
{"type":"Feature","properties":{"volcan":"Puyehue-Caulle","Shape__Len":0.0056009053122300003},"geometry":{"type":"LineString","coordinates":[[-71.94388,-40.32331],[-71.94588,-40.32388],[-71.94722,-40.32373],[-71.94873,-40.32314],[-71.94924,-40.32334]]}},
{"type":"Feature","properties":{"volcan":"Puyehue-Caulle","Shape__Len":0.0040502128309700004},"geometry":{"type":"LineString","coordinates":[[-71.95231,-40.31306],[-71.95312,-40.31703]]}},
{"type":"Feature","properties":{"volcan":"Puyehue-Caulle","Shape__Len":0.038290952126799997},"geometry":{"type":"LineString","coordinates":[[-72.12416,-40.34394],[-72.12783,-40.34387],[-72.1283,-40.34374],[-72.12871,-40.34348],[-72.12912,-40.34291],[-72.13279,-40.34144],[-72.1344,-40.34122],[-72.13569,-40.34066],[-72.13839,-40.33854],[-72.13922,-40.33829],[-72.14308,-40.33512],[-72.14334,-40.33431],[-72.14431,-40.33387],[-72.14491,-40.33302],[-72.14582,-40.33252],[-72.14683,-40.33133],[-72.14763,-40.32947],[-72.15186,-40.32596],[-72.15358,-40.32379],[-72.15419,-40.32335]]}},
{"type":"Feature","properties":{"volcan":"Puyehue-Caulle","Shape__Len":0.054874583624400002},"geometry":{"type":"LineString","coordinates":[[-72.16396,-40.33433],[-72.18106,-40.32768],[-72.18218,-40.32595],[-72.18372,-40.32402],[-72.18537,-40.32378],[-72.18834,-40.3238],[-72.19091,-40.32401],[-72.19329,-40.32335],[-72.19738,-40.32256],[-72.20001,-40.32137],[-72.20176,-40.32087],[-72.20364,-40.32131],[-72.2045,-40.32122],[-72.207,-40.32028],[-72.19927,-40.31834]]}},
{"type":"Feature","properties":{"volcan":"Puyehue-Caulle","Shape__Len":0.16066375885},"geometry":{"type":"LineString","coordinates":[[-72.25939,-40.33555],[-72.2622,-40.33479],[-72.2636,-40.33474],[-72.26637,-40.3337],[-72.26725,-40.33367],[-72.26866,-40.33312],[-72.27299,-40.33314],[-72.27706,-40.33359],[-72.27884,-40.33347],[-72.28118,-40.33293],[-72.28375,-40.33297],[-72.28464,-40.33314],[-72.28605,-40.33394],[-72.28692,-40.33408],[-72.28996,-40.33335],[-72.29334,-40.33311],[-72.30157,-40.33137],[-72.30374,-40.33144],[-72.3055,-40.33091],[-72.30604,-40.3301],[-72.30657,-40.33002],[-72.30753,-40.33017],[-72.30906,-40.33092],[-72.31024,-40.33091],[-72.31111,-40.33121],[-72.31258,-40.33121],[-72.31414,-40.33076],[-72.3154,-40.33071],[-72.31587,-40.33055],[-72.32082,-40.32654],[-72.32162,-40.32624],[-72.32945,-40.3255],[-72.33286,-40.32475],[-72.33402,-40.32495],[-72.33849,-40.32625],[-72.33987,-40.32639],[-72.3407,-40.3263],[-72.34308,-40.32537],[-72.34673,-40.32531],[-72.35076,-40.323],[-72.35161,-40.32272],[-72.35483,-40.32309],[-72.35724,-40.32282],[-72.36243,-40.32288],[-72.36826,-40.32196],[-72.37851,-40.32344],[-72.38119,-40.32317],[-72.38281,-40.32338],[-72.38669,-40.32339],[-72.38999,-40.32517],[-72.39408,-40.3248],[-72.40829,-40.32755],[-72.41426,-40.3262]]}},
{"type":"Feature","properties":{"volcan":"Puyehue-Caulle","Shape__Len":0.14619520775600001},"geometry":{"type":"LineString","coordinates":[[-72.41426,-40.3262],[-72.41863,-40.32521],[-72.42162,-40.32497],[-72.42557,-40.32435],[-72.42715,-40.32366],[-72.43455,-40.31926],[-72.43502,-40.31911],[-72.43636,-40.31949],[-72.43692,-40.31947],[-72.43878,-40.31775],[-72.44068,-40.31716],[-72.45669,-40.31653],[-72.47091,-40.32088],[-72.47219,-40.32103],[-72.47781,-40.32294],[-72.48384,-40.32473],[-72.48698,-40.32544],[-72.48891,-40.32557],[-72.49443,-40.32518],[-72.49956,-40.32576],[-72.50065,-40.32621],[-72.50982,-40.33198],[-72.52111,-40.33173],[-72.52471,-40.3325],[-72.5407,-40.32879],[-72.54835,-40.33016],[-72.55301,-40.33015],[-72.55424,-40.33051]]}},
{"type":"Feature","properties":{"volcan":"Puyehue-Caulle","Shape__Len":0.075348755080099999},"geometry":{"type":"LineString","coordinates":[[-72.00749,-40.25656],[-72.007,-40.26007],[-72.00736,-40.26145],[-72.00695,-40.26239],[-72.00681,-40.26349],[-72.00627,-40.26447],[-72.0057,-40.26468],[-72.00387,-40.2673],[-72.00317,-40.26861],[-72.00231,-40.26956],[-72.00215,-40.27006],[-72.00249,-40.27177],[-72.00245,-40.27245],[-72.00211,-40.27321],[-72.00005,-40.27444],[-71.99886,-40.27493],[-71.99758,-40.27487],[-71.99425,-40.2754],[-71.99365,-40.27571],[-71.99286,-40.27739],[-71.99218,-40.27838],[-71.99169,-40.27967],[-71.98966,-40.28025],[-71.98692,-40.2807],[-71.98666,-40.28123],[-71.98575,-40.28164],[-71.98447,-40.28264],[-71.98423,-40.28274],[-71.98373,-40.28262],[-71.98301,-40.28215],[-71.98245,-40.28277],[-71.98241,-40.2831],[-71.9828,-40.28365],[-71.98309,-40.28465],[-71.98268,-40.28583],[-71.98319,-40.28693],[-71.98302,-40.28854],[-71.9824,-40.28956],[-71.98048,-40.28998],[-71.98085,-40.29234],[-71.97967,-40.29355],[-71.97977,-40.29451],[-71.97872,-40.29472],[-71.97718,-40.29625],[-71.97743,-40.29697],[-71.97728,-40.29732],[-71.97733,-40.29777],[-71.97713,-40.29844],[-71.97676,-40.29887],[-71.97631,-40.29923],[-71.97479,-40.29942],[-71.97442,-40.29975],[-71.97339,-40.30143],[-71.97189,-40.30147],[-71.97166,-40.30163],[-71.97168,-40.30213],[-71.97235,-40.30281],[-71.97354,-40.30338],[-71.97609,-40.30367],[-71.97605,-40.30403]]}},
{"type":"Feature","properties":{"volcan":"Puyehue-Caulle","Shape__Len":0.055856484646099998},"geometry":{"type":"LineString","coordinates":[[-72.19919,-40.31835],[-72.19854,-40.31797],[-72.196,-40.31564],[-72.19159,-40.313],[-72.18264,-40.30996],[-72.17647,-40.30774],[-72.17592,-40.30738],[-72.17544,-40.30255],[-72.18104,-40.28997],[-72.18111,-40.28887],[-72.18054,-40.28786],[-72.17997,-40.28719],[-72.17928,-40.28683],[-72.17212,-40.2854]]}},
{"type":"Feature","properties":{"volcan":"Puyehue-Caulle","Shape__Len":0.0085133185737499995},"geometry":{"type":"LineString","coordinates":[[-72.15585,-40.31474],[-72.15665,-40.31655],[-72.15702,-40.31849],[-72.15659,-40.31964],[-72.1557,-40.32118],[-72.15571,-40.32153],[-72.15641,-40.32252]]}},
{"type":"Feature","properties":{"volcan":"Puyehue-Caulle","Shape__Len":0.076251610600800004},"geometry":{"type":"LineString","coordinates":[[-72.0072,-40.19059],[-72.00654,-40.19079],[-72.00644,-40.19139],[-72.00543,-40.19286],[-72.00412,-40.19748],[-72.00318,-40.19884],[-72.00319,-40.19921],[-72.00357,-40.19966],[-72.00284,-40.20236],[-72.00074,-40.20553],[-72.00038,-40.20807],[-72.00047,-40.20846],[-72.00181,-40.21031],[-72.00212,-40.21114],[-72.00215,-40.21286],[-72.00187,-40.21315],[-72.00097,-40.21325],[-72.00086,-40.21339],[-72.00176,-40.21507],[-72.00197,-40.216],[-72.00179,-40.21651],[-72.00113,-40.21721],[-72.00145,-40.21844],[-72.00268,-40.21986],[-72.00301,-40.22059],[-72.00307,-40.22145],[-72.00283,-40.22195],[-72.00107,-40.22395],[-72.00125,-40.22501],[-72.00162,-40.22587],[-72.00145,-40.22823],[-72.00225,-40.22899],[-72.00349,-40.23142],[-72.00357,-40.2348],[-72.00376,-40.23542],[-72.00506,-40.23727],[-72.006,-40.23823],[-72.00727,-40.2388],[-72.00729,-40.2406],[-72.00771,-40.24181],[-72.01096,-40.24672],[-72.01116,-40.24763],[-72.0111,-40.24848],[-72.01082,-40.24888],[-72.01143,-40.25165],[-72.00989,-40.25259],[-72.00916,-40.2533],[-72.0077,-40.25606]]}},
{"type":"Feature","properties":{"volcan":"Puyehue-Caulle","Shape__Len":0.035174883640899997},"geometry":{"type":"LineString","coordinates":[[-72.22604,-40.33136],[-72.22772,-40.33246],[-72.22935,-40.33317],[-72.23472,-40.33445],[-72.2398,-40.33639],[-72.2437,-40.33679],[-72.24514,-40.33735],[-72.24604,-40.33707],[-72.24702,-40.33649],[-72.24755,-40.3364],[-72.24884,-40.3367],[-72.24981,-40.33641],[-72.25059,-40.33593],[-72.25265,-40.3363],[-72.25402,-40.33622],[-72.2555,-40.33582],[-72.25702,-40.3362],[-72.25939,-40.33555]]}},
{"type":"Feature","properties":{"volcan":"Puyehue-Caulle","Shape__Len":0.016522374392300001},"geometry":{"type":"LineString","coordinates":[[-72.15419,-40.32335],[-72.15643,-40.32259],[-72.1568,-40.32302],[-72.15703,-40.32369],[-72.15711,-40.32482],[-72.16396,-40.33433]]}},
{"type":"Feature","properties":{"volcan":"Puyehue-Caulle","Shape__Len":0.055314446404699999},"geometry":{"type":"LineString","coordinates":[[-72.13722,-40.32393],[-72.13759,-40.32362],[-72.13897,-40.32126],[-72.13965,-40.31954],[-72.14083,-40.31848],[-72.14804,-40.31396],[-72.1509,-40.31303],[-72.15395,-40.31228],[-72.15582,-40.31132],[-72.15745,-40.30995],[-72.15901,-40.30758],[-72.16027,-40.30636],[-72.16254,-40.30523],[-72.16362,-40.30439],[-72.16539,-40.30258],[-72.16591,-40.30199],[-72.16636,-40.30111],[-72.16669,-40.29882],[-72.16788,-40.29583],[-72.16807,-40.2936],[-72.16843,-40.29248],[-72.16912,-40.29111],[-72.17,-40.29],[-72.17036,-40.28925],[-72.17073,-40.28757],[-72.17169,-40.28537]]}},
{"type":"Feature","properties":{"volcan":"Puyehue-Caulle","Shape__Len":0.0271706527951},"geometry":{"type":"LineString","coordinates":[[-72.10364,-40.35005],[-72.10458,-40.34925],[-72.10547,-40.34767],[-72.10587,-40.34725],[-72.10571,-40.34684],[-72.10595,-40.34613],[-72.10713,-40.34503],[-72.11096,-40.34239],[-72.11345,-40.34128],[-72.11427,-40.34025],[-72.11619,-40.33936],[-72.1166,-40.33927],[-72.11793,-40.33965],[-72.11923,-40.34089],[-72.12023,-40.34156],[-72.12066,-40.34251],[-72.12111,-40.3428],[-72.12315,-40.34294],[-72.12415,-40.34394]]}},
{"type":"Feature","properties":{"volcan":"Puyehue-Caulle","Shape__Len":0.025712081597800002},"geometry":{"type":"LineString","coordinates":[[-71.93283,-40.31699],[-71.93396,-40.31738],[-71.9351,-40.31801],[-71.93591,-40.31887],[-71.93758,-40.31968],[-71.93818,-40.32018],[-71.93861,-40.32026],[-71.94054,-40.3194],[-71.94513,-40.31824],[-71.95129,-40.31745],[-71.95566,-40.3172],[-71.95632,-40.31758],[-71.95644,-40.31832]]}},
{"type":"Feature","properties":{"volcan":"Puyehue-Caulle","Shape__Len":0.0082652017067300007},"geometry":{"type":"LineString","coordinates":[[-71.95646,-40.31839],[-71.95568,-40.31965],[-71.95403,-40.32105],[-71.95317,-40.32246],[-71.95193,-40.32346],[-71.95063,-40.32385]]}},
{"type":"Feature","properties":{"volcan":"Puyehue-Caulle","Shape__Len":0.065152354797900006},"geometry":{"type":"LineString","coordinates":[[-72.42104,-40.62337],[-72.43049,-40.62342],[-72.43822,-40.62312],[-72.45422,-40.61934],[-72.47085,-40.62041],[-72.48568,-40.62028]]}},
{"type":"Feature","properties":{"volcan":"Puyehue-Caulle","Shape__Len":0.0191423886777},"geometry":{"type":"LineString","coordinates":[[-71.98733,-40.36211],[-71.98618,-40.3612],[-71.98663,-40.36038],[-71.98595,-40.3593],[-71.98527,-40.35932],[-71.98475,-40.35955],[-71.98425,-40.35943],[-71.98441,-40.35895],[-71.98469,-40.3587],[-71.98566,-40.35831],[-71.986,-40.35798],[-71.98611,-40.35771],[-71.98596,-40.35733],[-71.9855,-40.35688],[-71.98382,-40.35639],[-71.98266,-40.35636],[-71.98172,-40.3571],[-71.98007,-40.35773],[-71.98028,-40.35699],[-71.97971,-40.35666],[-71.98084,-40.356],[-71.98102,-40.355]]}},
{"type":"Feature","properties":{"volcan":"Puyehue-Caulle","Shape__Len":0.021781657137200001},"geometry":{"type":"LineString","coordinates":[[-71.99746,-40.37651],[-71.99547,-40.37496],[-71.99476,-40.37403],[-71.99487,-40.37349],[-71.99449,-40.37273],[-71.99421,-40.37055],[-71.99435,-40.36996],[-71.99403,-40.3696],[-71.99411,-40.36886],[-71.99397,-40.36826],[-71.99354,-40.36824],[-71.99327,-40.36906],[-71.99275,-40.36945],[-71.9915,-40.36922],[-71.99072,-40.36856],[-71.98991,-40.36739],[-71.98983,-40.36591],[-71.98925,-40.36438],[-71.9885,-40.3631],[-71.98733,-40.36211]]}},
{"type":"Feature","properties":{"volcan":"Puyehue-Caulle","Shape__Len":0.016210983603800001},"geometry":{"type":"MultiLineString","coordinates":[[[-71.98102,-40.355],[-71.98147,-40.35442],[-71.98167,-40.35383],[-71.98131,-40.35349],[-71.98121,-40.35413],[-71.9796,-40.35465],[-71.97866,-40.35532],[-71.97811,-40.35542],[-71.97779,-40.35559],[-71.97769,-40.35618],[-71.97647,-40.3567],[-71.97631,-40.35661],[-71.97671,-40.35593],[-71.97717,-40.35577],[-71.9774,-40.35484],[-71.97789,-40.35454],[-71.97798,-40.35409],[-71.97758,-40.35342],[-71.97723,-40.35315],[-71.97649,-40.35309]],[[-71.97648,-40.35312],[-71.97589,-40.35341],[-71.97518,-40.35337],[-71.97411,-40.35289]]]}},
{"type":"Feature","properties":{"volcan":"Taapacá","Shape__Len":0.053175537177100003},"geometry":{"type":"LineString","coordinates":[[-69.56662,-18.03318],[-69.56864,-18.02977],[-69.57057,-18.02765],[-69.57153,-18.02605],[-69.57757,-18.02073],[-69.58347,-18.01501],[-69.58734,-18.01201],[-69.58951,-18.01113],[-69.59097,-18.01097],[-69.59338,-18.01029],[-69.59831,-18.00979],[-69.60213,-18.00868],[-69.6072,-18.0085],[-69.61014,-18.00798]]}},
{"type":"Feature","properties":{"volcan":"Taapacá","Shape__Len":0.085363820498600002},"geometry":{"type":"LineString","coordinates":[[-69.50232,-18.17748],[-69.51031,-18.18148],[-69.5126,-18.18141],[-69.513,-18.1811],[-69.5131,-18.1807],[-69.51288,-18.1803],[-69.5122,-18.17981],[-69.51218,-18.17926],[-69.5128,-18.17816],[-69.51328,-18.17771],[-69.51378,-18.17771],[-69.51437,-18.17792],[-69.51869,-18.18212],[-69.5197,-18.18424],[-69.51965,-18.18485],[-69.51936,-18.18527],[-69.5188,-18.18563],[-69.51883,-18.18603],[-69.52012,-18.18667],[-69.5205,-18.18804],[-69.52093,-18.18858],[-69.52147,-18.18881],[-69.52277,-18.1887],[-69.52354,-18.18886],[-69.52458,-18.18992],[-69.52597,-18.19075],[-69.52758,-18.19256],[-69.52897,-18.19591],[-69.52916,-18.19662],[-69.52876,-18.19707],[-69.52711,-18.19721],[-69.52685,-18.19773],[-69.52696,-18.19827],[-69.52744,-18.19853],[-69.52819,-18.19853],[-69.52878,-18.19881],[-69.52911,-18.19926],[-69.52909,-18.19981],[-69.52854,-18.2004],[-69.52685,-18.20134],[-69.52595,-18.20153],[-69.52586,-18.20174],[-69.5276,-18.20341],[-69.52861,-18.20332],[-69.52918,-18.20365],[-69.52944,-18.2044],[-69.53012,-18.20542],[-69.52972,-18.20636],[-69.52918,-18.20683],[-69.52793,-18.20728],[-69.5281,-18.20754],[-69.52996,-18.20747],[-69.53079,-18.20702],[-69.53186,-18.20615],[-69.53227,-18.20615],[-69.53317,-18.20657],[-69.53354,-18.20719],[-69.53321,-18.20813],[-69.53331,-18.20851],[-69.5338,-18.20853],[-69.53456,-18.20827],[-69.53508,-18.20747],[-69.53574,-18.207],[-69.53722,-18.207],[-69.53876,-18.20738],[-69.53986,-18.20818],[-69.54093,-18.20811],[-69.54208,-18.2086],[-69.54251,-18.20896],[-69.54262,-18.2095],[-69.54286,-18.20971],[-69.54319,-18.20959],[-69.54359,-18.20874],[-69.54485,-18.20795]]}},
{"type":"Feature","properties":{"volcan":"Taapacá","Shape__Len":0.016602451679199999},"geometry":{"type":"LineString","coordinates":[[-69.54788,-18.19654],[-69.54685,-18.19582],[-69.54611,-18.19571],[-69.54622,-18.19654],[-69.54611,-18.19708],[-69.54577,-18.19748],[-69.54404,-18.19883],[-69.54207,-18.19932],[-69.54214,-18.19981],[-69.54268,-18.2008],[-69.54245,-18.20156],[-69.54187,-18.20239],[-69.54084,-18.2047],[-69.54039,-18.20488],[-69.53969,-18.20488],[-69.53857,-18.2053]]}},
{"type":"Feature","properties":{"volcan":"Taapacá","Shape__Len":0.0113208452658},"geometry":{"type":"LineString","coordinates":[[-69.55804,-18.19762],[-69.55526,-18.19681],[-69.5545,-18.19681],[-69.55302,-18.19802],[-69.5523,-18.19842],[-69.55165,-18.19849],[-69.551,-18.19833],[-69.54788,-18.19654]]}},
{"type":"Feature","properties":{"volcan":"Taapacá","Shape__Len":0.0094149241036100006},"geometry":{"type":"LineString","coordinates":[[-69.53857,-18.2053],[-69.53815,-18.20551],[-69.53815,-18.20578],[-69.53864,-18.20636],[-69.54216,-18.20811],[-69.54342,-18.20811],[-69.54579,-18.20707]]}},
{"type":"Feature","properties":{"volcan":"Taapacá","Shape__Len":0.0039122563314700001},"geometry":{"type":"LineString","coordinates":[[-69.54579,-18.20707],[-69.54676,-18.2074],[-69.54837,-18.20726],[-69.54954,-18.20677]]}},
{"type":"Feature","properties":{"volcan":"Taapacá","Shape__Len":0.017476029232499999},"geometry":{"type":"LineString","coordinates":[[-69.54485,-18.20795],[-69.54586,-18.20775],[-69.54623,-18.20804],[-69.54652,-18.20867],[-69.54699,-18.20877],[-69.5502,-18.20645],[-69.5542,-18.2044],[-69.55468,-18.20431],[-69.55508,-18.20448],[-69.55708,-18.20606],[-69.5577,-18.20686],[-69.55876,-18.20749],[-69.55911,-18.20799]]}},
{"type":"Feature","properties":{"volcan":"Taapacá","Shape__Len":0.075845714774600004},"geometry":{"type":"LineString","coordinates":[[-69.5615,-18.2576],[-69.56123,-18.25881],[-69.56037,-18.26111],[-69.55904,-18.26292],[-69.55894,-18.2633],[-69.55913,-18.26368],[-69.56056,-18.26492],[-69.56094,-18.26549],[-69.56113,-18.26749],[-69.56132,-18.26796],[-69.56228,-18.26796],[-69.56294,-18.26682],[-69.56389,-18.26615],[-69.56446,-18.26606],[-69.56561,-18.26701],[-69.56627,-18.2672],[-69.56741,-18.26825],[-69.56789,-18.26844],[-69.56894,-18.26825],[-69.5697,-18.26844],[-69.57017,-18.26958],[-69.57075,-18.26977],[-69.57113,-18.26948],[-69.57189,-18.27034],[-69.57246,-18.27053],[-69.57379,-18.26967],[-69.57427,-18.26977],[-69.57455,-18.27044],[-69.57512,-18.27053],[-69.5776,-18.27015],[-69.57846,-18.27091],[-69.57912,-18.27091],[-69.57941,-18.27139],[-69.5795,-18.27234],[-69.58055,-18.2731],[-69.58074,-18.27377],[-69.58026,-18.27462],[-69.5795,-18.27539],[-69.5795,-18.27586],[-69.58083,-18.27634],[-69.58122,-18.27662],[-69.58112,-18.27796],[-69.58131,-18.27805],[-69.58331,-18.27777],[-69.58398,-18.279],[-69.58407,-18.27948],[-69.58379,-18.28157],[-69.58388,-18.28233],[-69.58455,-18.283],[-69.58578,-18.28329],[-69.58702,-18.28528],[-69.58693,-18.28595],[-69.58559,-18.28747],[-69.5855,-18.28804],[-69.58788,-18.28938],[-69.58826,-18.28995],[-69.58921,-18.29366],[-69.59226,-18.29509],[-69.59492,-18.29575],[-69.59511,-18.29632],[-69.59502,-18.29709],[-69.59435,-18.2987],[-69.59433,-18.30023]]}},
{"type":"Feature","properties":{"volcan":"Taapacá","Shape__Len":0.066869980314900004},"geometry":{"type":"LineString","coordinates":[[-69.55911,-18.20811],[-69.55916,-18.20917],[-69.5606,-18.21042],[-69.56107,-18.21058],[-69.56258,-18.21025],[-69.5631,-18.21028],[-69.56354,-18.21051],[-69.56369,-18.2111],[-69.56345,-18.2115],[-69.56204,-18.21231],[-69.56166,-18.21299],[-69.5617,-18.21466],[-69.56149,-18.21558],[-69.56102,-18.21654],[-69.56012,-18.21735],[-69.55991,-18.21948],[-69.56031,-18.22016],[-69.56043,-18.22103],[-69.55957,-18.22274],[-69.55953,-18.22337],[-69.5597,-18.22391],[-69.56047,-18.2248],[-69.56069,-18.22556],[-69.5606,-18.22628],[-69.56032,-18.22683],[-69.5597,-18.22731],[-69.55639,-18.22776],[-69.5546,-18.22915],[-69.55348,-18.22928],[-69.55262,-18.22897],[-69.552,-18.22839],[-69.55115,-18.22628],[-69.54958,-18.22453],[-69.54855,-18.22373],[-69.54725,-18.22364],[-69.54622,-18.224],[-69.5455,-18.22537],[-69.54577,-18.22615],[-69.54586,-18.22709],[-69.54537,-18.22785],[-69.54465,-18.22843],[-69.54438,-18.22906],[-69.54442,-18.22987],[-69.54546,-18.23197],[-69.54559,-18.23291],[-69.54519,-18.23363],[-69.54384,-18.23515],[-69.54384,-18.23596],[-69.54411,-18.23668],[-69.54487,-18.23721],[-69.54644,-18.23744],[-69.54877,-18.23865],[-69.54976,-18.23946],[-69.54998,-18.24004],[-69.54976,-18.24111],[-69.54806,-18.24233]]}},
{"type":"Feature","properties":{"volcan":"Taapacá","Shape__Len":0.061420246881599999},"geometry":{"type":"LineString","coordinates":[[-69.59433,-18.30023],[-69.59426,-18.30527],[-69.59702,-18.30927],[-69.59711,-18.31003],[-69.59635,-18.32117],[-69.59606,-18.32164],[-69.59426,-18.3225],[-69.58797,-18.32259],[-69.58769,-18.32307],[-69.58674,-18.32745],[-69.5855,-18.32792],[-69.58398,-18.32707],[-69.58226,-18.3265],[-69.58226,-18.32859],[-69.58207,-18.32926],[-69.5816,-18.32964],[-69.57893,-18.32973],[-69.57827,-18.33011],[-69.57827,-18.33068],[-69.57865,-18.33116],[-69.58122,-18.33192],[-69.58198,-18.33297],[-69.58207,-18.33355],[-69.58154,-18.33505],[-69.58182,-18.33548],[-69.58234,-18.33554],[-69.58329,-18.33536],[-69.5874,-18.33746]]}},
{"type":"Feature","properties":{"volcan":"Taapacá","Shape__Len":0.024167849832700001},"geometry":{"type":"LineString","coordinates":[[-69.64821,-17.98205],[-69.64938,-17.98225],[-69.65091,-17.98302],[-69.65366,-17.98294],[-69.65523,-17.98213],[-69.65645,-17.98108],[-69.65754,-17.97966],[-69.65782,-17.97954],[-69.65802,-17.97966],[-69.65818,-17.98003],[-69.65847,-17.9833],[-69.65883,-17.98475],[-69.65923,-17.98588],[-69.65968,-17.98653],[-69.66069,-17.98746],[-69.66081,-17.9879],[-69.66089,-17.98847],[-69.66045,-17.99166]]}},
{"type":"Feature","properties":{"volcan":"Taapacá","Shape__Len":0.106778232316},"geometry":{"type":"LineString","coordinates":[[-69.61014,-18.00798],[-69.62163,-18.00601],[-69.62232,-18.00557],[-69.62275,-18.00568],[-69.62391,-18.00814],[-69.62485,-18.00952],[-69.62434,-18.00749],[-69.62426,-18.00462],[-69.62221,-18.00409],[-69.62084,-18.00319],[-69.62044,-18.00199],[-69.62058,-18.00174],[-69.62138,-18.00167],[-69.62236,-18.00206],[-69.62315,-18.00159],[-69.62377,-18.00098],[-69.6246,-18.00094],[-69.62481,-18.00026],[-69.6251,-17.9999],[-69.62599,-17.99938],[-69.62676,-17.99958],[-69.62704,-17.9995],[-69.62615,-17.99901],[-69.62542,-17.99925],[-69.62405,-17.99921],[-69.62344,-17.99966],[-69.62207,-17.99954],[-69.62203,-17.99938],[-69.62272,-17.99929],[-69.62332,-17.99901],[-69.62668,-17.99643],[-69.62724,-17.99643],[-69.62862,-17.99606],[-69.62906,-17.99614],[-69.62954,-17.99748],[-69.63039,-17.9976],[-69.63173,-17.99732],[-69.63193,-17.99675],[-69.63124,-17.99578],[-69.63116,-17.99513],[-69.63128,-17.99457],[-69.6316,-17.99421],[-69.63375,-17.99425],[-69.63403,-17.99441],[-69.63326,-17.99513],[-69.63322,-17.9953],[-69.63342,-17.99538],[-69.63496,-17.99513],[-69.63536,-17.99497],[-69.63625,-17.99388],[-69.63774,-17.99303],[-69.63791,-17.99219],[-69.63819,-17.99219],[-69.63827,-17.99239],[-69.6377,-17.99388],[-69.6373,-17.99412],[-69.63585,-17.99623],[-69.63581,-17.99651],[-69.63605,-17.99663],[-69.63633,-17.99647],[-69.63669,-17.99586],[-69.639,-17.99457],[-69.63944,-17.99368],[-69.64094,-17.99178],[-69.64174,-17.99178],[-69.64207,-17.99162],[-69.64267,-17.99093],[-69.64304,-17.99017],[-69.64352,-17.98988],[-69.64312,-17.98903],[-69.643,-17.98798],[-69.64263,-17.98714],[-69.64126,-17.98592],[-69.64001,-17.9858],[-69.63835,-17.98613],[-69.63661,-17.98625],[-69.63629,-17.98556],[-69.63682,-17.98374],[-69.6371,-17.98362],[-69.63843,-17.98403],[-69.64001,-17.98415],[-69.6419,-17.98334],[-69.64449,-17.98374],[-69.64582,-17.98326],[-69.64623,-17.98269],[-69.64691,-17.98221],[-69.64821,-17.98205]]}},
{"type":"Feature","properties":{"volcan":"Taapacá","Shape__Len":0.0345176410384},"geometry":{"type":"LineString","coordinates":[[-69.55419,-18.06268],[-69.55305,-18.05734],[-69.55233,-18.05609],[-69.55254,-18.05517],[-69.55245,-18.05365],[-69.55293,-18.05255],[-69.55409,-18.05098],[-69.55477,-18.04872],[-69.55645,-18.04706],[-69.56263,-18.0399],[-69.56662,-18.03318]]}},
{"type":"Feature","properties":{"volcan":"Taapacá","Shape__Len":0.038335239080500003},"geometry":{"type":"LineString","coordinates":[[-69.54806,-18.24233],[-69.54604,-18.24447],[-69.54541,-18.24483],[-69.54505,-18.24541],[-69.54541,-18.24609],[-69.54595,-18.24631],[-69.54693,-18.24586],[-69.5485,-18.24604],[-69.54926,-18.24671],[-69.54985,-18.24685],[-69.55137,-18.24586],[-69.55267,-18.24541],[-69.55392,-18.24533],[-69.55424,-18.24577],[-69.55428,-18.24658],[-69.55482,-18.24685],[-69.55643,-18.24689],[-69.55693,-18.24712],[-69.55787,-18.24972],[-69.55778,-18.25075],[-69.55818,-18.25227],[-69.55876,-18.25236],[-69.55993,-18.24981],[-69.56078,-18.24891],[-69.5615,-18.24875],[-69.56177,-18.24922],[-69.56212,-18.25088],[-69.56221,-18.25344],[-69.5615,-18.2576]]}},
{"type":"Feature","properties":{"volcan":"Taapacá","Shape__Len":0.079557141996299999},"geometry":{"type":"LineString","coordinates":[[-69.48491,-18.16382],[-69.48297,-18.1631],[-69.48093,-18.16188],[-69.47827,-18.15902],[-69.47745,-18.15881],[-69.47296,-18.16065],[-69.47009,-18.16382],[-69.46549,-18.1629],[-69.46396,-18.1629],[-69.46202,-18.16413],[-69.4611,-18.16525],[-69.46049,-18.16545],[-69.45742,-18.16525],[-69.45446,-18.16556],[-69.45129,-18.1631],[-69.44975,-18.163],[-69.4473,-18.16351],[-69.44567,-18.16341],[-69.44301,-18.16423],[-69.44137,-18.16505],[-69.4379,-18.16402],[-69.43493,-18.16668],[-69.43258,-18.1675],[-69.43054,-18.16924],[-69.42921,-18.17067],[-69.42655,-18.1723],[-69.42533,-18.17353],[-69.41848,-18.18171]]}},
{"type":"Feature","properties":{"volcan":"Villarrica","Shape__Len":0.0330282804412},"geometry":{"type":"LineString","coordinates":[[-71.97885,-39.28573],[-71.98431,-39.28208],[-71.98285,-39.28141],[-71.98181,-39.2813],[-71.97977,-39.28176],[-71.97902,-39.28173],[-71.97677,-39.28101],[-71.9779,-39.27829],[-71.98008,-39.27431],[-71.98055,-39.27324],[-71.98058,-39.27243],[-71.98293,-39.27169],[-71.98439,-39.27172],[-71.98549,-39.27141],[-71.98611,-39.27091],[-71.98645,-39.27085],[-71.98715,-39.27122],[-71.98767,-39.27136],[-71.98825,-39.27122],[-71.9891,-39.27161]]}},
{"type":"Feature","properties":{"volcan":"Villarrica","Shape__Len":0.0166880723945},"geometry":{"type":"LineString","coordinates":[[-72.15212,-39.49238],[-72.16191,-39.48634],[-72.16466,-39.4829],[-72.16415,-39.48231]]}},
{"type":"Feature","properties":{"volcan":"Villarrica","Shape__Len":0.0077825556773199996},"geometry":{"type":"LineString","coordinates":[[-72.15646,-39.48471],[-72.15826,-39.48503],[-72.16025,-39.48458],[-72.16397,-39.48337]]}},
{"type":"Feature","properties":{"volcan":"Villarrica","Shape__Len":0.0124034528181},"geometry":{"type":"LineString","coordinates":[[-72.14961,-39.48392],[-72.14321,-39.48418],[-72.13873,-39.48405],[-72.13723,-39.4838]]}},
{"type":"Feature","properties":{"volcan":"Villarrica","Shape__Len":0.0059166962189799999},"geometry":{"type":"LineString","coordinates":[[-72.16116,-39.48789],[-72.16214,-39.48896],[-72.16457,-39.48918],[-72.16472,-39.48807],[-72.16562,-39.48815]]}},
{"type":"Feature","properties":{"volcan":"Villarrica","Shape__Len":0.041920200018400001},"geometry":{"type":"LineString","coordinates":[[-72.00666,-39.56783],[-71.99873,-39.5758],[-72.00203,-39.57812],[-72.00283,-39.57938],[-72.00592,-39.5898],[-72.00628,-39.58984],[-72.01229,-39.58639],[-72.01319,-39.58639],[-72.01889,-39.58855]]}},
{"type":"Feature","properties":{"volcan":"Villarrica","Shape__Len":0.024983933298899998},"geometry":{"type":"LineString","coordinates":[[-71.96266,-39.28342],[-71.96706,-39.28226],[-71.97295,-39.27101],[-71.98035,-39.2733]]}},
{"type":"Feature","properties":{"volcan":"Villarrica","Shape__Len":0.032889439558599999},"geometry":{"type":"LineString","coordinates":[[-71.95642,-39.27946],[-71.95391,-39.28086],[-71.95186,-39.28261],[-71.94959,-39.28518],[-71.94865,-39.28565],[-71.94071,-39.28845],[-71.94371,-39.29752],[-71.94316,-39.29783],[-71.93991,-39.30053]]}},
{"type":"Feature","properties":{"volcan":"Descabezado","Shape__Len":0.0075509075431499997},"geometry":{"type":"LineString","coordinates":[[-71.08077,-35.70264],[-71.0883,-35.7021]]}},
{"type":"Feature","properties":{"volcan":"Descabezado","Shape__Len":0.0113743325706},"geometry":{"type":"LineString","coordinates":[[-71.07984,-35.70374],[-71.08082,-35.70372],[-71.08237,-35.70451],[-71.0868,-35.7043],[-71.08929,-35.70459],[-71.08944,-35.70446],[-71.08938,-35.70296]]}},
{"type":"Feature","properties":{"volcan":"Descabezado","Shape__Len":0.0074273217465600002},"geometry":{"type":"LineString","coordinates":[[-71.05895,-35.70015],[-71.0601,-35.70083],[-71.06041,-35.7014],[-71.06175,-35.70232],[-71.06236,-35.70543],[-71.06226,-35.70605]]}},
{"type":"Feature","properties":{"volcan":"Descabezado","Shape__Len":0.0044827458648399997},"geometry":{"type":"LineString","coordinates":[[-71.06108,-35.70819],[-71.06043,-35.70858],[-71.06038,-35.7089],[-71.06147,-35.70937],[-71.06244,-35.71134]]}},
{"type":"Feature","properties":{"volcan":"Descabezado","Shape__Len":0.0043111935954600004},"geometry":{"type":"LineString","coordinates":[[-71.01751,-35.72343],[-71.01807,-35.72411],[-71.01988,-35.72543],[-71.02072,-35.72626]]}},
{"type":"Feature","properties":{"volcan":"Descabezado","Shape__Len":0.0031369057011300001},"geometry":{"type":"LineString","coordinates":[[-70.99629,-35.76257],[-70.99787,-35.76319],[-70.99925,-35.76353]]}},
{"type":"Feature","properties":{"volcan":"Descabezado","Shape__Len":0.0083598211534900001},"geometry":{"type":"LineString","coordinates":[[-71.04043,-35.41645],[-71.04081,-35.41644],[-71.04229,-35.41704],[-71.04423,-35.41845],[-71.04529,-35.4189],[-71.04591,-35.4189],[-71.04795,-35.41812]]}},
{"type":"Feature","properties":{"volcan":"Descabezado","Shape__Len":0.0035519222704099998},"geometry":{"type":"LineString","coordinates":[[-71.05342,-35.41533],[-71.05273,-35.41609],[-71.05057,-35.41736]]}},
{"type":"Feature","properties":{"volcan":"Descabezado","Shape__Len":0.015441603985800001},"geometry":{"type":"LineString","coordinates":[[-71.11614,-35.18494],[-71.11475,-35.18583],[-71.11408,-35.18657],[-71.11504,-35.19098],[-71.11598,-35.19439],[-71.11597,-35.19452],[-71.11551,-35.19465],[-71.11557,-35.19877]]}},
{"type":"Feature","properties":{"volcan":"Descabezado","Shape__Len":0.062530146213699997},"geometry":{"type":"LineString","coordinates":[[-71.12578,-35.17899],[-71.12228,-35.17774],[-71.12196,-35.17816],[-71.12091,-35.17766],[-71.11777,-35.18095],[-71.11602,-35.18124],[-71.11447,-35.1812],[-71.1133,-35.18162],[-71.11096,-35.18157],[-71.10834,-35.18106],[-71.10466,-35.17945],[-71.10275,-35.17979],[-71.10125,-35.18102],[-71.09772,-35.183],[-71.09032,-35.18701],[-71.08885,-35.18749],[-71.08805,-35.18829],[-71.0866,-35.18869],[-71.08472,-35.19015],[-71.08435,-35.19068],[-71.08416,-35.19131],[-71.08339,-35.19209],[-71.07944,-35.19504],[-71.07898,-35.19612],[-71.07827,-35.19944],[-71.07767,-35.20044],[-71.07615,-35.20166],[-71.07563,-35.20258]]}},
{"type":"Feature","properties":{"volcan":"Descabezado","Shape__Len":0.0086406530054400008},"geometry":{"type":"LineString","coordinates":[[-71.09812,-35.70351],[-71.0905,-35.70457],[-71.08955,-35.70457]]}},
{"type":"Feature","properties":{"volcan":"Descabezado","Shape__Len":0.055119261979499998},"geometry":{"type":"LineString","coordinates":[[-71.06341,-35.41329],[-71.06888,-35.4119],[-71.07406,-35.41009],[-71.0764,-35.41034],[-71.07753,-35.40955],[-71.07961,-35.40905],[-71.08035,-35.4084],[-71.08456,-35.40664],[-71.08506,-35.40626],[-71.08713,-35.40374],[-71.08861,-35.403],[-71.09126,-35.40104],[-71.09548,-35.40127],[-71.09569,-35.40105],[-71.096,-35.39952],[-71.09597,-35.39912],[-71.09548,-35.39808],[-71.0956,-35.39764],[-71.09607,-35.39723],[-71.09951,-35.39607],[-71.10143,-35.39371],[-71.1018,-35.39314],[-71.10188,-35.39264],[-71.10098,-35.39034],[-71.10114,-35.38979],[-71.10367,-35.38676]]}},
{"type":"Feature","properties":{"volcan":"Descabezado","Shape__Len":0.61229575469899999},"geometry":{"type":"LineString","coordinates":[[-70.82052,-35.81727],[-70.82118,-35.81693],[-70.82304,-35.81662],[-70.82451,-35.816],[-70.82689,-35.81458],[-70.82861,-35.81434],[-70.83054,-35.8145],[-70.83077,-35.81429],[-70.83097,-35.81355],[-70.83115,-35.81351],[-70.83142,-35.81362],[-70.83152,-35.81475],[-70.83249,-35.81532],[-70.83209,-35.8164],[-70.83274,-35.81689],[-70.83473,-35.81734],[-70.83598,-35.81704],[-70.8398,-35.81694],[-70.84876,-35.81429],[-70.85133,-35.8138],[-70.85457,-35.81365],[-70.86824,-35.81195],[-70.87009,-35.81235],[-70.87216,-35.81231],[-70.874,-35.812],[-70.8762,-35.81014],[-70.88288,-35.80763],[-70.88425,-35.80681],[-70.88927,-35.8053],[-70.89231,-35.80332],[-70.89462,-35.80149],[-70.89593,-35.80105],[-70.90107,-35.80143],[-70.9046,-35.80067],[-70.91124,-35.80049],[-70.91515,-35.80067],[-70.92674,-35.80393],[-70.92979,-35.80461],[-70.93196,-35.80368],[-70.93424,-35.80427],[-70.93649,-35.80512],[-70.94068,-35.80596],[-70.94378,-35.80747],[-70.9453,-35.80783],[-70.94726,-35.8068],[-70.95002,-35.80716],[-70.95128,-35.80682],[-70.95514,-35.80644],[-70.96211,-35.80667],[-70.9722,-35.80018],[-70.97384,-35.79976],[-70.98301,-35.79492],[-70.98526,-35.7941],[-70.98636,-35.79338],[-70.98804,-35.79182],[-70.99139,-35.78689],[-70.99243,-35.78438],[-70.9916,-35.78205],[-70.99392,-35.77531],[-70.99628,-35.77172],[-70.99794,-35.76833],[-70.99806,-35.76692],[-70.99917,-35.76395],[-71.00044,-35.76174],[-71.00364,-35.75525],[-71.0052,-35.75101],[-71.00591,-35.74958],[-71.00875,-35.74164],[-71.01096,-35.73795],[-71.01217,-35.73399],[-71.0126,-35.73341],[-71.01794,-35.7278],[-71.025,-35.72449],[-71.03462,-35.71825],[-71.03663,-35.71661],[-71.03756,-35.71631],[-71.03914,-35.71613],[-71.04495,-35.71421],[-71.05082,-35.71382],[-71.05535,-35.71255],[-71.05807,-35.712],[-71.06056,-35.71183],[-71.06405,-35.7109],[-71.0678,-35.71017],[-71.07861,-35.70981],[-71.07956,-35.70951],[-71.08123,-35.70863],[-71.09165,-35.70906],[-71.09295,-35.70895],[-71.10009,-35.70732],[-71.10186,-35.70748],[-71.10876,-35.71033],[-71.11729,-35.71628],[-71.11805,-35.71638],[-71.11877,-35.71624],[-71.12042,-35.71561],[-71.12403,-35.713],[-71.1274,-35.71464],[-71.13051,-35.71523],[-71.13603,-35.71526],[-71.13915,-35.71591],[-71.14256,-35.71831],[-71.14445,-35.7188],[-71.15066,-35.72111],[-71.16132,-35.72209],[-71.16711,-35.72249],[-71.17,-35.72251],[-71.1727,-35.72229],[-71.1771,-35.72112],[-71.18034,-35.72091],[-71.18218,-35.72097],[-71.18697,-35.72213],[-71.1887,-35.72238],[-71.19441,-35.7204],[-71.19661,-35.72038],[-71.19825,-35.72013],[-71.20439,-35.71727],[-71.20591,-35.71634],[-71.2186,-35.70461],[-71.21926,-35.7035],[-71.21977,-35.7016],[-71.22038,-35.70071],[-71.22211,-35.69972],[-71.22326,-35.69821],[-71.22363,-35.69718],[-71.22372,-35.69585],[-71.22336,-35.69365],[-71.22164,-35.68999],[-71.22123,-35.68686],[-71.22013,-35.68417],[-71.21962,-35.68022],[-71.21913,-35.67879],[-71.21907,-35.67779],[-71.21936,-35.67695],[-71.22019,-35.67592],[-71.22312,-35.67272],[-71.22612,-35.67137],[-71.2333,-35.66877],[-71.23425,-35.66823],[-71.24137,-35.66327],[-71.24149,-35.66293],[-71.24508,-35.65883],[-71.2474,-35.65773],[-71.24918,-35.65523],[-71.24968,-35.65375],[-71.25034,-35.65291],[-71.25543,-35.64798],[-71.25703,-35.64688],[-71.25799,-35.64532],[-71.26177,-35.64333],[-71.26228,-35.64287],[-71.26252,-35.64227],[-71.26253,-35.64055],[-71.26415,-35.63628],[-71.26753,-35.63232],[-71.27095,-35.6303],[-71.2994,-35.60315]]}},
{"type":"Feature","properties":{"volcan":"Descabezado","Shape__Len":0.0063049086527499996},"geometry":{"type":"LineString","coordinates":[[-71.06856,-35.70561],[-71.06676,-35.70658],[-71.06268,-35.7078]]}},
{"type":"Feature","properties":{"volcan":"Descabezado","Shape__Len":0.0135688953067},"geometry":{"type":"LineString","coordinates":[[-71.11092,-35.37409],[-71.11115,-35.37444],[-71.11118,-35.37502],[-71.10859,-35.37662],[-71.10827,-35.37738],[-71.10528,-35.38002],[-71.10465,-35.38078],[-71.10457,-35.38118],[-71.10534,-35.38356],[-71.10539,-35.38434]]}},
{"type":"Feature","properties":{"volcan":"Lonquimay","Shape__Len":0.032919966393200002},"geometry":{"type":"LineString","coordinates":[[-71.58433,-38.4801],[-71.58543,-38.47969],[-71.5859,-38.479],[-71.58804,-38.47743],[-71.58845,-38.47818],[-71.58851,-38.4794],[-71.58926,-38.48167],[-71.58979,-38.4819],[-71.59164,-38.48155],[-71.5906,-38.48318],[-71.59118,-38.483],[-71.59164,-38.4826],[-71.5924,-38.4826],[-71.59478,-38.48138],[-71.59565,-38.48039],[-71.5964,-38.48022],[-71.59692,-38.48039],[-71.59727,-38.48068],[-71.59733,-38.48109],[-71.59809,-38.48202],[-71.5982,-38.48254],[-71.59739,-38.48196],[-71.59669,-38.48184],[-71.59588,-38.48207],[-71.59536,-38.4826],[-71.59524,-38.48341],[-71.59426,-38.48434],[-71.59507,-38.48741],[-71.59588,-38.4873]]}},
{"type":"Feature","properties":{"volcan":"Lonquimay","Shape__Len":0.013516349487600001},"geometry":{"type":"LineString","coordinates":[[-71.58021,-38.48056],[-71.57975,-38.48103],[-71.57986,-38.48184],[-71.58073,-38.48289],[-71.58108,-38.48492],[-71.5823,-38.48585],[-71.5834,-38.48619],[-71.58445,-38.48677],[-71.58508,-38.48764],[-71.58543,-38.48939],[-71.58613,-38.49026],[-71.58642,-38.49095]]}},
{"type":"Feature","properties":{"volcan":"Lonquimay","Shape__Len":0.037053458642999998},"geometry":{"type":"LineString","coordinates":[[-71.53605,-38.48169],[-71.53657,-38.47855],[-71.53719,-38.47812],[-71.54566,-38.47627],[-71.55561,-38.47379],[-71.55939,-38.47306],[-71.56228,-38.47232],[-71.56961,-38.47169]]}},
{"type":"Feature","properties":{"volcan":"Lonquimay","Shape__Len":0.0307126968859},"geometry":{"type":"LineString","coordinates":[[-71.66893,-38.4693],[-71.67047,-38.46937],[-71.67544,-38.47042],[-71.67656,-38.47149],[-71.67879,-38.4724],[-71.67991,-38.47325],[-71.68103,-38.47368],[-71.68531,-38.47385],[-71.68648,-38.47373],[-71.68774,-38.47335],[-71.69746,-38.46883]]}},
{"type":"Feature","properties":{"volcan":"Lonquimay","Shape__Len":0.034173606819099998},"geometry":{"type":"LineString","coordinates":[[-71.63749,-38.46495],[-71.63838,-38.4661],[-71.641,-38.46806],[-71.64391,-38.46913],[-71.64522,-38.47002],[-71.64647,-38.47002],[-71.64784,-38.46973],[-71.64891,-38.46913],[-71.64968,-38.46848],[-71.65034,-38.46842],[-71.65238,-38.46883],[-71.65307,-38.46878],[-71.65552,-38.46771],[-71.65716,-38.46738],[-71.66435,-38.46769],[-71.66556,-38.46799],[-71.66813,-38.46914],[-71.66893,-38.4693]]}},
{"type":"Feature","properties":{"volcan":"Lonquimay","Shape__Len":0.029684167738500002},"geometry":{"type":"LineString","coordinates":[[-71.56991,-38.47169],[-71.57771,-38.47115],[-71.58282,-38.47008],[-71.58919,-38.46842],[-71.59168,-38.46794],[-71.59918,-38.46748]]}},
{"type":"Feature","properties":{"volcan":"Lonquimay","Shape__Len":0.019939222029399999},"geometry":{"type":"LineString","coordinates":[[-71.59918,-38.46748],[-71.60221,-38.46657],[-71.60578,-38.46526],[-71.60947,-38.46443],[-71.61862,-38.46354]]}},
{"type":"Feature","properties":{"volcan":"Lonquimay","Shape__Len":0.040478875552599998},"geometry":{"type":"LineString","coordinates":[[-71.51758,-38.4471],[-71.51768,-38.44828],[-71.51711,-38.4519],[-71.51616,-38.45509],[-71.51597,-38.4568],[-71.51611,-38.45899],[-71.51639,-38.46051],[-71.51682,-38.46175],[-71.51849,-38.46475],[-71.52177,-38.46813],[-71.52701,-38.47251],[-71.53514,-38.47846],[-71.53562,-38.4785]]}},
{"type":"Feature","properties":{"volcan":"Lonquimay","Shape__Len":0.052385224899000001},"geometry":{"type":"LineString","coordinates":[[-71.54211,-38.40831],[-71.5419,-38.40893],[-71.54233,-38.4104],[-71.5419,-38.41221],[-71.54185,-38.41402],[-71.54209,-38.41478],[-71.54347,-38.41664],[-71.54447,-38.41864],[-71.54466,-38.4194],[-71.54423,-38.42035],[-71.54404,-38.42149],[-71.54419,-38.42249],[-71.54366,-38.42444],[-71.54285,-38.4262],[-71.54124,-38.42701],[-71.53852,-38.42892],[-71.53481,-38.43463],[-71.52106,-38.44424],[-71.51896,-38.4461],[-71.51758,-38.4471]]}},
{"type":"Feature","properties":{"volcan":"Lonquimay","Shape__Len":0.056436598456799998},"geometry":{"type":"LineString","coordinates":[[-71.53486,-38.36515],[-71.536,-38.36529],[-71.53714,-38.36634],[-71.53819,-38.36657],[-71.53957,-38.36714],[-71.54005,-38.36838],[-71.54,-38.36948],[-71.53938,-38.371],[-71.53905,-38.37233],[-71.53919,-38.37362],[-71.54057,-38.37623],[-71.54214,-38.37771],[-71.5449,-38.37828],[-71.5468,-38.37899],[-71.54842,-38.38118],[-71.54975,-38.38337],[-71.55004,-38.38437],[-71.54956,-38.38523],[-71.54842,-38.38656],[-71.54671,-38.38737],[-71.5449,-38.38766],[-71.54452,-38.38799],[-71.54457,-38.38894],[-71.54547,-38.39118],[-71.54576,-38.39379],[-71.54557,-38.3986],[-71.54428,-38.40365],[-71.54338,-38.40603],[-71.54211,-38.40831]]}},
{"type":"Feature","properties":{"volcan":"Lonquimay","Shape__Len":0.0200413608806},"geometry":{"type":"LineString","coordinates":[[-71.86683,-38.43974],[-71.88072,-38.4372],[-71.88663,-38.43678]]}},
{"type":"Feature","properties":{"volcan":"Lonquimay","Shape__Len":0.0291434105942},"geometry":{"type":"LineString","coordinates":[[-71.83818,-38.44564],[-71.846,-38.44324],[-71.85594,-38.4417],[-71.86667,-38.43977]]}},
{"type":"Feature","properties":{"volcan":"Lonquimay","Shape__Len":0.031529211279100001},"geometry":{"type":"LineString","coordinates":[[-71.81026,-38.45768],[-71.81786,-38.45472],[-71.82045,-38.4524],[-71.8215,-38.4518],[-71.82442,-38.45069],[-71.82602,-38.45031],[-71.83232,-38.44975],[-71.83447,-38.4492],[-71.83728,-38.44749],[-71.83818,-38.44564]]}},
{"type":"Feature","properties":{"volcan":"Lonquimay","Shape__Len":0.032664661354700003},"geometry":{"type":"LineString","coordinates":[[-71.77856,-38.46476],[-71.7822,-38.4641],[-71.78485,-38.46427],[-71.78573,-38.46383],[-71.78916,-38.46289],[-71.79236,-38.46168],[-71.81026,-38.45768]]}},
{"type":"Feature","properties":{"volcan":"Lonquimay","Shape__Len":0.031439051820200001},"geometry":{"type":"LineString","coordinates":[[-71.7476,-38.4615],[-71.75229,-38.46306],[-71.75482,-38.46245],[-71.76393,-38.46388],[-71.76923,-38.46444],[-71.77856,-38.46476]]}},
{"type":"Feature","properties":{"volcan":"Lonquimay","Shape__Len":0.048537541546799998},"geometry":{"type":"LineString","coordinates":[[-71.70312,-38.46455],[-71.70357,-38.46338],[-71.70482,-38.46217],[-71.70642,-38.4609],[-71.70774,-38.46035],[-71.7094,-38.46024],[-71.71335,-38.46084],[-71.71479,-38.46132],[-71.71566,-38.46208],[-71.71627,-38.46234],[-71.71922,-38.46278],[-71.72055,-38.46272],[-71.7216,-38.46239],[-71.73059,-38.4582],[-71.73214,-38.45781],[-71.73319,-38.45776],[-71.73943,-38.46057],[-71.74152,-38.46057],[-71.7476,-38.4615]]}},
{"type":"Feature","properties":{"volcan":"Lonquimay","Shape__Len":0.019451396037},"geometry":{"type":"LineString","coordinates":[[-71.61886,-38.46353],[-71.62507,-38.46339],[-71.62613,-38.46316],[-71.62791,-38.46228],[-71.63071,-38.46199],[-71.63151,-38.46207],[-71.63652,-38.46426],[-71.63741,-38.46486]]}},
{"type":"Feature","properties":{"volcan":"Lonquimay","Shape__Len":0.052813779591800003},"geometry":{"type":"LineString","coordinates":[[-71.73074,-38.42716],[-71.73148,-38.42835],[-71.73142,-38.42851],[-71.73114,-38.42849],[-71.73126,-38.42914],[-71.73233,-38.42915],[-71.73285,-38.42949],[-71.73318,-38.42997],[-71.73371,-38.43102],[-71.73366,-38.43162],[-71.73402,-38.43272],[-71.73331,-38.43402],[-71.73358,-38.43475],[-71.73303,-38.43575],[-71.73293,-38.43675],[-71.73236,-38.43735],[-71.73202,-38.43743],[-71.73172,-38.43819],[-71.73183,-38.43865],[-71.73235,-38.43881],[-71.73313,-38.43874],[-71.73492,-38.43959],[-71.73762,-38.43974],[-71.73913,-38.43923],[-71.73967,-38.43935],[-71.74082,-38.44014],[-71.74227,-38.44068],[-71.74319,-38.44166],[-71.74336,-38.44436],[-71.7432,-38.44741],[-71.74153,-38.45116],[-71.74045,-38.45573],[-71.73978,-38.45544],[-71.73926,-38.45552],[-71.73946,-38.45625],[-71.7391,-38.4564],[-71.738,-38.45585],[-71.73713,-38.45601],[-71.73754,-38.45532],[-71.73726,-38.45522],[-71.73364,-38.45553],[-71.73341,-38.45644],[-71.73364,-38.45692],[-71.73342,-38.45711]]}},
{"type":"Feature","properties":{"volcan":"Lonquimay","Shape__Len":0.0772063682291},"geometry":{"type":"LineString","coordinates":[[-71.74985,-38.4279],[-71.75218,-38.42933],[-71.75292,-38.42959],[-71.76094,-38.42983],[-71.76397,-38.42927],[-71.76576,-38.42981],[-71.76814,-38.43082],[-71.77219,-38.43144],[-71.77355,-38.43235],[-71.77451,-38.43251],[-71.77583,-38.43305],[-71.77772,-38.43409],[-71.78132,-38.43563],[-71.78317,-38.43677],[-71.78713,-38.44006],[-71.78854,-38.44048],[-71.79176,-38.44208],[-71.79537,-38.44321],[-71.79698,-38.44408],[-71.79779,-38.4443],[-71.79925,-38.44413],[-71.8011,-38.44439],[-71.80515,-38.44355],[-71.80774,-38.44478],[-71.8115,-38.44712],[-71.82061,-38.45156]]}},
{"type":"Feature","properties":{"volcan":"Lonquimay","Shape__Len":0.069033153944199996},"geometry":{"type":"LineString","coordinates":[[-71.51227,-38.44137],[-71.50888,-38.43907],[-71.50798,-38.43828],[-71.50803,-38.43779],[-71.50841,-38.4374],[-71.5084,-38.437],[-71.508,-38.43653],[-71.50681,-38.43634],[-71.50674,-38.43612],[-71.50713,-38.43571],[-71.50622,-38.43522],[-71.50512,-38.43512],[-71.50449,-38.43527],[-71.50353,-38.43521],[-71.50451,-38.4356],[-71.50462,-38.43593],[-71.5039,-38.43583],[-71.50288,-38.43609],[-71.50286,-38.43623],[-71.50398,-38.43628],[-71.50397,-38.43675],[-71.50484,-38.43761],[-71.50428,-38.43803],[-71.50349,-38.43826],[-71.50266,-38.43896],[-71.50098,-38.43909],[-71.49995,-38.43839],[-71.49855,-38.43797],[-71.49802,-38.43801],[-71.49725,-38.43841],[-71.49655,-38.43831],[-71.49636,-38.43842],[-71.49642,-38.43883],[-71.49672,-38.43905],[-71.49651,-38.43932],[-71.49639,-38.43932],[-71.49626,-38.43891],[-71.49557,-38.43871],[-71.49448,-38.43913],[-71.49437,-38.439],[-71.49466,-38.43835],[-71.4942,-38.43767],[-71.4941,-38.43668],[-71.49331,-38.43638],[-71.49145,-38.43662],[-71.49092,-38.43685],[-71.49064,-38.43678],[-71.49056,-38.43636],[-71.49073,-38.43595],[-71.49162,-38.43533],[-71.49176,-38.4351],[-71.49167,-38.43488],[-71.48953,-38.43392],[-71.48935,-38.43403],[-71.49048,-38.43485],[-71.49046,-38.43524],[-71.48925,-38.43625],[-71.48844,-38.43644],[-71.48819,-38.4368],[-71.48801,-38.43675],[-71.48802,-38.4364],[-71.48884,-38.436],[-71.48909,-38.43571],[-71.4892,-38.43506],[-71.48907,-38.43486],[-71.48779,-38.43462],[-71.48752,-38.43387],[-71.48607,-38.43373],[-71.48474,-38.43339],[-71.48395,-38.43337],[-71.48227,-38.43371],[-71.48049,-38.43325],[-71.4784,-38.43302],[-71.47819,-38.43285],[-71.47819,-38.43251],[-71.47864,-38.43203],[-71.47874,-38.43175],[-71.47862,-38.4315],[-71.4763,-38.43141],[-71.47527,-38.43167],[-71.47455,-38.43163]]}},
{"type":"Feature","properties":{"volcan":"Lonquimay","Shape__Len":0.053693633735099999},"geometry":{"type":"LineString","coordinates":[[-71.43759,-38.42727],[-71.43425,-38.42663],[-71.43029,-38.42638],[-71.42772,-38.42549],[-71.42727,-38.42516],[-71.4271,-38.42396],[-71.42681,-38.42362],[-71.42628,-38.42351],[-71.42504,-38.42402],[-71.42397,-38.42408],[-71.4226,-38.42377],[-71.42207,-38.42425],[-71.42173,-38.42499],[-71.42114,-38.42492],[-71.42072,-38.4245],[-71.41954,-38.424],[-71.41912,-38.42413],[-71.41796,-38.42568],[-71.41367,-38.42743],[-71.41206,-38.42844],[-71.41152,-38.42887],[-71.41088,-38.43015],[-71.40895,-38.43152],[-71.40873,-38.43152],[-71.40787,-38.43004],[-71.40743,-38.42994],[-71.40566,-38.43061],[-71.40524,-38.43125],[-71.40408,-38.43144],[-71.40292,-38.43209],[-71.40185,-38.43234],[-71.39997,-38.43323],[-71.39955,-38.43329],[-71.39907,-38.43308],[-71.39864,-38.43264],[-71.39807,-38.43245],[-71.39645,-38.43238],[-71.3938,-38.43331],[-71.3927,-38.43445],[-71.39244,-38.43494]]}},
{"type":"Feature","properties":{"volcan":"Lonquimay","Shape__Len":0.047789070488800003},"geometry":{"type":"LineString","coordinates":[[-71.47449,-38.4316],[-71.47326,-38.43224],[-71.47196,-38.43236],[-71.46977,-38.43321],[-71.46795,-38.4332],[-71.46758,-38.43297],[-71.46758,-38.4323],[-71.46827,-38.42992],[-71.46825,-38.42939],[-71.46772,-38.42926],[-71.46654,-38.43013],[-71.46591,-38.43005],[-71.46559,-38.42966],[-71.46534,-38.42781],[-71.46578,-38.42669],[-71.46421,-38.42617],[-71.46233,-38.42661],[-71.46119,-38.42709],[-71.46024,-38.42714],[-71.45978,-38.4284],[-71.45928,-38.42874],[-71.45869,-38.42874],[-71.45789,-38.42832],[-71.45746,-38.4283],[-71.45595,-38.42916],[-71.45477,-38.42916],[-71.45091,-38.43004],[-71.44857,-38.43002],[-71.4475,-38.42983],[-71.44609,-38.42926],[-71.44495,-38.42933],[-71.44219,-38.42836],[-71.44151,-38.42838],[-71.44091,-38.42821],[-71.4388,-38.42718],[-71.43759,-38.42727]]}},
{"type":"Feature","properties":{"volcan":"Lonquimay","Shape__Len":0.035596908621100001},"geometry":{"type":"LineString","coordinates":[[-71.39244,-38.43494],[-71.39148,-38.43683],[-71.38999,-38.43784],[-71.3883,-38.43818],[-71.38701,-38.43904],[-71.38569,-38.43913],[-71.38409,-38.43963],[-71.38369,-38.43997],[-71.38337,-38.44068],[-71.38249,-38.4417],[-71.38194,-38.44268],[-71.3813,-38.44304],[-71.38072,-38.44315],[-71.38031,-38.44363],[-71.38004,-38.44462],[-71.37972,-38.44496],[-71.37878,-38.44526],[-71.37817,-38.44578],[-71.37823,-38.44597],[-71.37943,-38.44633],[-71.38149,-38.44597],[-71.38171,-38.44629],[-71.38141,-38.44667],[-71.37707,-38.44844],[-71.37581,-38.44869],[-71.37454,-38.44852],[-71.37309,-38.44934],[-71.37179,-38.45195]]}}
]
}
