{
"type": "FeatureCollection",
"name": "radios_volcanes",
"crs": { "type": "name", "properties": { "name": "urn:ogc:def:crs:OGC:1.3:CRS84" } },
"xy_coordinate_resolution": 1e-05,
"features": [
{"type":"Feature","properties":{"distance":5.0},"geometry":{"type":"LineString","coordinates":[[-73.3206,-52.35315],[-73.32523,-52.35652],[-73.33037,-52.3596],[-73.33599,-52.36236],[-73.34201,-52.36477],[-73.3484,-52.36681],[-73.35508,-52.36845],[-73.36199,-52.36968],[-73.36907,-52.37049],[-73.37624,-52.37087],[-73.38344,-52.37082],[-73.3906,-52.37034],[-73.39764,-52.36943],[-73.4045,-52.3681],[-73.41112,-52.36636],[-73.41743,-52.36424],[-73.42336,-52.36175],[-73.42887,-52.35891],[-73.4339,-52.35576],[-73.4384,-52.35232],[-73.44232,-52.34862],[-73.44563,-52.34471],[-73.4483,-52.34062],[-73.45031,-52.33639],[-73.45162,-52.33206],[-73.45224,-52.32767],[-73.45215,-52.32326],[-73.45135,-52.31888],[-73.44986,-52.31457],[-73.44769,-52.31037],[-73.44486,-52.30632],[-73.44139,-52.30246],[-73.43732,-52.29883],[-73.4327,-52.29545],[-73.42755,-52.29238],[-73.42195,-52.28962],[-73.41592,-52.28722],[-73.40955,-52.28519],[-73.40288,-52.28355],[-73.39598,-52.28232],[-73.38891,-52.28151],[-73.38176,-52.28113],[-73.37457,-52.28118],[-73.36743,-52.28166],[-73.3604,-52.28257],[-73.35355,-52.28389],[-73.34694,-52.28563],[-73.34064,-52.28775],[-73.33471,-52.29023],[-73.3292,-52.29306],[-73.32417,-52.29621],[-73.31967,-52.29965],[-73.31574,-52.30334],[-73.31242,-52.30725],[-73.30974,-52.31134],[-73.30773,-52.31557],[-73.3064,-52.3199],[-73.30577,-52.32429],[-73.30584,-52.32869],[-73.30662,-52.33307],[-73.3081,-52.33739],[-73.31026,-52.34159],[-73.31308,-52.34564],[-73.31654,-52.34951],[-73.3206,-52.35315]]}},
{"type":"Feature","properties":{"distance":5.0},"geometry":{"type":"LineString","coordinates":[[-73.52946,-50.96705],[-73.53446,-50.97013],[-73.53991,-50.97288],[-73.54576,-50.97528],[-73.55196,-50.97731],[-73.55844,-50.97895],[-73.56515,-50.98017],[-73.57201,-50.98098],[-73.57897,-50.98135],[-73.58595,-50.98129],[-73.59289,-50.9808],[-73.59971,-50.97989],[-73.60637,-50.97855],[-73.61278,-50.97681],[-73.61889,-50.97468],[-73.62464,-50.97218],[-73.62997,-50.96934],[-73.63484,-50.96618],[-73.63919,-50.96274],[-73.64299,-50.95904],[-73.64619,-50.95512],[-73.64877,-50.95103],[-73.6507,-50.9468],[-73.65197,-50.94246],[-73.65255,-50.93807],[-73.65246,-50.93366],[-73.65167,-50.92929],[-73.65022,-50.92498],[-73.6481,-50.92078],[-73.64534,-50.91673],[-73.64197,-50.91287],[-73.63802,-50.90924],[-73.63353,-50.90588],[-73.62853,-50.9028],[-73.62308,-50.90005],[-73.61724,-50.89765],[-73.61105,-50.89563],[-73.60458,-50.894],[-73.59788,-50.89278],[-73.59103,-50.89197],[-73.58409,-50.8916],[-73.57712,-50.89166],[-73.5702,-50.89214],[-73.56338,-50.89306],[-73.55674,-50.89439],[-73.55034,-50.89613],[-73.54423,-50.89826],[-73.53849,-50.90075],[-73.53315,-50.90359],[-73.52829,-50.90674],[-73.52393,-50.91018],[-73.52013,-50.91388],[-73.51692,-50.91779],[-73.51433,-50.92188],[-73.51239,-50.92611],[-73.51111,-50.93044],[-73.51051,-50.93484],[-73.51059,-50.93924],[-73.51136,-50.94362],[-73.5128,-50.94793],[-73.51491,-50.95214],[-73.51766,-50.95619],[-73.52102,-50.96005],[-73.52497,-50.96368],[-73.52946,-50.96705]]}},
{"type":"Feature","properties":{"distance":5.0},"geometry":{"type":"LineString","coordinates":[[-73.73675,-50.43309],[-73.7417,-50.43616],[-73.7471,-50.4389],[-73.75289,-50.44129],[-73.75902,-50.44331],[-73.76544,-50.44494],[-73.77207,-50.44615],[-73.77886,-50.44695],[-73.78574,-50.44731],[-73.79264,-50.44724],[-73.7995,-50.44674],[-73.80624,-50.44582],[-73.81281,-50.44447],[-73.81915,-50.44272],[-73.82518,-50.44058],[-73.83085,-50.43808],[-73.83612,-50.43523],[-73.84092,-50.43206],[-73.84521,-50.42861],[-73.84894,-50.42491],[-73.8521,-50.42099],[-73.85463,-50.41689],[-73.85653,-50.41265],[-73.85776,-50.40832],[-73.85832,-50.40393],[-73.85821,-50.39952],[-73.85742,-50.39514],[-73.85597,-50.39084],[-73.85386,-50.38664],[-73.85112,-50.3826],[-73.84778,-50.37875],[-73.84386,-50.37512],[-73.8394,-50.37176],[-73.83445,-50.36869],[-73.82906,-50.36595],[-73.82327,-50.36356],[-73.81714,-50.36155],[-73.81074,-50.35993],[-73.80412,-50.35871],[-73.79734,-50.35792],[-73.79048,-50.35756],[-73.78359,-50.35762],[-73.77674,-50.35812],[-73.77001,-50.35905],[-73.76345,-50.36039],[-73.75712,-50.36214],[-73.7511,-50.36427],[-73.74543,-50.36677],[-73.74017,-50.36962],[-73.73537,-50.37278],[-73.73107,-50.37623],[-73.72733,-50.37993],[-73.72417,-50.38384],[-73.72162,-50.38794],[-73.71972,-50.39217],[-73.71847,-50.39651],[-73.71789,-50.4009],[-73.71799,-50.4053],[-73.71877,-50.40968],[-73.72021,-50.41399],[-73.72231,-50.41819],[-73.72504,-50.42224],[-73.72838,-50.42609],[-73.73229,-50.42972],[-73.73675,-50.43309]]}},
{"type":"Feature","properties":{"distance":5.0},"geometry":{"type":"LineString","coordinates":[[-73.45154,-49.04712],[-73.45584,-49.0505],[-73.46063,-49.05358],[-73.46586,-49.05635],[-73.47147,-49.05876],[-73.47742,-49.0608],[-73.48364,-49.06244],[-73.49008,-49.06368],[-73.49667,-49.0645],[-73.50335,-49.06488],[-73.51006,-49.06484],[-73.51673,-49.06436],[-73.52329,-49.06345],[-73.52969,-49.06213],[-73.53586,-49.0604],[-73.54174,-49.05828],[-73.54728,-49.05579],[-73.55242,-49.05296],[-73.55711,-49.04981],[-73.5613,-49.04637],[-73.56497,-49.04268],[-73.56806,-49.03877],[-73.57056,-49.03468],[-73.57243,-49.03044],[-73.57366,-49.02611],[-73.57425,-49.02172],[-73.57417,-49.01731],[-73.57344,-49.01293],[-73.57206,-49.00862],[-73.57004,-49.00441],[-73.56741,-49.00036],[-73.56419,-48.9965],[-73.5604,-48.99286],[-73.5561,-48.98948],[-73.55131,-48.9864],[-73.54609,-48.98364],[-73.54048,-48.98123],[-73.53454,-48.9792],[-73.52832,-48.97755],[-73.5219,-48.97632],[-73.51532,-48.9755],[-73.50864,-48.97512],[-73.50195,-48.97516],[-73.49529,-48.97564],[-73.48874,-48.97654],[-73.48235,-48.97786],[-73.47619,-48.97959],[-73.47031,-48.98171],[-73.46478,-48.98419],[-73.45965,-48.98702],[-73.45496,-48.99017],[-73.45076,-48.9936],[-73.44709,-48.99729],[-73.44399,-49.0012],[-73.44148,-49.00529],[-73.4396,-49.00952],[-73.43835,-49.01385],[-73.43776,-49.01824],[-73.43782,-49.02265],[-73.43854,-49.02703],[-73.43991,-49.03135],[-73.44192,-49.03555],[-73.44454,-49.03961],[-73.44776,-49.04348],[-73.45154,-49.04712]]}},
{"type":"Feature","properties":{"distance":5.0},"geometry":{"type":"LineString","coordinates":[[-72.9223,-45.9302],[-72.92677,-45.93332],[-72.93166,-45.93612],[-72.93692,-45.93857],[-72.9425,-45.94065],[-72.94834,-45.94233],[-72.95439,-45.94361],[-72.96059,-45.94447],[-72.96689,-45.9449],[-72.97321,-45.94489],[-72.9795,-45.94446],[-72.9857,-45.94359],[-72.99175,-45.94231],[-72.99759,-45.94062],[-73.00316,-45.93853],[-73.00841,-45.93608],[-73.0133,-45.93328],[-73.01776,-45.93015],[-73.02176,-45.92674],[-73.02527,-45.92307],[-73.02824,-45.91917],[-73.03065,-45.9151],[-73.03247,-45.91087],[-73.0337,-45.90655],[-73.03431,-45.90216],[-73.0343,-45.89774],[-73.03367,-45.89336],[-73.03243,-45.88903],[-73.03059,-45.88481],[-73.02816,-45.88074],[-73.02517,-45.87685],[-73.02166,-45.87319],[-73.01765,-45.86978],[-73.01318,-45.86667],[-73.00829,-45.86387],[-73.00304,-45.86142],[-72.99747,-45.85935],[-72.99163,-45.85767],[-72.98559,-45.85639],[-72.9794,-45.85553],[-72.97311,-45.8551],[-72.9668,-45.85511],[-72.96052,-45.85554],[-72.95433,-45.8564],[-72.94828,-45.85769],[-72.94245,-45.85938],[-72.93689,-45.86146],[-72.93164,-45.86391],[-72.92676,-45.86671],[-72.92229,-45.86983],[-72.91829,-45.87324],[-72.91478,-45.8769],[-72.9118,-45.88079],[-72.90938,-45.88487],[-72.90755,-45.88909],[-72.90632,-45.89342],[-72.9057,-45.89781],[-72.90569,-45.90222],[-72.90631,-45.90661],[-72.90755,-45.91094],[-72.90938,-45.91516],[-72.9118,-45.91923],[-72.91478,-45.92312],[-72.91829,-45.92679],[-72.9223,-45.9302]]}},
{"type":"Feature","properties":{"distance":5.0},"geometry":{"type":"LineString","coordinates":[[-73.02879,-45.40123],[-73.03322,-45.40435],[-73.03807,-45.40714],[-73.04328,-45.40959],[-73.04881,-45.41166],[-73.0546,-45.41335],[-73.06059,-45.41462],[-73.06674,-45.41547],[-73.07297,-45.4159],[-73.07923,-45.41589],[-73.08547,-45.41545],[-73.09161,-45.41458],[-73.0976,-45.4133],[-73.10338,-45.4116],[-73.1089,-45.40951],[-73.1141,-45.40705],[-73.11893,-45.40425],[-73.12335,-45.40112],[-73.12731,-45.39771],[-73.13077,-45.39403],[-73.13371,-45.39014],[-73.13609,-45.38606],[-73.1379,-45.38184],[-73.1391,-45.37751],[-73.1397,-45.37312],[-73.13969,-45.36871],[-73.13906,-45.36432],[-73.13782,-45.35999],[-73.13599,-45.35577],[-73.13359,-45.3517],[-73.13062,-45.34782],[-73.12714,-45.34416],[-73.12316,-45.34075],[-73.11873,-45.33764],[-73.11388,-45.33485],[-73.10868,-45.3324],[-73.10316,-45.33033],[-73.09737,-45.32865],[-73.09139,-45.32738],[-73.08525,-45.32653],[-73.07903,-45.3261],[-73.07277,-45.32611],[-73.06655,-45.32655],[-73.06042,-45.32741],[-73.05444,-45.3287],[-73.04866,-45.33039],[-73.04315,-45.33248],[-73.03795,-45.33493],[-73.03312,-45.33773],[-73.0287,-45.34086],[-73.02474,-45.34427],[-73.02127,-45.34794],[-73.01833,-45.35183],[-73.01594,-45.35591],[-73.01412,-45.36013],[-73.01291,-45.36446],[-73.0123,-45.36885],[-73.01231,-45.37326],[-73.01292,-45.37765],[-73.01415,-45.38197],[-73.01597,-45.3862],[-73.01837,-45.39027],[-73.02133,-45.39416],[-73.02481,-45.39782],[-73.02879,-45.40123]]}},
{"type":"Feature","properties":{"distance":5.0},"geometry":{"type":"LineString","coordinates":[[-72.52625,-44.34123],[-72.53057,-44.34436],[-72.53531,-44.34718],[-72.5404,-44.34966],[-72.54581,-44.35176],[-72.55147,-44.35347],[-72.55735,-44.35478],[-72.56338,-44.35566],[-72.56949,-44.35612],[-72.57565,-44.35614],[-72.58177,-44.35574],[-72.58781,-44.3549],[-72.5937,-44.35364],[-72.5994,-44.35197],[-72.60484,-44.34991],[-72.60997,-44.34748],[-72.61474,-44.3447],[-72.61911,-44.34159],[-72.62303,-44.33819],[-72.62648,-44.33454],[-72.6294,-44.33065],[-72.63178,-44.32658],[-72.63359,-44.32237],[-72.63482,-44.31804],[-72.63545,-44.31365],[-72.63548,-44.30924],[-72.63491,-44.30485],[-72.63374,-44.30051],[-72.63198,-44.29629],[-72.62966,-44.2922],[-72.62679,-44.2883],[-72.6234,-44.28462],[-72.61953,-44.28119],[-72.6152,-44.27806],[-72.61048,-44.27524],[-72.60539,-44.27277],[-72.59998,-44.27067],[-72.59432,-44.26896],[-72.58845,-44.26766],[-72.58244,-44.26677],[-72.57633,-44.26631],[-72.57019,-44.26629],[-72.56407,-44.2667],[-72.55804,-44.26753],[-72.55215,-44.26879],[-72.54647,-44.27046],[-72.54103,-44.27251],[-72.5359,-44.27494],[-72.53113,-44.27772],[-72.52676,-44.28082],[-72.52284,-44.28422],[-72.51939,-44.28787],[-72.51646,-44.29175],[-72.51408,-44.29582],[-72.51225,-44.30003],[-72.51102,-44.30436],[-72.51038,-44.30875],[-72.51034,-44.31316],[-72.5109,-44.31755],[-72.51206,-44.32189],[-72.51381,-44.32612],[-72.51613,-44.33021],[-72.519,-44.33411],[-72.52238,-44.3378],[-72.52625,-44.34123]]}},
{"type":"Feature","properties":{"distance":5.0},"geometry":{"type":"LineString","coordinates":[[-72.76807,-43.53008],[-72.77234,-43.53322],[-72.77702,-43.53603],[-72.78205,-43.53849],[-72.78739,-43.54059],[-72.79299,-43.54229],[-72.79879,-43.54358],[-72.80473,-43.54446],[-72.81077,-43.54491],[-72.81684,-43.54492],[-72.82287,-43.5445],[-72.82883,-43.54365],[-72.83464,-43.54239],[-72.84025,-43.54071],[-72.84561,-43.53864],[-72.85066,-43.5362],[-72.85536,-43.53341],[-72.85966,-43.5303],[-72.86352,-43.52689],[-72.8669,-43.52323],[-72.86978,-43.51934],[-72.87211,-43.51527],[-72.87388,-43.51105],[-72.87508,-43.50673],[-72.87569,-43.50233],[-72.87571,-43.49792],[-72.87513,-43.49353],[-72.87396,-43.4892],[-72.87222,-43.48497],[-72.86991,-43.48089],[-72.86707,-43.47699],[-72.86371,-43.47332],[-72.85988,-43.4699],[-72.85561,-43.46677],[-72.85094,-43.46396],[-72.84591,-43.4615],[-72.84058,-43.45941],[-72.83499,-43.45771],[-72.82919,-43.45641],[-72.82326,-43.45554],[-72.81723,-43.45509],[-72.81117,-43.45508],[-72.80514,-43.4555],[-72.7992,-43.45634],[-72.79339,-43.45761],[-72.78779,-43.45928],[-72.78243,-43.46135],[-72.77738,-43.46379],[-72.77269,-43.46657],[-72.76838,-43.46968],[-72.76452,-43.47308],[-72.76114,-43.47674],[-72.75826,-43.48063],[-72.75592,-43.4847],[-72.75414,-43.48892],[-72.75293,-43.49324],[-72.75231,-43.49763],[-72.75229,-43.50204],[-72.75286,-43.50644],[-72.75402,-43.51077],[-72.75575,-43.515],[-72.75805,-43.51908],[-72.76089,-43.52298],[-72.76424,-43.52666],[-72.76807,-43.53008]]}},
{"type":"Feature","properties":{"distance":5.0},"geometry":{"type":"LineString","coordinates":[[-72.22453,-41.00282],[-72.2286,-41.00598],[-72.23306,-41.00882],[-72.23787,-41.01132],[-72.24298,-41.01345],[-72.24834,-41.01519],[-72.25389,-41.01652],[-72.2596,-41.01743],[-72.26539,-41.01792],[-72.27122,-41.01797],[-72.27703,-41.01759],[-72.28276,-41.01677],[-72.28836,-41.01554],[-72.29377,-41.0139],[-72.29895,-41.01186],[-72.30383,-41.00945],[-72.30838,-41.00668],[-72.31254,-41.0036],[-72.31629,-41.00022],[-72.31958,-40.99657],[-72.32239,-40.9927],[-72.32468,-40.98864],[-72.32643,-40.98443],[-72.32763,-40.98011],[-72.32826,-40.97572],[-72.32833,-40.9713],[-72.32782,-40.9669],[-72.32675,-40.96256],[-72.32512,-40.95832],[-72.32295,-40.95422],[-72.32026,-40.95031],[-72.31708,-40.94661],[-72.31343,-40.94316],[-72.30936,-40.94001],[-72.3049,-40.93717],[-72.3001,-40.93467],[-72.29499,-40.93255],[-72.28964,-40.93081],[-72.28409,-40.92948],[-72.27839,-40.92857],[-72.2726,-40.92808],[-72.26678,-40.92803],[-72.26098,-40.92841],[-72.25526,-40.92922],[-72.24966,-40.93046],[-72.24426,-40.9321],[-72.23909,-40.93413],[-72.23421,-40.93654],[-72.22966,-40.9393],[-72.2255,-40.94238],[-72.22175,-40.94576],[-72.21845,-40.94941],[-72.21564,-40.95327],[-72.21335,-40.95733],[-72.21159,-40.96154],[-72.21038,-40.96586],[-72.20974,-40.97025],[-72.20967,-40.97467],[-72.21017,-40.97907],[-72.21123,-40.98341],[-72.21286,-40.98765],[-72.21502,-40.99175],[-72.2177,-40.99567],[-72.22088,-40.99937],[-72.22453,-41.00282]]}},
{"type":"Feature","properties":{"distance":5.0},"geometry":{"type":"LineString","coordinates":[[-109.34678,-27.14611],[-109.3504,-27.14773],[-109.35808,-27.14998],[-109.3661,-27.15084],[-109.37415,-27.15029],[-109.38192,-27.14834],[-109.38913,-27.14508],[-109.39548,-27.14062],[-109.40073,-27.13513],[-109.40288,-27.13207],[-109.40613,-27.12546],[-109.40788,-27.11841],[-109.40805,-27.11119],[-109.40665,-27.10408],[-109.40372,-27.09735],[-109.39939,-27.09126],[-109.39381,-27.08605],[-109.38721,-27.0819],[-109.3836,-27.08028],[-109.37593,-27.07803],[-109.36792,-27.07716],[-109.35988,-27.07771],[-109.3521,-27.07965],[-109.3449,-27.08291],[-109.33855,-27.08736],[-109.33328,-27.09284],[-109.32932,-27.09913],[-109.32787,-27.10251],[-109.32611,-27.10957],[-109.32593,-27.11679],[-109.32733,-27.12391],[-109.33025,-27.13065],[-109.33458,-27.13674],[-109.34017,-27.14197],[-109.34678,-27.14611]]}},
{"type":"Feature","properties":{"distance":5.0},"geometry":{"type":"LineString","coordinates":[[-72.2999,-43.67647],[-72.30372,-43.67991],[-72.30798,-43.68306],[-72.31265,-43.68589],[-72.31767,-43.68837],[-72.32301,-43.69049],[-72.32861,-43.69222],[-72.33442,-43.69353],[-72.34037,-43.69443],[-72.34642,-43.6949],[-72.3525,-43.69494],[-72.35856,-43.69455],[-72.36454,-43.69372],[-72.37038,-43.69248],[-72.37601,-43.69082],[-72.3814,-43.68878],[-72.38649,-43.68635],[-72.39122,-43.68358],[-72.39556,-43.68049],[-72.39945,-43.6771],[-72.40287,-43.67345],[-72.40578,-43.66957],[-72.40815,-43.66551],[-72.40997,-43.66129],[-72.4112,-43.65697],[-72.41184,-43.65258],[-72.41189,-43.64817],[-72.41134,-43.64377],[-72.41021,-43.63944],[-72.40849,-43.6352],[-72.40621,-43.63111],[-72.40339,-43.6272],[-72.40005,-43.62351],[-72.39624,-43.62008],[-72.39197,-43.61693],[-72.38731,-43.6141],[-72.38229,-43.61162],[-72.37695,-43.6095],[-72.37136,-43.60778],[-72.36556,-43.60646],[-72.35962,-43.60557],[-72.35358,-43.6051],[-72.3475,-43.60506],[-72.34145,-43.60545],[-72.33548,-43.60627],[-72.32965,-43.60752],[-72.32402,-43.60917],[-72.31864,-43.61121],[-72.31356,-43.61363],[-72.30882,-43.6164],[-72.30449,-43.61949],[-72.30059,-43.62288],[-72.29717,-43.62653],[-72.29425,-43.6304],[-72.29187,-43.63446],[-72.29005,-43.63868],[-72.28881,-43.643],[-72.28816,-43.64739],[-72.2881,-43.6518],[-72.28864,-43.6562],[-72.28977,-43.66053],[-72.29148,-43.66477],[-72.29376,-43.66886],[-72.29657,-43.67278],[-72.2999,-43.67647]]}},
{"type":"Feature","properties":{"distance":5.0},"geometry":{"type":"LineString","coordinates":[[-72.23535,-41.28283],[-72.23944,-41.28599],[-72.24392,-41.28883],[-72.24875,-41.29133],[-72.25388,-41.29345],[-72.25927,-41.29519],[-72.26485,-41.29652],[-72.27058,-41.29743],[-72.2764,-41.29792],[-72.28225,-41.29797],[-72.28809,-41.29758],[-72.29384,-41.29677],[-72.29946,-41.29553],[-72.3049,-41.29389],[-72.31009,-41.29185],[-72.31499,-41.28944],[-72.31956,-41.28667],[-72.32374,-41.28358],[-72.32751,-41.2802],[-72.33081,-41.27656],[-72.33362,-41.27268],[-72.33592,-41.26862],[-72.33768,-41.26441],[-72.33888,-41.26009],[-72.33952,-41.2557],[-72.33958,-41.25129],[-72.33907,-41.24689],[-72.33799,-41.24255],[-72.33635,-41.23831],[-72.33417,-41.23421],[-72.33147,-41.23029],[-72.32827,-41.2266],[-72.32461,-41.22315],[-72.32052,-41.22],[-72.31604,-41.21716],[-72.31121,-41.21467],[-72.30609,-41.21254],[-72.30071,-41.21081],[-72.29513,-41.20948],[-72.28941,-41.20857],[-72.2836,-41.20808],[-72.27775,-41.20803],[-72.27193,-41.20842],[-72.26618,-41.20923],[-72.26056,-41.21046],[-72.25513,-41.2121],[-72.24995,-41.21414],[-72.24505,-41.21655],[-72.24048,-41.21931],[-72.2363,-41.2224],[-72.23253,-41.22578],[-72.22923,-41.22942],[-72.22641,-41.23329],[-72.2241,-41.23735],[-72.22234,-41.24156],[-72.22113,-41.24588],[-72.22048,-41.25027],[-72.22041,-41.25468],[-72.22092,-41.25908],[-72.22199,-41.26342],[-72.22362,-41.26767],[-72.2258,-41.27177],[-72.2285,-41.27568],[-72.23169,-41.27938],[-72.23535,-41.28283]]}},
{"type":"Feature","properties":{"distance":5.0},"geometry":{"type":"LineString","coordinates":[[-72.06409,-40.6113],[-72.0677,-40.61476],[-72.07174,-40.61792],[-72.07617,-40.62077],[-72.08094,-40.62328],[-72.08601,-40.62541],[-72.09134,-40.62716],[-72.09686,-40.6285],[-72.10253,-40.62942],[-72.10829,-40.62992],[-72.11409,-40.62998],[-72.11987,-40.6296],[-72.12557,-40.6288],[-72.13114,-40.62758],[-72.13652,-40.62594],[-72.14167,-40.62391],[-72.14653,-40.62151],[-72.15106,-40.61875],[-72.15521,-40.61567],[-72.15895,-40.61229],[-72.16223,-40.60865],[-72.16503,-40.60479],[-72.16732,-40.60073],[-72.16907,-40.59652],[-72.17027,-40.5922],[-72.17092,-40.58781],[-72.17099,-40.58339],[-72.1705,-40.57899],[-72.16945,-40.57465],[-72.16784,-40.57041],[-72.16569,-40.56631],[-72.16303,-40.56238],[-72.15987,-40.55868],[-72.15626,-40.55523],[-72.15222,-40.55206],[-72.14779,-40.54922],[-72.14302,-40.54671],[-72.13795,-40.54458],[-72.13264,-40.54284],[-72.12712,-40.5415],[-72.12146,-40.54058],[-72.1157,-40.54008],[-72.10992,-40.54002],[-72.10415,-40.54039],[-72.09845,-40.5412],[-72.09289,-40.54242],[-72.08751,-40.54405],[-72.08237,-40.54608],[-72.07751,-40.54848],[-72.07298,-40.55123],[-72.06883,-40.55431],[-72.06509,-40.55769],[-72.0618,-40.56132],[-72.059,-40.56519],[-72.05671,-40.56924],[-72.05495,-40.57345],[-72.05374,-40.57777],[-72.05309,-40.58216],[-72.053,-40.58658],[-72.05349,-40.59098],[-72.05454,-40.59532],[-72.05614,-40.59957],[-72.05828,-40.60367],[-72.06094,-40.60759],[-72.06409,-40.6113]]}},
{"type":"Feature","properties":{"distance":5.0},"geometry":{"type":"LineString","coordinates":[[-71.62558,-39.29243],[-71.62952,-39.29561],[-71.63384,-39.29848],[-71.63851,-39.30101],[-71.64347,-39.30317],[-71.64868,-39.30494],[-71.65409,-39.30631],[-71.65964,-39.30726],[-71.66529,-39.30778],[-71.67098,-39.30786],[-71.67665,-39.30752],[-71.68225,-39.30674],[-71.68772,-39.30554],[-71.69302,-39.30393],[-71.69808,-39.30192],[-71.70287,-39.29954],[-71.70733,-39.2968],[-71.71143,-39.29373],[-71.71512,-39.29037],[-71.71837,-39.28675],[-71.72115,-39.28289],[-71.72342,-39.27884],[-71.72517,-39.27464],[-71.72639,-39.27032],[-71.72705,-39.26593],[-71.72716,-39.26152],[-71.72671,-39.25711],[-71.72571,-39.25276],[-71.72416,-39.24851],[-71.72209,-39.2444],[-71.7195,-39.24046],[-71.71644,-39.23674],[-71.71292,-39.23327],[-71.70898,-39.23009],[-71.70466,-39.22722],[-71.7,-39.2247],[-71.69504,-39.22254],[-71.68983,-39.22077],[-71.68443,-39.2194],[-71.67888,-39.21846],[-71.67324,-39.21794],[-71.66756,-39.21785],[-71.6619,-39.2182],[-71.65631,-39.21897],[-71.65084,-39.22017],[-71.64555,-39.22178],[-71.64049,-39.22379],[-71.6357,-39.22617],[-71.63124,-39.2289],[-71.62714,-39.23196],[-71.62345,-39.23532],[-71.6202,-39.23895],[-71.61742,-39.2428],[-71.61514,-39.24685],[-71.61338,-39.25105],[-71.61216,-39.25537],[-71.61149,-39.25975],[-71.61137,-39.26417],[-71.61181,-39.26858],[-71.61281,-39.27293],[-71.61435,-39.27718],[-71.61642,-39.2813],[-71.619,-39.28523],[-71.62206,-39.28896],[-71.62558,-39.29243]]}},
{"type":"Feature","properties":{"distance":5.0},"geometry":{"type":"LineString","coordinates":[[-71.7829,-39.22616],[-71.78642,-39.22963],[-71.79036,-39.23281],[-71.79469,-39.23567],[-71.79935,-39.23819],[-71.80432,-39.24035],[-71.80953,-39.24211],[-71.81493,-39.24347],[-71.82048,-39.24441],[-71.82613,-39.24492],[-71.83181,-39.245],[-71.83747,-39.24465],[-71.84306,-39.24386],[-71.84853,-39.24265],[-71.85382,-39.24103],[-71.85887,-39.23902],[-71.86365,-39.23663],[-71.86811,-39.23389],[-71.87219,-39.23082],[-71.87587,-39.22745],[-71.87911,-39.22382],[-71.88187,-39.21996],[-71.88414,-39.21591],[-71.88588,-39.2117],[-71.88708,-39.20739],[-71.88774,-39.203],[-71.88783,-39.19858],[-71.88737,-39.19418],[-71.88636,-39.18983],[-71.88481,-39.18558],[-71.88273,-39.18147],[-71.88014,-39.17754],[-71.87707,-39.17382],[-71.87354,-39.17036],[-71.8696,-39.16718],[-71.86528,-39.16432],[-71.86061,-39.1618],[-71.85566,-39.15965],[-71.85045,-39.15789],[-71.84505,-39.15653],[-71.83951,-39.15559],[-71.83387,-39.15508],[-71.8282,-39.155],[-71.82254,-39.15535],[-71.81695,-39.15614],[-71.81149,-39.15734],[-71.80621,-39.15896],[-71.80116,-39.16097],[-71.79638,-39.16336],[-71.79193,-39.1661],[-71.78785,-39.16917],[-71.78416,-39.17253],[-71.78092,-39.17616],[-71.77816,-39.18001],[-71.77589,-39.18407],[-71.77414,-39.18827],[-71.77293,-39.19259],[-71.77227,-39.19697],[-71.77216,-39.20139],[-71.77262,-39.2058],[-71.77362,-39.21014],[-71.77517,-39.2144],[-71.77724,-39.21851],[-71.77983,-39.22244],[-71.7829,-39.22616]]}},
{"type":"Feature","properties":{"distance":5.0},"geometry":{"type":"LineString","coordinates":[[-70.9687,-36.3183],[-70.97245,-36.32151],[-70.97658,-36.32441],[-70.98103,-36.32697],[-70.98578,-36.32917],[-70.99076,-36.33098],[-70.99595,-36.33238],[-71.00127,-36.33337],[-71.00669,-36.33392],[-71.01216,-36.33405],[-71.01761,-36.33374],[-71.023,-36.333],[-71.02827,-36.33184],[-71.03338,-36.33026],[-71.03827,-36.32829],[-71.04289,-36.32593],[-71.04721,-36.32322],[-71.05118,-36.32019],[-71.05476,-36.31685],[-71.05793,-36.31324],[-71.06063,-36.3094],[-71.06286,-36.30536],[-71.06459,-36.30117],[-71.06581,-36.29686],[-71.06649,-36.29247],[-71.06665,-36.28805],[-71.06626,-36.28364],[-71.06534,-36.27928],[-71.0639,-36.27502],[-71.06196,-36.27088],[-71.05952,-36.26693],[-71.05661,-36.26319],[-71.05327,-36.25969],[-71.04951,-36.25648],[-71.04539,-36.25358],[-71.04094,-36.25102],[-71.0362,-36.24883],[-71.03122,-36.24702],[-71.02604,-36.24562],[-71.02072,-36.24463],[-71.0153,-36.24408],[-71.00984,-36.24395],[-71.0044,-36.24426],[-70.99902,-36.245],[-70.99375,-36.24616],[-70.98865,-36.24774],[-70.98376,-36.24971],[-70.97914,-36.25206],[-70.97482,-36.25476],[-70.97085,-36.2578],[-70.96727,-36.26114],[-70.9641,-36.26474],[-70.96139,-36.26858],[-70.95916,-36.27261],[-70.95742,-36.27681],[-70.9562,-36.28112],[-70.95551,-36.2855],[-70.95535,-36.28992],[-70.95573,-36.29433],[-70.95664,-36.29869],[-70.95808,-36.30296],[-70.96002,-36.30709],[-70.96246,-36.31105],[-70.96536,-36.3148],[-70.9687,-36.3183]]}},
{"type":"Feature","properties":{"distance":5.0},"geometry":{"type":"LineString","coordinates":[[-70.18417,-54.98378],[-70.18885,-54.98727],[-70.19409,-54.99049],[-70.19986,-54.9934],[-70.2061,-54.99596],[-70.21274,-54.99816],[-70.21973,-54.99998],[-70.227,-55.00139],[-70.23447,-55.00239],[-70.24208,-55.00295],[-70.24974,-55.00309],[-70.2574,-55.0028],[-70.26496,-55.00207],[-70.27237,-55.00092],[-70.27954,-54.99936],[-70.28641,-54.9974],[-70.29292,-54.99507],[-70.29899,-54.99238],[-70.30458,-54.98936],[-70.30962,-54.98603],[-70.31407,-54.98244],[-70.31789,-54.97862],[-70.32103,-54.9746],[-70.32348,-54.97042],[-70.3252,-54.96612],[-70.32618,-54.96175],[-70.32641,-54.95734],[-70.32589,-54.95295],[-70.32462,-54.9486],[-70.32262,-54.94434],[-70.31991,-54.94022],[-70.3165,-54.93627],[-70.31244,-54.93253],[-70.30777,-54.92904],[-70.30252,-54.92583],[-70.29675,-54.92293],[-70.29052,-54.92037],[-70.28389,-54.91817],[-70.27691,-54.91636],[-70.26965,-54.91495],[-70.2622,-54.91396],[-70.25461,-54.91339],[-70.24696,-54.91325],[-70.23932,-54.91354],[-70.23177,-54.91427],[-70.22438,-54.91541],[-70.21722,-54.91697],[-70.21036,-54.91893],[-70.20386,-54.92126],[-70.19779,-54.92394],[-70.19221,-54.92696],[-70.18716,-54.93028],[-70.18271,-54.93386],[-70.17888,-54.93768],[-70.17572,-54.9417],[-70.17327,-54.94587],[-70.17153,-54.95017],[-70.17053,-54.95454],[-70.17028,-54.95895],[-70.17079,-54.96335],[-70.17204,-54.9677],[-70.17403,-54.97196],[-70.17673,-54.97608],[-70.18012,-54.98004],[-70.18417,-54.98378]]}},
{"type":"Feature","properties":{"distance":5.0},"geometry":{"type":"LineString","coordinates":[[-70.04437,-52.02903],[-70.04925,-52.03225],[-70.05462,-52.03517],[-70.06043,-52.03774],[-70.06662,-52.03996],[-70.07313,-52.04178],[-70.0799,-52.04321],[-70.08686,-52.04421],[-70.09395,-52.0448],[-70.1011,-52.04495],[-70.10824,-52.04466],[-70.1153,-52.04395],[-70.12221,-52.04281],[-70.12891,-52.04126],[-70.13533,-52.03931],[-70.14141,-52.03699],[-70.14708,-52.0343],[-70.15231,-52.03129],[-70.15702,-52.02797],[-70.16119,-52.02439],[-70.16477,-52.02057],[-70.16772,-52.01655],[-70.17002,-52.01238],[-70.17165,-52.00808],[-70.17258,-52.00371],[-70.17282,-51.9993],[-70.17235,-51.9949],[-70.17119,-51.99054],[-70.16934,-51.98628],[-70.16683,-51.98215],[-70.16367,-51.9782],[-70.1599,-51.97445],[-70.15556,-51.97095],[-70.15068,-51.96773],[-70.14531,-51.96482],[-70.13951,-51.96224],[-70.13333,-51.96004],[-70.12682,-51.95821],[-70.12006,-51.95679],[-70.11311,-51.95578],[-70.10604,-51.9552],[-70.0989,-51.95505],[-70.09177,-51.95534],[-70.08473,-51.95605],[-70.07783,-51.95718],[-70.07114,-51.95873],[-70.06473,-51.96068],[-70.05866,-51.963],[-70.05299,-51.96568],[-70.04777,-51.96869],[-70.04305,-51.972],[-70.03887,-51.97558],[-70.03529,-51.97939],[-70.03233,-51.98341],[-70.03002,-51.98758],[-70.02838,-51.99188],[-70.02743,-51.99625],[-70.02718,-52.00066],[-70.02763,-52.00506],[-70.02878,-52.00941],[-70.03061,-52.01368],[-70.03312,-52.01781],[-70.03627,-52.02177],[-70.04003,-52.02552],[-70.04437,-52.02903]]}},
{"type":"Feature","properties":{"distance":5.0},"geometry":{"type":"LineString","coordinates":[[-70.46463,-36.08712],[-70.46835,-36.09035],[-70.47244,-36.09327],[-70.47687,-36.09585],[-70.48158,-36.09807],[-70.48655,-36.0999],[-70.4917,-36.10132],[-70.49701,-36.10233],[-70.50241,-36.10291],[-70.50786,-36.10306],[-70.5133,-36.10278],[-70.51868,-36.10206],[-70.52394,-36.10092],[-70.52904,-36.09936],[-70.53393,-36.09741],[-70.53856,-36.09508],[-70.54289,-36.09239],[-70.54687,-36.08936],[-70.55046,-36.08604],[-70.55364,-36.08245],[-70.55636,-36.07862],[-70.55861,-36.07459],[-70.56037,-36.0704],[-70.5616,-36.06609],[-70.56232,-36.06171],[-70.5625,-36.05729],[-70.56214,-36.05288],[-70.56126,-36.04851],[-70.55985,-36.04424],[-70.55793,-36.0401],[-70.55553,-36.03613],[-70.55265,-36.03238],[-70.54934,-36.02887],[-70.54562,-36.02564],[-70.54153,-36.02272],[-70.5371,-36.02014],[-70.53239,-36.01793],[-70.52743,-36.0161],[-70.52228,-36.01467],[-70.51698,-36.01367],[-70.51158,-36.01308],[-70.50614,-36.01294],[-70.50071,-36.01322],[-70.49534,-36.01394],[-70.49008,-36.01508],[-70.48498,-36.01663],[-70.48009,-36.01858],[-70.47547,-36.02091],[-70.47114,-36.0236],[-70.46716,-36.02662],[-70.46357,-36.02994],[-70.46039,-36.03353],[-70.45766,-36.03736],[-70.45541,-36.04139],[-70.45365,-36.04557],[-70.45241,-36.04988],[-70.45169,-36.05426],[-70.4515,-36.05868],[-70.45185,-36.0631],[-70.45273,-36.06746],[-70.45413,-36.07174],[-70.45604,-36.07588],[-70.45845,-36.07985],[-70.46132,-36.08361],[-70.46463,-36.08712]]}},
{"type":"Feature","properties":{"distance":5.0},"geometry":{"type":"LineString","coordinates":[[-70.25505,-34.64004],[-70.25869,-34.64328],[-70.2627,-34.64621],[-70.26704,-34.6488],[-70.27167,-34.65103],[-70.27653,-34.65287],[-70.2816,-34.65431],[-70.28681,-34.65533],[-70.29211,-34.65592],[-70.29746,-34.65608],[-70.30281,-34.65581],[-70.30809,-34.6551],[-70.31327,-34.65397],[-70.31829,-34.65243],[-70.32309,-34.65048],[-70.32765,-34.64816],[-70.33191,-34.64548],[-70.33583,-34.64246],[-70.33937,-34.63915],[-70.3425,-34.63556],[-70.34519,-34.63173],[-70.34741,-34.62771],[-70.34915,-34.62352],[-70.35038,-34.61922],[-70.35109,-34.61483],[-70.35128,-34.61041],[-70.35095,-34.606],[-70.35009,-34.60163],[-70.34872,-34.59735],[-70.34685,-34.59321],[-70.3445,-34.58923],[-70.34169,-34.58547],[-70.33845,-34.58195],[-70.3348,-34.57871],[-70.33079,-34.57579],[-70.32646,-34.5732],[-70.32183,-34.57097],[-70.31697,-34.56913],[-70.31191,-34.5677],[-70.30671,-34.56668],[-70.30141,-34.56609],[-70.29606,-34.56593],[-70.29072,-34.5662],[-70.28544,-34.5669],[-70.28027,-34.56803],[-70.27526,-34.56958],[-70.27045,-34.57152],[-70.2659,-34.57384],[-70.26165,-34.57652],[-70.25773,-34.57953],[-70.25418,-34.58285],[-70.25105,-34.58643],[-70.24836,-34.59026],[-70.24613,-34.59428],[-70.24439,-34.59846],[-70.24315,-34.60277],[-70.24244,-34.60715],[-70.24224,-34.61157],[-70.24257,-34.61599],[-70.24342,-34.62036],[-70.24478,-34.62463],[-70.24665,-34.62878],[-70.24899,-34.63276],[-70.2518,-34.63652],[-70.25505,-34.64004]]}},
{"type":"Feature","properties":{"distance":5.0},"geometry":{"type":"LineString","coordinates":[[-69.79018,-34.19288],[-69.79379,-34.19614],[-69.79776,-34.19908],[-69.80206,-34.20169],[-69.80665,-34.20394],[-69.81148,-34.2058],[-69.81651,-34.20726],[-69.82169,-34.2083],[-69.82696,-34.20891],[-69.83228,-34.20909],[-69.8376,-34.20884],[-69.84286,-34.20815],[-69.84802,-34.20704],[-69.85302,-34.20552],[-69.85781,-34.20359],[-69.86236,-34.20128],[-69.86661,-34.19862],[-69.87052,-34.19562],[-69.87407,-34.19231],[-69.8772,-34.18874],[-69.8799,-34.18492],[-69.88213,-34.18091],[-69.88388,-34.17673],[-69.88513,-34.17243],[-69.88587,-34.16804],[-69.88608,-34.16362],[-69.88578,-34.15921],[-69.88495,-34.15483],[-69.88361,-34.15055],[-69.88177,-34.1464],[-69.87946,-34.14241],[-69.87668,-34.13864],[-69.87348,-34.13511],[-69.86987,-34.13185],[-69.8659,-34.12891],[-69.8616,-34.1263],[-69.85701,-34.12406],[-69.85218,-34.1222],[-69.84716,-34.12075],[-69.84198,-34.11971],[-69.83672,-34.11909],[-69.8314,-34.11891],[-69.82609,-34.11917],[-69.82083,-34.11985],[-69.81568,-34.12096],[-69.81069,-34.12248],[-69.80589,-34.12441],[-69.80135,-34.12671],[-69.7971,-34.12938],[-69.79319,-34.13237],[-69.78965,-34.13568],[-69.78651,-34.13925],[-69.78381,-34.14306],[-69.78157,-34.14708],[-69.77981,-34.15125],[-69.77856,-34.15555],[-69.77782,-34.15994],[-69.7776,-34.16436],[-69.7779,-34.16878],[-69.77872,-34.17315],[-69.78006,-34.17743],[-69.78189,-34.18159],[-69.7842,-34.18557],[-69.78697,-34.18935],[-69.79018,-34.19288]]}},
{"type":"Feature","properties":{"distance":5.0},"geometry":{"type":"LineString","coordinates":[[-68.50188,-27.1385],[-68.50519,-27.1418],[-68.50885,-27.14479],[-68.51281,-27.14744],[-68.51705,-27.14973],[-68.52152,-27.15164],[-68.52618,-27.15315],[-68.53097,-27.15424],[-68.53587,-27.15491],[-68.54082,-27.15514],[-68.54576,-27.15494],[-68.55066,-27.15431],[-68.55547,-27.15324],[-68.56014,-27.15177],[-68.56462,-27.14989],[-68.56888,-27.14762],[-68.57287,-27.145],[-68.57655,-27.14203],[-68.57989,-27.13876],[-68.58285,-27.13521],[-68.58541,-27.13142],[-68.58754,-27.12742],[-68.58922,-27.12325],[-68.59044,-27.11896],[-68.59118,-27.11458],[-68.59144,-27.11016],[-68.59122,-27.10573],[-68.59051,-27.10135],[-68.58932,-27.09705],[-68.58767,-27.09287],[-68.58557,-27.08886],[-68.58303,-27.08505],[-68.5801,-27.08148],[-68.57679,-27.07819],[-68.57313,-27.07521],[-68.56917,-27.07256],[-68.56493,-27.07026],[-68.56047,-27.06836],[-68.55581,-27.06685],[-68.55102,-27.06576],[-68.54613,-27.06509],[-68.54118,-27.06486],[-68.53624,-27.06506],[-68.53134,-27.06569],[-68.52654,-27.06675],[-68.52187,-27.06823],[-68.51739,-27.07011],[-68.51314,-27.07237],[-68.50915,-27.075],[-68.50547,-27.07796],[-68.50213,-27.08123],[-68.49917,-27.08478],[-68.49661,-27.08857],[-68.49447,-27.09257],[-68.49279,-27.09673],[-68.49157,-27.10102],[-68.49082,-27.1054],[-68.49056,-27.10983],[-68.49078,-27.11425],[-68.49149,-27.11864],[-68.49267,-27.12294],[-68.49432,-27.12711],[-68.49642,-27.13113],[-68.49895,-27.13494],[-68.50188,-27.1385]]}},
{"type":"Feature","properties":{"distance":5.0},"geometry":{"type":"LineString","coordinates":[[-68.66598,-27.13199],[-68.66892,-27.13555],[-68.67224,-27.13884],[-68.6759,-27.14182],[-68.67987,-27.14447],[-68.68411,-27.14676],[-68.68858,-27.14866],[-68.69324,-27.15017],[-68.69804,-27.15125],[-68.70294,-27.15191],[-68.70788,-27.15214],[-68.71283,-27.15193],[-68.71773,-27.15129],[-68.72254,-27.15023],[-68.7272,-27.14874],[-68.73168,-27.14686],[-68.73594,-27.14459],[-68.73992,-27.14196],[-68.7436,-27.13899],[-68.74811,-27.1343],[-68.75414,-27.13777],[-68.75861,-27.13967],[-68.76327,-27.14117],[-68.76807,-27.14226],[-68.77297,-27.14292],[-68.77791,-27.14314],[-68.78286,-27.14293],[-68.78776,-27.14229],[-68.79256,-27.14122],[-68.79723,-27.13973],[-68.80171,-27.13785],[-68.80596,-27.13558],[-68.80994,-27.13294],[-68.81361,-27.12997],[-68.81694,-27.12669],[-68.8199,-27.12314],[-68.82245,-27.11934],[-68.82457,-27.11534],[-68.82625,-27.11117],[-68.82746,-27.10688],[-68.82819,-27.1025],[-68.82844,-27.09807],[-68.8282,-27.09365],[-68.82748,-27.08926],[-68.82629,-27.08496],[-68.82463,-27.08079],[-68.82252,-27.07678],[-68.81998,-27.07298],[-68.81704,-27.06942],[-68.81372,-27.06613],[-68.81006,-27.06315],[-68.80609,-27.06051],[-68.80185,-27.05822],[-68.79738,-27.05632],[-68.79272,-27.05482],[-68.78792,-27.05374],[-68.78303,-27.05308],[-68.77809,-27.05286],[-68.77315,-27.05307],[-68.76825,-27.05371],[-68.76345,-27.05478],[-68.75879,-27.05626],[-68.75431,-27.05815],[-68.75006,-27.06042],[-68.74608,-27.06305],[-68.74241,-27.06602],[-68.7379,-27.07071],[-68.73187,-27.06724],[-68.7274,-27.06533],[-68.72275,-27.06383],[-68.71795,-27.06275],[-68.71306,-27.06209],[-68.70812,-27.06186],[-68.70317,-27.06207],[-68.69828,-27.0627],[-68.69347,-27.06377],[-68.68881,-27.06525],[-68.68433,-27.06714],[-68.68008,-27.06941],[-68.6761,-27.07203],[-68.67242,-27.075],[-68.66909,-27.07828],[-68.66613,-27.08183],[-68.66358,-27.08562],[-68.66145,-27.08962],[-68.65977,-27.09379],[-68.65855,-27.09808],[-68.65781,-27.10246],[-68.65756,-27.10689],[-68.65779,-27.11131],[-68.6585,-27.1157],[-68.65969,-27.12],[-68.66135,-27.12417],[-68.66345,-27.12818],[-68.66598,-27.13199]]}},
{"type":"Feature","properties":{"distance":5.0},"geometry":{"type":"LineString","coordinates":[[-68.54946,-25.44253],[-68.55273,-25.44582],[-68.55633,-25.44881],[-68.56024,-25.45146],[-68.56442,-25.45375],[-68.56883,-25.45566],[-68.57342,-25.45717],[-68.57815,-25.45826],[-68.58297,-25.45892],[-68.58785,-25.45915],[-68.59272,-25.45895],[-68.59755,-25.45831],[-68.60229,-25.45725],[-68.60689,-25.45577],[-68.61131,-25.45388],[-68.6155,-25.45162],[-68.61943,-25.44899],[-68.62306,-25.44602],[-68.62634,-25.44275],[-68.62926,-25.4392],[-68.63178,-25.4354],[-68.63388,-25.4314],[-68.63554,-25.42723],[-68.63673,-25.42294],[-68.63746,-25.41856],[-68.63772,-25.41413],[-68.63749,-25.4097],[-68.63679,-25.40532],[-68.63561,-25.40102],[-68.63398,-25.39684],[-68.63191,-25.39283],[-68.62941,-25.38902],[-68.62652,-25.38546],[-68.62325,-25.38217],[-68.61965,-25.37918],[-68.61574,-25.37653],[-68.61156,-25.37424],[-68.60716,-25.37234],[-68.60257,-25.37083],[-68.59785,-25.36974],[-68.59302,-25.36908],[-68.58815,-25.36885],[-68.58328,-25.36905],[-68.57845,-25.36969],[-68.57372,-25.37075],[-68.56912,-25.37223],[-68.56471,-25.37411],[-68.56052,-25.37638],[-68.55659,-25.37901],[-68.55296,-25.38197],[-68.54968,-25.38524],[-68.54676,-25.38879],[-68.54423,-25.39259],[-68.54213,-25.39659],[-68.54047,-25.40075],[-68.53927,-25.40505],[-68.53854,-25.40943],[-68.53828,-25.41385],[-68.53851,-25.41828],[-68.53921,-25.42266],[-68.54038,-25.42697],[-68.542,-25.43114],[-68.54407,-25.43515],[-68.54657,-25.43896],[-68.54946,-25.44253]]}},
{"type":"Feature","properties":{"distance":5.0},"geometry":{"type":"LineString","coordinates":[[-68.48058,-25.36094],[-68.48347,-25.36451],[-68.48673,-25.36781],[-68.49033,-25.3708],[-68.49424,-25.37345],[-68.49842,-25.37574],[-68.50282,-25.37765],[-68.5074,-25.37916],[-68.51213,-25.38025],[-68.51695,-25.38092],[-68.52182,-25.38115],[-68.52669,-25.38095],[-68.53152,-25.38032],[-68.53626,-25.37925],[-68.54086,-25.37778],[-68.54527,-25.37589],[-68.54946,-25.37363],[-68.55339,-25.371],[-68.55702,-25.36804],[-68.5603,-25.36476],[-68.56322,-25.36121],[-68.56574,-25.35742],[-68.56784,-25.35342],[-68.5695,-25.34925],[-68.5707,-25.34496],[-68.57143,-25.34058],[-68.57168,-25.33615],[-68.57146,-25.33173],[-68.57076,-25.32734],[-68.56959,-25.32304],[-68.56796,-25.31886],[-68.56589,-25.31485],[-68.5634,-25.31104],[-68.56051,-25.30748],[-68.55725,-25.30418],[-68.55365,-25.3012],[-68.54974,-25.29854],[-68.54557,-25.29625],[-68.54117,-25.29435],[-68.53659,-25.29284],[-68.53186,-25.29175],[-68.52704,-25.29108],[-68.52218,-25.29085],[-68.51731,-25.29105],[-68.51248,-25.29168],[-68.50775,-25.29274],[-68.50316,-25.29422],[-68.49874,-25.2961],[-68.49455,-25.29837],[-68.49063,-25.30099],[-68.487,-25.30395],[-68.48372,-25.30723],[-68.4808,-25.31078],[-68.47827,-25.31457],[-68.47617,-25.31857],[-68.47451,-25.32273],[-68.47331,-25.32703],[-68.47258,-25.33141],[-68.47232,-25.33583],[-68.47254,-25.34026],[-68.47323,-25.34464],[-68.4744,-25.34894],[-68.47602,-25.35312],[-68.47809,-25.35714],[-68.48058,-25.36094]]}},
{"type":"Feature","properties":{"distance":5.0},"geometry":{"type":"LineString","coordinates":[[-68.49567,-24.74852],[-68.49892,-24.75182],[-68.5025,-24.7548],[-68.50639,-24.75746],[-68.51054,-24.75975],[-68.51492,-24.76166],[-68.51948,-24.76317],[-68.52419,-24.76426],[-68.52899,-24.76492],[-68.53383,-24.76516],[-68.53868,-24.76495],[-68.54348,-24.76432],[-68.54819,-24.76326],[-68.55277,-24.76178],[-68.55716,-24.75989],[-68.56133,-24.75763],[-68.56524,-24.755],[-68.56885,-24.75203],[-68.57212,-24.74876],[-68.57502,-24.74521],[-68.57753,-24.74142],[-68.57962,-24.73742],[-68.58126,-24.73325],[-68.58246,-24.72895],[-68.58318,-24.72457],[-68.58344,-24.72015],[-68.58321,-24.71572],[-68.58252,-24.71133],[-68.58135,-24.70703],[-68.57973,-24.70285],[-68.57767,-24.69884],[-68.57519,-24.69503],[-68.57231,-24.69147],[-68.56907,-24.68817],[-68.56548,-24.68519],[-68.5616,-24.68254],[-68.55744,-24.68025],[-68.55307,-24.67834],[-68.54851,-24.67683],[-68.54381,-24.67574],[-68.53901,-24.67508],[-68.53417,-24.67484],[-68.52932,-24.67505],[-68.52452,-24.67568],[-68.51982,-24.67674],[-68.51524,-24.67822],[-68.51085,-24.6801],[-68.50668,-24.68237],[-68.50278,-24.68499],[-68.49917,-24.68796],[-68.4959,-24.69123],[-68.493,-24.69478],[-68.49049,-24.69857],[-68.4884,-24.70257],[-68.48675,-24.70674],[-68.48555,-24.71103],[-68.48482,-24.71541],[-68.48456,-24.71984],[-68.48478,-24.72427],[-68.48548,-24.72865],[-68.48664,-24.73295],[-68.48826,-24.73713],[-68.49031,-24.74114],[-68.49279,-24.74495],[-68.49567,-24.74852]]}},
{"type":"Feature","properties":{"distance":5.0},"geometry":{"type":"LineString","coordinates":[[-69.01449,-18.77468],[-69.01761,-18.77796],[-69.02107,-18.78094],[-69.02481,-18.78358],[-69.0288,-18.78586],[-69.03301,-18.78776],[-69.03739,-18.78925],[-69.04191,-18.79033],[-69.04652,-18.79098],[-69.05117,-18.79119],[-69.05582,-18.79098],[-69.06042,-18.79032],[-69.06494,-18.78924],[-69.06932,-18.78775],[-69.07353,-18.78585],[-69.07752,-18.78357],[-69.08126,-18.78093],[-69.08471,-18.77795],[-69.08784,-18.77466],[-69.09061,-18.7711],[-69.093,-18.76729],[-69.09499,-18.76328],[-69.09655,-18.7591],[-69.09768,-18.7548],[-69.09836,-18.75042],[-69.09859,-18.74599],[-69.09836,-18.74156],[-69.09767,-18.73717],[-69.09654,-18.73287],[-69.09497,-18.72869],[-69.09297,-18.72469],[-69.09058,-18.72088],[-69.08781,-18.71732],[-69.08468,-18.71404],[-69.08123,-18.71106],[-69.07749,-18.70842],[-69.0735,-18.70614],[-69.06929,-18.70425],[-69.06491,-18.70276],[-69.06039,-18.70168],[-69.05579,-18.70103],[-69.05114,-18.70082],[-69.04649,-18.70103],[-69.04189,-18.70169],[-69.03737,-18.70276],[-69.03299,-18.70426],[-69.02879,-18.70616],[-69.02479,-18.70844],[-69.02106,-18.71108],[-69.01761,-18.71406],[-69.01448,-18.71734],[-69.01171,-18.72091],[-69.00932,-18.72471],[-69.00733,-18.72872],[-69.00576,-18.73289],[-69.00463,-18.7372],[-69.00395,-18.74158],[-69.00372,-18.74601],[-69.00395,-18.75044],[-69.00463,-18.75483],[-69.00576,-18.75913],[-69.00733,-18.76331],[-69.00932,-18.76731],[-69.01171,-18.77112],[-69.01449,-18.77468]]}},
{"type":"Feature","properties":{"distance":5.0},"geometry":{"type":"LineString","coordinates":[[-69.73645,-17.74977],[-69.73958,-17.75304],[-69.74302,-17.75601],[-69.74675,-17.75863],[-69.75073,-17.7609],[-69.75492,-17.76278],[-69.75928,-17.76426],[-69.76378,-17.76532],[-69.76836,-17.76595],[-69.77298,-17.76615],[-69.7776,-17.76591],[-69.78218,-17.76524],[-69.78666,-17.76415],[-69.79102,-17.76264],[-69.79519,-17.76072],[-69.79915,-17.75843],[-69.80286,-17.75577],[-69.80627,-17.75278],[-69.80937,-17.74948],[-69.81211,-17.74591],[-69.81447,-17.74209],[-69.81643,-17.73808],[-69.81797,-17.73389],[-69.81907,-17.72959],[-69.81973,-17.7252],[-69.81994,-17.72077],[-69.81969,-17.71634],[-69.81899,-17.71195],[-69.81785,-17.70766],[-69.81627,-17.70349],[-69.81428,-17.69949],[-69.81188,-17.69569],[-69.80911,-17.69214],[-69.80599,-17.68887],[-69.80255,-17.68591],[-69.79882,-17.68328],[-69.79484,-17.68102],[-69.79065,-17.67914],[-69.78629,-17.67766],[-69.78179,-17.6766],[-69.77722,-17.67597],[-69.77259,-17.67577],[-69.76797,-17.676],[-69.7634,-17.67667],[-69.75892,-17.67777],[-69.75457,-17.67928],[-69.75039,-17.68119],[-69.74643,-17.68349],[-69.74273,-17.68614],[-69.73931,-17.68913],[-69.73622,-17.69243],[-69.73348,-17.696],[-69.73112,-17.69981],[-69.72915,-17.70383],[-69.72761,-17.70801],[-69.7265,-17.71232],[-69.72584,-17.71671],[-69.72563,-17.72114],[-69.72588,-17.72557],[-69.72658,-17.72995],[-69.72772,-17.73425],[-69.72929,-17.73842],[-69.73129,-17.74242],[-69.73368,-17.74622],[-69.73645,-17.74977]]}},
{"type":"Feature","properties":{"distance":5.0},"geometry":{"type":"LineString","coordinates":[[-55.67598,-63.59559],[-55.68007,-63.59957],[-55.68502,-63.60336],[-55.69078,-63.60691],[-55.6973,-63.61019],[-55.70451,-63.61317],[-55.71235,-63.61582],[-55.72073,-63.61812],[-55.72958,-63.62004],[-55.73881,-63.62157],[-55.74833,-63.62268],[-55.75806,-63.62337],[-55.76789,-63.62364],[-55.77773,-63.62347],[-55.78748,-63.62288],[-55.79706,-63.62186],[-55.80637,-63.62043],[-55.81531,-63.6186],[-55.82381,-63.61638],[-55.83178,-63.61381],[-55.83914,-63.6109],[-55.84582,-63.60768],[-55.85176,-63.60419],[-55.85691,-63.60046],[-55.8612,-63.59651],[-55.8646,-63.5924],[-55.86709,-63.58816],[-55.86862,-63.58384],[-55.8692,-63.57946],[-55.86881,-63.57509],[-55.86746,-63.57075],[-55.86517,-63.56649],[-55.86194,-63.56235],[-55.85783,-63.55837],[-55.85286,-63.55459],[-55.84709,-63.55105],[-55.84056,-63.54777],[-55.83335,-63.5448],[-55.82553,-63.54215],[-55.81716,-63.53986],[-55.80833,-63.53795],[-55.79912,-63.53643],[-55.78962,-63.53532],[-55.77993,-63.53463],[-55.77013,-63.53436],[-55.76032,-63.53453],[-55.75059,-63.53512],[-55.74104,-63.53614],[-55.73176,-63.53757],[-55.72284,-63.53939],[-55.71436,-63.5416],[-55.7064,-63.54417],[-55.69905,-63.54707],[-55.69236,-63.55028],[-55.68641,-63.55376],[-55.68126,-63.55749],[-55.67695,-63.56143],[-55.67352,-63.56553],[-55.67101,-63.56977],[-55.66945,-63.57409],[-55.66884,-63.57847],[-55.66919,-63.58284],[-55.67051,-63.58718],[-55.67278,-63.59145],[-55.67598,-63.59559]]}},
{"type":"Feature","properties":{"distance":5.0},"geometry":{"type":"LineString","coordinates":[[-60.55344,-62.98265],[-60.55894,-62.98626],[-60.56518,-62.98961],[-60.57213,-62.99267],[-60.57969,-62.9954],[-60.58781,-62.99779],[-60.59641,-62.99979],[-60.6054,-63.00141],[-60.6147,-63.00261],[-60.62421,-63.0034],[-60.63384,-63.00376],[-60.64351,-63.00368],[-60.65311,-63.00317],[-60.66256,-63.00224],[-60.67176,-63.00089],[-60.68062,-62.99914],[-60.68906,-62.997],[-60.697,-62.99449],[-60.70436,-62.99165],[-60.71107,-62.98848],[-60.71706,-62.98504],[-60.72228,-62.98134],[-60.72668,-62.97742],[-60.73021,-62.97333],[-60.73284,-62.96911],[-60.73455,-62.96478],[-60.73531,-62.9604],[-60.73513,-62.95601],[-60.73401,-62.95164],[-60.73195,-62.94735],[-60.72898,-62.94317],[-60.72513,-62.93914],[-60.72042,-62.9353],[-60.71492,-62.93169],[-60.70867,-62.92835],[-60.70172,-62.9253],[-60.69416,-62.92257],[-60.68605,-62.9202],[-60.67747,-62.91819],[-60.6685,-62.91658],[-60.65923,-62.91538],[-60.64975,-62.9146],[-60.64014,-62.91424],[-60.63051,-62.91432],[-60.62093,-62.91482],[-60.61151,-62.91575],[-60.60234,-62.9171],[-60.59349,-62.91885],[-60.58507,-62.92098],[-60.57714,-62.92348],[-60.56979,-62.92632],[-60.56308,-62.92948],[-60.55708,-62.93292],[-60.55185,-62.93661],[-60.54744,-62.94052],[-60.54389,-62.94461],[-60.54123,-62.94883],[-60.5395,-62.95315],[-60.5387,-62.95753],[-60.53885,-62.96193],[-60.53995,-62.96629],[-60.54198,-62.97059],[-60.54492,-62.97477],[-60.54876,-62.9788],[-60.55344,-62.98265]]}},
{"type":"Feature","properties":{"distance":5.0},"geometry":{"type":"LineString","coordinates":[[-58.30544,-62.4223],[-58.31055,-62.42599],[-58.31642,-62.42943],[-58.32299,-62.43259],[-58.3302,-62.43544],[-58.33798,-62.43794],[-58.34625,-62.44008],[-58.35493,-62.44183],[-58.36395,-62.44318],[-58.3732,-62.44411],[-58.38261,-62.44462],[-58.39208,-62.44469],[-58.40152,-62.44434],[-58.41084,-62.44356],[-58.41995,-62.44235],[-58.42876,-62.44074],[-58.43719,-62.43874],[-58.44515,-62.43636],[-58.45257,-62.43363],[-58.45937,-62.43058],[-58.46549,-62.42723],[-58.47088,-62.42362],[-58.47547,-62.41979],[-58.47923,-62.41576],[-58.48212,-62.41158],[-58.48412,-62.40729],[-58.48519,-62.40293],[-58.48534,-62.39854],[-58.48456,-62.39417],[-58.48286,-62.38985],[-58.48026,-62.38563],[-58.47678,-62.38155],[-58.47246,-62.37765],[-58.46734,-62.37396],[-58.46146,-62.37053],[-58.45489,-62.36737],[-58.44768,-62.36453],[-58.43991,-62.36204],[-58.43166,-62.35991],[-58.42299,-62.35816],[-58.414,-62.35681],[-58.40477,-62.35589],[-58.39539,-62.35538],[-58.38595,-62.35531],[-58.37653,-62.35566],[-58.36724,-62.35644],[-58.35816,-62.35764],[-58.34937,-62.35925],[-58.34096,-62.36125],[-58.33301,-62.36362],[-58.3256,-62.36634],[-58.3188,-62.36939],[-58.31267,-62.37273],[-58.30728,-62.37633],[-58.30267,-62.38016],[-58.29889,-62.38418],[-58.29598,-62.38836],[-58.29396,-62.39264],[-58.29286,-62.397],[-58.29268,-62.40139],[-58.29343,-62.40576],[-58.2951,-62.41008],[-58.29768,-62.4143],[-58.30114,-62.41839],[-58.30544,-62.4223]]}},
{"type":"Feature","properties":{"distance":5.0},"geometry":{"type":"LineString","coordinates":[[-57.83178,-62.1181],[-57.83598,-62.12202],[-57.84098,-62.12573],[-57.84674,-62.12919],[-57.8532,-62.13237],[-57.86029,-62.13524],[-57.86795,-62.13776],[-57.8761,-62.13993],[-57.88467,-62.14171],[-57.89357,-62.14308],[-57.90272,-62.14404],[-57.91202,-62.14458],[-57.92139,-62.14469],[-57.93074,-62.14436],[-57.93998,-62.14361],[-57.94901,-62.14244],[-57.95775,-62.14085],[-57.96612,-62.13888],[-57.97404,-62.13653],[-57.98142,-62.13382],[-57.98819,-62.13079],[-57.9943,-62.12747],[-57.99969,-62.12388],[-58.00429,-62.12006],[-58.00807,-62.11604],[-58.01099,-62.11187],[-58.01303,-62.10759],[-58.01416,-62.10324],[-58.01437,-62.09885],[-58.01366,-62.09448],[-58.01205,-62.09016],[-58.00953,-62.08593],[-58.00615,-62.08184],[-58.00193,-62.07792],[-57.99691,-62.07422],[-57.99115,-62.07077],[-57.98469,-62.0676],[-57.9776,-62.06474],[-57.96995,-62.06221],[-57.96181,-62.06006],[-57.95326,-62.05828],[-57.94438,-62.05691],[-57.93525,-62.05595],[-57.92598,-62.05542],[-57.91663,-62.05531],[-57.90731,-62.05564],[-57.8981,-62.05639],[-57.88909,-62.05756],[-57.88037,-62.05914],[-57.87202,-62.06111],[-57.86412,-62.06346],[-57.85675,-62.06615],[-57.84997,-62.06918],[-57.84386,-62.07249],[-57.83847,-62.07608],[-57.83385,-62.07989],[-57.83005,-62.0839],[-57.82711,-62.08807],[-57.82505,-62.09234],[-57.8239,-62.0967],[-57.82366,-62.10108],[-57.82433,-62.10546],[-57.82593,-62.10978],[-57.82841,-62.11401],[-57.83178,-62.1181]]}},
{"type":"Feature","properties":{"distance":5.0},"geometry":{"type":"LineString","coordinates":[[-68.25285,-27.06343],[-68.25615,-27.06673],[-68.25979,-27.06973],[-68.26375,-27.07239],[-68.26798,-27.07469],[-68.27244,-27.0766],[-68.27709,-27.07812],[-68.28188,-27.07922],[-68.28678,-27.0799],[-68.29172,-27.08014],[-68.29666,-27.07995],[-68.30156,-27.07932],[-68.30637,-27.07827],[-68.31104,-27.0768],[-68.31552,-27.07493],[-68.31978,-27.07267],[-68.32377,-27.07005],[-68.32745,-27.06709],[-68.3308,-27.06383],[-68.33376,-27.06028],[-68.33633,-27.0565],[-68.33847,-27.0525],[-68.34016,-27.04834],[-68.34139,-27.04405],[-68.34214,-27.03967],[-68.34241,-27.03524],[-68.34219,-27.03082],[-68.34149,-27.02643],[-68.34031,-27.02213],[-68.33867,-27.01795],[-68.33658,-27.01394],[-68.33406,-27.01013],[-68.33114,-27.00655],[-68.32783,-27.00326],[-68.32419,-27.00026],[-68.32023,-26.99761],[-68.316,-26.99531],[-68.31154,-26.99339],[-68.3069,-26.99188],[-68.30211,-26.99078],[-68.29722,-26.9901],[-68.29228,-26.98986],[-68.28734,-26.99005],[-68.28245,-26.99068],[-68.27764,-26.99173],[-68.27298,-26.9932],[-68.2685,-26.99507],[-68.26424,-26.99732],[-68.26025,-26.99994],[-68.25657,-27.0029],[-68.25322,-27.00616],[-68.25025,-27.00971],[-68.24769,-27.01349],[-68.24555,-27.01748],[-68.24385,-27.02165],[-68.24262,-27.02594],[-68.24187,-27.03031],[-68.24159,-27.03474],[-68.24181,-27.03916],[-68.2425,-27.04355],[-68.24368,-27.04785],[-68.24531,-27.05203],[-68.2474,-27.05605],[-68.24992,-27.05986],[-68.25285,-27.06343]]}},
{"type":"Feature","properties":{"distance":5.0},"geometry":{"type":"LineString","coordinates":[[-68.32802,-25.1109],[-68.33127,-25.1142],[-68.33486,-25.11719],[-68.33876,-25.11985],[-68.34292,-25.12215],[-68.34731,-25.12406],[-68.35188,-25.12557],[-68.3566,-25.12667],[-68.36141,-25.12734],[-68.36627,-25.12758],[-68.37113,-25.12738],[-68.37595,-25.12675],[-68.38068,-25.1257],[-68.38527,-25.12422],[-68.38968,-25.12235],[-68.39386,-25.12009],[-68.39778,-25.11746],[-68.4014,-25.1145],[-68.40469,-25.11123],[-68.40761,-25.10768],[-68.41013,-25.10389],[-68.41223,-25.0999],[-68.41388,-25.09573],[-68.41509,-25.09144],[-68.41582,-25.08706],[-68.41608,-25.08263],[-68.41586,-25.0782],[-68.41517,-25.07382],[-68.41401,-25.06952],[-68.41239,-25.06534],[-68.41033,-25.06132],[-68.40785,-25.05751],[-68.40497,-25.05394],[-68.40172,-25.05065],[-68.39813,-25.04766],[-68.39423,-25.045],[-68.39007,-25.04271],[-68.38568,-25.04079],[-68.38111,-25.03928],[-68.3764,-25.03818],[-68.37159,-25.03751],[-68.36673,-25.03728],[-68.36188,-25.03747],[-68.35706,-25.0381],[-68.35234,-25.03916],[-68.34775,-25.04063],[-68.34334,-25.04251],[-68.33916,-25.04477],[-68.33524,-25.04739],[-68.33162,-25.05035],[-68.32833,-25.05362],[-68.32542,-25.05716],[-68.32289,-25.06095],[-68.32079,-25.06495],[-68.31913,-25.06911],[-68.31792,-25.0734],[-68.31719,-25.07778],[-68.31692,-25.08221],[-68.31714,-25.08663],[-68.31783,-25.09102],[-68.31899,-25.09532],[-68.3206,-25.0995],[-68.32266,-25.10352],[-68.32514,-25.10733],[-68.32802,-25.1109]]}},
{"type":"Feature","properties":{"distance":5.0},"geometry":{"type":"LineString","coordinates":[[-68.01796,-24.22038],[-68.02118,-24.22368],[-68.02474,-24.22668],[-68.0286,-24.22935],[-68.03273,-24.23165],[-68.03708,-24.23357],[-68.04162,-24.23509],[-68.0463,-24.2362],[-68.05108,-24.23688],[-68.0559,-24.23713],[-68.06073,-24.23694],[-68.06551,-24.23632],[-68.07021,-24.23527],[-68.07477,-24.23381],[-68.07915,-24.23194],[-68.08331,-24.22969],[-68.08721,-24.22707],[-68.09081,-24.22411],[-68.09408,-24.22085],[-68.09699,-24.21731],[-68.0995,-24.21352],[-68.10159,-24.20953],[-68.10325,-24.20537],[-68.10445,-24.20107],[-68.10519,-24.1967],[-68.10546,-24.19227],[-68.10525,-24.18784],[-68.10457,-24.18346],[-68.10343,-24.17915],[-68.10183,-24.17497],[-68.0998,-24.17095],[-68.09734,-24.16714],[-68.09449,-24.16356],[-68.09127,-24.16026],[-68.08771,-24.15726],[-68.08385,-24.1546],[-68.07972,-24.15229],[-68.07537,-24.15037],[-68.07084,-24.14885],[-68.06616,-24.14775],[-68.06139,-24.14707],[-68.05657,-24.14682],[-68.05174,-24.14701],[-68.04696,-24.14763],[-68.04227,-24.14868],[-68.03771,-24.15014],[-68.03333,-24.15201],[-68.02917,-24.15426],[-68.02527,-24.15687],[-68.02167,-24.15983],[-68.0184,-24.16309],[-68.0155,-24.16663],[-68.01298,-24.17041],[-68.01089,-24.17441],[-68.00923,-24.17857],[-68.00802,-24.18286],[-68.00728,-24.18724],[-68.00701,-24.19166],[-68.00721,-24.19609],[-68.00789,-24.20048],[-68.00903,-24.20478],[-68.01062,-24.20897],[-68.01266,-24.21298],[-68.01511,-24.2168],[-68.01796,-24.22038]]}},
{"type":"Feature","properties":{"distance":5.0},"geometry":{"type":"LineString","coordinates":[[-67.70071,-23.97717],[-67.70392,-23.98048],[-67.70746,-23.98348],[-67.71131,-23.98616],[-67.71542,-23.98847],[-67.71977,-23.9904],[-67.72429,-23.99193],[-67.72896,-23.99305],[-67.73372,-23.99374],[-67.73854,-23.99399],[-67.74336,-23.99381],[-67.74813,-23.9932],[-67.75282,-23.99216],[-67.75738,-23.99071],[-67.76176,-23.98885],[-67.76591,-23.98661],[-67.76981,-23.984],[-67.77341,-23.98105],[-67.77668,-23.97779],[-67.77959,-23.97426],[-67.7821,-23.97048],[-67.7842,-23.96649],[-67.78587,-23.96233],[-67.78708,-23.95804],[-67.78783,-23.95366],[-67.78811,-23.94924],[-67.78791,-23.94481],[-67.78724,-23.94042],[-67.78611,-23.93611],[-67.78453,-23.93193],[-67.7825,-23.92791],[-67.78006,-23.92409],[-67.77722,-23.92051],[-67.77402,-23.9172],[-67.77047,-23.91419],[-67.76663,-23.91152],[-67.76252,-23.90921],[-67.75818,-23.90728],[-67.75365,-23.90575],[-67.74899,-23.90464],[-67.74423,-23.90395],[-67.73942,-23.90369],[-67.7346,-23.90387],[-67.72983,-23.90448],[-67.72514,-23.90552],[-67.72059,-23.90697],[-67.71621,-23.90883],[-67.71206,-23.91107],[-67.70816,-23.91368],[-67.70456,-23.91663],[-67.70129,-23.91988],[-67.69838,-23.92342],[-67.69587,-23.9272],[-67.69376,-23.93118],[-67.6921,-23.93534],[-67.69088,-23.93963],[-67.69013,-23.94401],[-67.68985,-23.94843],[-67.69004,-23.95286],[-67.69071,-23.95725],[-67.69183,-23.96155],[-67.69342,-23.96574],[-67.69544,-23.96976],[-67.69788,-23.97358],[-67.70071,-23.97717]]}},
{"type":"Feature","properties":{"distance":5.0},"geometry":{"type":"LineString","coordinates":[[-67.71996,-23.84466],[-67.72316,-23.84797],[-67.7267,-23.85098],[-67.73054,-23.85365],[-67.73465,-23.85596],[-67.73899,-23.85789],[-67.74351,-23.85942],[-67.74817,-23.86054],[-67.75293,-23.86122],[-67.75774,-23.86148],[-67.76256,-23.8613],[-67.76733,-23.86069],[-67.77201,-23.85965],[-67.77656,-23.85819],[-67.78094,-23.85633],[-67.78509,-23.85409],[-67.78899,-23.85148],[-67.79258,-23.84853],[-67.79585,-23.84527],[-67.79875,-23.84174],[-67.80126,-23.83796],[-67.80336,-23.83397],[-67.80502,-23.82981],[-67.80623,-23.82552],[-67.80698,-23.82114],[-67.80725,-23.81672],[-67.80706,-23.81229],[-67.80639,-23.8079],[-67.80526,-23.80359],[-67.80368,-23.79941],[-67.80165,-23.79539],[-67.79921,-23.79157],[-67.79638,-23.78799],[-67.79317,-23.78468],[-67.78963,-23.78167],[-67.78579,-23.779],[-67.78168,-23.77669],[-67.77735,-23.77476],[-67.77283,-23.77323],[-67.76817,-23.77212],[-67.76341,-23.77143],[-67.7586,-23.77118],[-67.75379,-23.77136],[-67.74902,-23.77197],[-67.74434,-23.77301],[-67.7398,-23.77446],[-67.73542,-23.77632],[-67.73127,-23.77856],[-67.72738,-23.78117],[-67.72378,-23.78412],[-67.72052,-23.78737],[-67.71761,-23.79091],[-67.7151,-23.79469],[-67.713,-23.79868],[-67.71134,-23.80284],[-67.71013,-23.80713],[-67.70938,-23.8115],[-67.7091,-23.81593],[-67.70929,-23.82035],[-67.70995,-23.82474],[-67.71108,-23.82905],[-67.71266,-23.83324],[-67.71468,-23.83726],[-67.71712,-23.84108],[-67.71996,-23.84466]]}},
{"type":"Feature","properties":{"distance":5.0},"geometry":{"type":"LineString","coordinates":[[-67.50149,-23.77391],[-67.50468,-23.77723],[-67.50822,-23.78024],[-67.51206,-23.78291],[-67.51616,-23.78523],[-67.52049,-23.78717],[-67.52501,-23.7887],[-67.52966,-23.78982],[-67.53442,-23.79052],[-67.53923,-23.79078],[-67.54404,-23.79061],[-67.54881,-23.79001],[-67.55349,-23.78897],[-67.55804,-23.78752],[-67.56241,-23.78567],[-67.56657,-23.78343],[-67.57046,-23.78083],[-67.57406,-23.77788],[-67.57733,-23.77463],[-67.58024,-23.7711],[-67.58276,-23.76732],[-67.58486,-23.76333],[-67.58652,-23.75918],[-67.58774,-23.75489],[-67.58849,-23.75051],[-67.58878,-23.74609],[-67.58859,-23.74166],[-67.58793,-23.73727],[-67.58681,-23.73296],[-67.58523,-23.72878],[-67.58322,-23.72475],[-67.58078,-23.72093],[-67.57796,-23.71735],[-67.57476,-23.71403],[-67.57123,-23.71102],[-67.56739,-23.70835],[-67.56329,-23.70603],[-67.55896,-23.7041],[-67.55444,-23.70256],[-67.54979,-23.70144],[-67.54504,-23.70075],[-67.54023,-23.70049],[-67.53543,-23.70066],[-67.53066,-23.70126],[-67.52598,-23.7023],[-67.52143,-23.70374],[-67.51706,-23.7056],[-67.51291,-23.70784],[-67.50901,-23.71044],[-67.50541,-23.71338],[-67.50214,-23.71663],[-67.49924,-23.72016],[-67.49672,-23.72394],[-67.49462,-23.72792],[-67.49295,-23.73208],[-67.49173,-23.73636],[-67.49097,-23.74074],[-67.49068,-23.74516],[-67.49087,-23.74959],[-67.49153,-23.75398],[-67.49265,-23.75829],[-67.49422,-23.76248],[-67.49623,-23.7665],[-67.49866,-23.77033],[-67.50149,-23.77391]]}},
{"type":"Feature","properties":{"distance":5.0},"geometry":{"type":"LineString","coordinates":[[-67.81136,-22.5758],[-67.81417,-22.57938],[-67.81735,-22.58268],[-67.82086,-22.58569],[-67.82467,-22.58835],[-67.82874,-22.59066],[-67.83304,-22.59259],[-67.83752,-22.59411],[-67.84214,-22.59522],[-67.84686,-22.59591],[-67.85163,-22.59616],[-67.85639,-22.59598],[-67.86112,-22.59536],[-67.86576,-22.59432],[-67.87027,-22.59285],[-67.8746,-22.59099],[-67.87871,-22.58874],[-67.88256,-22.58613],[-67.88612,-22.58318],[-67.88935,-22.57991],[-67.89223,-22.57637],[-67.89471,-22.57259],[-67.89678,-22.5686],[-67.89842,-22.56444],[-67.89962,-22.56014],[-67.90035,-22.55576],[-67.90062,-22.55134],[-67.90042,-22.54691],[-67.89976,-22.54252],[-67.89863,-22.53822],[-67.89706,-22.53403],[-67.89505,-22.53001],[-67.89263,-22.52619],[-67.88981,-22.52261],[-67.88664,-22.51931],[-67.88313,-22.51631],[-67.87932,-22.51364],[-67.87524,-22.51133],[-67.87095,-22.50941],[-67.86647,-22.50788],[-67.86185,-22.50677],[-67.85714,-22.50609],[-67.85237,-22.50584],[-67.84761,-22.50602],[-67.84288,-22.50664],[-67.83825,-22.50768],[-67.83374,-22.50914],[-67.82942,-22.51101],[-67.82531,-22.51326],[-67.82145,-22.51587],[-67.81789,-22.51882],[-67.81466,-22.52208],[-67.81179,-22.52562],[-67.8093,-22.5294],[-67.80723,-22.53339],[-67.80559,-22.53755],[-67.80439,-22.54184],[-67.80365,-22.54622],[-67.80338,-22.55065],[-67.80358,-22.55507],[-67.80424,-22.55946],[-67.80536,-22.56377],[-67.80693,-22.56796],[-67.80894,-22.57198],[-67.81136,-22.5758]]}},
{"type":"Feature","properties":{"distance":5.0},"geometry":{"type":"LineString","coordinates":[[-68.16444,-21.85747],[-68.16761,-21.86077],[-68.17111,-21.86376],[-68.17491,-21.86642],[-68.17897,-21.86872],[-68.18325,-21.87064],[-68.18771,-21.87216],[-68.19231,-21.87326],[-68.19701,-21.87393],[-68.20175,-21.87417],[-68.20649,-21.87397],[-68.21119,-21.87335],[-68.21581,-21.87229],[-68.22029,-21.87082],[-68.22459,-21.86894],[-68.22868,-21.86668],[-68.2325,-21.86406],[-68.23604,-21.8611],[-68.23924,-21.85783],[-68.24209,-21.85428],[-68.24455,-21.85049],[-68.2466,-21.8465],[-68.24823,-21.84233],[-68.2494,-21.83803],[-68.25012,-21.83365],[-68.25028,-21.82716],[-68.25795,-21.82495],[-68.26225,-21.82308],[-68.26633,-21.82082],[-68.27016,-21.81819],[-68.27369,-21.81523],[-68.2769,-21.81196],[-68.27974,-21.80841],[-68.2822,-21.80462],[-68.28425,-21.80062],[-68.28587,-21.79646],[-68.28705,-21.79216],[-68.28776,-21.78778],[-68.28802,-21.78335],[-68.28781,-21.77893],[-68.28713,-21.77454],[-68.286,-21.77023],[-68.28442,-21.76605],[-68.28241,-21.76204],[-68.27999,-21.75822],[-68.27718,-21.75465],[-68.27401,-21.75135],[-68.27051,-21.74836],[-68.26672,-21.7457],[-68.26266,-21.74341],[-68.25838,-21.74149],[-68.25392,-21.73998],[-68.24932,-21.73888],[-68.24463,-21.73821],[-68.23989,-21.73797],[-68.23515,-21.73816],[-68.23046,-21.73879],[-68.22585,-21.73985],[-68.22137,-21.74132],[-68.21707,-21.7432],[-68.21299,-21.74546],[-68.20917,-21.74808],[-68.20563,-21.75104],[-68.20243,-21.75431],[-68.19958,-21.75785],[-68.19712,-21.76164],[-68.19507,-21.76564],[-68.19345,-21.76981],[-68.19227,-21.7741],[-68.19155,-21.77848],[-68.19139,-21.78498],[-68.18372,-21.78718],[-68.17942,-21.78905],[-68.17534,-21.79131],[-68.17151,-21.79393],[-68.16798,-21.79689],[-68.16477,-21.80016],[-68.16192,-21.80371],[-68.15946,-21.8075],[-68.15741,-21.81149],[-68.15578,-21.81566],[-68.1546,-21.81995],[-68.15388,-21.82433],[-68.15362,-21.82876],[-68.15383,-21.83319],[-68.1545,-21.83758],[-68.15563,-21.84188],[-68.1572,-21.84606],[-68.15921,-21.85008],[-68.16163,-21.8539],[-68.16444,-21.85747]]}},
{"type":"Feature","properties":{"distance":5.0},"geometry":{"type":"LineString","coordinates":[[-68.43089,-21.24934],[-68.43405,-21.25264],[-68.43754,-21.25563],[-68.44133,-21.25828],[-68.44538,-21.26057],[-68.44965,-21.26248],[-68.4541,-21.26399],[-68.45868,-21.26508],[-68.46336,-21.26575],[-68.46808,-21.26598],[-68.4728,-21.26578],[-68.47748,-21.26514],[-68.48208,-21.26408],[-68.48653,-21.2626],[-68.49082,-21.26072],[-68.49488,-21.25845],[-68.49869,-21.25582],[-68.5022,-21.25285],[-68.50539,-21.24958],[-68.50822,-21.24603],[-68.51066,-21.24223],[-68.5127,-21.23823],[-68.5143,-21.23406],[-68.51547,-21.22976],[-68.51617,-21.22538],[-68.51642,-21.22095],[-68.5162,-21.21652],[-68.51552,-21.21213],[-68.51439,-21.20783],[-68.51281,-21.20365],[-68.5108,-21.19964],[-68.50838,-21.19583],[-68.50558,-21.19226],[-68.50242,-21.18897],[-68.49892,-21.18598],[-68.49514,-21.18333],[-68.49109,-21.18103],[-68.48682,-21.17913],[-68.48238,-21.17762],[-68.4778,-21.17653],[-68.47312,-21.17586],[-68.4684,-21.17563],[-68.46368,-21.17583],[-68.459,-21.17647],[-68.45441,-21.17753],[-68.44996,-21.17901],[-68.44568,-21.18089],[-68.44162,-21.18316],[-68.43781,-21.18579],[-68.4343,-21.18875],[-68.43111,-21.19203],[-68.42828,-21.19558],[-68.42583,-21.19937],[-68.4238,-21.20337],[-68.42219,-21.20754],[-68.42102,-21.21184],[-68.42031,-21.21622],[-68.42006,-21.22065],[-68.42028,-21.22508],[-68.42095,-21.22946],[-68.42209,-21.23377],[-68.42366,-21.23795],[-68.42567,-21.24196],[-68.42809,-21.24577],[-68.43089,-21.24934]]}},
{"type":"Feature","properties":{"distance":10.0},"geometry":{"type":"LineString","coordinates":[[-73.27138,-52.38702],[-73.28167,-52.39319],[-73.2929,-52.39871],[-73.30496,-52.40353],[-73.31774,-52.4076],[-73.33112,-52.41089],[-73.34495,-52.41336],[-73.35912,-52.41498],[-73.37348,-52.41574],[-73.38789,-52.41564],[-73.40222,-52.41467],[-73.41632,-52.41285],[-73.43006,-52.41019],[-73.4433,-52.40672],[-73.45592,-52.40247],[-73.4678,-52.39748],[-73.47882,-52.3918],[-73.48887,-52.38549],[-73.49786,-52.37861],[-73.5057,-52.37121],[-73.51232,-52.36339],[-73.51765,-52.3552],[-73.52164,-52.34673],[-73.52426,-52.33807],[-73.52548,-52.32929],[-73.52528,-52.32048],[-73.52368,-52.31172],[-73.52069,-52.3031],[-73.51633,-52.2947],[-73.51065,-52.2866],[-73.50371,-52.27889],[-73.49558,-52.27163],[-73.48632,-52.26489],[-73.47604,-52.25873],[-73.46482,-52.25323],[-73.45278,-52.24843],[-73.44004,-52.24437],[-73.42671,-52.24109],[-73.41292,-52.23864],[-73.39881,-52.23702],[-73.38451,-52.23626],[-73.37016,-52.23636],[-73.35589,-52.23732],[-73.34184,-52.23913],[-73.32814,-52.24178],[-73.31494,-52.24524],[-73.30235,-52.24948],[-73.29049,-52.25445],[-73.27948,-52.26011],[-73.26942,-52.2664],[-73.26042,-52.27327],[-73.25255,-52.28064],[-73.2459,-52.28846],[-73.24053,-52.29663],[-73.23648,-52.30509],[-73.23381,-52.31375],[-73.23254,-52.32253],[-73.23267,-52.33134],[-73.23422,-52.34011],[-73.23716,-52.34873],[-73.24147,-52.35714],[-73.24711,-52.36525],[-73.25402,-52.37299],[-73.26213,-52.38027],[-73.27138,-52.38702]]}},
{"type":"Feature","properties":{"distance":10.0},"geometry":{"type":"LineString","coordinates":[[-73.48732,-51.00377],[-73.49823,-51.00928],[-73.50994,-51.01409],[-73.52234,-51.01815],[-73.53532,-51.02142],[-73.54874,-51.02387],[-73.56248,-51.02548],[-73.5764,-51.02623],[-73.59038,-51.02611],[-73.60427,-51.02513],[-73.61794,-51.02329],[-73.63125,-51.02062],[-73.64409,-51.01714],[-73.65631,-51.01287],[-73.66782,-51.00787],[-73.67849,-51.00218],[-73.68822,-50.99586],[-73.69692,-50.98897],[-73.7045,-50.98157],[-73.7109,-50.97374],[-73.71605,-50.96555],[-73.7199,-50.95707],[-73.72242,-50.94841],[-73.72358,-50.93962],[-73.72337,-50.93081],[-73.7218,-50.92205],[-73.71887,-50.91344],[-73.71463,-50.90504],[-73.7091,-50.89695],[-73.70236,-50.88924],[-73.69445,-50.88199],[-73.68545,-50.87525],[-73.67547,-50.86911],[-73.66458,-50.86362],[-73.65289,-50.85883],[-73.64052,-50.85478],[-73.62758,-50.85152],[-73.61421,-50.84907],[-73.60052,-50.84747],[-73.58665,-50.84672],[-73.57273,-50.84684],[-73.55889,-50.84781],[-73.54527,-50.84964],[-73.532,-50.8523],[-73.5192,-50.85577],[-73.507,-50.86002],[-73.49551,-50.86501],[-73.48485,-50.87068],[-73.47511,-50.87698],[-73.4664,-50.88386],[-73.45879,-50.89124],[-73.45236,-50.89906],[-73.44717,-50.90724],[-73.44327,-50.91571],[-73.4407,-50.92437],[-73.43949,-50.93315],[-73.43965,-50.94197],[-73.44117,-50.95073],[-73.44404,-50.95935],[-73.44824,-50.96776],[-73.45373,-50.97586],[-73.46045,-50.98359],[-73.46835,-50.99086],[-73.47733,-50.99761],[-73.48732,-51.00377]]}},
{"type":"Feature","properties":{"distance":10.0},"geometry":{"type":"LineString","coordinates":[[-73.69522,-50.46986],[-73.70602,-50.47535],[-73.71762,-50.48015],[-73.72989,-50.48419],[-73.74273,-50.48744],[-73.75601,-50.48987],[-73.7696,-50.49146],[-73.78337,-50.49219],[-73.79718,-50.49205],[-73.81091,-50.49105],[-73.82441,-50.4892],[-73.83756,-50.4865],[-73.85024,-50.483],[-73.86231,-50.47872],[-73.87367,-50.4737],[-73.88419,-50.468],[-73.89379,-50.46166],[-73.90237,-50.45476],[-73.90984,-50.44735],[-73.91613,-50.43951],[-73.92119,-50.43131],[-73.92497,-50.42283],[-73.92743,-50.41416],[-73.92854,-50.40538],[-73.92831,-50.39657],[-73.92672,-50.38781],[-73.9238,-50.3792],[-73.91957,-50.37081],[-73.91408,-50.36273],[-73.90738,-50.35503],[-73.89954,-50.34778],[-73.89063,-50.34107],[-73.88073,-50.33494],[-73.86994,-50.32946],[-73.85837,-50.32469],[-73.84613,-50.32066],[-73.83333,-50.31741],[-73.8201,-50.31499],[-73.80656,-50.31341],[-73.79284,-50.31268],[-73.77908,-50.31281],[-73.7654,-50.31381],[-73.75195,-50.31566],[-73.73884,-50.31834],[-73.7262,-50.32183],[-73.71415,-50.3261],[-73.70281,-50.3311],[-73.69229,-50.33678],[-73.68269,-50.3431],[-73.6741,-50.34999],[-73.6666,-50.35739],[-73.66027,-50.36522],[-73.65517,-50.3734],[-73.65135,-50.38187],[-73.64885,-50.39054],[-73.64768,-50.39932],[-73.64786,-50.40813],[-73.6494,-50.41689],[-73.65228,-50.42551],[-73.65646,-50.43391],[-73.66192,-50.44201],[-73.66859,-50.44972],[-73.67642,-50.45698],[-73.68532,-50.46372],[-73.69522,-50.46986]]}},
{"type":"Feature","properties":{"distance":10.0},"geometry":{"type":"LineString","coordinates":[[-73.40562,-49.08097],[-73.4152,-49.08715],[-73.42566,-49.09268],[-73.43689,-49.09751],[-73.44879,-49.10159],[-73.46124,-49.10489],[-73.47413,-49.10736],[-73.48733,-49.10899],[-73.5007,-49.10977],[-73.51413,-49.10968],[-73.52748,-49.10872],[-73.54062,-49.10691],[-73.55343,-49.10425],[-73.56577,-49.10079],[-73.57754,-49.09655],[-73.58862,-49.09157],[-73.59889,-49.0859],[-73.60827,-49.07959],[-73.61666,-49.07271],[-73.62398,-49.06532],[-73.63016,-49.0575],[-73.63515,-49.04931],[-73.63889,-49.04085],[-73.64134,-49.03218],[-73.64249,-49.0234],[-73.64233,-49.01458],[-73.64086,-49.00582],[-73.63808,-48.9972],[-73.63404,-48.98879],[-73.62877,-48.98069],[-73.62231,-48.97297],[-73.61474,-48.96569],[-73.60613,-48.95894],[-73.59656,-48.95278],[-73.58611,-48.94727],[-73.5749,-48.94245],[-73.56303,-48.93838],[-73.55061,-48.9351],[-73.53777,-48.93263],[-73.52462,-48.931],[-73.51129,-48.93023],[-73.49791,-48.93032],[-73.48461,-48.93127],[-73.47151,-48.93308],[-73.45874,-48.93572],[-73.44643,-48.93917],[-73.43468,-48.9434],[-73.42362,-48.94837],[-73.41335,-48.95402],[-73.40397,-48.96031],[-73.39557,-48.96718],[-73.38823,-48.97455],[-73.38202,-48.98236],[-73.377,-48.99054],[-73.37322,-48.999],[-73.37071,-49.00766],[-73.36951,-49.01644],[-73.36963,-49.02525],[-73.37106,-49.03402],[-73.37379,-49.04265],[-73.37779,-49.05107],[-73.38303,-49.05918],[-73.38946,-49.06692],[-73.39702,-49.07421],[-73.40562,-49.08097]]}},
{"type":"Feature","properties":{"distance":10.0},"geometry":{"type":"LineString","coordinates":[[-72.99039,-45.43768],[-73.00009,-45.44327],[-73.01051,-45.44817],[-73.02157,-45.45232],[-73.03316,-45.45569],[-73.04516,-45.45824],[-73.05746,-45.45995],[-73.06994,-45.4608],[-73.08248,-45.46078],[-73.09495,-45.4599],[-73.10724,-45.45817],[-73.11923,-45.45559],[-73.1308,-45.45219],[-73.14184,-45.44801],[-73.15224,-45.44309],[-73.16191,-45.43748],[-73.17074,-45.43122],[-73.17866,-45.42439],[-73.18559,-45.41704],[-73.19146,-45.40925],[-73.19622,-45.40109],[-73.19982,-45.39264],[-73.20222,-45.38398],[-73.20341,-45.3752],[-73.20337,-45.36638],[-73.2021,-45.3576],[-73.19962,-45.34895],[-73.19595,-45.34052],[-73.19113,-45.33238],[-73.1852,-45.32461],[-73.17823,-45.31729],[-73.17027,-45.31049],[-73.1614,-45.30426],[-73.15172,-45.29868],[-73.14131,-45.2938],[-73.13028,-45.28966],[-73.11872,-45.2863],[-73.10675,-45.28376],[-73.09449,-45.28205],[-73.08205,-45.2812],[-73.06956,-45.28121],[-73.05712,-45.28209],[-73.04487,-45.28382],[-73.03291,-45.28639],[-73.02137,-45.28978],[-73.01035,-45.29394],[-72.99996,-45.29885],[-72.9903,-45.30445],[-72.98146,-45.31069],[-72.97353,-45.31751],[-72.96658,-45.32485],[-72.96069,-45.33263],[-72.9559,-45.34078],[-72.95227,-45.34923],[-72.94983,-45.35788],[-72.9486,-45.36666],[-72.9486,-45.37548],[-72.94983,-45.38426],[-72.95227,-45.39292],[-72.95591,-45.40136],[-72.9607,-45.40951],[-72.96661,-45.41729],[-72.97358,-45.42463],[-72.98153,-45.43144],[-72.99039,-45.43768]]}},
{"type":"Feature","properties":{"distance":10.0},"geometry":{"type":"LineString","coordinates":[[-72.48819,-44.3775],[-72.49765,-44.38314],[-72.50784,-44.38809],[-72.51866,-44.3923],[-72.53001,-44.39573],[-72.54177,-44.39834],[-72.55383,-44.40011],[-72.56607,-44.40102],[-72.57838,-44.40107],[-72.59064,-44.40025],[-72.60273,-44.39858],[-72.61453,-44.39606],[-72.62592,-44.39272],[-72.6368,-44.38859],[-72.64707,-44.38372],[-72.65662,-44.37816],[-72.66536,-44.37194],[-72.6732,-44.36514],[-72.68008,-44.35783],[-72.68592,-44.35006],[-72.69068,-44.34192],[-72.69429,-44.33348],[-72.69674,-44.32484],[-72.69799,-44.31606],[-72.69804,-44.30723],[-72.69689,-44.29844],[-72.69454,-44.28978],[-72.69102,-44.28132],[-72.68636,-44.27316],[-72.68062,-44.26536],[-72.67384,-44.258],[-72.66609,-44.25115],[-72.65745,-44.24488],[-72.64799,-44.23925],[-72.63782,-44.23431],[-72.62702,-44.23011],[-72.6157,-44.2267],[-72.60397,-44.22409],[-72.59195,-44.22232],[-72.57974,-44.22141],[-72.56747,-44.22136],[-72.55525,-44.22218],[-72.54319,-44.22385],[-72.53143,-44.22636],[-72.52006,-44.22969],[-72.50919,-44.2338],[-72.49894,-44.23866],[-72.4894,-44.24421],[-72.48066,-44.25041],[-72.4728,-44.2572],[-72.46591,-44.2645],[-72.46005,-44.27226],[-72.45527,-44.28039],[-72.45162,-44.28882],[-72.44914,-44.29746],[-72.44785,-44.30624],[-72.44776,-44.31507],[-72.44888,-44.32386],[-72.45119,-44.33253],[-72.45468,-44.34099],[-72.45931,-44.34917],[-72.46503,-44.35698],[-72.4718,-44.36436],[-72.47954,-44.37122],[-72.48819,-44.3775]]}},
{"type":"Feature","properties":{"distance":10.0},"geometry":{"type":"LineString","coordinates":[[-72.73064,-43.56642],[-72.73999,-43.57204],[-72.75006,-43.57698],[-72.76075,-43.58117],[-72.77195,-43.58458],[-72.78355,-43.58717],[-72.79545,-43.58892],[-72.80753,-43.58981],[-72.81968,-43.58984],[-72.83176,-43.589],[-72.84368,-43.58731],[-72.85531,-43.58477],[-72.86654,-43.58141],[-72.87726,-43.57727],[-72.88737,-43.57238],[-72.89677,-43.5668],[-72.90537,-43.56057],[-72.91308,-43.55376],[-72.91985,-43.54643],[-72.92559,-43.53866],[-72.93025,-43.53051],[-72.93379,-43.52207],[-72.93618,-43.51342],[-72.93739,-43.50464],[-72.93741,-43.49581],[-72.93624,-43.48703],[-72.9339,-43.47837],[-72.9304,-43.46992],[-72.92578,-43.46176],[-72.92009,-43.45397],[-72.91338,-43.44662],[-72.90572,-43.43978],[-72.89718,-43.43353],[-72.88783,-43.42791],[-72.87778,-43.42299],[-72.86712,-43.41881],[-72.85594,-43.41541],[-72.84437,-43.41283],[-72.8325,-43.41108],[-72.82046,-43.41018],[-72.80835,-43.41016],[-72.7963,-43.41099],[-72.78441,-43.41268],[-72.77281,-43.41521],[-72.76161,-43.41856],[-72.75091,-43.42269],[-72.74081,-43.42756],[-72.73142,-43.43313],[-72.72282,-43.43935],[-72.71509,-43.44614],[-72.70831,-43.45346],[-72.70255,-43.46123],[-72.69786,-43.46937],[-72.69429,-43.4778],[-72.69187,-43.48645],[-72.69062,-43.49523],[-72.69057,-43.50406],[-72.6917,-43.51284],[-72.69401,-43.52151],[-72.69748,-43.52997],[-72.70207,-43.53814],[-72.70774,-43.54594],[-72.71444,-43.5533],[-72.7221,-43.56015],[-72.73064,-43.56642]]}},
{"type":"Feature","properties":{"distance":10.0},"geometry":{"type":"LineString","coordinates":[[-55.591,-63.62009],[-55.60089,-63.62766],[-55.6124,-63.63477],[-55.62543,-63.64134],[-55.63986,-63.64731],[-55.65553,-63.65262],[-55.67231,-63.65722],[-55.69003,-63.66107],[-55.70851,-63.66412],[-55.72758,-63.66635],[-55.74706,-63.66774],[-55.76675,-63.66827],[-55.78646,-63.66794],[-55.806,-63.66675],[-55.82519,-63.66471],[-55.84383,-63.66185],[-55.86174,-63.65818],[-55.87875,-63.65375],[-55.8947,-63.64859],[-55.90942,-63.64277],[-55.92279,-63.63633],[-55.93466,-63.62934],[-55.94494,-63.62186],[-55.95351,-63.61397],[-55.96029,-63.60575],[-55.96523,-63.59726],[-55.96827,-63.58861],[-55.9694,-63.57986],[-55.96859,-63.5711],[-55.96586,-63.56242],[-55.96124,-63.55391],[-55.95477,-63.54563],[-55.94652,-63.53768],[-55.93657,-63.53013],[-55.92501,-63.52305],[-55.91196,-63.5165],[-55.89754,-63.51056],[-55.88189,-63.50528],[-55.86516,-63.5007],[-55.84752,-63.49688],[-55.82912,-63.49385],[-55.81016,-63.49163],[-55.7908,-63.49025],[-55.77123,-63.48973],[-55.75164,-63.49006],[-55.73222,-63.49125],[-55.71315,-63.49328],[-55.69461,-63.49613],[-55.67679,-63.49977],[-55.65984,-63.50418],[-55.64394,-63.50931],[-55.62924,-63.51511],[-55.61587,-63.52152],[-55.60396,-63.52848],[-55.59364,-63.53593],[-55.585,-63.5438],[-55.57812,-63.55201],[-55.57308,-63.56047],[-55.56992,-63.56912],[-55.56867,-63.57786],[-55.56936,-63.58662],[-55.57196,-63.5953],[-55.57647,-63.60383],[-55.58284,-63.61211],[-55.591,-63.62009]]}},
{"type":"Feature","properties":{"distance":10.0},"geometry":{"type":"LineString","coordinates":[[-109.3338,-27.18147],[-109.34135,-27.18406],[-109.34916,-27.18597],[-109.35714,-27.18718],[-109.36521,-27.18769],[-109.37329,-27.18749],[-109.38132,-27.18658],[-109.3892,-27.18497],[-109.39688,-27.18268],[-109.40426,-27.17973],[-109.41128,-27.17614],[-109.41787,-27.17196],[-109.42397,-27.16721],[-109.42952,-27.16196],[-109.43447,-27.15624],[-109.43877,-27.15012],[-109.44238,-27.14365],[-109.44526,-27.1369],[-109.44739,-27.12993],[-109.44874,-27.12281],[-109.44931,-27.1156],[-109.44908,-27.10837],[-109.44807,-27.1012],[-109.44627,-27.09416],[-109.44372,-27.0873],[-109.44042,-27.08071],[-109.43642,-27.07443],[-109.43176,-27.06853],[-109.42647,-27.06307],[-109.42061,-27.0581],[-109.41424,-27.05367],[-109.40741,-27.04982],[-109.40019,-27.04658],[-109.39265,-27.04399],[-109.38487,-27.04208],[-109.37691,-27.04085],[-109.36886,-27.04033],[-109.36079,-27.04052],[-109.35277,-27.04142],[-109.3449,-27.04301],[-109.33723,-27.04529],[-109.32985,-27.04823],[-109.32283,-27.0518],[-109.31622,-27.05597],[-109.31011,-27.0607],[-109.30455,-27.06595],[-109.29958,-27.07166],[-109.29526,-27.07777],[-109.29163,-27.08424],[-109.28873,-27.091],[-109.28659,-27.09798],[-109.28521,-27.10511],[-109.28463,-27.11233],[-109.28484,-27.11956],[-109.28584,-27.12675],[-109.28763,-27.13381],[-109.29018,-27.14068],[-109.29347,-27.14729],[-109.29747,-27.15358],[-109.30215,-27.15949],[-109.30744,-27.16496],[-109.31332,-27.16994],[-109.31971,-27.17438],[-109.32656,-27.17824],[-109.3338,-27.18147]]}},
{"type":"Feature","properties":{"distance":10.0},"geometry":{"type":"LineString","coordinates":[[-72.25739,-43.7098],[-72.26591,-43.7161],[-72.27525,-43.72177],[-72.2853,-43.72674],[-72.29599,-43.73097],[-72.30719,-43.73443],[-72.31881,-43.73707],[-72.33073,-43.73887],[-72.34284,-43.73981],[-72.35501,-43.73989],[-72.36714,-43.73909],[-72.3791,-43.73745],[-72.39078,-43.73495],[-72.40207,-43.73164],[-72.41285,-43.72754],[-72.42302,-43.72269],[-72.43249,-43.71715],[-72.44116,-43.71095],[-72.44895,-43.70417],[-72.45579,-43.69687],[-72.4616,-43.68911],[-72.46634,-43.68098],[-72.46995,-43.67255],[-72.47241,-43.66391],[-72.47369,-43.65513],[-72.47378,-43.6463],[-72.47267,-43.63751],[-72.47039,-43.62884],[-72.46695,-43.62037],[-72.46238,-43.61219],[-72.45673,-43.60438],[-72.45006,-43.597],[-72.44243,-43.59013],[-72.4339,-43.58384],[-72.42458,-43.57819],[-72.41453,-43.57323],[-72.40387,-43.569],[-72.39269,-43.56556],[-72.38111,-43.56293],[-72.36922,-43.56113],[-72.35715,-43.56019],[-72.34501,-43.56011],[-72.33292,-43.5609],[-72.32099,-43.56254],[-72.30934,-43.56503],[-72.29808,-43.56833],[-72.28732,-43.57242],[-72.27716,-43.57725],[-72.26769,-43.58279],[-72.25902,-43.58897],[-72.25122,-43.59574],[-72.24437,-43.60303],[-72.23854,-43.61077],[-72.23378,-43.6189],[-72.23013,-43.62732],[-72.22764,-43.63596],[-72.22632,-43.64474],[-72.2262,-43.65356],[-72.22727,-43.66236],[-72.22952,-43.67104],[-72.23293,-43.67951],[-72.23747,-43.6877],[-72.2431,-43.69553],[-72.24976,-43.70292],[-72.25739,-43.7098]]}},
{"type":"Feature","properties":{"distance":10.0},"geometry":{"type":"LineString","coordinates":[[-70.12926,-55.01635],[-70.13975,-55.02279],[-70.15129,-55.0286],[-70.16377,-55.03373],[-70.17707,-55.03814],[-70.19106,-55.04178],[-70.2056,-55.0446],[-70.22056,-55.0466],[-70.23579,-55.04774],[-70.25114,-55.04801],[-70.26647,-55.04742],[-70.28161,-55.04597],[-70.29644,-55.04367],[-70.3108,-55.04055],[-70.32455,-55.03663],[-70.33757,-55.03195],[-70.34972,-55.02656],[-70.36089,-55.02051],[-70.37097,-55.01387],[-70.37987,-55.00668],[-70.3875,-54.99903],[-70.39378,-54.99098],[-70.39865,-54.98262],[-70.40208,-54.97403],[-70.40402,-54.96528],[-70.40447,-54.95647],[-70.40341,-54.94767],[-70.40086,-54.93898],[-70.39684,-54.93047],[-70.3914,-54.92223],[-70.38458,-54.91433],[-70.37645,-54.90686],[-70.3671,-54.89988],[-70.3566,-54.89346],[-70.34507,-54.88767],[-70.33262,-54.88255],[-70.31935,-54.87816],[-70.30541,-54.87454],[-70.29092,-54.87172],[-70.27602,-54.86974],[-70.26085,-54.8686],[-70.24557,-54.86833],[-70.23032,-54.86892],[-70.21523,-54.87036],[-70.20047,-54.87265],[-70.18616,-54.87576],[-70.17244,-54.87967],[-70.15946,-54.88433],[-70.14732,-54.88969],[-70.13616,-54.89572],[-70.12606,-54.90235],[-70.11714,-54.90952],[-70.10948,-54.91715],[-70.10316,-54.92518],[-70.09823,-54.93353],[-70.09474,-54.94212],[-70.09273,-54.95086],[-70.09221,-54.95967],[-70.09321,-54.96847],[-70.09569,-54.97718],[-70.09965,-54.98569],[-70.10504,-54.99395],[-70.11182,-55.00186],[-70.11992,-55.00935],[-70.12926,-55.01635]]}},
{"type":"Feature","properties":{"distance":10.0},"geometry":{"type":"LineString","coordinates":[[-69.99843,-52.06448],[-70.00917,-52.07032],[-70.02079,-52.07547],[-70.03317,-52.0799],[-70.0462,-52.08356],[-70.05976,-52.08641],[-70.0737,-52.08843],[-70.0879,-52.08959],[-70.10221,-52.08989],[-70.1165,-52.08932],[-70.13064,-52.0879],[-70.14447,-52.08562],[-70.15788,-52.08251],[-70.17072,-52.07861],[-70.18288,-52.07396],[-70.19424,-52.06859],[-70.20469,-52.06255],[-70.21412,-52.05592],[-70.22245,-52.04875],[-70.2296,-52.0411],[-70.23549,-52.03307],[-70.24008,-52.02471],[-70.24332,-52.01612],[-70.24518,-52.00737],[-70.24563,-51.99855],[-70.24469,-51.98975],[-70.24235,-51.98104],[-70.23864,-51.97252],[-70.2336,-51.96427],[-70.22728,-51.95636],[-70.21973,-51.94887],[-70.21104,-51.94187],[-70.20128,-51.93543],[-70.19055,-51.92961],[-70.17895,-51.92447],[-70.16659,-51.92006],[-70.1536,-51.91642],[-70.14009,-51.91358],[-70.1262,-51.91157],[-70.11206,-51.91041],[-70.0978,-51.91011],[-70.08357,-51.91067],[-70.06949,-51.91209],[-70.0557,-51.91436],[-70.04234,-51.91745],[-70.02953,-51.92134],[-70.01739,-51.92598],[-70.00605,-51.93134],[-69.99561,-51.93735],[-69.98616,-51.94397],[-69.97781,-51.95112],[-69.97064,-51.95875],[-69.9647,-51.96678],[-69.96007,-51.97512],[-69.95678,-51.98371],[-69.95487,-51.99245],[-69.95436,-52.00127],[-69.95525,-52.01008],[-69.95753,-52.01879],[-69.96119,-52.02731],[-69.96618,-52.03558],[-69.97247,-52.04351],[-69.97999,-52.05101],[-69.98867,-52.05803],[-69.99843,-52.06448]]}},
{"type":"Feature","properties":{"distance":10.0},"geometry":{"type":"LineString","coordinates":[[-70.22059,-34.67555],[-70.22861,-34.68141],[-70.23729,-34.6866],[-70.24655,-34.69105],[-70.25629,-34.69474],[-70.26642,-34.69761],[-70.27684,-34.69965],[-70.28746,-34.70084],[-70.29817,-34.70116],[-70.30886,-34.70061],[-70.31944,-34.6992],[-70.32979,-34.69694],[-70.33983,-34.69385],[-70.34945,-34.68996],[-70.35857,-34.68531],[-70.36708,-34.67994],[-70.37492,-34.67391],[-70.382,-34.66727],[-70.38826,-34.66009],[-70.39364,-34.65244],[-70.39808,-34.64439],[-70.40155,-34.63602],[-70.404,-34.62741],[-70.40543,-34.61864],[-70.4058,-34.6098],[-70.40513,-34.60097],[-70.40341,-34.59223],[-70.40067,-34.58368],[-70.39693,-34.57539],[-70.39222,-34.56745],[-70.3866,-34.55992],[-70.38011,-34.55289],[-70.37282,-34.54641],[-70.3648,-34.54056],[-70.35613,-34.53538],[-70.34688,-34.53094],[-70.33716,-34.52726],[-70.32704,-34.52439],[-70.31664,-34.52235],[-70.30605,-34.52117],[-70.29536,-34.52085],[-70.28469,-34.52139],[-70.27414,-34.5228],[-70.2638,-34.52506],[-70.25378,-34.52814],[-70.24417,-34.53203],[-70.23507,-34.53667],[-70.22656,-34.54203],[-70.21872,-34.54805],[-70.21164,-34.55467],[-70.20537,-34.56184],[-70.19998,-34.56949],[-70.19552,-34.57753],[-70.19204,-34.5859],[-70.18956,-34.59451],[-70.18811,-34.60327],[-70.18771,-34.61212],[-70.18836,-34.62095],[-70.19006,-34.62968],[-70.19278,-34.63824],[-70.19651,-34.64654],[-70.2012,-34.65449],[-70.20682,-34.66202],[-70.2133,-34.66907],[-70.22059,-34.67555]]}},
{"type":"Feature","properties":{"distance":10.0},"geometry":{"type":"LineString","coordinates":[[-69.7557,-34.22826],[-69.76365,-34.23416],[-69.77225,-34.23938],[-69.78144,-34.24387],[-69.7911,-34.24759],[-69.80117,-34.25051],[-69.81152,-34.25259],[-69.82208,-34.25382],[-69.83273,-34.25418],[-69.84337,-34.25367],[-69.8539,-34.2523],[-69.86421,-34.25008],[-69.87422,-34.24703],[-69.88381,-34.24317],[-69.8929,-34.23856],[-69.9014,-34.23322],[-69.90923,-34.22722],[-69.91632,-34.22061],[-69.92259,-34.21346],[-69.92798,-34.20582],[-69.93245,-34.19779],[-69.93594,-34.18943],[-69.93843,-34.18083],[-69.9399,-34.17206],[-69.94032,-34.16322],[-69.9397,-34.15438],[-69.93804,-34.14564],[-69.93536,-34.13708],[-69.93169,-34.12877],[-69.92705,-34.12081],[-69.9215,-34.11326],[-69.91508,-34.1062],[-69.90787,-34.09969],[-69.89992,-34.09381],[-69.89132,-34.0886],[-69.88215,-34.08412],[-69.8725,-34.0804],[-69.86246,-34.07749],[-69.85212,-34.07541],[-69.84159,-34.07419],[-69.83096,-34.07382],[-69.82034,-34.07433],[-69.80983,-34.0757],[-69.79954,-34.07792],[-69.78955,-34.08096],[-69.77997,-34.08481],[-69.77089,-34.08941],[-69.76239,-34.09474],[-69.75456,-34.10073],[-69.74748,-34.10733],[-69.7412,-34.11448],[-69.7358,-34.1221],[-69.73132,-34.13013],[-69.7278,-34.13848],[-69.72529,-34.14708],[-69.7238,-34.15585],[-69.72336,-34.16469],[-69.72395,-34.17353],[-69.72559,-34.18227],[-69.72825,-34.19084],[-69.73191,-34.19915],[-69.73654,-34.20712],[-69.74208,-34.21468],[-69.74849,-34.22175],[-69.7557,-34.22826]]}},
{"type":"Feature","properties":{"distance":10.0},"geometry":{"type":"LineString","coordinates":[[-68.46381,-24.78363],[-68.47098,-24.7896],[-68.47876,-24.79491],[-68.48707,-24.79949],[-68.49583,-24.80331],[-68.50496,-24.80633],[-68.51437,-24.80851],[-68.52397,-24.80985],[-68.53366,-24.81031],[-68.54336,-24.80991],[-68.55297,-24.80863],[-68.5624,-24.80651],[-68.57155,-24.80355],[-68.58034,-24.79979],[-68.58868,-24.79525],[-68.5965,-24.78999],[-68.60371,-24.78406],[-68.61025,-24.77751],[-68.61606,-24.77041],[-68.62107,-24.76282],[-68.62524,-24.75482],[-68.62854,-24.74648],[-68.63092,-24.73789],[-68.63237,-24.72913],[-68.63287,-24.72027],[-68.63242,-24.71142],[-68.63103,-24.70265],[-68.62869,-24.69405],[-68.62545,-24.68569],[-68.62133,-24.67767],[-68.61636,-24.67006],[-68.61061,-24.66292],[-68.60412,-24.65634],[-68.59695,-24.65037],[-68.58918,-24.64507],[-68.58087,-24.64049],[-68.57212,-24.63668],[-68.563,-24.63366],[-68.5536,-24.63148],[-68.54402,-24.63015],[-68.53434,-24.62969],[-68.52465,-24.63009],[-68.51505,-24.63136],[-68.50564,-24.63349],[-68.4965,-24.63644],[-68.48772,-24.6402],[-68.47938,-24.64473],[-68.47157,-24.64998],[-68.46436,-24.65591],[-68.45782,-24.66245],[-68.45201,-24.66955],[-68.44699,-24.67713],[-68.44281,-24.68513],[-68.4395,-24.69346],[-68.43711,-24.70205],[-68.43564,-24.71081],[-68.43513,-24.71966],[-68.43556,-24.72851],[-68.43695,-24.73729],[-68.43927,-24.74589],[-68.4425,-24.75425],[-68.44661,-24.76228],[-68.45157,-24.7699],[-68.45732,-24.77704],[-68.46381,-24.78363]]}},
{"type":"Feature","properties":{"distance":10.0},"geometry":{"type":"LineString","coordinates":[[-68.485,-20.78967],[-68.49131,-20.79626],[-68.49828,-20.80223],[-68.50583,-20.80754],[-68.51391,-20.81212],[-68.52242,-20.81594],[-68.53129,-20.81895],[-68.54043,-20.82113],[-68.54976,-20.82245],[-68.55917,-20.82291],[-68.5686,-20.8225],[-68.57793,-20.82122],[-68.58708,-20.81909],[-68.59597,-20.81612],[-68.60451,-20.81235],[-68.61261,-20.80781],[-68.62019,-20.80255],[-68.6272,-20.79661],[-68.63354,-20.79005],[-68.63918,-20.78294],[-68.64404,-20.77535],[-68.64809,-20.76734],[-68.65129,-20.759],[-68.6536,-20.7504],[-68.655,-20.74163],[-68.65548,-20.73277],[-68.65504,-20.72392],[-68.65368,-20.71514],[-68.65141,-20.70654],[-68.64825,-20.69818],[-68.64424,-20.69016],[-68.63942,-20.68254],[-68.63382,-20.67541],[-68.62751,-20.66882],[-68.62054,-20.66285],[-68.61299,-20.65755],[-68.60492,-20.65298],[-68.59641,-20.64917],[-68.58755,-20.64616],[-68.57842,-20.64398],[-68.56911,-20.64266],[-68.5597,-20.6422],[-68.55029,-20.64261],[-68.54097,-20.64389],[-68.53182,-20.64602],[-68.52294,-20.64898],[-68.51441,-20.65275],[-68.50632,-20.65728],[-68.49874,-20.66254],[-68.49174,-20.66848],[-68.48539,-20.67503],[-68.47975,-20.68213],[-68.47488,-20.68972],[-68.47082,-20.69773],[-68.46762,-20.70607],[-68.4653,-20.71466],[-68.46388,-20.72343],[-68.46339,-20.73228],[-68.46382,-20.74114],[-68.46517,-20.74992],[-68.46743,-20.75852],[-68.47058,-20.76688],[-68.47458,-20.77491],[-68.47941,-20.78253],[-68.485,-20.78967]]}},
{"type":"Feature","properties":{"distance":10.0},"geometry":{"type":"LineString","coordinates":[[-68.98406,-18.80992],[-68.99096,-18.81588],[-68.99845,-18.82116],[-69.00644,-18.82572],[-69.01486,-18.82951],[-69.02363,-18.8325],[-69.03266,-18.83465],[-69.04188,-18.83595],[-69.05118,-18.83638],[-69.06048,-18.83595],[-69.0697,-18.83464],[-69.07873,-18.83248],[-69.0875,-18.82949],[-69.09592,-18.82569],[-69.10391,-18.82113],[-69.11138,-18.81584],[-69.11828,-18.80988],[-69.12453,-18.80331],[-69.13007,-18.79618],[-69.13485,-18.78857],[-69.13883,-18.78055],[-69.14196,-18.77219],[-69.14421,-18.76359],[-69.14557,-18.75481],[-69.14602,-18.74595],[-69.14556,-18.7371],[-69.14418,-18.72832],[-69.14191,-18.71972],[-69.13877,-18.71137],[-69.13479,-18.70336],[-69.13,-18.69575],[-69.12445,-18.68863],[-69.11819,-18.68207],[-69.11129,-18.67611],[-69.10381,-18.67084],[-69.09583,-18.66628],[-69.08741,-18.66249],[-69.07865,-18.65951],[-69.06962,-18.65736],[-69.06042,-18.65606],[-69.05113,-18.65563],[-69.04183,-18.65606],[-69.03263,-18.65737],[-69.0236,-18.65952],[-69.01484,-18.66251],[-69.00643,-18.6663],[-68.99845,-18.67086],[-68.99097,-18.67615],[-68.98408,-18.6821],[-68.97783,-18.68867],[-68.97228,-18.6958],[-68.96749,-18.7034],[-68.96351,-18.71142],[-68.96038,-18.71977],[-68.95811,-18.72838],[-68.95674,-18.73715],[-68.95628,-18.74601],[-68.95674,-18.75487],[-68.9581,-18.76364],[-68.96036,-18.77224],[-68.9635,-18.78059],[-68.96748,-18.78861],[-68.97226,-18.79622],[-68.97781,-18.80335],[-68.98406,-18.80992]]}},
{"type":"Feature","properties":{"distance":10.0},"geometry":{"type":"LineString","coordinates":[[-69.70635,-17.78512],[-69.71324,-17.79105],[-69.72069,-17.79631],[-69.72865,-17.80084],[-69.73704,-17.8046],[-69.74577,-17.80755],[-69.75476,-17.80967],[-69.76393,-17.81094],[-69.77318,-17.81134],[-69.78242,-17.81087],[-69.79158,-17.80953],[-69.80055,-17.80734],[-69.80925,-17.80431],[-69.8176,-17.80049],[-69.82553,-17.79589],[-69.83294,-17.79058],[-69.83977,-17.78459],[-69.84596,-17.77799],[-69.85144,-17.77085],[-69.85616,-17.76322],[-69.86008,-17.75518],[-69.86316,-17.74682],[-69.86536,-17.7382],[-69.86668,-17.72943],[-69.86709,-17.72056],[-69.8666,-17.71171],[-69.8652,-17.70294],[-69.86291,-17.69435],[-69.85975,-17.68601],[-69.85575,-17.67801],[-69.85096,-17.67042],[-69.84542,-17.66332],[-69.83917,-17.65678],[-69.83229,-17.65085],[-69.82484,-17.6456],[-69.81688,-17.64107],[-69.8085,-17.63731],[-69.79978,-17.63436],[-69.7908,-17.63224],[-69.78164,-17.63098],[-69.7724,-17.63058],[-69.76316,-17.63105],[-69.75402,-17.63239],[-69.74505,-17.63457],[-69.73636,-17.6376],[-69.72801,-17.64142],[-69.72009,-17.64601],[-69.71268,-17.65132],[-69.70585,-17.6573],[-69.69966,-17.66389],[-69.69418,-17.67104],[-69.68945,-17.67866],[-69.68553,-17.68669],[-69.68244,-17.69506],[-69.68023,-17.70367],[-69.6789,-17.71245],[-69.67848,-17.72131],[-69.67897,-17.73016],[-69.68036,-17.73893],[-69.68264,-17.74753],[-69.68579,-17.75587],[-69.68978,-17.76387],[-69.69457,-17.77146],[-69.70011,-17.77857],[-69.70635,-17.78512]]}},
{"type":"Feature","properties":{"distance":10.0},"geometry":{"type":"LineString","coordinates":[[-60.48073,-63.01348],[-60.49322,-63.02019],[-60.5071,-63.02631],[-60.52224,-63.03178],[-60.5385,-63.03655],[-60.55571,-63.04057],[-60.57371,-63.04381],[-60.59232,-63.04622],[-60.61137,-63.0478],[-60.63067,-63.04851],[-60.65003,-63.04836],[-60.66927,-63.04735],[-60.68819,-63.04548],[-60.70661,-63.04278],[-60.72436,-63.03927],[-60.74126,-63.03498],[-60.75715,-63.02997],[-60.77188,-63.02426],[-60.78529,-63.01793],[-60.79727,-63.01103],[-60.8077,-63.00362],[-60.81647,-62.99579],[-60.82351,-62.98761],[-60.82875,-62.97915],[-60.83214,-62.97049],[-60.83364,-62.96173],[-60.83325,-62.95294],[-60.83098,-62.94421],[-60.82683,-62.93563],[-60.82087,-62.92727],[-60.81313,-62.91922],[-60.80371,-62.91155],[-60.79269,-62.90434],[-60.78018,-62.89766],[-60.7663,-62.89156],[-60.75118,-62.88612],[-60.73497,-62.88137],[-60.71783,-62.87737],[-60.69991,-62.87416],[-60.68139,-62.87176],[-60.66245,-62.8702],[-60.64327,-62.86949],[-60.62403,-62.86964],[-60.60491,-62.87065],[-60.5861,-62.8725],[-60.56777,-62.87519],[-60.5501,-62.87868],[-60.53327,-62.88295],[-60.51743,-62.88794],[-60.50273,-62.89362],[-60.48931,-62.89993],[-60.47731,-62.9068],[-60.46684,-62.91418],[-60.458,-62.92199],[-60.45087,-62.93015],[-60.44554,-62.9386],[-60.44204,-62.94724],[-60.44042,-62.956],[-60.44069,-62.96478],[-60.44285,-62.97352],[-60.44688,-62.98211],[-60.45275,-62.99048],[-60.4604,-62.99855],[-60.46976,-63.00624],[-60.48073,-63.01348]]}},
{"type":"Feature","properties":{"distance":10.0},"geometry":{"type":"LineString","coordinates":[[-58.23196,-62.45193],[-58.24369,-62.45882],[-58.25683,-62.46515],[-58.27125,-62.47085],[-58.28681,-62.47586],[-58.30336,-62.48014],[-58.32075,-62.48365],[-58.3388,-62.48635],[-58.35734,-62.48822],[-58.37618,-62.48924],[-58.39515,-62.48939],[-58.41406,-62.48868],[-58.43273,-62.48711],[-58.45097,-62.4847],[-58.46862,-62.48148],[-58.48549,-62.47746],[-58.50142,-62.4727],[-58.51626,-62.46724],[-58.52987,-62.46113],[-58.54212,-62.45443],[-58.55288,-62.4472],[-58.56205,-62.43952],[-58.56955,-62.43146],[-58.57531,-62.4231],[-58.57927,-62.41452],[-58.5814,-62.4058],[-58.58167,-62.39702],[-58.58008,-62.38827],[-58.57666,-62.37964],[-58.57143,-62.37121],[-58.56445,-62.36305],[-58.55579,-62.35525],[-58.54553,-62.34788],[-58.53377,-62.34101],[-58.52062,-62.33471],[-58.50621,-62.32904],[-58.49068,-62.32405],[-58.47419,-62.3198],[-58.45687,-62.31631],[-58.43891,-62.31362],[-58.42048,-62.31177],[-58.40174,-62.31076],[-58.38289,-62.31061],[-58.36409,-62.31132],[-58.34553,-62.31288],[-58.32738,-62.31528],[-58.30983,-62.31849],[-58.29303,-62.32248],[-58.27715,-62.32722],[-58.26233,-62.33266],[-58.24873,-62.33874],[-58.23648,-62.34541],[-58.22568,-62.35261],[-58.21645,-62.36027],[-58.20887,-62.36831],[-58.20303,-62.37665],[-58.19896,-62.38522],[-58.19673,-62.39394],[-58.19635,-62.40271],[-58.19782,-62.41146],[-58.20114,-62.4201],[-58.20626,-62.42855],[-58.21316,-62.43672],[-58.22175,-62.44454],[-58.23196,-62.45193]]}},
{"type":"Feature","properties":{"distance":10.0},"geometry":{"type":"LineString","coordinates":[[-57.75283,-62.14399],[-57.76282,-62.15141],[-57.77433,-62.15834],[-57.78724,-62.1647],[-57.80143,-62.17045],[-57.81676,-62.17551],[-57.83307,-62.17984],[-57.85023,-62.1834],[-57.86805,-62.18616],[-57.88637,-62.18808],[-57.905,-62.18916],[-57.92378,-62.18937],[-57.9425,-62.18872],[-57.961,-62.18722],[-57.97909,-62.18487],[-57.9966,-62.1817],[-58.01335,-62.17774],[-58.02919,-62.17303],[-58.04396,-62.16762],[-58.05752,-62.16155],[-58.06974,-62.1549],[-58.08049,-62.14771],[-58.08969,-62.14006],[-58.09723,-62.13203],[-58.10305,-62.12369],[-58.1071,-62.11512],[-58.10933,-62.10641],[-58.10973,-62.09764],[-58.10828,-62.08889],[-58.10502,-62.08025],[-58.09997,-62.0718],[-58.09319,-62.06362],[-58.08473,-62.0558],[-58.07468,-62.0484],[-58.06314,-62.0415],[-58.05022,-62.03516],[-58.03604,-62.02944],[-58.02075,-62.02441],[-58.00448,-62.0201],[-57.9874,-62.01656],[-57.96966,-62.01382],[-57.95144,-62.0119],[-57.93291,-62.01084],[-57.91425,-62.01063],[-57.89564,-62.01128],[-57.87725,-62.01278],[-57.85925,-62.01511],[-57.84183,-62.01827],[-57.82515,-62.02221],[-57.80936,-62.02689],[-57.79462,-62.03228],[-57.78107,-62.03832],[-57.76885,-62.04495],[-57.75806,-62.05211],[-57.74881,-62.05974],[-57.74119,-62.06775],[-57.73529,-62.07607],[-57.73114,-62.08463],[-57.72881,-62.09333],[-57.7283,-62.1021],[-57.72963,-62.11085],[-57.73278,-62.1195],[-57.73774,-62.12796],[-57.74444,-62.13615],[-57.75283,-62.14399]]}},
{"type":"Feature","properties":{"distance":10.0},"geometry":{"type":"LineString","coordinates":[[-68.22027,-27.09846],[-68.22757,-27.10445],[-68.23548,-27.10977],[-68.24394,-27.11437],[-68.25287,-27.11821],[-68.26217,-27.12124],[-68.27176,-27.12344],[-68.28155,-27.12479],[-68.29143,-27.12528],[-68.30132,-27.12489],[-68.31113,-27.12364],[-68.32074,-27.12154],[-68.33008,-27.1186],[-68.33906,-27.11485],[-68.34758,-27.11033],[-68.35556,-27.10509],[-68.36293,-27.09918],[-68.36961,-27.09264],[-68.37555,-27.08555],[-68.38068,-27.07798],[-68.38495,-27.06999],[-68.38833,-27.06166],[-68.39078,-27.05308],[-68.39228,-27.04432],[-68.39282,-27.03547],[-68.39238,-27.02662],[-68.39097,-27.01785],[-68.38862,-27.00925],[-68.38533,-27.00089],[-68.38114,-26.99286],[-68.3761,-26.98524],[-68.37025,-26.9781],[-68.36365,-26.9715],[-68.35635,-26.96552],[-68.34844,-26.96021],[-68.33999,-26.95561],[-68.33107,-26.95178],[-68.32178,-26.94875],[-68.31221,-26.94655],[-68.30244,-26.9452],[-68.29256,-26.94472],[-68.28269,-26.94511],[-68.2729,-26.94636],[-68.2633,-26.94846],[-68.25397,-26.95139],[-68.24501,-26.95513],[-68.2365,-26.95964],[-68.22852,-26.96488],[-68.22115,-26.97079],[-68.21447,-26.97732],[-68.20853,-26.9844],[-68.20339,-26.99197],[-68.19911,-26.99995],[-68.19571,-27.00828],[-68.19325,-27.01686],[-68.19174,-27.02561],[-68.19119,-27.03446],[-68.19161,-27.04331],[-68.193,-27.05208],[-68.19534,-27.06069],[-68.19862,-27.06905],[-68.20279,-27.07708],[-68.20782,-27.08471],[-68.21367,-27.09186],[-68.22027,-27.09846]]}},
{"type":"Feature","properties":{"distance":10.0},"geometry":{"type":"LineString","coordinates":[[-67.98611,-24.25538],[-67.99323,-24.26138],[-68.00095,-24.26671],[-68.00921,-24.27132],[-68.01792,-24.27517],[-68.027,-24.27821],[-68.03636,-24.28043],[-68.04591,-24.28179],[-68.05557,-24.28228],[-68.06523,-24.28191],[-68.0748,-24.28066],[-68.08419,-24.27857],[-68.09332,-24.27564],[-68.10208,-24.2719],[-68.11041,-24.26739],[-68.11821,-24.26216],[-68.12541,-24.25625],[-68.13195,-24.24972],[-68.13776,-24.24263],[-68.14278,-24.23506],[-68.14696,-24.22707],[-68.15027,-24.21874],[-68.15268,-24.21016],[-68.15415,-24.2014],[-68.15469,-24.19255],[-68.15427,-24.1837],[-68.15291,-24.17492],[-68.15062,-24.16631],[-68.14742,-24.15795],[-68.14334,-24.14991],[-68.13843,-24.14228],[-68.13272,-24.13513],[-68.12628,-24.12853],[-68.11917,-24.12254],[-68.11145,-24.11721],[-68.1032,-24.11261],[-68.0945,-24.10877],[-68.08543,-24.10573],[-68.07608,-24.10352],[-68.06654,-24.10216],[-68.0569,-24.10167],[-68.04725,-24.10204],[-68.03769,-24.10328],[-68.02831,-24.10537],[-68.0192,-24.1083],[-68.01044,-24.11204],[-68.00212,-24.11654],[-67.99432,-24.12177],[-67.98712,-24.12767],[-67.98059,-24.13419],[-67.97478,-24.14127],[-67.96975,-24.14884],[-67.96556,-24.15682],[-67.96224,-24.16515],[-67.95982,-24.17373],[-67.95833,-24.18248],[-67.95778,-24.19133],[-67.95819,-24.20019],[-67.95953,-24.20896],[-67.96181,-24.21758],[-67.965,-24.22594],[-67.96907,-24.23398],[-67.97397,-24.24162],[-67.97967,-24.24877],[-67.98611,-24.25538]]}},
{"type":"Feature","properties":{"distance":15.0},"geometry":{"type":"LineString","coordinates":[[-72.94752,-45.471],[-72.96206,-45.47939],[-72.97771,-45.48674],[-72.99431,-45.49297],[-73.0117,-45.49803],[-73.02971,-45.50185],[-73.04817,-45.50442],[-73.0669,-45.5057],[-73.08572,-45.50568],[-73.10445,-45.50435],[-73.1229,-45.50174],[-73.14089,-45.49787],[-73.15826,-45.49278],[-73.17482,-45.48651],[-73.19043,-45.47912],[-73.20493,-45.47069],[-73.21819,-45.46131],[-73.23006,-45.45105],[-73.24045,-45.44002],[-73.24925,-45.42833],[-73.25637,-45.41608],[-73.26176,-45.4034],[-73.26535,-45.39042],[-73.26711,-45.37724],[-73.26704,-45.36401],[-73.26513,-45.35085],[-73.26139,-45.33788],[-73.25588,-45.32523],[-73.24864,-45.31303],[-73.23974,-45.30138],[-73.22927,-45.2904],[-73.21733,-45.2802],[-73.20403,-45.27087],[-73.18951,-45.26251],[-73.1739,-45.25519],[-73.15736,-45.24898],[-73.14003,-45.24395],[-73.1221,-45.24013],[-73.10372,-45.23758],[-73.08507,-45.2363],[-73.06634,-45.23632],[-73.04771,-45.23763],[-73.02934,-45.24023],[-73.01141,-45.24408],[-72.99411,-45.24915],[-72.97759,-45.25539],[-72.96201,-45.26275],[-72.94752,-45.27114],[-72.93426,-45.2805],[-72.92237,-45.29073],[-72.91194,-45.30173],[-72.90309,-45.3134],[-72.8959,-45.32562],[-72.89044,-45.33829],[-72.88676,-45.35126],[-72.88491,-45.36444],[-72.88489,-45.37767],[-72.88672,-45.39084],[-72.89037,-45.40383],[-72.89581,-45.41649],[-72.903,-45.42872],[-72.91185,-45.4404],[-72.92229,-45.45141],[-72.93422,-45.46164],[-72.94752,-45.471]]}},
{"type":"Feature","properties":{"distance":10.0},"geometry":{"type":"LineString","coordinates":[[-68.39985,-21.28446],[-68.40683,-21.29044],[-68.41441,-21.29575],[-68.42251,-21.30034],[-68.43105,-21.30416],[-68.43994,-21.30717],[-68.44911,-21.30936],[-68.45847,-21.31069],[-68.46792,-21.31116],[-68.47737,-21.31075],[-68.48673,-21.30948],[-68.49592,-21.30735],[-68.50484,-21.30439],[-68.5134,-21.30062],[-68.52153,-21.29609],[-68.52915,-21.29083],[-68.53618,-21.28489],[-68.54255,-21.27834],[-68.54821,-21.27124],[-68.55309,-21.26364],[-68.55716,-21.25564],[-68.56037,-21.2473],[-68.5627,-21.2387],[-68.56411,-21.22994],[-68.5646,-21.22108],[-68.56416,-21.21222],[-68.5628,-21.20345],[-68.56053,-21.19484],[-68.55737,-21.18649],[-68.55335,-21.17846],[-68.54851,-21.17084],[-68.5429,-21.16371],[-68.53658,-21.15712],[-68.52959,-21.15114],[-68.52202,-21.14584],[-68.51392,-21.14126],[-68.50539,-21.13744],[-68.49651,-21.13443],[-68.48735,-21.13225],[-68.478,-21.13092],[-68.46856,-21.13046],[-68.45912,-21.13086],[-68.44977,-21.13213],[-68.4406,-21.13426],[-68.43169,-21.13721],[-68.42313,-21.14098],[-68.415,-21.14551],[-68.40739,-21.15076],[-68.40036,-21.15669],[-68.39399,-21.16324],[-68.38833,-21.17034],[-68.38344,-21.17793],[-68.37936,-21.18593],[-68.37614,-21.19426],[-68.37381,-21.20286],[-68.37239,-21.21162],[-68.37188,-21.22047],[-68.37231,-21.22933],[-68.37366,-21.23811],[-68.37592,-21.24672],[-68.37907,-21.25508],[-68.38308,-21.26311],[-68.38792,-21.27073],[-68.39352,-21.27787],[-68.39985,-21.28446]]}},
{"type":"Feature","properties":{"distance":15.0},"geometry":{"type":"LineString","coordinates":[[-73.21746,-52.4175],[-73.23289,-52.42676],[-73.24975,-52.43505],[-73.26785,-52.44228],[-73.28703,-52.4484],[-73.30711,-52.45333],[-73.32788,-52.45703],[-73.34915,-52.45947],[-73.37071,-52.46061],[-73.39235,-52.46046],[-73.41386,-52.45901],[-73.43504,-52.45627],[-73.45566,-52.45228],[-73.47554,-52.44706],[-73.49449,-52.44068],[-73.51231,-52.43319],[-73.52884,-52.42467],[-73.54392,-52.41519],[-73.5574,-52.40486],[-73.56915,-52.39377],[-73.57906,-52.38202],[-73.58704,-52.36974],[-73.59301,-52.35704],[-73.59691,-52.34404],[-73.59872,-52.33086],[-73.5984,-52.31765],[-73.59598,-52.30451],[-73.59147,-52.29159],[-73.58492,-52.27899],[-73.57639,-52.26685],[-73.56597,-52.25528],[-73.55376,-52.2444],[-73.53987,-52.23429],[-73.52444,-52.22507],[-73.50763,-52.21682],[-73.48958,-52.20962],[-73.47048,-52.20354],[-73.4505,-52.19864],[-73.42984,-52.19495],[-73.40869,-52.19253],[-73.38726,-52.19138],[-73.36575,-52.19153],[-73.34437,-52.19298],[-73.32331,-52.19569],[-73.30279,-52.19966],[-73.283,-52.20485],[-73.26412,-52.21119],[-73.24634,-52.21864],[-73.22983,-52.22713],[-73.21474,-52.23656],[-73.20123,-52.24686],[-73.18942,-52.25791],[-73.17943,-52.26963],[-73.17136,-52.28189],[-73.16527,-52.29457],[-73.16124,-52.30756],[-73.15931,-52.32073],[-73.15949,-52.33395],[-73.16179,-52.34709],[-73.16618,-52.36004],[-73.17263,-52.37266],[-73.18107,-52.38483],[-73.19142,-52.39643],[-73.20359,-52.40736],[-73.21746,-52.4175]]}},
{"type":"Feature","properties":{"distance":15.0},"geometry":{"type":"LineString","coordinates":[[-73.44012,-51.03739],[-73.45648,-51.04566],[-73.47405,-51.05288],[-73.49267,-51.05897],[-73.51215,-51.06388],[-73.5323,-51.06756],[-73.55293,-51.06998],[-73.57384,-51.0711],[-73.59482,-51.07093],[-73.61567,-51.06946],[-73.63619,-51.0667],[-73.65618,-51.06268],[-73.67545,-51.05745],[-73.6938,-51.05105],[-73.71106,-51.04354],[-73.72707,-51.03501],[-73.74167,-51.02552],[-73.75471,-51.01517],[-73.76608,-51.00407],[-73.77566,-50.99231],[-73.78337,-50.98002],[-73.78913,-50.96731],[-73.79289,-50.95431],[-73.79461,-50.94113],[-73.79427,-50.92792],[-73.79189,-50.91478],[-73.78749,-50.90186],[-73.78111,-50.88927],[-73.77281,-50.87714],[-73.76267,-50.86558],[-73.7508,-50.8547],[-73.73731,-50.84461],[-73.72233,-50.83541],[-73.706,-50.82717],[-73.68848,-50.81999],[-73.66994,-50.81392],[-73.65055,-50.80903],[-73.6305,-50.80537],[-73.60999,-50.80297],[-73.5892,-50.80184],[-73.56834,-50.80201],[-73.54761,-50.80348],[-73.52719,-50.80622],[-73.5073,-50.81021],[-73.48812,-50.81541],[-73.46982,-50.82178],[-73.4526,-50.82925],[-73.43661,-50.83775],[-73.422,-50.8472],[-73.40893,-50.85751],[-73.3975,-50.86858],[-73.38785,-50.8803],[-73.38005,-50.89257],[-73.37418,-50.90526],[-73.37031,-50.91825],[-73.36847,-50.93143],[-73.36869,-50.94465],[-73.37095,-50.95779],[-73.37525,-50.97073],[-73.38153,-50.98334],[-73.38975,-50.99551],[-73.39982,-51.0071],[-73.41165,-51.01801],[-73.42513,-51.02814],[-73.44012,-51.03739]]}},
{"type":"Feature","properties":{"distance":15.0},"geometry":{"type":"LineString","coordinates":[[-73.64868,-50.50355],[-73.66489,-50.5118],[-73.68229,-50.51899],[-73.70071,-50.52505],[-73.71999,-50.52994],[-73.73992,-50.53359],[-73.76032,-50.53597],[-73.78099,-50.53707],[-73.80173,-50.53686],[-73.82234,-50.53536],[-73.84262,-50.53257],[-73.86236,-50.52853],[-73.88139,-50.52327],[-73.8995,-50.51684],[-73.91654,-50.50931],[-73.93233,-50.50075],[-73.94673,-50.49124],[-73.95959,-50.48087],[-73.97079,-50.46975],[-73.98022,-50.45799],[-73.9878,-50.44568],[-73.99344,-50.43297],[-73.99711,-50.41996],[-73.99876,-50.40678],[-73.99839,-50.39357],[-73.99599,-50.38044],[-73.99159,-50.36752],[-73.98523,-50.35495],[-73.97699,-50.34283],[-73.96693,-50.33128],[-73.95516,-50.32042],[-73.94178,-50.31035],[-73.92694,-50.30117],[-73.91077,-50.29296],[-73.89342,-50.2858],[-73.87507,-50.27976],[-73.85588,-50.2749],[-73.83605,-50.27127],[-73.81576,-50.26889],[-73.79521,-50.2678],[-73.77458,-50.268],[-73.75409,-50.26949],[-73.73392,-50.27226],[-73.71427,-50.27628],[-73.69532,-50.28151],[-73.67726,-50.28791],[-73.66026,-50.2954],[-73.64448,-50.30392],[-73.63008,-50.3134],[-73.61719,-50.32372],[-73.60594,-50.33481],[-73.59643,-50.34655],[-73.58877,-50.35883],[-73.58301,-50.37153],[-73.57924,-50.38453],[-73.57747,-50.3977],[-73.57773,-50.41092],[-73.58001,-50.42406],[-73.58431,-50.43699],[-73.59057,-50.4496],[-73.59874,-50.46175],[-73.60874,-50.47332],[-73.62047,-50.48422],[-73.63383,-50.49433],[-73.64868,-50.50355]]}},
{"type":"Feature","properties":{"distance":15.0},"geometry":{"type":"LineString","coordinates":[[-73.36971,-49.1207],[-73.3854,-49.129],[-73.40225,-49.13625],[-73.42012,-49.14238],[-73.43881,-49.14732],[-73.45816,-49.15104],[-73.47797,-49.15349],[-73.49805,-49.15465],[-73.51821,-49.15451],[-73.53825,-49.15308],[-73.55798,-49.15035],[-73.57721,-49.14637],[-73.59574,-49.14117],[-73.6134,-49.1348],[-73.63002,-49.12732],[-73.64543,-49.11881],[-73.6595,-49.10935],[-73.67208,-49.09902],[-73.68305,-49.08794],[-73.69231,-49.0762],[-73.69978,-49.06392],[-73.70537,-49.05121],[-73.70903,-49.03821],[-73.71074,-49.02504],[-73.71048,-49.01182],[-73.70825,-48.99868],[-73.70408,-48.98574],[-73.698,-48.97314],[-73.69008,-48.96099],[-73.68039,-48.94941],[-73.66903,-48.9385],[-73.6561,-48.92839],[-73.64174,-48.91915],[-73.62608,-48.91088],[-73.60928,-48.90367],[-73.59148,-48.89757],[-73.57287,-48.89265],[-73.55361,-48.88895],[-73.5339,-48.8865],[-73.51393,-48.88535],[-73.49388,-48.88548],[-73.47394,-48.88691],[-73.45431,-48.88961],[-73.43517,-48.89357],[-73.41671,-48.89874],[-73.39911,-48.90508],[-73.38252,-48.91253],[-73.36712,-48.921],[-73.35305,-48.93043],[-73.34044,-48.94072],[-73.32942,-48.95178],[-73.32009,-48.96349],[-73.31255,-48.97575],[-73.30686,-48.98843],[-73.30309,-49.00143],[-73.30128,-49.0146],[-73.30143,-49.02782],[-73.30355,-49.04097],[-73.30763,-49.05393],[-73.31362,-49.06655],[-73.32147,-49.07873],[-73.33111,-49.09034],[-73.34243,-49.10128],[-73.35534,-49.11143],[-73.36971,-49.1207]]}},
{"type":"Feature","properties":{"distance":15.0},"geometry":{"type":"LineString","coordinates":[[-72.44576,-44.41062],[-72.45995,-44.41909],[-72.47525,-44.42651],[-72.49148,-44.43283],[-72.50851,-44.43798],[-72.52616,-44.4419],[-72.54427,-44.44455],[-72.56265,-44.44593],[-72.58113,-44.446],[-72.59953,-44.44477],[-72.61767,-44.44225],[-72.63538,-44.43847],[-72.65248,-44.43346],[-72.66882,-44.42727],[-72.68422,-44.41996],[-72.69854,-44.4116],[-72.71165,-44.40227],[-72.72342,-44.39207],[-72.73373,-44.38109],[-72.74248,-44.36944],[-72.7496,-44.35722],[-72.75501,-44.34457],[-72.75867,-44.33159],[-72.76054,-44.31842],[-72.7606,-44.30518],[-72.75885,-44.29201],[-72.75531,-44.27901],[-72.75002,-44.26633],[-72.74303,-44.25409],[-72.73441,-44.24239],[-72.72423,-44.23135],[-72.71261,-44.22109],[-72.69964,-44.21169],[-72.68546,-44.20325],[-72.67021,-44.19585],[-72.65402,-44.18955],[-72.63705,-44.18443],[-72.61947,-44.18053],[-72.60145,-44.17788],[-72.58315,-44.17651],[-72.56475,-44.17643],[-72.54644,-44.17765],[-72.52837,-44.18016],[-72.51073,-44.18392],[-72.49369,-44.18891],[-72.4774,-44.19507],[-72.46203,-44.20235],[-72.44772,-44.21068],[-72.4346,-44.21998],[-72.42282,-44.23015],[-72.41247,-44.24111],[-72.40367,-44.25274],[-72.39649,-44.26493],[-72.391,-44.27757],[-72.38727,-44.29054],[-72.38532,-44.3037],[-72.38517,-44.31694],[-72.38684,-44.33013],[-72.3903,-44.34314],[-72.39552,-44.35584],[-72.40245,-44.36811],[-72.41103,-44.37983],[-72.42118,-44.39089],[-72.43279,-44.40119],[-72.44576,-44.41062]]}},
{"type":"Feature","properties":{"distance":15.0},"geometry":{"type":"LineString","coordinates":[[-72.2238,-43.74913],[-72.2378,-43.75763],[-72.2529,-43.7651],[-72.26893,-43.77145],[-72.28574,-43.77664],[-72.30318,-43.7806],[-72.32108,-43.7833],[-72.33925,-43.78471],[-72.35753,-43.78483],[-72.37573,-43.78364],[-72.39369,-43.78116],[-72.41122,-43.77742],[-72.42815,-43.77245],[-72.44433,-43.7663],[-72.4596,-43.75902],[-72.4738,-43.75069],[-72.48681,-43.7414],[-72.49849,-43.73122],[-72.50874,-43.72026],[-72.51745,-43.70863],[-72.52455,-43.69643],[-72.52996,-43.68378],[-72.53363,-43.67081],[-72.53554,-43.65764],[-72.53566,-43.6444],[-72.53399,-43.63122],[-72.53055,-43.61821],[-72.52537,-43.60552],[-72.51851,-43.59325],[-72.51004,-43.58153],[-72.50002,-43.57047],[-72.48857,-43.56018],[-72.47579,-43.55075],[-72.4618,-43.54227],[-72.44674,-43.53483],[-72.43076,-43.5285],[-72.414,-43.52333],[-72.39663,-43.51939],[-72.37881,-43.5167],[-72.36072,-43.51528],[-72.34252,-43.51517],[-72.3244,-43.51635],[-72.30652,-43.51881],[-72.28906,-43.52254],[-72.27217,-43.52749],[-72.25604,-43.53361],[-72.2408,-43.54086],[-72.22661,-43.54916],[-72.2136,-43.55842],[-72.2019,-43.56857],[-72.19162,-43.57951],[-72.18286,-43.59112],[-72.17571,-43.6033],[-72.17023,-43.61593],[-72.16648,-43.62889],[-72.16449,-43.64205],[-72.16429,-43.6553],[-72.16588,-43.66849],[-72.16924,-43.68151],[-72.17435,-43.69422],[-72.18116,-43.70651],[-72.18959,-43.71826],[-72.19958,-43.72934],[-72.21102,-43.73967],[-72.2238,-43.74913]]}},
{"type":"Feature","properties":{"distance":15.0},"geometry":{"type":"LineString","coordinates":[[-72.6889,-43.5996],[-72.70293,-43.60805],[-72.71803,-43.61545],[-72.73407,-43.62174],[-72.75088,-43.62686],[-72.7683,-43.63075],[-72.78616,-43.63338],[-72.8043,-43.63472],[-72.82253,-43.63476],[-72.84067,-43.6335],[-72.85856,-43.63096],[-72.87601,-43.62714],[-72.89286,-43.62211],[-72.90895,-43.61589],[-72.92412,-43.60856],[-72.93822,-43.60018],[-72.95112,-43.59083],[-72.96269,-43.58061],[-72.97283,-43.56961],[-72.98143,-43.55794],[-72.98841,-43.54572],[-72.99371,-43.53306],[-72.99728,-43.52008],[-72.99908,-43.5069],[-72.9991,-43.49367],[-72.99734,-43.48049],[-72.99381,-43.4675],[-72.98855,-43.45483],[-72.98162,-43.4426],[-72.97308,-43.43091],[-72.96301,-43.4199],[-72.95151,-43.40965],[-72.93869,-43.40027],[-72.92468,-43.39185],[-72.90961,-43.38448],[-72.89362,-43.37821],[-72.87687,-43.37311],[-72.85952,-43.36924],[-72.84173,-43.36662],[-72.82368,-43.36528],[-72.80553,-43.36523],[-72.78747,-43.36648],[-72.76966,-43.36902],[-72.75227,-43.37281],[-72.73547,-43.37783],[-72.71942,-43.38402],[-72.70428,-43.39132],[-72.69019,-43.39967],[-72.67729,-43.40899],[-72.6657,-43.41918],[-72.65553,-43.43015],[-72.64688,-43.4418],[-72.63984,-43.454],[-72.63447,-43.46665],[-72.63082,-43.47962],[-72.62894,-43.49279],[-72.62884,-43.50603],[-72.63053,-43.51922],[-72.63398,-43.53222],[-72.63917,-43.54491],[-72.64605,-43.55717],[-72.65455,-43.56888],[-72.66459,-43.57992],[-72.67607,-43.5902],[-72.6889,-43.5996]]}},
{"type":"Feature","properties":{"distance":15.0},"geometry":{"type":"LineString","coordinates":[[-109.30633,-27.21038],[-109.31719,-27.21523],[-109.32854,-27.21911],[-109.34025,-27.22197],[-109.35222,-27.22379],[-109.36434,-27.22455],[-109.37647,-27.22424],[-109.38851,-27.22288],[-109.40035,-27.22046],[-109.41185,-27.21701],[-109.42293,-27.21257],[-109.43346,-27.20719],[-109.44334,-27.20091],[-109.45249,-27.19379],[-109.46081,-27.1859],[-109.46823,-27.17733],[-109.47467,-27.16815],[-109.48007,-27.15844],[-109.48439,-27.14832],[-109.48757,-27.13786],[-109.48959,-27.12718],[-109.49043,-27.11637],[-109.49009,-27.10554],[-109.48856,-27.09479],[-109.48587,-27.08423],[-109.48203,-27.07395],[-109.47709,-27.06406],[-109.4711,-27.05465],[-109.4641,-27.04581],[-109.45618,-27.03762],[-109.44739,-27.03017],[-109.43784,-27.02352],[-109.4276,-27.01775],[-109.41678,-27.01289],[-109.40548,-27.00901],[-109.39381,-27.00613],[-109.38189,-27.00429],[-109.36981,-27.00351],[-109.35771,-27.00379],[-109.3457,-27.00512],[-109.33388,-27.00751],[-109.32239,-27.01092],[-109.31131,-27.01532],[-109.30078,-27.02068],[-109.29087,-27.02693],[-109.2817,-27.03402],[-109.27334,-27.04189],[-109.26589,-27.05045],[-109.25941,-27.05962],[-109.25396,-27.06932],[-109.2496,-27.07946],[-109.24637,-27.08993],[-109.2443,-27.10063],[-109.24342,-27.11146],[-109.24373,-27.12232],[-109.24523,-27.1331],[-109.2479,-27.1437],[-109.25173,-27.15401],[-109.25666,-27.16393],[-109.26267,-27.17338],[-109.26968,-27.18225],[-109.27764,-27.19046],[-109.28645,-27.19793],[-109.29605,-27.20459],[-109.30633,-27.21038]]}},
{"type":"Feature","properties":{"distance":15.0},"geometry":{"type":"LineString","coordinates":[[-70.08531,-55.05506],[-70.10263,-55.06379],[-70.12136,-55.07149],[-70.14132,-55.07811],[-70.16232,-55.08357],[-70.18416,-55.08781],[-70.20662,-55.09081],[-70.22949,-55.09252],[-70.25255,-55.09293],[-70.27556,-55.09205],[-70.2983,-55.08987],[-70.32056,-55.08641],[-70.34212,-55.08172],[-70.36277,-55.07583],[-70.3823,-55.06881],[-70.40054,-55.06072],[-70.41729,-55.05164],[-70.43241,-55.04167],[-70.44575,-55.03088],[-70.45717,-55.0194],[-70.46658,-55.00733],[-70.47387,-54.99478],[-70.47899,-54.98189],[-70.48188,-54.96876],[-70.48252,-54.95554],[-70.48091,-54.94235],[-70.47706,-54.92931],[-70.47101,-54.91655],[-70.46283,-54.90419],[-70.45258,-54.89235],[-70.44038,-54.88115],[-70.42634,-54.87069],[-70.4106,-54.86107],[-70.39331,-54.85239],[-70.37463,-54.84472],[-70.35475,-54.83814],[-70.33385,-54.83271],[-70.31213,-54.82849],[-70.28981,-54.82552],[-70.26709,-54.82382],[-70.24419,-54.8234],[-70.22133,-54.82429],[-70.19873,-54.82645],[-70.1766,-54.82988],[-70.15516,-54.83455],[-70.1346,-54.8404],[-70.11513,-54.84738],[-70.09694,-54.85542],[-70.08019,-54.86446],[-70.06505,-54.87439],[-70.05166,-54.88514],[-70.04016,-54.89658],[-70.03065,-54.90862],[-70.02323,-54.92114],[-70.01798,-54.93402],[-70.01494,-54.94713],[-70.01414,-54.96035],[-70.0156,-54.97355],[-70.01931,-54.98661],[-70.02522,-54.99939],[-70.0333,-55.01178],[-70.04345,-55.02365],[-70.05558,-55.03489],[-70.06958,-55.04539],[-70.08531,-55.05506]]}},
{"type":"Feature","properties":{"distance":15.0},"geometry":{"type":"LineString","coordinates":[[-69.94754,-52.09669],[-69.96365,-52.10545],[-69.98108,-52.11319],[-69.99967,-52.11984],[-70.01923,-52.12533],[-70.03958,-52.12961],[-70.06051,-52.13264],[-70.08183,-52.13439],[-70.10332,-52.13484],[-70.12478,-52.13399],[-70.146,-52.13184],[-70.16677,-52.12842],[-70.1869,-52.12376],[-70.20618,-52.11791],[-70.22443,-52.11091],[-70.24147,-52.10285],[-70.25714,-52.0938],[-70.27129,-52.08384],[-70.28378,-52.07307],[-70.29449,-52.0616],[-70.30332,-52.04954],[-70.31018,-52.037],[-70.31502,-52.02411],[-70.31778,-52.01098],[-70.31844,-51.99776],[-70.317,-51.98455],[-70.31348,-51.9715],[-70.3079,-51.95872],[-70.30032,-51.94634],[-70.29082,-51.93448],[-70.2795,-51.92326],[-70.26645,-51.91277],[-70.25181,-51.90311],[-70.23571,-51.8944],[-70.21832,-51.88669],[-70.1998,-51.88008],[-70.18032,-51.87462],[-70.16008,-51.87036],[-70.13926,-51.86735],[-70.11807,-51.86561],[-70.09671,-51.86516],[-70.07537,-51.86601],[-70.05428,-51.86814],[-70.03361,-51.87154],[-70.01359,-51.87617],[-69.99438,-51.88199],[-69.97619,-51.88895],[-69.95918,-51.89697],[-69.94352,-51.90599],[-69.92935,-51.91591],[-69.91682,-51.92664],[-69.90605,-51.93807],[-69.89713,-51.95011],[-69.89016,-51.96262],[-69.88521,-51.9755],[-69.88232,-51.98861],[-69.88153,-52.00184],[-69.88284,-52.01505],[-69.88625,-52.02811],[-69.89172,-52.04091],[-69.8992,-52.05332],[-69.90862,-52.06521],[-69.91989,-52.07647],[-69.9329,-52.087],[-69.94754,-52.09669]]}},
{"type":"Feature","properties":{"distance":15.0},"geometry":{"type":"LineString","coordinates":[[-69.71759,-34.26038],[-69.72951,-34.26922],[-69.74242,-34.27705],[-69.7562,-34.28379],[-69.77071,-34.28938],[-69.78581,-34.29375],[-69.80135,-34.29688],[-69.81719,-34.29872],[-69.83317,-34.29927],[-69.84914,-34.29851],[-69.86494,-34.29645],[-69.88042,-34.29311],[-69.89543,-34.28853],[-69.90983,-34.28275],[-69.92347,-34.27582],[-69.93623,-34.26782],[-69.94797,-34.25881],[-69.9586,-34.24889],[-69.968,-34.23816],[-69.97608,-34.22671],[-69.98278,-34.21465],[-69.98801,-34.20211],[-69.99174,-34.1892],[-69.99393,-34.17606],[-69.99456,-34.16279],[-69.99362,-34.14954],[-69.99113,-34.13643],[-69.9871,-34.12358],[-69.98158,-34.11113],[-69.97462,-34.09918],[-69.96628,-34.08786],[-69.95666,-34.07728],[-69.94584,-34.06752],[-69.93392,-34.0587],[-69.92103,-34.05089],[-69.90727,-34.04417],[-69.8928,-34.0386],[-69.87774,-34.03423],[-69.86224,-34.03112],[-69.84645,-34.02928],[-69.83052,-34.02873],[-69.8146,-34.02949],[-69.79885,-34.03154],[-69.78341,-34.03487],[-69.76844,-34.03944],[-69.75407,-34.0452],[-69.74045,-34.05211],[-69.72771,-34.06009],[-69.71597,-34.06908],[-69.70534,-34.07898],[-69.69592,-34.08969],[-69.68781,-34.10112],[-69.68108,-34.11316],[-69.67581,-34.12569],[-69.67203,-34.13859],[-69.66979,-34.15173],[-69.66911,-34.165],[-69.67,-34.17825],[-69.67245,-34.19137],[-69.67643,-34.20423],[-69.68192,-34.21669],[-69.68885,-34.22866],[-69.69716,-34.24],[-69.70677,-34.2506],[-69.71759,-34.26038]]}},
{"type":"Feature","properties":{"distance":15.0},"geometry":{"type":"LineString","coordinates":[[-68.7225,-27.2418],[-68.73721,-27.23988],[-68.75164,-27.23668],[-68.76386,-27.23279],[-68.77773,-27.23342],[-68.79258,-27.2328],[-68.80729,-27.23087],[-68.82172,-27.22766],[-68.83572,-27.2232],[-68.84917,-27.21753],[-68.86193,-27.21071],[-68.87388,-27.2028],[-68.8849,-27.19389],[-68.89489,-27.18405],[-68.90375,-27.17338],[-68.9114,-27.16199],[-68.91776,-27.14998],[-68.92277,-27.13747],[-68.92639,-27.12458],[-68.92858,-27.11143],[-68.92932,-27.09816],[-68.9286,-27.08488],[-68.92643,-27.07174],[-68.92283,-27.05884],[-68.91784,-27.04633],[-68.9115,-27.03431],[-68.90388,-27.0229],[-68.89505,-27.01222],[-68.8851,-27.00237],[-68.87411,-26.99343],[-68.8622,-26.9855],[-68.84949,-26.97866],[-68.83609,-26.97296],[-68.82213,-26.96847],[-68.80775,-26.96522],[-68.79308,-26.96325],[-68.77827,-26.96257],[-68.76345,-26.9632],[-68.74878,-26.96513],[-68.73438,-26.96833],[-68.72219,-26.97221],[-68.70835,-26.97157],[-68.69353,-26.97219],[-68.67886,-26.97411],[-68.66446,-26.97731],[-68.65048,-26.98175],[-68.63705,-26.9874],[-68.6243,-26.9942],[-68.62195,-26.99575],[-68.61275,-26.99078],[-68.59936,-26.98506],[-68.58541,-26.98054],[-68.57103,-26.97727],[-68.55636,-26.97528],[-68.54155,-26.97458],[-68.52673,-26.97518],[-68.51205,-26.97708],[-68.49765,-26.98026],[-68.48366,-26.98468],[-68.47023,-26.99032],[-68.45747,-26.9971],[-68.44551,-27.00497],[-68.4404,-27.00908],[-68.43691,-26.99634],[-68.43197,-26.98381],[-68.42569,-26.97177],[-68.41813,-26.96034],[-68.40935,-26.94963],[-68.39944,-26.93974],[-68.3885,-26.93077],[-68.37664,-26.9228],[-68.36396,-26.91591],[-68.35059,-26.91017],[-68.33666,-26.90562],[-68.3223,-26.90233],[-68.30765,-26.90031],[-68.29285,-26.89958],[-68.27804,-26.90016],[-68.26336,-26.90203],[-68.24896,-26.90519],[-68.23498,-26.90959],[-68.22154,-26.9152],[-68.20877,-26.92196],[-68.19681,-26.92981],[-68.18576,-26.93867],[-68.17573,-26.94846],[-68.16682,-26.95908],[-68.15911,-26.97043],[-68.15268,-26.98241],[-68.14759,-26.99489],[-68.14389,-27.00776],[-68.14161,-27.02089],[-68.14078,-27.03416],[-68.14141,-27.04744],[-68.14349,-27.06059],[-68.147,-27.07351],[-68.1519,-27.08605],[-68.15816,-27.0981],[-68.16571,-27.10954],[-68.17448,-27.12027],[-68.18438,-27.13017],[-68.19532,-27.13916],[-68.20719,-27.14715],[-68.21989,-27.15405],[-68.23328,-27.1598],[-68.24724,-27.16436],[-68.26163,-27.16766],[-68.27631,-27.16969],[-68.29115,-27.17042],[-68.30599,-27.16984],[-68.3207,-27.16796],[-68.33513,-27.1648],[-68.34915,-27.16039],[-68.36261,-27.15477],[-68.37539,-27.14799],[-68.38737,-27.14013],[-68.39248,-27.13602],[-68.39598,-27.14876],[-68.40092,-27.1613],[-68.4072,-27.17334],[-68.41478,-27.18477],[-68.42358,-27.19548],[-68.43351,-27.20537],[-68.44448,-27.21433],[-68.45638,-27.2223],[-68.4691,-27.22918],[-68.48251,-27.23491],[-68.49649,-27.23944],[-68.5109,-27.24272],[-68.5256,-27.24472],[-68.54045,-27.24542],[-68.5553,-27.24482],[-68.57001,-27.24291],[-68.58445,-27.23973],[-68.59846,-27.23529],[-68.61192,-27.22965],[-68.6247,-27.22285],[-68.62706,-27.22129],[-68.63628,-27.22627],[-68.6497,-27.23198],[-68.66368,-27.23649],[-68.6781,-27.23976],[-68.6928,-27.24174],[-68.70765,-27.24242],[-68.7225,-27.2418]]}},
{"type":"Feature","properties":{"distance":15.0},"geometry":{"type":"LineString","coordinates":[[-68.49294,-25.51841],[-68.50468,-25.52637],[-68.51722,-25.53324],[-68.53044,-25.53897],[-68.54422,-25.54349],[-68.55842,-25.54677],[-68.5729,-25.54876],[-68.58754,-25.54945],[-68.60218,-25.54884],[-68.61668,-25.54693],[-68.6309,-25.54374],[-68.64471,-25.53929],[-68.65797,-25.53364],[-68.67056,-25.52684],[-68.68234,-25.51894],[-68.69322,-25.51004],[-68.70308,-25.50021],[-68.71183,-25.48955],[-68.71939,-25.47816],[-68.72568,-25.46616],[-68.73064,-25.45365],[-68.73423,-25.44076],[-68.7364,-25.42762],[-68.73715,-25.41434],[-68.73646,-25.40106],[-68.73434,-25.38791],[-68.73081,-25.37501],[-68.72591,-25.36248],[-68.71968,-25.35046],[-68.71219,-25.33904],[-68.7035,-25.32834],[-68.69371,-25.31847],[-68.68289,-25.30952],[-68.67117,-25.30158],[-68.66506,-25.29823],[-68.65985,-25.28454],[-68.65363,-25.27251],[-68.64615,-25.26109],[-68.63747,-25.25039],[-68.63318,-25.24606],[-68.64109,-25.23423],[-68.64737,-25.22223],[-68.65233,-25.20973],[-68.65592,-25.19684],[-68.6581,-25.18369],[-68.65885,-25.17042],[-68.65817,-25.15714],[-68.65606,-25.14398],[-68.65255,-25.13108],[-68.64767,-25.11855],[-68.64146,-25.10652],[-68.63399,-25.0951],[-68.62532,-25.0844],[-68.61555,-25.07453],[-68.60477,-25.06557],[-68.59307,-25.05762],[-68.58057,-25.05075],[-68.5674,-25.04503],[-68.55368,-25.04051],[-68.53954,-25.03724],[-68.52511,-25.03524],[-68.51054,-25.03454],[-68.50554,-25.03475],[-68.50413,-25.03111],[-68.49794,-25.01907],[-68.49049,-25.00765],[-68.48184,-24.99694],[-68.47209,-24.98706],[-68.46132,-24.97809],[-68.44964,-24.97013],[-68.43716,-24.96325],[-68.42401,-24.95751],[-68.4103,-24.95298],[-68.39617,-24.94969],[-68.38176,-24.94768],[-68.3672,-24.94697],[-68.35263,-24.94756],[-68.3382,-24.94945],[-68.32404,-24.95261],[-68.31028,-24.95703],[-68.29707,-24.96265],[-68.28452,-24.96943],[-68.27276,-24.97729],[-68.2619,-24.98616],[-68.25205,-24.99596],[-68.24329,-25.00659],[-68.23572,-25.01796],[-68.22941,-25.02994],[-68.22442,-25.04243],[-68.22079,-25.05531],[-68.21857,-25.06845],[-68.21777,-25.08172],[-68.2184,-25.095],[-68.22046,-25.10816],[-68.22392,-25.12107],[-68.22876,-25.13361],[-68.23493,-25.14566],[-68.24237,-25.1571],[-68.251,-25.16782],[-68.26075,-25.17772],[-68.27152,-25.1867],[-68.28321,-25.19468],[-68.2957,-25.20157],[-68.30888,-25.20732],[-68.32261,-25.21186],[-68.33677,-25.21515],[-68.35121,-25.21717],[-68.3658,-25.21788],[-68.37081,-25.21768],[-68.37222,-25.22132],[-68.37841,-25.23336],[-68.38586,-25.24479],[-68.39452,-25.25551],[-68.39881,-25.25985],[-68.39087,-25.27166],[-68.38456,-25.28365],[-68.37957,-25.29615],[-68.37595,-25.30903],[-68.37374,-25.32217],[-68.37295,-25.33544],[-68.3736,-25.34872],[-68.37568,-25.36188],[-68.37917,-25.37479],[-68.38403,-25.38732],[-68.39023,-25.39937],[-68.3977,-25.4108],[-68.40636,-25.42151],[-68.41615,-25.4314],[-68.42695,-25.44037],[-68.43867,-25.44833],[-68.44478,-25.45169],[-68.44997,-25.46538],[-68.45618,-25.47742],[-68.46366,-25.48885],[-68.47233,-25.49956],[-68.48213,-25.50945],[-68.49294,-25.51841]]}},
{"type":"Feature","properties":{"distance":15.0},"geometry":{"type":"LineString","coordinates":[[-68.42869,-24.81542],[-68.43944,-24.82439],[-68.45111,-24.83236],[-68.46358,-24.83924],[-68.47672,-24.84497],[-68.49042,-24.84949],[-68.50454,-24.85277],[-68.51894,-24.85477],[-68.53349,-24.85547],[-68.54805,-24.85486],[-68.56247,-24.85295],[-68.57661,-24.84976],[-68.59034,-24.84532],[-68.60353,-24.83967],[-68.61605,-24.83287],[-68.62777,-24.82498],[-68.63859,-24.81608],[-68.6484,-24.80625],[-68.65711,-24.79559],[-68.66463,-24.78421],[-68.67088,-24.7722],[-68.67582,-24.7597],[-68.67939,-24.74681],[-68.68156,-24.73366],[-68.68231,-24.72039],[-68.68163,-24.70711],[-68.67953,-24.69395],[-68.67603,-24.68105],[-68.67116,-24.66852],[-68.66497,-24.65649],[-68.65752,-24.64507],[-68.64889,-24.63437],[-68.63915,-24.6245],[-68.6284,-24.61554],[-68.61674,-24.60759],[-68.60429,-24.60073],[-68.59116,-24.59501],[-68.57749,-24.59049],[-68.5634,-24.58722],[-68.54902,-24.58523],[-68.5345,-24.58453],[-68.51998,-24.58514],[-68.50559,-24.58704],[-68.49147,-24.59023],[-68.47777,-24.59466],[-68.4646,-24.6003],[-68.4521,-24.60709],[-68.44038,-24.61496],[-68.42957,-24.62385],[-68.41976,-24.63366],[-68.41104,-24.64431],[-68.40351,-24.65568],[-68.39723,-24.66767],[-68.39227,-24.68017],[-68.38867,-24.69305],[-68.38647,-24.70619],[-68.38569,-24.71947],[-68.38634,-24.73275],[-68.38841,-24.74591],[-68.39189,-24.75881],[-68.39673,-24.77135],[-68.4029,-24.78339],[-68.41033,-24.79483],[-68.41896,-24.80554],[-68.42869,-24.81542]]}},
{"type":"Feature","properties":{"distance":15.0},"geometry":{"type":"LineString","coordinates":[[-68.36563,-21.31628],[-68.37611,-21.32525],[-68.38748,-21.33322],[-68.39962,-21.3401],[-68.41243,-21.34583],[-68.42578,-21.35036],[-68.43954,-21.35363],[-68.45358,-21.35563],[-68.46775,-21.35633],[-68.48194,-21.35572],[-68.49599,-21.35381],[-68.50977,-21.35062],[-68.52315,-21.34618],[-68.536,-21.34053],[-68.5482,-21.33373],[-68.55962,-21.32583],[-68.57017,-21.31693],[-68.57973,-21.3071],[-68.58821,-21.29644],[-68.59554,-21.28505],[-68.60164,-21.27304],[-68.60645,-21.26053],[-68.60993,-21.24763],[-68.61205,-21.23448],[-68.61278,-21.2212],[-68.61212,-21.20791],[-68.61007,-21.19475],[-68.60666,-21.18184],[-68.60192,-21.16931],[-68.59589,-21.15727],[-68.58863,-21.14585],[-68.58021,-21.13514],[-68.57072,-21.12526],[-68.56025,-21.11631],[-68.54888,-21.10835],[-68.53675,-21.10148],[-68.52395,-21.09576],[-68.51062,-21.09124],[-68.49689,-21.08797],[-68.48288,-21.08598],[-68.46872,-21.08528],[-68.45457,-21.08589],[-68.44054,-21.08779],[-68.42678,-21.09098],[-68.41342,-21.09541],[-68.40059,-21.10106],[-68.3884,-21.10785],[-68.37699,-21.11573],[-68.36645,-21.12462],[-68.35689,-21.13444],[-68.34839,-21.14509],[-68.34106,-21.15647],[-68.33494,-21.16847],[-68.33011,-21.18097],[-68.3266,-21.19386],[-68.32446,-21.20701],[-68.32371,-21.22029],[-68.32434,-21.23357],[-68.32636,-21.24674],[-68.32975,-21.25965],[-68.33448,-21.27219],[-68.34049,-21.28424],[-68.34773,-21.29568],[-68.35614,-21.30639],[-68.36563,-21.31628]]}},
{"type":"Feature","properties":{"distance":15.0},"geometry":{"type":"LineString","coordinates":[[-68.72998,-19.24074],[-68.74035,-19.24968],[-68.75158,-19.25762],[-68.76359,-19.26448],[-68.77624,-19.27018],[-68.78943,-19.27468],[-68.80301,-19.27793],[-68.81687,-19.2799],[-68.83086,-19.28056],[-68.84485,-19.27992],[-68.85871,-19.27798],[-68.87231,-19.27476],[-68.8855,-19.27029],[-68.89817,-19.2646],[-68.91019,-19.25777],[-68.92144,-19.24985],[-68.93182,-19.24092],[-68.94123,-19.23107],[-68.94958,-19.22039],[-68.95678,-19.20898],[-68.96277,-19.19695],[-68.96749,-19.18443],[-68.9709,-19.17152],[-68.97295,-19.15836],[-68.97364,-19.14508],[-68.97296,-19.13179],[-68.97091,-19.11863],[-68.96751,-19.10572],[-68.9628,-19.0932],[-68.95682,-19.08117],[-68.94963,-19.06976],[-68.94129,-19.05907],[-68.9319,-19.04921],[-68.92154,-19.04027],[-68.91031,-19.03234],[-68.89831,-19.02549],[-68.88567,-19.0198],[-68.87251,-19.01531],[-68.85894,-19.01206],[-68.84511,-19.0101],[-68.83114,-19.00944],[-68.81717,-19.01008],[-68.80333,-19.01201],[-68.78976,-19.01523],[-68.77658,-19.0197],[-68.76393,-19.02537],[-68.75192,-19.03219],[-68.74067,-19.0401],[-68.73029,-19.04902],[-68.72088,-19.05887],[-68.71253,-19.06954],[-68.70532,-19.08094],[-68.69931,-19.09295],[-68.69457,-19.10547],[-68.69115,-19.11837],[-68.68907,-19.13153],[-68.68836,-19.14481],[-68.68902,-19.1581],[-68.69105,-19.17126],[-68.69443,-19.18418],[-68.69912,-19.19671],[-68.70509,-19.20874],[-68.71227,-19.22017],[-68.72059,-19.23086],[-68.72998,-19.24074]]}},
{"type":"Feature","properties":{"distance":15.0},"geometry":{"type":"LineString","coordinates":[[-68.9505,-18.84187],[-68.96085,-18.8508],[-68.97207,-18.85873],[-68.98406,-18.86557],[-68.99669,-18.87126],[-69.00985,-18.87574],[-69.02341,-18.87897],[-69.03723,-18.88092],[-69.05119,-18.88157],[-69.06515,-18.88092],[-69.07898,-18.87896],[-69.09253,-18.87572],[-69.10569,-18.87123],[-69.11832,-18.86553],[-69.1303,-18.85869],[-69.14152,-18.85075],[-69.15186,-18.84181],[-69.16124,-18.83195],[-69.16955,-18.82125],[-69.17672,-18.80983],[-69.18268,-18.7978],[-69.18737,-18.78527],[-69.19075,-18.77236],[-69.19279,-18.7592],[-69.19346,-18.74591],[-69.19276,-18.73262],[-69.19069,-18.71947],[-69.18729,-18.70656],[-69.18257,-18.69404],[-69.17659,-18.68202],[-69.1694,-18.67062],[-69.16107,-18.65994],[-69.15169,-18.65009],[-69.14134,-18.64116],[-69.13013,-18.63324],[-69.11815,-18.62641],[-69.10553,-18.62073],[-69.09239,-18.61626],[-69.07885,-18.61303],[-69.06505,-18.61108],[-69.05111,-18.61043],[-69.03718,-18.61109],[-69.02337,-18.61305],[-69.00984,-18.61628],[-68.9967,-18.62076],[-68.98408,-18.62645],[-68.97211,-18.63329],[-68.9609,-18.64121],[-68.95056,-18.65014],[-68.94118,-18.66],[-68.93286,-18.67068],[-68.92568,-18.68209],[-68.91971,-18.69411],[-68.915,-18.70664],[-68.9116,-18.71954],[-68.90954,-18.7327],[-68.90885,-18.74599],[-68.90953,-18.75928],[-68.91157,-18.77244],[-68.91496,-18.78535],[-68.91966,-18.79787],[-68.92562,-18.8099],[-68.9328,-18.82132],[-68.94112,-18.83201],[-68.9505,-18.84187]]}},
{"type":"Feature","properties":{"distance":15.0},"geometry":{"type":"LineString","coordinates":[[-69.66375,-17.80737],[-69.67312,-17.81719],[-69.68344,-17.82609],[-69.69463,-17.83398],[-69.70657,-17.84077],[-69.71915,-17.84642],[-69.73225,-17.85085],[-69.74574,-17.85403],[-69.75949,-17.85593],[-69.77337,-17.85653],[-69.78724,-17.85582],[-69.80098,-17.85381],[-69.81444,-17.85052],[-69.8275,-17.84599],[-69.84003,-17.84025],[-69.85191,-17.83335],[-69.86303,-17.82538],[-69.87328,-17.8164],[-69.88256,-17.8065],[-69.89078,-17.79578],[-69.89786,-17.78433],[-69.90374,-17.77228],[-69.90835,-17.75973],[-69.91166,-17.74681],[-69.91363,-17.73364],[-69.91424,-17.72035],[-69.9135,-17.70707],[-69.91139,-17.69392],[-69.90795,-17.68103],[-69.90322,-17.66852],[-69.89722,-17.65652],[-69.89003,-17.64514],[-69.88172,-17.63449],[-69.87235,-17.62468],[-69.86203,-17.61579],[-69.85085,-17.60791],[-69.83892,-17.60112],[-69.82635,-17.59549],[-69.81327,-17.59106],[-69.7998,-17.58788],[-69.78607,-17.58598],[-69.77221,-17.58539],[-69.75836,-17.58609],[-69.74464,-17.5881],[-69.7312,-17.59138],[-69.71816,-17.59591],[-69.70564,-17.60164],[-69.69376,-17.60853],[-69.68265,-17.61649],[-69.6724,-17.62546],[-69.66312,-17.63535],[-69.65489,-17.64606],[-69.6478,-17.6575],[-69.64191,-17.66955],[-69.63728,-17.68209],[-69.63395,-17.69501],[-69.63196,-17.70817],[-69.63133,-17.72146],[-69.63205,-17.73475],[-69.63414,-17.7479],[-69.63756,-17.7608],[-69.64228,-17.77331],[-69.64826,-17.78532],[-69.65544,-17.79671],[-69.66375,-17.80737]]}},
{"type":"Feature","properties":{"distance":15.0},"geometry":{"type":"LineString","coordinates":[[-55.51661,-63.65191],[-55.53387,-63.66258],[-55.55341,-63.67245],[-55.57504,-63.68142],[-55.59857,-63.68939],[-55.62375,-63.69631],[-55.65035,-63.70208],[-55.67811,-63.70667],[-55.70676,-63.71003],[-55.73602,-63.71211],[-55.7656,-63.71291],[-55.79522,-63.71241],[-55.82458,-63.71062],[-55.8534,-63.70756],[-55.88139,-63.70326],[-55.90829,-63.69775],[-55.93383,-63.69109],[-55.95777,-63.68335],[-55.97987,-63.67461],[-55.99991,-63.66494],[-56.01772,-63.65444],[-56.0331,-63.64321],[-56.04593,-63.63137],[-56.05608,-63.61902],[-56.06344,-63.60629],[-56.06797,-63.5933],[-56.0696,-63.58018],[-56.06835,-63.56705],[-56.06421,-63.55403],[-56.05724,-63.54126],[-56.0475,-63.52885],[-56.03509,-63.51693],[-56.02013,-63.50561],[-56.00278,-63.495],[-55.98319,-63.48519],[-55.96157,-63.47629],[-55.9381,-63.46838],[-55.91303,-63.46152],[-55.88659,-63.4558],[-55.85904,-63.45126],[-55.83062,-63.44794],[-55.80163,-63.44588],[-55.77232,-63.44509],[-55.74299,-63.44559],[-55.7139,-63.44737],[-55.68534,-63.45041],[-55.65757,-63.45468],[-55.63086,-63.46014],[-55.60547,-63.46675],[-55.58163,-63.47443],[-55.55958,-63.48312],[-55.53953,-63.49272],[-55.52166,-63.50316],[-55.50616,-63.51433],[-55.49317,-63.52612],[-55.48283,-63.53842],[-55.47522,-63.55111],[-55.47044,-63.56407],[-55.46852,-63.57719],[-55.4695,-63.59032],[-55.47337,-63.60334],[-55.48008,-63.61614],[-55.48959,-63.62858],[-55.50181,-63.64054],[-55.51661,-63.65191]]}},
{"type":"Feature","properties":{"distance":15.0},"geometry":{"type":"LineString","coordinates":[[-60.40238,-63.04065],[-60.4211,-63.05072],[-60.44192,-63.05992],[-60.46464,-63.06813],[-60.48904,-63.0753],[-60.51488,-63.08134],[-60.54192,-63.0862],[-60.56988,-63.08983],[-60.59849,-63.09219],[-60.62749,-63.09327],[-60.65657,-63.09304],[-60.68547,-63.09152],[-60.71389,-63.08872],[-60.74157,-63.08466],[-60.76822,-63.07939],[-60.7936,-63.07295],[-60.81745,-63.06541],[-60.83954,-63.05685],[-60.85966,-63.04734],[-60.87762,-63.03697],[-60.89324,-63.02586],[-60.90638,-63.01411],[-60.91691,-63.00182],[-60.92473,-62.98912],[-60.92977,-62.97614],[-60.93198,-62.96299],[-60.93136,-62.94981],[-60.9279,-62.93672],[-60.92164,-62.92385],[-60.91265,-62.91131],[-60.90102,-62.89924],[-60.88687,-62.88775],[-60.87032,-62.87694],[-60.85155,-62.86693],[-60.83072,-62.8578],[-60.80806,-62.84964],[-60.78376,-62.84253],[-60.75807,-62.83654],[-60.73122,-62.83173],[-60.70348,-62.82813],[-60.67511,-62.82579],[-60.64638,-62.82473],[-60.61756,-62.82496],[-60.58893,-62.82647],[-60.56075,-62.82925],[-60.5333,-62.83328],[-60.50683,-62.83851],[-60.4816,-62.8449],[-60.45786,-62.85238],[-60.43581,-62.86088],[-60.41569,-62.87033],[-60.39768,-62.88064],[-60.38196,-62.89169],[-60.36867,-62.9034],[-60.35795,-62.91564],[-60.34991,-62.9283],[-60.34462,-62.94126],[-60.34215,-62.95439],[-60.34251,-62.96757],[-60.34571,-62.98067],[-60.35172,-62.99357],[-60.36048,-63.00613],[-60.37192,-63.01824],[-60.38593,-63.02979],[-60.40238,-63.04065]]}},
{"type":"Feature","properties":{"distance":15.0},"geometry":{"type":"LineString","coordinates":[[-58.15323,-62.47783],[-58.17081,-62.48818],[-58.19052,-62.49767],[-58.21215,-62.50623],[-58.23551,-62.51376],[-58.26036,-62.52019],[-58.28647,-62.52546],[-58.31357,-62.52952],[-58.34142,-62.53233],[-58.36973,-62.53385],[-58.39823,-62.53408],[-58.42664,-62.53302],[-58.45468,-62.53066],[-58.48208,-62.52705],[-58.50858,-62.5222],[-58.53391,-62.51617],[-58.55783,-62.50902],[-58.5801,-62.50082],[-58.60052,-62.49164],[-58.61888,-62.48158],[-58.63501,-62.47074],[-58.64875,-62.45921],[-58.65998,-62.44711],[-58.66858,-62.43456],[-58.67448,-62.42168],[-58.67763,-62.4086],[-58.67799,-62.39543],[-58.67557,-62.38231],[-58.67039,-62.36936],[-58.66251,-62.35671],[-58.65201,-62.34449],[-58.63899,-62.33279],[-58.62358,-62.32175],[-58.60593,-62.31146],[-58.5862,-62.30202],[-58.5646,-62.29352],[-58.54132,-62.28605],[-58.5166,-62.27967],[-58.49066,-62.27445],[-58.46375,-62.27043],[-58.43613,-62.26765],[-58.40807,-62.26614],[-58.37983,-62.26592],[-58.35167,-62.26698],[-58.32387,-62.26932],[-58.29669,-62.27291],[-58.27039,-62.27772],[-58.24522,-62.2837],[-58.22141,-62.2908],[-58.19921,-62.29894],[-58.17881,-62.30806],[-58.16042,-62.31806],[-58.14421,-62.32885],[-58.13035,-62.34033],[-58.11895,-62.35238],[-58.11015,-62.36489],[-58.10402,-62.37774],[-58.10063,-62.39081],[-58.10001,-62.40397],[-58.10218,-62.41709],[-58.10711,-62.43005],[-58.11477,-62.44273],[-58.12507,-62.45499],[-58.13793,-62.46673],[-58.15323,-62.47783]]}},
{"type":"Feature","properties":{"distance":15.0},"geometry":{"type":"LineString","coordinates":[[-57.68453,-62.17705],[-57.70178,-62.18745],[-57.72114,-62.197],[-57.74243,-62.20563],[-57.76543,-62.21323],[-57.78993,-62.21974],[-57.81569,-62.22509],[-57.84245,-62.22923],[-57.86997,-62.23212],[-57.89796,-62.23374],[-57.92616,-62.23406],[-57.95429,-62.23308],[-57.98207,-62.23082],[-58.00925,-62.22729],[-58.03554,-62.22254],[-58.0607,-62.21659],[-58.08448,-62.20952],[-58.10664,-62.20139],[-58.12698,-62.19228],[-58.14531,-62.18229],[-58.16143,-62.1715],[-58.1752,-62.16002],[-58.18649,-62.14796],[-58.19519,-62.13544],[-58.20122,-62.12259],[-58.20453,-62.10951],[-58.20508,-62.09635],[-58.20288,-62.08323],[-58.19795,-62.07027],[-58.19034,-62.05761],[-58.18012,-62.04535],[-58.16741,-62.03362],[-58.15231,-62.02253],[-58.13499,-62.01218],[-58.11561,-62.00268],[-58.09435,-61.99412],[-58.07142,-61.98658],[-58.04704,-61.98012],[-58.02144,-61.97482],[-57.99487,-61.97072],[-57.96758,-61.96785],[-57.93982,-61.96626],[-57.91187,-61.96594],[-57.88399,-61.96692],[-57.85644,-61.96916],[-57.82949,-61.97267],[-57.80339,-61.97739],[-57.77839,-61.98329],[-57.75473,-61.99031],[-57.73263,-61.99838],[-57.71232,-62.00743],[-57.69397,-62.01737],[-57.67777,-62.0281],[-57.66388,-62.03953],[-57.65243,-62.05154],[-57.64354,-62.06402],[-57.63729,-62.07684],[-57.63374,-62.0899],[-57.63294,-62.10305],[-57.6349,-62.11617],[-57.63959,-62.12915],[-57.64698,-62.14184],[-57.657,-62.15413],[-57.66956,-62.16591],[-57.68453,-62.17705]]}},
{"type":"Feature","properties":{"distance":15.0},"geometry":{"type":"LineString","coordinates":[[-67.78635,-22.93404],[-67.79781,-22.94205],[-67.81006,-22.94898],[-67.82299,-22.95476],[-67.83647,-22.95934],[-67.85037,-22.96267],[-67.86455,-22.96472],[-67.87889,-22.96548],[-67.89323,-22.96493],[-67.90745,-22.96307],[-67.9214,-22.95994],[-67.93496,-22.95555],[-67.94798,-22.94995],[-67.96034,-22.9432],[-67.97193,-22.93535],[-67.98264,-22.92649],[-67.99235,-22.9167],[-68.00098,-22.90608],[-68.00844,-22.89472],[-68.01466,-22.88274],[-68.01959,-22.87025],[-68.02316,-22.85738],[-68.02536,-22.84424],[-68.02616,-22.83096],[-68.02555,-22.81768],[-68.02354,-22.80451],[-68.02015,-22.79159],[-68.01857,-22.78741],[-68.02034,-22.78471],[-68.02656,-22.77273],[-68.03148,-22.76024],[-68.03505,-22.74736],[-68.03725,-22.73422],[-68.03804,-22.72095],[-68.03743,-22.70766],[-68.03542,-22.6945],[-68.03203,-22.68158],[-68.02729,-22.66903],[-68.02125,-22.65697],[-68.01397,-22.64552],[-68.00551,-22.63479],[-67.99597,-22.62488],[-67.98542,-22.61588],[-67.98151,-22.61315],[-67.98638,-22.60375],[-67.9913,-22.59127],[-67.99487,-22.57839],[-67.99707,-22.56525],[-67.99786,-22.55198],[-67.99726,-22.53869],[-67.99525,-22.52553],[-67.99187,-22.51261],[-67.98714,-22.50006],[-67.98111,-22.488],[-67.97384,-22.47655],[-67.96539,-22.46581],[-67.95586,-22.4559],[-67.94533,-22.4469],[-67.9339,-22.4389],[-67.92169,-22.43199],[-67.9088,-22.42622],[-67.89537,-22.42165],[-67.88152,-22.41832],[-67.86739,-22.41627],[-67.85312,-22.41552],[-67.83883,-22.41607],[-67.82467,-22.41792],[-67.81077,-22.42104],[-67.79726,-22.42542],[-67.78429,-22.43101],[-67.77196,-22.43775],[-67.7604,-22.44559],[-67.74972,-22.45443],[-67.74003,-22.46421],[-67.73141,-22.47482],[-67.72395,-22.48617],[-67.71772,-22.49814],[-67.71279,-22.51062],[-67.70919,-22.52349],[-67.70697,-22.53662],[-67.70614,-22.54989],[-67.70672,-22.56318],[-67.7087,-22.57634],[-67.71206,-22.58927],[-67.71677,-22.60183],[-67.72278,-22.61389],[-67.73003,-22.62535],[-67.73847,-22.6361],[-67.748,-22.64603],[-67.75853,-22.65504],[-67.76244,-22.65777],[-67.75755,-22.66716],[-67.75261,-22.67964],[-67.74901,-22.69251],[-67.74679,-22.70565],[-67.74596,-22.71892],[-67.74655,-22.73221],[-67.74853,-22.74537],[-67.75189,-22.7583],[-67.75347,-22.76248],[-67.75169,-22.76518],[-67.74545,-22.77715],[-67.7405,-22.78963],[-67.7369,-22.8025],[-67.73467,-22.81563],[-67.73385,-22.82891],[-67.73443,-22.84219],[-67.73641,-22.85536],[-67.73978,-22.86828],[-67.7445,-22.88084],[-67.75052,-22.8929],[-67.75779,-22.90436],[-67.76625,-22.91511],[-67.77579,-22.92503],[-67.78635,-22.93404]]}},
{"type":"Feature","properties":{"distance":15.0},"geometry":{"type":"LineString","coordinates":[[-68.07624,-21.39775],[-68.08671,-21.40674],[-68.09807,-21.41473],[-68.11021,-21.42163],[-68.12301,-21.42738],[-68.13636,-21.43193],[-68.15012,-21.43523],[-68.16416,-21.43725],[-68.17834,-21.43798],[-68.19253,-21.43739],[-68.20659,-21.43551],[-68.22039,-21.43234],[-68.23378,-21.42792],[-68.24665,-21.4223],[-68.25887,-21.41551],[-68.27032,-21.40764],[-68.28088,-21.39876],[-68.29047,-21.38894],[-68.29898,-21.3783],[-68.30633,-21.36692],[-68.31246,-21.35492],[-68.3173,-21.34242],[-68.3208,-21.32953],[-68.32295,-21.31639],[-68.32371,-21.30311],[-68.32307,-21.28982],[-68.32105,-21.27666],[-68.31766,-21.26374],[-68.31294,-21.2512],[-68.30693,-21.23915],[-68.29969,-21.22772],[-68.29129,-21.217],[-68.28181,-21.2071],[-68.27135,-21.19813],[-68.26,-21.19016],[-68.24787,-21.18326],[-68.23508,-21.17752],[-68.22175,-21.17298],[-68.20802,-21.16968],[-68.194,-21.16767],[-68.17984,-21.16695],[-68.16568,-21.16753],[-68.15164,-21.16941],[-68.13787,-21.17257],[-68.1245,-21.17698],[-68.11164,-21.1826],[-68.09944,-21.18938],[-68.088,-21.19724],[-68.07744,-21.20611],[-68.06785,-21.21591],[-68.05934,-21.22655],[-68.05197,-21.23791],[-68.04583,-21.2499],[-68.04097,-21.26239],[-68.03744,-21.27527],[-68.03527,-21.28842],[-68.03449,-21.3017],[-68.0351,-21.31498],[-68.0371,-21.32815],[-68.04046,-21.34107],[-68.04516,-21.35362],[-68.05115,-21.36567],[-68.05838,-21.37712],[-68.06677,-21.38785],[-68.07624,-21.39775]]}},
{"type":"Feature","properties":{"distance":20.0},"geometry":{"type":"LineString","coordinates":[[-73.18404,-52.46031],[-73.20652,-52.47137],[-73.23067,-52.48102],[-73.25627,-52.48918],[-73.28306,-52.49576],[-73.31078,-52.5007],[-73.33917,-52.50395],[-73.36795,-52.50548],[-73.39683,-52.50528],[-73.42554,-52.50334],[-73.45379,-52.49969],[-73.48132,-52.49435],[-73.50785,-52.4874],[-73.53312,-52.47888],[-73.55689,-52.46888],[-73.57894,-52.45751],[-73.59904,-52.44487],[-73.617,-52.43108],[-73.63266,-52.41628],[-73.64586,-52.40062],[-73.65647,-52.38423],[-73.66441,-52.36729],[-73.66958,-52.34996],[-73.67196,-52.33239],[-73.67151,-52.31477],[-73.66825,-52.29726],[-73.66221,-52.28003],[-73.65346,-52.26325],[-73.64207,-52.24707],[-73.62816,-52.23165],[-73.61186,-52.21714],[-73.59335,-52.20368],[-73.57278,-52.1914],[-73.55036,-52.1804],[-73.52631,-52.17081],[-73.50086,-52.16271],[-73.47424,-52.15617],[-73.44672,-52.15127],[-73.41855,-52.14804],[-73.39001,-52.14651],[-73.36136,-52.14671],[-73.33287,-52.14863],[-73.30483,-52.15225],[-73.27749,-52.15754],[-73.25112,-52.16444],[-73.22596,-52.1729],[-73.20227,-52.18282],[-73.18025,-52.19412],[-73.16014,-52.20669],[-73.14212,-52.22041],[-73.12636,-52.23515],[-73.11302,-52.25076],[-73.10223,-52.2671],[-73.09409,-52.284],[-73.08869,-52.30132],[-73.08609,-52.31888],[-73.0863,-52.3365],[-73.08933,-52.35404],[-73.09516,-52.3713],[-73.10374,-52.38813],[-73.11497,-52.40436],[-73.12876,-52.41984],[-73.14498,-52.43442],[-73.16346,-52.44795],[-73.18404,-52.46031]]}},
{"type":"Feature","properties":{"distance":20.0},"geometry":{"type":"LineString","coordinates":[[-73.39285,-51.07099],[-73.41467,-51.08203],[-73.43811,-51.09166],[-73.46295,-51.09979],[-73.48894,-51.10634],[-73.51583,-51.11126],[-73.54337,-51.11448],[-73.57127,-51.11598],[-73.59927,-51.11575],[-73.6271,-51.11378],[-73.65449,-51.1101],[-73.68116,-51.10474],[-73.70687,-51.09776],[-73.73135,-51.08921],[-73.75437,-51.0792],[-73.77572,-51.0678],[-73.79518,-51.05514],[-73.81257,-51.04134],[-73.82771,-51.02653],[-73.84047,-51.01085],[-73.85073,-50.99446],[-73.85839,-50.97751],[-73.86337,-50.96016],[-73.86563,-50.9426],[-73.86516,-50.92498],[-73.86196,-50.90747],[-73.85607,-50.89024],[-73.84754,-50.87346],[-73.83645,-50.85729],[-73.82293,-50.84189],[-73.8071,-50.82739],[-73.7891,-50.81395],[-73.76913,-50.80168],[-73.74736,-50.79071],[-73.72402,-50.78114],[-73.69931,-50.77306],[-73.67348,-50.76655],[-73.64677,-50.76167],[-73.61944,-50.75846],[-73.59175,-50.75697],[-73.56397,-50.75719],[-73.53635,-50.75914],[-73.50915,-50.76279],[-73.48265,-50.7681],[-73.45709,-50.77503],[-73.43271,-50.78352],[-73.40976,-50.79347],[-73.38844,-50.80479],[-73.36896,-50.81739],[-73.35152,-50.83112],[-73.33628,-50.84588],[-73.32339,-50.8615],[-73.31297,-50.87786],[-73.30513,-50.89477],[-73.29994,-50.9121],[-73.29746,-50.92966],[-73.29772,-50.94729],[-73.30071,-50.96481],[-73.30641,-50.98207],[-73.31477,-50.99889],[-73.32571,-51.01512],[-73.33913,-51.03058],[-73.35489,-51.04514],[-73.37286,-51.05866],[-73.39285,-51.07099]]}},
{"type":"Feature","properties":{"distance":20.0},"geometry":{"type":"LineString","coordinates":[[-73.60208,-50.53722],[-73.62369,-50.54822],[-73.6469,-50.55782],[-73.67148,-50.56591],[-73.6972,-50.57243],[-73.7238,-50.5773],[-73.75103,-50.58048],[-73.77862,-50.58194],[-73.8063,-50.58167],[-73.8338,-50.57966],[-73.86086,-50.57594],[-73.88721,-50.57054],[-73.91259,-50.56352],[-73.93676,-50.55495],[-73.95948,-50.5449],[-73.98054,-50.53347],[-73.99973,-50.52079],[-74.01687,-50.50696],[-74.03179,-50.49213],[-74.04435,-50.47643],[-74.05443,-50.46002],[-74.06194,-50.44306],[-74.06681,-50.42572],[-74.06898,-50.40815],[-74.06846,-50.39053],[-74.06523,-50.37303],[-74.05934,-50.35581],[-74.05085,-50.33904],[-74.03984,-50.32289],[-74.02641,-50.30751],[-74.01071,-50.29303],[-73.99288,-50.27962],[-73.97309,-50.26738],[-73.95153,-50.25644],[-73.92841,-50.2469],[-73.90396,-50.23886],[-73.8784,-50.23238],[-73.85198,-50.22754],[-73.82495,-50.22438],[-73.79757,-50.22292],[-73.7701,-50.22319],[-73.7428,-50.22518],[-73.71593,-50.22886],[-73.68975,-50.23422],[-73.6645,-50.24119],[-73.64043,-50.2497],[-73.61777,-50.25969],[-73.59674,-50.27104],[-73.57753,-50.28367],[-73.56034,-50.29743],[-73.54532,-50.3122],[-73.53263,-50.32785],[-73.52239,-50.34422],[-73.5147,-50.36114],[-73.50964,-50.37847],[-73.50726,-50.39604],[-73.50758,-50.41367],[-73.5106,-50.43119],[-73.5163,-50.44844],[-73.52463,-50.46525],[-73.5355,-50.48145],[-73.54883,-50.4969],[-73.56446,-50.51143],[-73.58227,-50.52492],[-73.60208,-50.53722]]}},
{"type":"Feature","properties":{"distance":20.0},"geometry":{"type":"LineString","coordinates":[[-73.32415,-49.15424],[-73.34508,-49.16531],[-73.36756,-49.17498],[-73.3914,-49.18316],[-73.41634,-49.18976],[-73.44216,-49.19472],[-73.4686,-49.19799],[-73.4954,-49.19954],[-73.52231,-49.19935],[-73.54905,-49.19743],[-73.57538,-49.1938],[-73.60103,-49.18848],[-73.62575,-49.18154],[-73.64931,-49.17304],[-73.67148,-49.16307],[-73.69204,-49.15171],[-73.71079,-49.13908],[-73.72756,-49.12531],[-73.74218,-49.11052],[-73.75451,-49.09486],[-73.76444,-49.07848],[-73.77187,-49.06154],[-73.77674,-49.0442],[-73.77899,-49.02664],[-73.77862,-49.00901],[-73.77562,-48.99149],[-73.77003,-48.97425],[-73.76191,-48.95745],[-73.75133,-48.94125],[-73.7384,-48.92582],[-73.72325,-48.91129],[-73.70602,-48.89781],[-73.68687,-48.8855],[-73.666,-48.87449],[-73.6436,-48.86487],[-73.61988,-48.85675],[-73.59508,-48.85019],[-73.56943,-48.84526],[-73.54318,-48.84201],[-73.51657,-48.84046],[-73.48986,-48.84064],[-73.4633,-48.84254],[-73.43715,-48.84614],[-73.41165,-48.85142],[-73.38705,-48.85831],[-73.36359,-48.86675],[-73.34148,-48.87667],[-73.32095,-48.88796],[-73.30218,-48.90053],[-73.28537,-48.91424],[-73.27066,-48.92897],[-73.25821,-48.94459],[-73.24814,-48.96092],[-73.24054,-48.97783],[-73.23549,-48.99515],[-73.23304,-49.01271],[-73.23322,-49.03035],[-73.23603,-49.04789],[-73.24144,-49.06516],[-73.24941,-49.082],[-73.25986,-49.09824],[-73.2727,-49.11373],[-73.28779,-49.12832],[-73.305,-49.14187],[-73.32415,-49.15424]]}},
{"type":"Feature","properties":{"distance":20.0},"geometry":{"type":"LineString","coordinates":[[-72.92398,-45.5155],[-72.94485,-45.5253],[-72.967,-45.53362],[-72.9902,-45.54036],[-73.01424,-45.54547],[-73.03887,-45.54889],[-73.06387,-45.5506],[-73.08898,-45.55057],[-73.11397,-45.5488],[-73.13858,-45.54532],[-73.16259,-45.54015],[-73.18576,-45.53335],[-73.20786,-45.52498],[-73.22868,-45.51513],[-73.24801,-45.50389],[-73.26568,-45.49136],[-73.28151,-45.47768],[-73.29535,-45.46297],[-73.30707,-45.44737],[-73.31656,-45.43104],[-73.32372,-45.41414],[-73.32849,-45.39682],[-73.33082,-45.37925],[-73.3307,-45.36161],[-73.32813,-45.34406],[-73.32314,-45.32677],[-73.31577,-45.30992],[-73.3061,-45.29365],[-73.29422,-45.27812],[-73.28039,-45.26363],[-73.29542,-45.2579],[-73.31613,-45.24804],[-73.33536,-45.23678],[-73.35293,-45.22425],[-73.36867,-45.21055],[-73.38242,-45.19584],[-73.39407,-45.18023],[-73.40349,-45.1639],[-73.41059,-45.14699],[-73.41532,-45.12967],[-73.41762,-45.1121],[-73.41748,-45.09446],[-73.4149,-45.07691],[-73.40991,-45.05963],[-73.40256,-45.04277],[-73.39292,-45.02651],[-73.38108,-45.01099],[-73.36716,-44.99637],[-73.3513,-44.98279],[-73.33364,-44.97037],[-73.31437,-44.95924],[-73.29365,-44.94949],[-73.2717,-44.94124],[-73.24871,-44.93454],[-73.22492,-44.92947],[-73.20055,-44.92608],[-73.17582,-44.9244],[-73.15761,-44.92443],[-73.13871,-44.91346],[-73.11804,-44.90368],[-73.09613,-44.89539],[-73.07318,-44.88865],[-73.04942,-44.88355],[-73.02507,-44.88012],[-73.00037,-44.87839],[-72.97555,-44.8784],[-72.95085,-44.88012],[-72.9265,-44.88355],[-72.90274,-44.88866],[-72.8798,-44.8954],[-72.85788,-44.9037],[-72.83721,-44.91348],[-72.81798,-44.92465],[-72.80037,-44.9371],[-72.78456,-44.95072],[-72.7707,-44.96537],[-72.75892,-44.98091],[-72.74934,-44.9972],[-72.74205,-45.01407],[-72.73713,-45.03137],[-72.73462,-45.04893],[-72.73454,-45.06658],[-72.73691,-45.08415],[-72.74171,-45.10147],[-72.74888,-45.11837],[-72.75836,-45.1347],[-72.77006,-45.15028],[-72.78387,-45.16498],[-72.79965,-45.17865],[-72.81727,-45.19115],[-72.83654,-45.20237],[-72.85727,-45.21219],[-72.87928,-45.22053],[-72.90234,-45.2273],[-72.91739,-45.23053],[-72.9048,-45.23782],[-72.88712,-45.25029],[-72.87125,-45.26392],[-72.85734,-45.27859],[-72.84553,-45.29414],[-72.83593,-45.31043],[-72.82863,-45.32731],[-72.82371,-45.34462],[-72.82122,-45.36218],[-72.82118,-45.37982],[-72.82359,-45.39739],[-72.82844,-45.4147],[-72.83568,-45.4316],[-72.84525,-45.44791],[-72.85704,-45.46348],[-72.87095,-45.47816],[-72.88685,-45.49181],[-72.90459,-45.5043],[-72.92398,-45.5155]]}},
{"type":"Feature","properties":{"distance":20.0},"geometry":{"type":"LineString","coordinates":[[-72.90951,-44.82825],[-72.92866,-44.83945],[-72.94928,-44.84927],[-72.97116,-44.85759],[-72.99408,-44.86434],[-73.01783,-44.86946],[-73.04217,-44.87289],[-73.06687,-44.87461],[-73.09169,-44.87459],[-73.11638,-44.87283],[-73.14071,-44.86936],[-73.16444,-44.8642],[-73.18734,-44.85741],[-73.20918,-44.84905],[-73.22976,-44.83921],[-73.24888,-44.82797],[-73.26635,-44.81545],[-73.28201,-44.80177],[-73.2957,-44.78707],[-73.30729,-44.77147],[-73.31668,-44.75515],[-73.32377,-44.73824],[-73.3285,-44.72092],[-73.33082,-44.70336],[-73.33072,-44.68572],[-73.3282,-44.66816],[-73.32328,-44.65087],[-73.31601,-44.63401],[-73.30647,-44.61773],[-73.29474,-44.6022],[-73.28095,-44.58757],[-73.26523,-44.57397],[-73.24772,-44.56153],[-73.2286,-44.55037],[-73.20805,-44.54061],[-73.18626,-44.53233],[-73.16345,-44.52561],[-73.13984,-44.52052],[-73.11564,-44.5171],[-73.09109,-44.51539],[-73.06643,-44.5154],[-73.04189,-44.51714],[-73.0177,-44.52059],[-72.99409,-44.52571],[-72.97129,-44.53246],[-72.94953,-44.54077],[-72.929,-44.55057],[-72.9099,-44.56175],[-72.89242,-44.57421],[-72.87673,-44.58784],[-72.86297,-44.6025],[-72.85128,-44.61805],[-72.84178,-44.63434],[-72.83456,-44.65122],[-72.82969,-44.66852],[-72.82721,-44.68608],[-72.82716,-44.70373],[-72.82954,-44.7213],[-72.83432,-44.73862],[-72.84146,-44.75551],[-72.8509,-44.77183],[-72.86255,-44.78741],[-72.87629,-44.8021],[-72.89199,-44.81575],[-72.90951,-44.82825]]}},
{"type":"Feature","properties":{"distance":20.0},"geometry":{"type":"LineString","coordinates":[[-72.43348,-41.3223],[-72.43522,-41.32363],[-72.4355,-41.31952],[-72.43348,-41.3223]]}},
{"type":"Feature","properties":{"distance":20.0},"geometry":{"type":"LineString","coordinates":[[-109.30058,-27.249],[-109.31572,-27.25417],[-109.33135,-27.25798],[-109.34732,-27.26041],[-109.36348,-27.26141],[-109.37967,-27.261],[-109.39573,-27.25917],[-109.41151,-27.25593],[-109.42686,-27.25133],[-109.44162,-27.24541],[-109.45566,-27.23822],[-109.46884,-27.22984],[-109.48103,-27.22034],[-109.49212,-27.20982],[-109.502,-27.19839],[-109.51058,-27.18614],[-109.51777,-27.17321],[-109.52351,-27.1597],[-109.52774,-27.14576],[-109.53043,-27.13152],[-109.53154,-27.11712],[-109.53108,-27.10268],[-109.52904,-27.08836],[-109.52544,-27.07428],[-109.52033,-27.06059],[-109.51374,-27.04741],[-109.50575,-27.03487],[-109.49642,-27.02309],[-109.48586,-27.01218],[-109.47415,-27.00225],[-109.46142,-26.99339],[-109.44778,-26.98569],[-109.43337,-26.97921],[-109.41831,-26.97404],[-109.40277,-26.9702],[-109.38687,-26.96774],[-109.37078,-26.96669],[-109.35466,-26.96706],[-109.33864,-26.96883],[-109.32289,-26.972],[-109.30757,-26.97654],[-109.29281,-26.98241],[-109.27875,-26.98954],[-109.26554,-26.99787],[-109.25331,-27.00732],[-109.24216,-27.0178],[-109.23221,-27.02921],[-109.22356,-27.04145],[-109.21628,-27.05438],[-109.21046,-27.0679],[-109.20614,-27.08186],[-109.20338,-27.09613],[-109.20219,-27.11058],[-109.2026,-27.12507],[-109.20459,-27.13945],[-109.20815,-27.15358],[-109.21325,-27.16734],[-109.21983,-27.18058],[-109.22784,-27.19317],[-109.23719,-27.20501],[-109.2478,-27.21596],[-109.25957,-27.22593],[-109.27237,-27.23481],[-109.28608,-27.24253],[-109.30058,-27.249]]}},
{"type":"Feature","properties":{"distance":20.0},"geometry":{"type":"LineString","coordinates":[[-72.18164,-43.78214],[-72.20032,-43.79349],[-72.22045,-43.80345],[-72.24183,-43.81193],[-72.26427,-43.81884],[-72.28754,-43.82413],[-72.31141,-43.82773],[-72.33566,-43.82962],[-72.36005,-43.82977],[-72.38434,-43.82818],[-72.4083,-43.82488],[-72.43168,-43.81988],[-72.45428,-43.81325],[-72.47586,-43.80504],[-72.49622,-43.79533],[-72.51517,-43.78423],[-72.53251,-43.77182],[-72.54808,-43.75825],[-72.56173,-43.74363],[-72.57334,-43.72811],[-72.58279,-43.71184],[-72.58999,-43.69498],[-72.59487,-43.67768],[-72.59739,-43.66012],[-72.59753,-43.64247],[-72.59529,-43.62489],[-72.59069,-43.60756],[-72.58377,-43.59063],[-72.57461,-43.57428],[-72.5633,-43.55866],[-72.54994,-43.54392],[-72.53467,-43.5302],[-72.51762,-43.51763],[-72.49898,-43.50634],[-72.47891,-43.49642],[-72.45761,-43.48799],[-72.43528,-43.48111],[-72.41213,-43.47585],[-72.38839,-43.47226],[-72.36429,-43.47038],[-72.34004,-43.47022],[-72.31589,-43.47179],[-72.29207,-43.47508],[-72.2688,-43.48004],[-72.24631,-43.48663],[-72.2248,-43.4948],[-72.20449,-43.50445],[-72.18557,-43.51551],[-72.16823,-43.52786],[-72.15262,-43.54139],[-72.13891,-43.55596],[-72.12722,-43.57143],[-72.11767,-43.58767],[-72.11034,-43.60451],[-72.10533,-43.62179],[-72.10266,-43.63934],[-72.10238,-43.657],[-72.10448,-43.67459],[-72.10895,-43.69195],[-72.11574,-43.7089],[-72.1248,-43.72529],[-72.13604,-43.74096],[-72.14934,-43.75575],[-72.16459,-43.76952],[-72.18164,-43.78214]]}},
{"type":"Feature","properties":{"distance":20.0},"geometry":{"type":"LineString","coordinates":[[-68.47687,-25.56381],[-68.49359,-25.57298],[-68.51122,-25.58062],[-68.5296,-25.58665],[-68.54854,-25.59102],[-68.56787,-25.59368],[-68.58738,-25.5946],[-68.60691,-25.59379],[-68.62625,-25.59124],[-68.64522,-25.58698],[-68.66364,-25.58105],[-68.68132,-25.57351],[-68.69811,-25.56444],[-68.71383,-25.55391],[-68.72833,-25.54204],[-68.74148,-25.52893],[-68.75315,-25.51471],[-68.76322,-25.49953],[-68.7716,-25.48352],[-68.77821,-25.46684],[-68.78298,-25.44965],[-68.78588,-25.43212],[-68.78687,-25.41442],[-68.78594,-25.39672],[-68.78311,-25.37918],[-68.7784,-25.36198],[-68.77186,-25.34528],[-68.76355,-25.32925],[-68.75355,-25.31403],[-68.74197,-25.29977],[-68.7289,-25.28662],[-68.71449,-25.27469],[-68.70653,-25.2693],[-68.69748,-25.25132],[-68.69168,-25.24248],[-68.69319,-25.23961],[-68.69979,-25.22294],[-68.70457,-25.20575],[-68.70747,-25.18823],[-68.70847,-25.17052],[-68.70755,-25.15282],[-68.70474,-25.13528],[-68.70005,-25.11808],[-68.69353,-25.10137],[-68.68525,-25.08533],[-68.67528,-25.07011],[-68.66373,-25.05585],[-68.6507,-25.04268],[-68.63632,-25.03075],[-68.62072,-25.02015],[-68.60407,-25.01099],[-68.58651,-25.00337],[-68.56822,-24.99734],[-68.54937,-24.99298],[-68.53741,-24.99133],[-68.53178,-24.9827],[-68.52025,-24.96842],[-68.50725,-24.95525],[-68.49289,-24.9433],[-68.47732,-24.93268],[-68.46068,-24.92351],[-68.44315,-24.91587],[-68.42488,-24.90983],[-68.40604,-24.90545],[-68.38683,-24.90277],[-68.36743,-24.90182],[-68.34801,-24.9026],[-68.32878,-24.90512],[-68.3099,-24.90934],[-68.29157,-24.91522],[-68.27395,-24.92272],[-68.25723,-24.93175],[-68.24155,-24.94223],[-68.22707,-24.95406],[-68.21393,-24.96712],[-68.20226,-24.98129],[-68.19216,-24.99644],[-68.18374,-25.01242],[-68.17708,-25.02907],[-68.17224,-25.04624],[-68.16926,-25.06375],[-68.16819,-25.08145],[-68.16903,-25.09916],[-68.17176,-25.1167],[-68.17638,-25.13392],[-68.18283,-25.15065],[-68.19105,-25.16671],[-68.20096,-25.18197],[-68.21247,-25.19627],[-68.22547,-25.20947],[-68.23983,-25.22145],[-68.25541,-25.23208],[-68.27207,-25.24128],[-68.28964,-25.24894],[-68.30796,-25.255],[-68.32684,-25.25939],[-68.33882,-25.26106],[-68.34028,-25.26331],[-68.33877,-25.26618],[-68.33211,-25.28283],[-68.32728,-25.30001],[-68.32433,-25.31752],[-68.32327,-25.33522],[-68.32413,-25.35293],[-68.32689,-25.37047],[-68.33154,-25.38769],[-68.33802,-25.4044],[-68.34628,-25.42046],[-68.35623,-25.43571],[-68.36778,-25.44999],[-68.38082,-25.46318],[-68.39523,-25.47514],[-68.40319,-25.48055],[-68.41221,-25.49854],[-68.42217,-25.51378],[-68.43374,-25.52806],[-68.4468,-25.54124],[-68.46122,-25.5532],[-68.47687,-25.56381]]}},
{"type":"Feature","properties":{"distance":20.0},"geometry":{"type":"LineString","coordinates":[[-70.03079,-55.0873],[-70.05388,-55.09895],[-70.07887,-55.10924],[-70.1055,-55.11807],[-70.13353,-55.12535],[-70.16267,-55.13102],[-70.19266,-55.13502],[-70.22318,-55.1373],[-70.25395,-55.13786],[-70.28467,-55.13667],[-70.31503,-55.13376],[-70.34474,-55.12915],[-70.37351,-55.12288],[-70.40106,-55.11503],[-70.42712,-55.10566],[-70.45144,-55.09486],[-70.47378,-55.08275],[-70.49394,-55.06943],[-70.51171,-55.05505],[-70.52692,-55.03973],[-70.53944,-55.02362],[-70.54914,-55.00689],[-70.55593,-54.98969],[-70.55975,-54.97219],[-70.56057,-54.95456],[-70.55839,-54.93697],[-70.55322,-54.91959],[-70.54513,-54.90258],[-70.53419,-54.88611],[-70.52051,-54.87034],[-70.50423,-54.85541],[-70.4855,-54.84147],[-70.46451,-54.82866],[-70.44146,-54.81709],[-70.41657,-54.80687],[-70.39007,-54.79811],[-70.36223,-54.79088],[-70.3333,-54.78526],[-70.30357,-54.7813],[-70.27331,-54.77903],[-70.24281,-54.77848],[-70.21236,-54.77966],[-70.18226,-54.78254],[-70.15279,-54.78711],[-70.12422,-54.79332],[-70.09683,-54.80111],[-70.07089,-54.81041],[-70.04664,-54.82113],[-70.02431,-54.83317],[-70.00411,-54.84641],[-69.98626,-54.86072],[-69.9709,-54.87597],[-69.9582,-54.89202],[-69.94829,-54.90871],[-69.94125,-54.92587],[-69.93716,-54.94335],[-69.93607,-54.96098],[-69.93798,-54.97858],[-69.94289,-54.99599],[-69.95075,-55.01304],[-69.96148,-55.02956],[-69.975,-55.0454],[-69.99116,-55.0604],[-70.00982,-55.07441],[-70.03079,-55.0873]]}},
{"type":"Feature","properties":{"distance":20.0},"geometry":{"type":"LineString","coordinates":[[-69.89657,-52.12888],[-69.91805,-52.14056],[-69.94131,-52.15089],[-69.96611,-52.15976],[-69.99221,-52.16709],[-70.01936,-52.17281],[-70.04729,-52.17685],[-70.07574,-52.17918],[-70.10443,-52.17978],[-70.13307,-52.17865],[-70.16139,-52.17578],[-70.18912,-52.17122],[-70.21597,-52.165],[-70.24169,-52.15718],[-70.26604,-52.14785],[-70.28877,-52.13709],[-70.30966,-52.12501],[-70.32852,-52.11173],[-70.34517,-52.09736],[-70.35943,-52.08206],[-70.37119,-52.06597],[-70.38032,-52.04925],[-70.38674,-52.03206],[-70.3904,-52.01456],[-70.39125,-51.99692],[-70.3893,-51.97932],[-70.38457,-51.96191],[-70.37711,-51.94488],[-70.36699,-51.92838],[-70.35431,-51.91258],[-70.33919,-51.89761],[-70.32179,-51.88364],[-70.30227,-51.87078],[-70.28081,-51.85916],[-70.25763,-51.8489],[-70.23295,-51.84009],[-70.207,-51.83281],[-70.18003,-51.82714],[-70.1523,-51.82312],[-70.12407,-51.82081],[-70.09562,-51.82021],[-70.0672,-51.82134],[-70.0391,-51.82418],[-70.01157,-51.82871],[-69.98489,-51.83488],[-69.9593,-51.84264],[-69.93506,-51.8519],[-69.91238,-51.86259],[-69.8915,-51.87461],[-69.87261,-51.88782],[-69.85589,-51.90212],[-69.84151,-51.91736],[-69.82961,-51.9334],[-69.82029,-51.95008],[-69.81366,-51.96724],[-69.80979,-51.98473],[-69.8087,-52.00236],[-69.81042,-52.01997],[-69.81494,-52.0374],[-69.8222,-52.05447],[-69.83215,-52.07101],[-69.8447,-52.08688],[-69.85971,-52.1019],[-69.87706,-52.11595],[-69.89657,-52.12888]]}},
{"type":"Feature","properties":{"distance":20.0},"geometry":{"type":"LineString","coordinates":[[-68.72734,-27.28674],[-68.74696,-27.28417],[-68.76621,-27.2799],[-68.77131,-27.27828],[-68.77764,-27.27857],[-68.79745,-27.27773],[-68.81707,-27.27515],[-68.83631,-27.27087],[-68.85499,-27.26492],[-68.87293,-27.25736],[-68.88994,-27.24827],[-68.90588,-27.23772],[-68.92057,-27.22583],[-68.93389,-27.21271],[-68.94571,-27.19848],[-68.9559,-27.18329],[-68.96438,-27.16727],[-68.97106,-27.15059],[-68.97587,-27.1334],[-68.97878,-27.11587],[-68.97976,-27.09817],[-68.97879,-27.08047],[-68.97589,-27.06295],[-68.97108,-27.04576],[-68.96442,-27.02907],[-68.95597,-27.01305],[-68.9458,-26.99785],[-68.93403,-26.98361],[-68.92075,-26.97047],[-68.90611,-26.95856],[-68.89024,-26.94799],[-68.87329,-26.93887],[-68.85542,-26.93127],[-68.83682,-26.92528],[-68.81765,-26.92096],[-68.7981,-26.91833],[-68.77835,-26.91743],[-68.75861,-26.91827],[-68.73905,-26.92083],[-68.71986,-26.9251],[-68.71477,-26.92672],[-68.70847,-26.92643],[-68.68872,-26.92726],[-68.66916,-26.92981],[-68.64997,-26.93407],[-68.63133,-26.94],[-68.62098,-26.94435],[-68.60018,-26.93739],[-68.58102,-26.93303],[-68.56148,-26.93037],[-68.54173,-26.92943],[-68.52198,-26.93024],[-68.50242,-26.93277],[-68.48322,-26.93701],[-68.465,-26.94277],[-68.46013,-26.93543],[-68.44842,-26.92115],[-68.43521,-26.90797],[-68.42063,-26.89601],[-68.40481,-26.88539],[-68.38791,-26.8762],[-68.37009,-26.86855],[-68.35152,-26.8625],[-68.33238,-26.8581],[-68.31285,-26.85541],[-68.29313,-26.85444],[-68.27339,-26.85521],[-68.25383,-26.85771],[-68.23464,-26.86191],[-68.216,-26.86778],[-68.19808,-26.87525],[-68.18107,-26.88427],[-68.16512,-26.89473],[-68.15039,-26.90654],[-68.13702,-26.91959],[-68.12513,-26.93375],[-68.11485,-26.94888],[-68.10627,-26.96485],[-68.09948,-26.98149],[-68.09453,-26.99864],[-68.09149,-27.01615],[-68.09038,-27.03384],[-68.09121,-27.05154],[-68.09397,-27.06909],[-68.09864,-27.08631],[-68.10518,-27.10303],[-68.11351,-27.1191],[-68.12358,-27.13436],[-68.13526,-27.14867],[-68.14846,-27.16188],[-68.16305,-27.17387],[-68.17889,-27.18451],[-68.19582,-27.19372],[-68.21368,-27.2014],[-68.23229,-27.20747],[-68.25149,-27.21188],[-68.27107,-27.21458],[-68.29086,-27.21555],[-68.31066,-27.21478],[-68.33028,-27.21228],[-68.34953,-27.20806],[-68.3678,-27.20231],[-68.37267,-27.20966],[-68.3844,-27.22395],[-68.39764,-27.23713],[-68.41227,-27.2491],[-68.42814,-27.25972],[-68.4451,-27.2689],[-68.46299,-27.27654],[-68.48163,-27.28258],[-68.50085,-27.28696],[-68.52045,-27.28962],[-68.54026,-27.29056],[-68.56007,-27.28976],[-68.5797,-27.28722],[-68.59895,-27.28297],[-68.61765,-27.27705],[-68.62803,-27.2727],[-68.64889,-27.27965],[-68.66811,-27.28401],[-68.68772,-27.28665],[-68.70753,-27.28756],[-68.72734,-27.28674]]}},
{"type":"Feature","properties":{"distance":20.0},"geometry":{"type":"LineString","coordinates":[[-68.39355,-24.84722],[-68.40789,-24.85918],[-68.42345,-24.8698],[-68.44007,-24.87897],[-68.4576,-24.88662],[-68.47587,-24.89265],[-68.4947,-24.89702],[-68.51392,-24.89969],[-68.53332,-24.90062],[-68.55274,-24.89981],[-68.57197,-24.89727],[-68.59084,-24.89301],[-68.60915,-24.88709],[-68.62674,-24.87956],[-68.64343,-24.87048],[-68.65907,-24.85996],[-68.67349,-24.84809],[-68.68657,-24.83498],[-68.69818,-24.82077],[-68.7082,-24.80559],[-68.71654,-24.78958],[-68.72312,-24.7729],[-68.72787,-24.75572],[-68.73076,-24.73819],[-68.73175,-24.72048],[-68.73083,-24.70278],[-68.72802,-24.68524],[-68.72335,-24.66804],[-68.71685,-24.65133],[-68.7086,-24.63529],[-68.69866,-24.62007],[-68.68715,-24.60581],[-68.67416,-24.59265],[-68.65983,-24.58071],[-68.64429,-24.57012],[-68.62769,-24.56096],[-68.61019,-24.55334],[-68.59196,-24.54732],[-68.57318,-24.54296],[-68.55402,-24.5403],[-68.53467,-24.53938],[-68.51531,-24.54018],[-68.49613,-24.54272],[-68.47732,-24.54697],[-68.45905,-24.55287],[-68.44149,-24.56039],[-68.42483,-24.56944],[-68.40921,-24.57994],[-68.39479,-24.59178],[-68.38171,-24.60486],[-68.37009,-24.61905],[-68.36004,-24.63421],[-68.35167,-24.6502],[-68.34505,-24.66686],[-68.34024,-24.68404],[-68.3373,-24.70156],[-68.33626,-24.71926],[-68.33712,-24.73696],[-68.33987,-24.75451],[-68.3445,-24.77172],[-68.35095,-24.78844],[-68.35917,-24.8045],[-68.36908,-24.81974],[-68.38058,-24.83403],[-68.39355,-24.84722]]}},
{"type":"Feature","properties":{"distance":20.0},"geometry":{"type":"LineString","coordinates":[[-68.32112,-22.05364],[-68.339,-22.05968],[-68.35743,-22.06407],[-68.37624,-22.06674],[-68.39524,-22.06768],[-68.41424,-22.06688],[-68.43307,-22.06435],[-68.45153,-22.0601],[-68.46947,-22.05419],[-68.48669,-22.04666],[-68.50303,-22.03759],[-68.51835,-22.02708],[-68.53248,-22.01521],[-68.54529,-22.00211],[-68.55666,-21.9879],[-68.56648,-21.97271],[-68.57466,-21.95671],[-68.58111,-21.94003],[-68.58578,-21.92284],[-68.58862,-21.9053],[-68.5896,-21.8876],[-68.58872,-21.86988],[-68.58598,-21.85234],[-68.58142,-21.83512],[-68.57507,-21.81841],[-68.567,-21.80236],[-68.55728,-21.78713],[-68.54602,-21.77285],[-68.53331,-21.75968],[-68.51928,-21.74773],[-68.50407,-21.73712],[-68.48783,-21.72796],[-68.4707,-21.72032],[-68.45286,-21.71429],[-68.43446,-21.70992],[-68.4149,-21.70721],[-68.41061,-21.69866],[-68.40092,-21.68342],[-68.38968,-21.66913],[-68.377,-21.65595],[-68.363,-21.64399],[-68.34781,-21.63336],[-68.33158,-21.62418],[-68.31448,-21.61653],[-68.29665,-21.61048],[-68.27828,-21.6061],[-68.25954,-21.60341],[-68.2406,-21.60246],[-68.22166,-21.60324],[-68.20289,-21.60575],[-68.18448,-21.60997],[-68.16659,-21.61586],[-68.1494,-21.62335],[-68.13308,-21.63238],[-68.11779,-21.64286],[-68.10366,-21.6547],[-68.09084,-21.66776],[-68.07945,-21.68194],[-68.06923,-21.69782],[-68.066,-21.70053],[-68.05317,-21.71359],[-68.04177,-21.72777],[-68.03192,-21.74292],[-68.02369,-21.7589],[-68.01719,-21.77556],[-68.01246,-21.79273],[-68.00955,-21.81025],[-68.0085,-21.82795],[-68.00931,-21.84566],[-68.01197,-21.86322],[-68.01647,-21.88045],[-68.02276,-21.89718],[-68.03077,-21.91325],[-68.04044,-21.92852],[-68.05166,-21.94282],[-68.06434,-21.95603],[-68.07834,-21.96802],[-68.09354,-21.97867],[-68.10979,-21.98787],[-68.12693,-21.99554],[-68.1448,-22.00161],[-68.16321,-22.00602],[-68.18201,-22.00871],[-68.20099,-22.00968],[-68.21999,-22.0089],[-68.23881,-22.00638],[-68.24874,-22.00411],[-68.25845,-22.0142],[-68.27248,-22.02617],[-68.2877,-22.0368],[-68.30396,-22.04598],[-68.32112,-22.05364]]}},
{"type":"Feature","properties":{"distance":20.0},"geometry":{"type":"LineString","coordinates":[[-68.69628,-19.27263],[-68.7101,-19.28457],[-68.72509,-19.29516],[-68.7411,-19.3043],[-68.75797,-19.31191],[-68.77556,-19.31791],[-68.79367,-19.32224],[-68.81215,-19.32486],[-68.83081,-19.32575],[-68.84948,-19.32489],[-68.86796,-19.32231],[-68.88609,-19.31801],[-68.90368,-19.31204],[-68.92058,-19.30447],[-68.93661,-19.29535],[-68.95161,-19.28479],[-68.96546,-19.27288],[-68.978,-19.25974],[-68.98913,-19.2455],[-68.99873,-19.23028],[-69.00671,-19.21425],[-69.013,-19.19755],[-69.01754,-19.18034],[-69.02028,-19.16279],[-69.02119,-19.14508],[-69.02027,-19.12736],[-69.01753,-19.10981],[-69.013,-19.09261],[-69.00671,-19.07591],[-68.99873,-19.05987],[-68.98914,-19.04466],[-68.97803,-19.03041],[-68.96551,-19.01726],[-68.9517,-19.00535],[-68.93672,-18.99478],[-68.92073,-18.98565],[-68.90388,-18.97806],[-68.88633,-18.97207],[-68.86824,-18.96775],[-68.8498,-18.96513],[-68.83118,-18.96425],[-68.81256,-18.9651],[-68.79411,-18.96768],[-68.77602,-18.97197],[-68.75846,-18.97793],[-68.74159,-18.98549],[-68.72558,-18.99458],[-68.71059,-19.00513],[-68.69675,-19.01702],[-68.6842,-19.03014],[-68.67306,-19.04437],[-68.66344,-19.05956],[-68.65543,-19.07559],[-68.64911,-19.09227],[-68.64454,-19.10947],[-68.64177,-19.12701],[-68.64081,-19.14473],[-68.64169,-19.16244],[-68.64439,-19.18],[-68.64889,-19.19721],[-68.65515,-19.21392],[-68.6631,-19.22997],[-68.67267,-19.2452],[-68.68376,-19.25947],[-68.69628,-19.27263]]}},
{"type":"Feature","properties":{"distance":20.0},"geometry":{"type":"LineString","coordinates":[[-69.63987,-17.84926],[-69.65364,-17.86113],[-69.66856,-17.87164],[-69.68448,-17.88071],[-69.70126,-17.88823],[-69.71873,-17.89414],[-69.73672,-17.89839],[-69.75506,-17.90092],[-69.77357,-17.90172],[-69.79207,-17.90077],[-69.81038,-17.8981],[-69.82834,-17.89371],[-69.84575,-17.88766],[-69.86246,-17.88],[-69.87831,-17.87081],[-69.89313,-17.86018],[-69.9068,-17.8482],[-69.91917,-17.835],[-69.93013,-17.8207],[-69.93957,-17.80544],[-69.9474,-17.78937],[-69.95355,-17.77264],[-69.95796,-17.75541],[-69.96058,-17.73785],[-69.96139,-17.72013],[-69.96039,-17.70241],[-69.95758,-17.68488],[-69.953,-17.6677],[-69.94668,-17.65102],[-69.93868,-17.63503],[-69.92909,-17.61986],[-69.918,-17.60566],[-69.90551,-17.59257],[-69.89175,-17.58072],[-69.87685,-17.57022],[-69.86094,-17.56117],[-69.84419,-17.55366],[-69.82675,-17.54776],[-69.80879,-17.54352],[-69.79049,-17.54099],[-69.77202,-17.5402],[-69.75355,-17.54114],[-69.73527,-17.54381],[-69.71735,-17.54818],[-69.69996,-17.55422],[-69.68327,-17.56187],[-69.66744,-17.57104],[-69.65263,-17.58166],[-69.63896,-17.59362],[-69.62659,-17.6068],[-69.61562,-17.62108],[-69.60616,-17.63633],[-69.5983,-17.65239],[-69.59212,-17.66911],[-69.58768,-17.68633],[-69.58502,-17.70389],[-69.58417,-17.72161],[-69.58514,-17.73933],[-69.58791,-17.75687],[-69.59247,-17.77406],[-69.59876,-17.79074],[-69.60673,-17.80676],[-69.6163,-17.82194],[-69.62739,-17.83615],[-69.63987,-17.84926]]}},
{"type":"Feature","properties":{"distance":20.0},"geometry":{"type":"LineString","coordinates":[[-55.4322,-63.67611],[-55.45518,-63.69035],[-55.48122,-63.70352],[-55.51007,-63.71549],[-55.54145,-63.72614],[-55.57505,-63.73537],[-55.61056,-63.74309],[-55.64762,-63.74921],[-55.68587,-63.75369],[-55.72494,-63.75648],[-55.76444,-63.75755],[-55.80399,-63.75689],[-55.8432,-63.7545],[-55.88168,-63.75041],[-55.91906,-63.74466],[-55.95497,-63.73731],[-55.98906,-63.72842],[-56.021,-63.71809],[-56.05047,-63.70641],[-56.0772,-63.69351],[-56.10092,-63.6795],[-56.12141,-63.66451],[-56.13848,-63.64871],[-56.15196,-63.63224],[-56.16173,-63.61526],[-56.1677,-63.59793],[-56.16982,-63.58043],[-56.16808,-63.56292],[-56.16251,-63.54557],[-56.15315,-63.52855],[-56.14011,-63.51201],[-56.12353,-63.49613],[-56.10356,-63.48105],[-56.0804,-63.46691],[-56.05427,-63.45385],[-56.02544,-63.44199],[-55.99417,-63.43145],[-55.96077,-63.42233],[-55.92555,-63.41471],[-55.88885,-63.40866],[-55.85102,-63.40424],[-55.81242,-63.4015],[-55.7734,-63.40046],[-55.73435,-63.40112],[-55.69563,-63.40349],[-55.6576,-63.40754],[-55.62063,-63.41323],[-55.58506,-63.4205],[-55.55124,-63.4293],[-55.51948,-63.43953],[-55.49009,-63.45109],[-55.46335,-63.46389],[-55.43952,-63.47779],[-55.41882,-63.49267],[-55.40147,-63.50837],[-55.38763,-63.52476],[-55.37744,-63.54168],[-55.371,-63.55896],[-55.36839,-63.57644],[-55.36963,-63.59395],[-55.37472,-63.61132],[-55.38362,-63.62838],[-55.39625,-63.64497],[-55.41249,-63.66094],[-55.4322,-63.67611]]}},
{"type":"Feature","properties":{"distance":20.0},"geometry":{"type":"LineString","coordinates":[[-60.32388,-63.06777],[-60.34883,-63.08122],[-60.37659,-63.09349],[-60.4069,-63.10446],[-60.43945,-63.11403],[-60.47394,-63.12209],[-60.51003,-63.12858],[-60.54736,-63.13343],[-60.58557,-63.13658],[-60.62429,-63.13802],[-60.66313,-63.13772],[-60.70172,-63.13569],[-60.73967,-63.13195],[-60.77662,-63.12653],[-60.8122,-63.11949],[-60.84606,-63.1109],[-60.87789,-63.10084],[-60.90736,-63.0894],[-60.93418,-63.07671],[-60.95812,-63.06288],[-60.97892,-63.04805],[-60.99641,-63.03236],[-61.0104,-63.01597],[-61.02078,-62.99903],[-61.02745,-62.98172],[-61.03034,-62.96419],[-61.02944,-62.94661],[-61.02477,-62.92916],[-61.01638,-62.912],[-61.00435,-62.8953],[-60.9888,-62.87921],[-60.96989,-62.8639],[-60.94781,-62.8495],[-60.92276,-62.83616],[-60.895,-62.824],[-60.86479,-62.81313],[-60.83242,-62.80367],[-60.79819,-62.79569],[-60.76244,-62.78928],[-60.7255,-62.7845],[-60.68773,-62.78139],[-60.64948,-62.77998],[-60.61111,-62.78028],[-60.57299,-62.78229],[-60.53547,-62.78599],[-60.49892,-62.79136],[-60.46367,-62.79832],[-60.43007,-62.80683],[-60.39843,-62.81679],[-60.36905,-62.82812],[-60.34222,-62.84071],[-60.3182,-62.85443],[-60.29721,-62.86916],[-60.27946,-62.88475],[-60.26513,-62.90106],[-60.25436,-62.91794],[-60.24726,-62.93521],[-60.2439,-62.95272],[-60.24432,-62.97029],[-60.24852,-62.98776],[-60.25648,-63.00496],[-60.26812,-63.02172],[-60.28333,-63.03787],[-60.30198,-63.05328],[-60.32388,-63.06777]]}},
{"type":"Feature","properties":{"distance":20.0},"geometry":{"type":"LineString","coordinates":[[-58.07437,-62.50368],[-58.0978,-62.51748],[-58.12406,-62.53016],[-58.15291,-62.54158],[-58.18407,-62.55164],[-58.21724,-62.56022],[-58.25208,-62.56726],[-58.28827,-62.57268],[-58.32545,-62.57643],[-58.36325,-62.57847],[-58.4013,-62.57878],[-58.43924,-62.57736],[-58.47668,-62.57421],[-58.51327,-62.56939],[-58.54864,-62.56292],[-58.58245,-62.55487],[-58.61437,-62.54532],[-58.64408,-62.53437],[-58.67131,-62.52213],[-58.69578,-62.5087],[-58.71727,-62.49422],[-58.73557,-62.47884],[-58.7505,-62.4627],[-58.76192,-62.44596],[-58.76974,-62.42878],[-58.77388,-62.41133],[-58.7743,-62.39377],[-58.77102,-62.37628],[-58.76407,-62.35902],[-58.75351,-62.34216],[-58.73947,-62.32587],[-58.72208,-62.31028],[-58.7015,-62.29557],[-58.67795,-62.28186],[-58.65165,-62.26929],[-58.62285,-62.25797],[-58.59183,-62.24802],[-58.55889,-62.23953],[-58.52434,-62.23257],[-58.48851,-62.22722],[-58.45173,-62.22353],[-58.41437,-62.22152],[-58.37677,-62.22123],[-58.33928,-62.22264],[-58.30227,-62.22575],[-58.26608,-62.23054],[-58.23106,-62.23694],[-58.19753,-62.24491],[-58.16582,-62.25436],[-58.13622,-62.26521],[-58.10903,-62.27735],[-58.0845,-62.29067],[-58.06288,-62.30505],[-58.04436,-62.32033],[-58.02914,-62.33639],[-58.01735,-62.35306],[-58.00913,-62.37019],[-58.00456,-62.38761],[-58.00368,-62.40515],[-58.00651,-62.42265],[-58.01303,-62.43994],[-58.02319,-62.45684],[-58.03688,-62.47321],[-58.054,-62.48887],[-58.07437,-62.50368]]}},
{"type":"Feature","properties":{"distance":20.0},"geometry":{"type":"LineString","coordinates":[[-57.60611,-62.20264],[-57.62909,-62.21652],[-57.6549,-62.22927],[-57.68328,-62.24078],[-57.71397,-62.25093],[-57.74666,-62.25962],[-57.78104,-62.26676],[-57.81677,-62.27229],[-57.85351,-62.27616],[-57.89088,-62.27832],[-57.92854,-62.27875],[-57.9661,-62.27745],[-58.00321,-62.27443],[-58.03949,-62.26972],[-58.07459,-62.26336],[-58.10816,-62.25543],[-58.13989,-62.24599],[-58.16947,-62.23514],[-58.19659,-62.22298],[-58.22101,-62.20964],[-58.2425,-62.19524],[-58.26083,-62.17992],[-58.27585,-62.16383],[-58.2874,-62.14714],[-58.2954,-62.12999],[-58.29975,-62.11255],[-58.30043,-62.09501],[-58.29744,-62.07751],[-58.29081,-62.06024],[-58.28062,-62.04335],[-58.26696,-62.02701],[-58.24997,-62.01138],[-58.22982,-61.99661],[-58.20671,-61.98283],[-58.18086,-61.97018],[-58.15252,-61.95878],[-58.12196,-61.94873],[-58.08948,-61.94013],[-58.05539,-61.93307],[-58.02,-61.92761],[-57.98366,-61.9238],[-57.94671,-61.92167],[-57.90949,-61.92126],[-57.87237,-61.92255],[-57.83569,-61.92555],[-57.79981,-61.93021],[-57.76505,-61.9365],[-57.73175,-61.94436],[-57.70023,-61.95371],[-57.67078,-61.96446],[-57.6437,-61.97651],[-57.61923,-61.98975],[-57.59762,-62.00405],[-57.57908,-62.01927],[-57.56378,-62.03528],[-57.55187,-62.0519],[-57.54349,-62.069],[-57.53871,-62.0864],[-57.53759,-62.10393],[-57.54014,-62.12143],[-57.54634,-62.13873],[-57.55614,-62.15566],[-57.56946,-62.17206],[-57.58617,-62.18777],[-57.60611,-62.20264]]}},
{"type":"Feature","properties":{"distance":20.0},"geometry":{"type":"LineString","coordinates":[[-68.11891,-24.53394],[-68.1344,-24.54459],[-68.15096,-24.5538],[-68.16843,-24.56147],[-68.18664,-24.56754],[-68.20541,-24.57195],[-68.22457,-24.57465],[-68.24392,-24.57562],[-68.26329,-24.57484],[-68.28247,-24.57234],[-68.3013,-24.56812],[-68.31958,-24.56223],[-68.33714,-24.55473],[-68.35381,-24.54569],[-68.36943,-24.5352],[-68.38384,-24.52335],[-68.39691,-24.51027],[-68.40852,-24.49608],[-68.41855,-24.48091],[-68.4269,-24.46492],[-68.4335,-24.44826],[-68.43828,-24.43108],[-68.4412,-24.41356],[-68.44223,-24.39585],[-68.44136,-24.37815],[-68.4386,-24.3606],[-68.43397,-24.34339],[-68.42753,-24.32668],[-68.41933,-24.31062],[-68.40946,-24.29538],[-68.398,-24.28109],[-68.38508,-24.26791],[-68.37081,-24.25595],[-68.35533,-24.24532],[-68.3388,-24.23614],[-68.32136,-24.22848],[-68.3032,-24.22243],[-68.28447,-24.21803],[-68.26537,-24.21534],[-68.25144,-24.21465],[-68.25209,-24.21077],[-68.25314,-24.19307],[-68.2523,-24.17536],[-68.24956,-24.15781],[-68.24497,-24.14059],[-68.23856,-24.12387],[-68.2304,-24.1078],[-68.22056,-24.09255],[-68.20915,-24.07825],[-68.19627,-24.06505],[-68.18204,-24.05307],[-68.1666,-24.04243],[-68.15011,-24.03323],[-68.13271,-24.02555],[-68.11458,-24.01947],[-68.09589,-24.01506],[-68.07682,-24.01234],[-68.05756,-24.01136],[-68.03828,-24.01211],[-68.01917,-24.01459],[-68.00042,-24.01877],[-67.9822,-24.02462],[-67.9647,-24.03208],[-67.94807,-24.04108],[-67.93248,-24.05153],[-67.91808,-24.06334],[-67.90501,-24.07638],[-67.89338,-24.09053],[-67.88333,-24.10566],[-67.87493,-24.12162],[-67.86828,-24.13826],[-67.86343,-24.15542],[-67.86044,-24.17293],[-67.85934,-24.19063],[-67.86013,-24.20834],[-67.86281,-24.22589],[-67.86735,-24.24312],[-67.87372,-24.25985],[-67.88184,-24.27594],[-67.89165,-24.29121],[-67.90305,-24.30553],[-67.91592,-24.31876],[-67.93016,-24.33076],[-67.9456,-24.34143],[-67.96212,-24.35065],[-67.97955,-24.35835],[-67.99772,-24.36444],[-68.01646,-24.36887],[-68.03558,-24.3716],[-68.04952,-24.37231],[-68.04886,-24.37619],[-68.04778,-24.39389],[-68.0486,-24.4116],[-68.05131,-24.42915],[-68.05588,-24.44637],[-68.06228,-24.4631],[-68.07044,-24.47917],[-68.08029,-24.49444],[-68.09173,-24.50874],[-68.10464,-24.52195],[-68.11891,-24.53394]]}},
{"type":"Feature","properties":{"distance":20.0},"geometry":{"type":"LineString","coordinates":[[-67.77038,-22.97939],[-67.78672,-22.98863],[-67.80396,-22.99634],[-67.82194,-23.00245],[-67.84048,-23.00689],[-67.8594,-23.00963],[-67.87851,-23.01064],[-67.89765,-23.0099],[-67.91661,-23.00743],[-67.93522,-23.00325],[-67.9533,-22.9974],[-67.97066,-22.98993],[-67.98715,-22.98092],[-68.00261,-22.97046],[-68.01688,-22.95864],[-68.02983,-22.94559],[-68.04133,-22.93142],[-68.05128,-22.91627],[-68.05957,-22.9003],[-68.06613,-22.88364],[-68.0709,-22.86647],[-68.07383,-22.84895],[-68.07488,-22.83125],[-68.07406,-22.81354],[-68.07138,-22.79599],[-68.0704,-22.79228],[-68.07144,-22.79028],[-68.07799,-22.77362],[-68.08275,-22.75645],[-68.08567,-22.73893],[-68.08673,-22.72123],[-68.08591,-22.70352],[-68.08322,-22.68597],[-68.07869,-22.66874],[-68.07237,-22.65201],[-68.06431,-22.63594],[-68.0546,-22.62068],[-68.04332,-22.60637],[-68.03863,-22.6015],[-68.04251,-22.58749],[-68.04543,-22.56997],[-68.04649,-22.55227],[-68.04567,-22.53456],[-68.04299,-22.517],[-68.03848,-22.49978],[-68.03216,-22.48305],[-68.02412,-22.46697],[-68.01442,-22.45171],[-68.00316,-22.4374],[-67.99045,-22.42418],[-67.97641,-22.41219],[-67.96117,-22.40153],[-67.94489,-22.39231],[-67.92771,-22.38462],[-67.90981,-22.37852],[-67.89135,-22.37409],[-67.87252,-22.37136],[-67.85349,-22.37036],[-67.83444,-22.37109],[-67.81557,-22.37355],[-67.79704,-22.37772],[-67.77904,-22.38356],[-67.76174,-22.39101],[-67.74531,-22.4],[-67.7299,-22.41044],[-67.71566,-22.42223],[-67.70274,-22.43526],[-67.69125,-22.44941],[-67.6813,-22.46453],[-67.67299,-22.48049],[-67.6664,-22.49713],[-67.6616,-22.51429],[-67.65864,-22.5318],[-67.65753,-22.54949],[-67.65829,-22.56721],[-67.66092,-22.58476],[-67.6654,-22.602],[-67.67167,-22.61874],[-67.67968,-22.63483],[-67.68935,-22.65012],[-67.70059,-22.66445],[-67.70528,-22.66933],[-67.70136,-22.68332],[-67.69839,-22.70084],[-67.69729,-22.71853],[-67.69806,-22.73624],[-67.70069,-22.7538],[-67.70166,-22.75751],[-67.70062,-22.75951],[-67.69402,-22.77615],[-67.68921,-22.7933],[-67.68624,-22.81081],[-67.68513,-22.82851],[-67.6859,-22.84622],[-67.68854,-22.86378],[-67.69302,-22.88101],[-67.69931,-22.89775],[-67.70733,-22.91385],[-67.71703,-22.92913],[-67.7283,-22.94346],[-67.74103,-22.95669],[-67.7551,-22.96871],[-67.77038,-22.97939]]}},
{"type":"Feature","properties":{"distance":40.0},"geometry":{"type":"LineString","coordinates":[[-72.9879,-52.59431],[-73.03291,-52.6165],[-73.08132,-52.63588],[-73.13265,-52.65225],[-73.1864,-52.66546],[-73.24206,-52.67537],[-73.29906,-52.6819],[-73.35684,-52.68497],[-73.41485,-52.68455],[-73.47249,-52.68065],[-73.52922,-52.67331],[-73.58445,-52.6626],[-73.63767,-52.64863],[-73.68833,-52.63153],[-73.73595,-52.61147],[-73.78007,-52.58865],[-73.82025,-52.5633],[-73.85612,-52.53566],[-73.88733,-52.506],[-73.91358,-52.47461],[-73.93464,-52.4418],[-73.9503,-52.40788],[-73.96043,-52.37319],[-73.96495,-52.33806],[-73.96383,-52.30282],[-73.95709,-52.26782],[-73.9448,-52.2334],[-73.9271,-52.19987],[-73.90417,-52.16757],[-73.87624,-52.1368],[-73.84358,-52.10785],[-73.80651,-52.081],[-73.76539,-52.0565],[-73.72062,-52.03458],[-73.67262,-52.01546],[-73.62186,-51.99931],[-73.5688,-51.98628],[-73.51395,-51.9765],[-73.45783,-51.97006],[-73.40097,-51.96702],[-73.3439,-51.96741],[-73.28715,-51.97123],[-73.23127,-51.97844],[-73.17678,-51.98897],[-73.12419,-52.00272],[-73.07399,-52.01957],[-73.02668,-52.03935],[-72.98269,-52.06189],[-72.94245,-52.08696],[-72.90635,-52.11433],[-72.87473,-52.14373],[-72.84792,-52.1749],[-72.82616,-52.20753],[-72.80969,-52.24131],[-72.79868,-52.27592],[-72.79323,-52.31102],[-72.79342,-52.34629],[-72.79927,-52.38137],[-72.81071,-52.41593],[-72.82767,-52.44963],[-72.84998,-52.48215],[-72.87744,-52.51317],[-72.90979,-52.5424],[-72.94673,-52.56953],[-72.9879,-52.59431]]}},
{"type":"Feature","properties":{"distance":40.0},"geometry":{"type":"LineString","coordinates":[[-73.20307,-51.20522],[-73.24677,-51.22736],[-73.29375,-51.24668],[-73.34356,-51.263],[-73.39571,-51.27615],[-73.44968,-51.28601],[-73.50495,-51.29247],[-73.56098,-51.29548],[-73.6172,-51.29501],[-73.67307,-51.29105],[-73.72804,-51.28366],[-73.78156,-51.2729],[-73.83311,-51.25888],[-73.88218,-51.24173],[-73.9283,-51.22163],[-73.97102,-51.19878],[-74.00992,-51.17339],[-74.04463,-51.14572],[-74.07483,-51.11603],[-74.10022,-51.08462],[-74.12056,-51.05179],[-74.13569,-51.01787],[-74.14545,-50.98316],[-74.14976,-50.94803],[-74.1486,-50.91279],[-74.142,-50.8778],[-74.13001,-50.84338],[-74.11278,-50.80987],[-74.09048,-50.77758],[-74.06333,-50.74683],[-74.03854,-50.72424],[-74.0864,-50.70724],[-74.13191,-50.68707],[-74.17405,-50.66416],[-74.21242,-50.63872],[-74.24663,-50.611],[-74.27638,-50.58128],[-74.30137,-50.54983],[-74.32137,-50.51698],[-74.3362,-50.48303],[-74.34573,-50.44832],[-74.34987,-50.41318],[-74.34861,-50.37795],[-74.34196,-50.34297],[-74.33,-50.30857],[-74.31285,-50.27508],[-74.29069,-50.24283],[-74.26375,-50.21212],[-74.23228,-50.18324],[-74.19659,-50.15647],[-74.15702,-50.13206],[-74.11397,-50.11024],[-74.06783,-50.09122],[-74.01905,-50.07518],[-73.96809,-50.06228],[-73.91543,-50.05262],[-73.86156,-50.04631],[-73.80701,-50.04341],[-73.75227,-50.04393],[-73.69787,-50.04789],[-73.64431,-50.05523],[-73.59211,-50.06589],[-73.54175,-50.07978],[-73.49372,-50.09676],[-73.44847,-50.11666],[-73.40642,-50.13931],[-73.368,-50.16449],[-73.33356,-50.19195],[-73.30344,-50.22144],[-73.27794,-50.25268],[-73.2573,-50.28537],[-73.24174,-50.3192],[-73.23142,-50.35384],[-73.22644,-50.38896],[-73.22687,-50.42422],[-73.23272,-50.45929],[-73.24393,-50.49382],[-73.26042,-50.52748],[-73.28203,-50.55994],[-73.30857,-50.59089],[-73.33294,-50.61364],[-73.28489,-50.63034],[-73.23904,-50.65018],[-73.19644,-50.67276],[-73.15748,-50.69788],[-73.12254,-50.72529],[-73.09196,-50.75474],[-73.06605,-50.78594],[-73.04505,-50.8186],[-73.02918,-50.8524],[-73.01861,-50.88703],[-73.01344,-50.92214],[-73.01373,-50.95741],[-73.01951,-50.99248],[-73.03072,-51.02703],[-73.04727,-51.06072],[-73.069,-51.09322],[-73.09572,-51.12421],[-73.12718,-51.15339],[-73.16308,-51.18049],[-73.20307,-51.20522]]}},
{"type":"Feature","properties":{"distance":40.0},"geometry":{"type":"LineString","coordinates":[[-73.14133,-49.28821],[-73.18322,-49.31042],[-73.22828,-49.32982],[-73.27606,-49.34622],[-73.3261,-49.35946],[-73.37791,-49.36941],[-73.43097,-49.37596],[-73.48477,-49.37907],[-73.53877,-49.37869],[-73.59245,-49.37483],[-73.64528,-49.36753],[-73.69673,-49.35687],[-73.74631,-49.34294],[-73.79353,-49.32588],[-73.83792,-49.30586],[-73.87907,-49.28308],[-73.91656,-49.25776],[-73.95004,-49.23015],[-73.97919,-49.20052],[-74.00374,-49.16915],[-74.02345,-49.13636],[-74.03814,-49.10245],[-74.04769,-49.06776],[-74.05201,-49.03262],[-74.05107,-48.99737],[-74.04489,-48.96236],[-74.03354,-48.92791],[-74.01714,-48.89435],[-73.99586,-48.86201],[-73.96991,-48.8312],[-73.93954,-48.8022],[-73.90505,-48.7753],[-73.86678,-48.75075],[-73.82508,-48.72878],[-73.78037,-48.7096],[-73.73306,-48.6934],[-73.6836,-48.68032],[-73.63246,-48.67049],[-73.58013,-48.664],[-73.5271,-48.66092],[-73.47387,-48.66127],[-73.42094,-48.66505],[-73.3688,-48.67223],[-73.31796,-48.68273],[-73.2689,-48.69647],[-73.22207,-48.7133],[-73.17792,-48.73307],[-73.13688,-48.7556],[-73.09934,-48.78066],[-73.06566,-48.80803],[-73.03616,-48.83744],[-73.01115,-48.86862],[-72.99085,-48.90125],[-72.97549,-48.93504],[-72.96521,-48.96966],[-72.96012,-49.00478],[-72.96029,-49.04005],[-72.96572,-49.07515],[-72.97637,-49.10972],[-72.99216,-49.14344],[-73.01293,-49.17598],[-73.03849,-49.20702],[-73.06861,-49.23626],[-73.103,-49.26341],[-73.14133,-49.28821]]}},
{"type":"Feature","properties":{"distance":40.0},"geometry":{"type":"LineString","coordinates":[[-109.26447,-27.39454],[-109.29581,-27.40215],[-109.32783,-27.40696],[-109.36022,-27.40893],[-109.39266,-27.40805],[-109.42484,-27.40433],[-109.45643,-27.3978],[-109.48714,-27.38854],[-109.51667,-27.37663],[-109.54473,-27.3622],[-109.57106,-27.34538],[-109.5954,-27.32634],[-109.61752,-27.30527],[-109.63721,-27.28238],[-109.65429,-27.25787],[-109.66859,-27.232],[-109.67999,-27.20501],[-109.68837,-27.17715],[-109.69366,-27.1487],[-109.69582,-27.11993],[-109.69483,-27.09112],[-109.6907,-27.06253],[-109.68348,-27.03444],[-109.67323,-27.00711],[-109.66005,-26.98081],[-109.64408,-26.95579],[-109.62546,-26.93228],[-109.60438,-26.91051],[-109.58103,-26.89068],[-109.55563,-26.87298],[-109.52843,-26.85759],[-109.49968,-26.84465],[-109.46966,-26.83428],[-109.43865,-26.82658],[-109.40694,-26.82163],[-109.37483,-26.81949],[-109.34263,-26.82017],[-109.31065,-26.82366],[-109.27919,-26.82995],[-109.24856,-26.83896],[-109.21904,-26.85063],[-109.19092,-26.86483],[-109.16447,-26.88144],[-109.13995,-26.9003],[-109.1176,-26.92123],[-109.09763,-26.94403],[-109.08025,-26.96848],[-109.06562,-26.99435],[-109.05389,-27.02139],[-109.04517,-27.04933],[-109.03957,-27.07792],[-109.03712,-27.10686],[-109.03787,-27.13588],[-109.04181,-27.1647],[-109.0489,-27.19303],[-109.05907,-27.2206],[-109.07224,-27.24714],[-109.08827,-27.27239],[-109.10701,-27.29611],[-109.12827,-27.31806],[-109.15185,-27.33803],[-109.17752,-27.35582],[-109.20503,-27.37127],[-109.23411,-27.38422],[-109.26447,-27.39454]]}},
{"type":"Feature","properties":{"distance":40.0},"geometry":{"type":"LineString","coordinates":[[-72.6619,-46.18862],[-72.70408,-46.2083],[-72.74887,-46.225],[-72.79582,-46.23856],[-72.84449,-46.24883],[-72.89438,-46.25573],[-72.94501,-46.25917],[-72.99588,-46.25914],[-73.0465,-46.25562],[-73.09637,-46.24866],[-73.14499,-46.23832],[-73.19189,-46.2247],[-73.23662,-46.20794],[-73.27874,-46.18821],[-73.31783,-46.16569],[-73.35353,-46.1406],[-73.38549,-46.1132],[-73.41339,-46.08374],[-73.43699,-46.05252],[-73.45606,-46.01983],[-73.47041,-45.986],[-73.47993,-45.95136],[-73.48452,-45.91622],[-73.48416,-45.88095],[-73.47885,-45.84586],[-73.46866,-45.81131],[-73.4537,-45.77762],[-73.4341,-45.74512],[-73.41008,-45.71411],[-73.38186,-45.68489],[-73.36235,-45.66841],[-73.38215,-45.65903],[-73.42085,-45.63648],[-73.45617,-45.61138],[-73.48779,-45.58396],[-73.5154,-45.55449],[-73.53874,-45.52325],[-73.55759,-45.49056],[-73.57177,-45.45672],[-73.58116,-45.42207],[-73.58567,-45.38693],[-73.58528,-45.35165],[-73.57998,-45.31657],[-73.5786,-45.31186],[-73.60153,-45.28722],[-73.62472,-45.25598],[-73.64344,-45.22327],[-73.65751,-45.18943],[-73.66682,-45.15477],[-73.67127,-45.11963],[-73.67084,-45.08436],[-73.66553,-45.04928],[-73.65541,-45.01474],[-73.64058,-44.98107],[-73.62119,-44.94859],[-73.59744,-44.9176],[-73.56955,-44.88842],[-73.5378,-44.8613],[-73.52999,-44.85582],[-73.53616,-44.84747],[-73.55482,-44.81478],[-73.56887,-44.78094],[-73.57818,-44.74629],[-73.58268,-44.71116],[-73.58232,-44.67588],[-73.57712,-44.64079],[-73.56714,-44.60624],[-73.55249,-44.57255],[-73.5333,-44.54004],[-73.50978,-44.50903],[-73.48215,-44.47981],[-73.45068,-44.45266],[-73.41567,-44.42784],[-73.37747,-44.40558],[-73.33643,-44.38609],[-73.29296,-44.36957],[-73.24745,-44.35617],[-73.20035,-44.34601],[-73.19287,-44.34495],[-73.20381,-44.33848],[-73.23849,-44.31346],[-73.26955,-44.28612],[-73.29671,-44.25672],[-73.3197,-44.22554],[-73.33831,-44.19289],[-73.35237,-44.15908],[-73.36174,-44.12444],[-73.36635,-44.08931],[-73.36615,-44.05402],[-73.36117,-44.01891],[-73.35145,-43.98433],[-73.3371,-43.95059],[-73.31826,-43.91804],[-73.29511,-43.88696],[-73.2679,-43.85767],[-73.23687,-43.83045],[-73.20234,-43.80554],[-73.16463,-43.78319],[-73.13924,-43.77093],[-73.14618,-43.76679],[-73.18057,-43.74181],[-73.21138,-43.71449],[-73.23833,-43.6851],[-73.26116,-43.65394],[-73.27965,-43.6213],[-73.29363,-43.5875],[-73.30297,-43.55287],[-73.30759,-43.51774],[-73.30746,-43.48245],[-73.30258,-43.44733],[-73.29302,-43.41273],[-73.27886,-43.37898],[-73.26025,-43.34641],[-73.24866,-43.33066],[-73.25722,-43.31549],[-73.27116,-43.28169],[-73.28048,-43.24706],[-73.28511,-43.21193],[-73.285,-43.17664],[-73.28018,-43.14152],[-73.27068,-43.10691],[-73.25662,-43.07316],[-73.23813,-43.04057],[-73.2154,-43.00946],[-73.20889,-43.00233],[-73.20075,-42.9827],[-73.18232,-42.9501],[-73.15965,-42.91897],[-73.13362,-42.89035],[-73.13826,-42.85567],[-73.13826,-42.82037],[-73.13356,-42.78524],[-73.12422,-42.75062],[-73.11033,-42.71683],[-73.09203,-42.68421],[-73.06952,-42.65306],[-73.043,-42.62369],[-73.01273,-42.59637],[-72.98516,-42.57592],[-72.99477,-42.56534],[-73.01735,-42.53423],[-73.03568,-42.50164],[-73.04959,-42.46787],[-73.05895,-42.43325],[-73.06368,-42.39812],[-73.06374,-42.36282],[-73.05913,-42.32768],[-73.04992,-42.29305],[-73.03619,-42.25924],[-73.01809,-42.2266],[-72.99579,-42.19543],[-72.96951,-42.16603],[-72.93951,-42.13867],[-72.93431,-42.13478],[-72.94483,-42.127],[-72.97501,-42.09976],[-73.00144,-42.07045],[-73.02386,-42.03935],[-73.04207,-42.00676],[-73.05588,-41.97299],[-73.06519,-41.93837],[-73.0699,-41.90324],[-73.06998,-41.86794],[-73.06543,-41.8328],[-73.0563,-41.79816],[-73.0427,-41.76435],[-73.02475,-41.7317],[-73.00263,-41.70052],[-72.97657,-41.67111],[-72.94682,-41.64374],[-72.91365,-41.61869],[-72.90578,-41.6138],[-72.93334,-41.59695],[-72.9667,-41.57206],[-72.99663,-41.54484],[-73.02284,-41.51553],[-73.04508,-41.48443],[-73.06314,-41.45184],[-73.07685,-41.41807],[-73.08609,-41.38346],[-73.09077,-41.34832],[-73.09086,-41.31302],[-73.08636,-41.27787],[-73.07733,-41.24323],[-73.06385,-41.20942],[-73.04607,-41.17676],[-73.02415,-41.14558],[-72.99832,-41.11616],[-72.97425,-41.09382],[-72.97428,-41.08656],[-72.96987,-41.05141],[-72.96094,-41.01675],[-72.94757,-40.98292],[-72.92992,-40.95024],[-72.90814,-40.91903],[-72.88246,-40.88958],[-72.85312,-40.86217],[-72.8204,-40.83706],[-72.78463,-40.81451],[-72.74614,-40.7947],[-72.7053,-40.77785],[-72.66251,-40.7641],[-72.65297,-40.76185],[-72.62495,-40.73538],[-72.62394,-40.7269],[-72.61524,-40.69221],[-72.60213,-40.65832],[-72.58474,-40.62558],[-72.58143,-40.62078],[-72.58342,-40.60663],[-72.58381,-40.57131],[-72.57966,-40.53613],[-72.57101,-40.50143],[-72.55797,-40.46754],[-72.54065,-40.43478],[-72.53641,-40.42858],[-72.53794,-40.42298],[-72.54288,-40.38786],[-72.5433,-40.35253],[-72.53919,-40.31735],[-72.5306,-40.28264],[-72.51763,-40.24874],[-72.50039,-40.21597],[-72.47907,-40.18466],[-72.45387,-40.15509],[-72.42504,-40.12755],[-72.42267,-40.12569],[-72.42859,-40.11905],[-72.45069,-40.08806],[-72.46872,-40.05556],[-72.48251,-40.02186],[-72.49192,-39.98728],[-72.49687,-39.95216],[-72.49732,-39.91683],[-72.49328,-39.88164],[-72.48479,-39.84692],[-72.47193,-39.81301],[-72.45484,-39.78023],[-72.43369,-39.7489],[-72.40868,-39.71931],[-72.38006,-39.69175],[-72.34811,-39.66648],[-72.31312,-39.64374],[-72.30667,-39.64031],[-72.30848,-39.63865],[-72.33433,-39.60951],[-72.35633,-39.57854],[-72.37429,-39.54606],[-72.38804,-39.51237],[-72.39744,-39.47779],[-72.40243,-39.44267],[-72.40294,-39.40734],[-72.399,-39.37214],[-72.39063,-39.33741],[-72.37793,-39.30348],[-72.36103,-39.27068],[-72.34009,-39.23931],[-72.31532,-39.20969],[-72.2925,-39.1875],[-72.28867,-39.15263],[-72.28039,-39.11788],[-72.26779,-39.08394],[-72.251,-39.05111],[-72.23018,-39.01972],[-72.20554,-38.99007],[-72.17731,-38.96244],[-72.14577,-38.9371],[-72.11122,-38.91428],[-72.10177,-38.90918],[-72.12364,-38.88441],[-72.14554,-38.85349],[-72.16344,-38.82104],[-72.17717,-38.78737],[-72.18661,-38.75281],[-72.19167,-38.71769],[-72.19231,-38.68235],[-72.18853,-38.64714],[-72.18038,-38.61238],[-72.16793,-38.57841],[-72.15132,-38.54556],[-72.1307,-38.51415],[-72.10629,-38.48447],[-72.07831,-38.4568],[-72.06949,-38.44965],[-72.07399,-38.44146],[-72.08771,-38.40781],[-72.09715,-38.37325],[-72.10224,-38.33813],[-72.10294,-38.30279],[-72.09924,-38.26757],[-72.09118,-38.2328],[-72.07885,-38.19882],[-72.06238,-38.16595],[-72.04192,-38.13451],[-72.01767,-38.1048],[-71.98988,-38.0771],[-71.95881,-38.05169],[-71.92476,-38.02879],[-71.88839,-38.00881],[-71.89463,-37.98612],[-71.89981,-37.95101],[-71.90061,-37.91567],[-71.89704,-37.88043],[-71.88913,-37.84564],[-71.87697,-37.81162],[-71.86068,-37.77872],[-71.84042,-37.74724],[-71.81639,-37.71748],[-71.78883,-37.68972],[-71.75799,-37.66424],[-71.72418,-37.64127],[-71.70732,-37.63191],[-71.73372,-37.60201],[-71.75544,-37.57117],[-71.77324,-37.53878],[-71.78695,-37.50515],[-71.79645,-37.47061],[-71.80165,-37.4355],[-71.80251,-37.40015],[-71.79902,-37.36491],[-71.79123,-37.3301],[-71.77921,-37.29607],[-71.76309,-37.26315],[-71.74303,-37.23164],[-71.71921,-37.20184],[-71.69188,-37.17406],[-71.6613,-37.14854],[-71.6578,-37.14614],[-71.66213,-37.14342],[-71.694,-37.11894],[-71.7227,-37.09208],[-71.74796,-37.06308],[-71.76953,-37.03224],[-71.78721,-36.99985],[-71.80084,-36.96622],[-71.81028,-36.93168],[-71.81545,-36.89657],[-71.81631,-36.86122],[-71.81286,-36.82597],[-71.80513,-36.79116],[-71.79321,-36.75712],[-71.77721,-36.72419],[-71.7573,-36.69268],[-71.73366,-36.66288],[-71.70653,-36.63508],[-71.67617,-36.60956],[-71.64287,-36.58654],[-71.60695,-36.56626],[-71.56876,-36.5489],[-71.52865,-36.53464],[-71.48702,-36.52359],[-71.44426,-36.51588],[-71.40077,-36.51157],[-71.38617,-36.51129],[-71.42025,-36.49385],[-71.45475,-36.47207],[-71.48643,-36.44766],[-71.51497,-36.42084],[-71.54011,-36.3919],[-71.56159,-36.36109],[-71.57922,-36.32873],[-71.59284,-36.29512],[-71.60231,-36.2606],[-71.60756,-36.22549],[-71.60852,-36.19013],[-71.60521,-36.15487],[-71.59766,-36.12004],[-71.58595,-36.08597],[-71.57019,-36.053],[-71.55055,-36.02143],[-71.5272,-35.99158],[-71.50039,-35.96373],[-71.47036,-35.93813],[-71.43742,-35.91505],[-71.40187,-35.89469],[-71.36405,-35.87725],[-71.32433,-35.86289],[-71.28308,-35.85176],[-71.26109,-35.84772],[-71.24131,-35.81544],[-71.21814,-35.78552],[-71.1915,-35.75758],[-71.18449,-35.75155],[-71.19405,-35.7172],[-71.19945,-35.6821],[-71.20061,-35.64674],[-71.19751,-35.61145],[-71.19202,-35.58526],[-71.19224,-35.57878],[-71.18915,-35.54349],[-71.18185,-35.50862],[-71.17042,-35.4745],[-71.15497,-35.44146],[-71.13564,-35.40982],[-71.11264,-35.37987],[-71.08618,-35.35191],[-71.05652,-35.32619],[-71.02395,-35.30298],[-71.00842,-35.29393],[-71.01216,-35.26985],[-71.01341,-35.23449],[-71.01042,-35.19919],[-71.00324,-35.1643],[-70.99193,-35.13016],[-70.97662,-35.09709],[-70.95745,-35.06541],[-70.93462,-35.03542],[-70.90834,-35.00741],[-70.87886,-34.98165],[-70.84648,-34.95838],[-70.8115,-34.93782],[-70.77425,-34.92018],[-70.76092,-34.91522],[-70.77031,-34.88186],[-70.77585,-34.84677],[-70.7772,-34.8114],[-70.77434,-34.77609],[-70.7673,-34.74118],[-70.75616,-34.70701],[-70.74103,-34.67391],[-70.72939,-34.65445],[-70.73152,-34.64096],[-70.73289,-34.60559],[-70.73006,-34.57028],[-70.72306,-34.53537],[-70.71197,-34.50119],[-70.69689,-34.46807],[-70.67798,-34.43634],[-70.65543,-34.40629],[-70.62945,-34.3782],[-70.60028,-34.35236],[-70.56823,-34.32901],[-70.53358,-34.30836],[-70.49668,-34.29062],[-70.45787,-34.27595],[-70.41753,-34.2645],[-70.37604,-34.25637],[-70.3338,-34.25165],[-70.2912,-34.25037],[-70.25227,-34.25236],[-70.25845,-34.23074],[-70.26418,-34.19567],[-70.26574,-34.16029],[-70.26312,-34.12497],[-70.25636,-34.09002],[-70.24552,-34.05579],[-70.23071,-34.02261],[-70.22868,-34.01913],[-70.23249,-34.01553],[-70.2574,-33.98685],[-70.27878,-33.95626],[-70.29646,-33.92408],[-70.31025,-33.8906],[-70.32004,-33.85616],[-70.32572,-33.82108],[-70.32726,-33.78571],[-70.32463,-33.75038],[-70.31788,-33.71543],[-70.30707,-33.6812],[-70.30331,-33.67277],[-70.30087,-33.66012],[-70.29008,-33.6259],[-70.27533,-33.59272],[-70.25678,-33.5609],[-70.23462,-33.53076],[-70.21309,-33.50704],[-70.21501,-33.50237],[-70.2248,-33.46793],[-70.2305,-33.43285],[-70.23207,-33.39747],[-70.2295,-33.36214],[-70.22282,-33.32719],[-70.2121,-33.29295],[-70.19745,-33.25976],[-70.179,-33.22793],[-70.15695,-33.19777],[-70.1315,-33.16956],[-70.1029,-33.14359],[-70.07143,-33.12008],[-70.03739,-33.09928],[-70.00111,-33.08137],[-69.96293,-33.06654],[-69.92322,-33.05491],[-69.88235,-33.0466],[-69.84072,-33.04169],[-69.79871,-33.04023],[-69.75674,-33.04223],[-69.7152,-33.04767],[-69.67449,-33.0565],[-69.63499,-33.06864],[-69.59708,-33.08396],[-69.56112,-33.10233],[-69.52745,-33.12357],[-69.49641,-33.14748],[-69.46828,-33.17382],[-69.44335,-33.20235],[-69.42184,-33.2328],[-69.40397,-33.26487],[-69.38992,-33.29825],[-69.37983,-33.33262],[-69.37379,-33.36767],[-69.37187,-33.40303],[-69.37409,-33.43839],[-69.38044,-33.47339],[-69.39086,-33.50771],[-69.40525,-33.541],[-69.42349,-33.57294],[-69.44539,-33.60323],[-69.46673,-33.62709],[-69.46476,-33.63175],[-69.45466,-33.66613],[-69.44863,-33.70118],[-69.44673,-33.73655],[-69.449,-33.7719],[-69.4554,-33.8069],[-69.46589,-33.8412],[-69.46957,-33.84966],[-69.4719,-33.86232],[-69.4824,-33.89662],[-69.4969,-33.9299],[-69.4989,-33.93339],[-69.49506,-33.93697],[-69.46991,-33.9655],[-69.44823,-33.99595],[-69.43022,-34.02802],[-69.41605,-34.0614],[-69.40588,-34.09577],[-69.3998,-34.13081],[-69.39788,-34.16618],[-69.40014,-34.20153],[-69.40656,-34.23653],[-69.41708,-34.27083],[-69.43162,-34.30411],[-69.45003,-34.33605],[-69.47214,-34.36633],[-69.49774,-34.39466],[-69.52658,-34.42077],[-69.55839,-34.4444],[-69.59286,-34.46533],[-69.62965,-34.48334],[-69.66842,-34.49827],[-69.70877,-34.50997],[-69.75033,-34.51832],[-69.79268,-34.52325],[-69.83541,-34.5247],[-69.87449,-34.52284],[-69.86819,-34.54444],[-69.86227,-34.57949],[-69.86054,-34.61486],[-69.863,-34.6502],[-69.86965,-34.68517],[-69.88043,-34.71943],[-69.89523,-34.75265],[-69.90669,-34.77219],[-69.90442,-34.78566],[-69.9027,-34.82103],[-69.90519,-34.85637],[-69.91188,-34.89133],[-69.9227,-34.92558],[-69.93755,-34.9588],[-69.95631,-34.99065],[-69.97878,-35.02083],[-70.00475,-35.04905],[-70.03399,-35.07503],[-70.06619,-35.09852],[-70.10106,-35.11929],[-70.13826,-35.13714],[-70.1516,-35.14217],[-70.14193,-35.17549],[-70.13609,-35.21055],[-70.13447,-35.24592],[-70.13708,-35.28125],[-70.1439,-35.31619],[-70.15488,-35.35042],[-70.16992,-35.3836],[-70.18886,-35.41541],[-70.19429,-35.42262],[-70.18643,-35.44969],[-70.18059,-35.48475],[-70.17899,-35.52012],[-70.18163,-35.55544],[-70.1885,-35.59038],[-70.19954,-35.6246],[-70.21464,-35.65777],[-70.23367,-35.68957],[-70.25645,-35.71969],[-70.28246,-35.74753],[-70.25557,-35.76106],[-70.22102,-35.78249],[-70.1892,-35.80658],[-70.16041,-35.83308],[-70.13493,-35.86175],[-70.11301,-35.89231],[-70.09485,-35.92447],[-70.08065,-35.95792],[-70.07054,-35.99234],[-70.06462,-36.0274],[-70.06296,-36.06276],[-70.06557,-36.09808],[-70.07245,-36.13303],[-70.08352,-36.16726],[-70.09868,-36.20044],[-70.1178,-36.23225],[-70.1407,-36.26239],[-70.16715,-36.29056],[-70.1969,-36.31648],[-70.22967,-36.33991],[-70.26513,-36.36062],[-70.30296,-36.37841],[-70.34277,-36.3931],[-70.38418,-36.40455],[-70.42679,-36.41264],[-70.47018,-36.41731],[-70.51394,-36.4185],[-70.55762,-36.4162],[-70.59241,-36.41156],[-70.60248,-36.43316],[-70.62186,-36.46489],[-70.64502,-36.49492],[-70.67173,-36.52297],[-70.70173,-36.54876],[-70.73475,-36.57205],[-70.77045,-36.5926],[-70.8085,-36.61022],[-70.84852,-36.62473],[-70.89012,-36.636],[-70.93291,-36.64391],[-70.97645,-36.64839],[-71.0149,-36.64926],[-70.98991,-36.67764],[-70.96811,-36.70835],[-70.95013,-36.74063],[-70.93617,-36.77417],[-70.92634,-36.80865],[-70.92077,-36.84374],[-70.91949,-36.87909],[-70.92254,-36.91438],[-70.92988,-36.94926],[-70.94146,-36.98339],[-70.95716,-37.01644],[-70.97685,-37.0481],[-71.00033,-37.07805],[-71.02737,-37.10601],[-71.05773,-37.1317],[-71.06121,-37.13412],[-71.05686,-37.13682],[-71.02477,-37.16113],[-70.99579,-37.18783],[-70.9702,-37.21668],[-70.94824,-37.24739],[-70.93015,-37.27967],[-70.91608,-37.3132],[-70.90619,-37.34768],[-70.90057,-37.38277],[-70.89929,-37.41812],[-70.90236,-37.45341],[-70.90976,-37.48828],[-70.92142,-37.52241],[-70.93169,-37.54387],[-70.90985,-37.55478],[-70.8747,-37.57642],[-70.84236,-37.60068],[-70.81315,-37.62735],[-70.78734,-37.65616],[-70.76519,-37.68683],[-70.74692,-37.71909],[-70.73269,-37.75261],[-70.72267,-37.78707],[-70.71694,-37.82215],[-70.71557,-37.8575],[-70.71858,-37.89279],[-70.72594,-37.92768],[-70.7376,-37.96182],[-70.75344,-37.99489],[-70.77331,-38.02657],[-70.79704,-38.05655],[-70.82438,-38.08455],[-70.85509,-38.11028],[-70.88886,-38.13349],[-70.92537,-38.15397],[-70.96427,-38.17151],[-71.00517,-38.18595],[-71.04768,-38.19713],[-71.09138,-38.20495],[-71.13585,-38.20934],[-71.16542,-38.20995],[-71.17997,-38.21808],[-71.16214,-38.24972],[-71.14802,-38.28329],[-71.13813,-38.31778],[-71.13257,-38.35287],[-71.1314,-38.38822],[-71.13464,-38.42349],[-71.14227,-38.45834],[-71.15421,-38.49243],[-71.17037,-38.52543],[-71.19058,-38.55703],[-71.21465,-38.58692],[-71.24236,-38.6148],[-71.27345,-38.6404],[-71.27842,-38.64377],[-71.27454,-38.6685],[-71.27442,-38.67223],[-71.25319,-38.68277],[-71.21762,-38.70452],[-71.18492,-38.72889],[-71.1554,-38.75565],[-71.12935,-38.78453],[-71.10702,-38.81528],[-71.08864,-38.84758],[-71.07438,-38.88113],[-71.06438,-38.91562],[-71.05875,-38.95071],[-71.05755,-38.98605],[-71.0608,-39.02132],[-71.06847,-39.05617],[-71.08049,-39.09027],[-71.09676,-39.12327],[-71.11712,-39.15488],[-71.14138,-39.18477],[-71.16931,-39.21266],[-71.20064,-39.23828],[-71.20695,-39.24252],[-71.206,-39.27256],[-71.20934,-39.30782],[-71.21712,-39.34266],[-71.22051,-39.35217],[-71.19672,-39.36659],[-71.16371,-39.39095],[-71.13392,-39.41771],[-71.10763,-39.44659],[-71.0851,-39.47734],[-71.06654,-39.50964],[-71.05215,-39.54319],[-71.04206,-39.57767],[-71.03638,-39.61276],[-71.03518,-39.6481],[-71.03846,-39.68337],[-71.0462,-39.71821],[-71.05834,-39.7523],[-71.07477,-39.78531],[-71.09533,-39.8169],[-71.11982,-39.84679],[-71.14802,-39.87468],[-71.17966,-39.90029],[-71.21442,-39.92338],[-71.25198,-39.94372],[-71.29196,-39.96112],[-71.33399,-39.9754],[-71.37765,-39.98642],[-71.42251,-39.99409],[-71.46814,-39.99831],[-71.47809,-39.99847],[-71.48447,-40.01596],[-71.50116,-40.04889],[-71.522,-40.08041],[-71.54678,-40.11019],[-71.57526,-40.13797],[-71.60717,-40.16345],[-71.64221,-40.1864],[-71.65939,-40.19557],[-71.65134,-40.2066],[-71.63288,-40.23898],[-71.61863,-40.2726],[-71.60875,-40.30712],[-71.60332,-40.34222],[-71.60241,-40.37756],[-71.60604,-40.41279],[-71.61417,-40.44758],[-71.62674,-40.4816],[-71.64364,-40.5145],[-71.6478,-40.52073],[-71.6462,-40.52633],[-71.64078,-40.56143],[-71.63989,-40.59676],[-71.64356,-40.632],[-71.65174,-40.66678],[-71.66438,-40.70079],[-71.68135,-40.73369],[-71.6846,-40.73852],[-71.68242,-40.75265],[-71.68156,-40.78798],[-71.68526,-40.82321],[-71.6935,-40.85799],[-71.7062,-40.89199],[-71.72325,-40.92488],[-71.74448,-40.95634],[-71.7697,-40.98606],[-71.79707,-41.01223],[-71.79798,-41.02072],[-71.80631,-41.05549],[-71.81911,-41.08947],[-71.83624,-41.12229],[-71.83354,-41.127],[-71.81923,-41.16064],[-71.80934,-41.19518],[-71.80397,-41.23028],[-71.80318,-41.26561],[-71.80699,-41.30083],[-71.81537,-41.33559],[-71.82824,-41.36957],[-71.83502,-41.38251],[-71.83274,-41.39744],[-71.83198,-41.43277],[-71.83581,-41.46799],[-71.84423,-41.50275],[-71.85715,-41.53672],[-71.87446,-41.56958],[-71.89599,-41.60099],[-71.92155,-41.63067],[-71.94258,-41.6505],[-71.93544,-41.66725],[-71.92555,-41.7018],[-71.92022,-41.7369],[-71.91951,-41.77223],[-71.92342,-41.80744],[-71.93194,-41.84219],[-71.94499,-41.87614],[-71.94973,-41.88507],[-71.94964,-41.88939],[-71.95359,-41.92459],[-71.96214,-41.95934],[-71.97523,-41.99329],[-71.99274,-42.02612],[-72.01449,-42.0575],[-72.04029,-42.08714],[-72.0699,-42.11475],[-72.10301,-42.14005],[-72.12623,-42.15459],[-72.09567,-42.18159],[-72.06877,-42.2107],[-72.04581,-42.24164],[-72.02702,-42.27409],[-72.0126,-42.30775],[-72.00267,-42.3423],[-71.99735,-42.37741],[-71.99669,-42.41273],[-72.00071,-42.44793],[-72.00938,-42.48267],[-72.02262,-42.5166],[-72.04031,-42.54942],[-72.05988,-42.57736],[-72.05624,-42.58055],[-72.02916,-42.60966],[-72.00605,-42.64059],[-71.98713,-42.67304],[-71.9726,-42.7067],[-71.9626,-42.74124],[-71.95723,-42.77635],[-71.95656,-42.81167],[-71.9606,-42.84687],[-71.96931,-42.8816],[-71.98263,-42.91554],[-72.00042,-42.94836],[-72.02253,-42.97973],[-72.04875,-43.00935],[-72.07881,-43.03693],[-72.11245,-43.06221],[-72.14933,-43.08494],[-72.1891,-43.10489],[-72.23137,-43.12187],[-72.24905,-43.12739],[-72.25219,-43.15347],[-72.26112,-43.18818],[-72.27467,-43.22208],[-72.29272,-43.25484],[-72.31509,-43.28614],[-72.31956,-43.29113],[-72.28202,-43.29357],[-72.23451,-43.30011],[-72.18808,-43.31],[-72.14319,-43.32315],[-72.10026,-43.33943],[-72.05969,-43.3587],[-72.02188,-43.38076],[-71.98719,-43.40541],[-71.95595,-43.43241],[-71.92846,-43.4615],[-71.905,-43.49242],[-71.88579,-43.52485],[-71.87103,-43.5585],[-71.86085,-43.59304],[-71.85538,-43.62814],[-71.85467,-43.66346],[-71.85873,-43.69865],[-71.86753,-43.73339],[-71.881,-43.76734],[-71.89902,-43.80016],[-71.92141,-43.83153],[-71.94797,-43.86117],[-71.97844,-43.88876],[-72.01254,-43.91405],[-72.04992,-43.93679],[-72.09024,-43.95676],[-72.1331,-43.97376],[-72.17808,-43.98763],[-72.22474,-43.99823],[-72.27263,-44.00545],[-72.30496,-44.00797],[-72.27813,-44.02065],[-72.24,-44.04279],[-72.20504,-44.06751],[-72.17357,-44.09457],[-72.1459,-44.12372],[-72.12231,-44.15468],[-72.10303,-44.18716],[-72.08825,-44.22083],[-72.07811,-44.25539],[-72.07272,-44.29049],[-72.07215,-44.3258],[-72.07641,-44.36098],[-72.08546,-44.39569],[-72.09923,-44.4296],[-72.11759,-44.46237],[-72.14037,-44.49369],[-72.16735,-44.52326],[-72.19828,-44.55078],[-72.23287,-44.57599],[-72.27077,-44.59864],[-72.31163,-44.61851],[-72.35504,-44.63541],[-72.40059,-44.64917],[-72.44782,-44.65966],[-72.49627,-44.66677],[-72.54548,-44.67044],[-72.57635,-44.67055],[-72.57547,-44.6766],[-72.57521,-44.71191],[-72.57981,-44.74706],[-72.58924,-44.78172],[-72.6034,-44.81555],[-72.60687,-44.82159],[-72.58188,-44.84305],[-72.55409,-44.8723],[-72.53044,-44.90334],[-72.51117,-44.93588],[-72.49646,-44.96961],[-72.48646,-45.00419],[-72.48128,-45.0393],[-72.48098,-45.0746],[-72.48557,-45.10976],[-72.49501,-45.14442],[-72.50922,-45.17826],[-72.52807,-45.21095],[-72.55139,-45.24217],[-72.57896,-45.27161],[-72.58451,-45.27644],[-72.58161,-45.28308],[-72.57162,-45.31767],[-72.56648,-45.35278],[-72.56624,-45.38808],[-72.57091,-45.42322],[-72.58047,-45.45788],[-72.59482,-45.4917],[-72.61384,-45.52437],[-72.63735,-45.55556],[-72.66512,-45.58498],[-72.6844,-45.60158],[-72.6645,-45.61085],[-72.6255,-45.63315],[-72.58977,-45.658],[-72.55766,-45.68519],[-72.52947,-45.71445],[-72.50548,-45.74549],[-72.48593,-45.77803],[-72.47102,-45.81175],[-72.46089,-45.84634],[-72.45565,-45.88144],[-72.45535,-45.91674],[-72.46003,-45.95189],[-72.46962,-45.98655],[-72.48407,-46.02038],[-72.50322,-46.05307],[-72.52691,-46.08428],[-72.5549,-46.11371],[-72.58695,-46.14109],[-72.62272,-46.16614],[-72.6619,-46.18862]]}},
{"type":"Feature","properties":{"distance":40.0},"geometry":{"type":"LineString","coordinates":[[-69.81183,-55.21605],[-69.85805,-55.23942],[-69.90811,-55.26007],[-69.96152,-55.2778],[-70.01775,-55.29243],[-70.07627,-55.30381],[-70.13648,-55.31183],[-70.1978,-55.31642],[-70.25962,-55.31753],[-70.32132,-55.31515],[-70.38231,-55.3093],[-70.44196,-55.30004],[-70.49971,-55.28746],[-70.55497,-55.27168],[-70.60721,-55.25287],[-70.65592,-55.2312],[-70.70062,-55.2069],[-70.74089,-55.18019],[-70.77633,-55.15134],[-70.80661,-55.12063],[-70.83146,-55.08837],[-70.85063,-55.05486],[-70.86397,-55.02043],[-70.87135,-54.98542],[-70.87271,-54.95016],[-70.86808,-54.91499],[-70.85749,-54.88025],[-70.84107,-54.84628],[-70.81899,-54.81339],[-70.79148,-54.7819],[-70.7588,-54.75212],[-70.72129,-54.72432],[-70.6793,-54.69876],[-70.63323,-54.6757],[-70.58354,-54.65534],[-70.53069,-54.63788],[-70.47518,-54.62349],[-70.41754,-54.61229],[-70.35832,-54.6044],[-70.29806,-54.59988],[-70.23733,-54.59879],[-70.17671,-54.60112],[-70.11675,-54.60687],[-70.05804,-54.61597],[-70.0011,-54.62834],[-69.9465,-54.64386],[-69.89473,-54.66239],[-69.84629,-54.68375],[-69.80165,-54.70775],[-69.76123,-54.73415],[-69.72542,-54.7627],[-69.69458,-54.79314],[-69.669,-54.82517],[-69.64896,-54.8585],[-69.63464,-54.89279],[-69.6262,-54.92773],[-69.62374,-54.96298],[-69.62729,-54.99819],[-69.63685,-55.03304],[-69.65233,-55.06718],[-69.67359,-55.10027],[-69.70045,-55.13201],[-69.73265,-55.16208],[-69.7699,-55.19018],[-69.81183,-55.21605]]}},
{"type":"Feature","properties":{"distance":40.0},"geometry":{"type":"LineString","coordinates":[[-69.69196,-52.25741],[-69.73496,-52.28085],[-69.78154,-52.30157],[-69.83126,-52.31938],[-69.88361,-52.33408],[-69.9381,-52.34555],[-69.99418,-52.35367],[-70.0513,-52.35836],[-70.10891,-52.35956],[-70.16642,-52.35727],[-70.22328,-52.35152],[-70.27893,-52.34236],[-70.33281,-52.32987],[-70.38439,-52.31419],[-70.43318,-52.29546],[-70.4787,-52.27387],[-70.5205,-52.24964],[-70.55819,-52.223],[-70.59139,-52.19421],[-70.61981,-52.16354],[-70.64316,-52.13131],[-70.66124,-52.09783],[-70.67387,-52.06341],[-70.68096,-52.0284],[-70.68245,-51.99312],[-70.67832,-51.95792],[-70.66865,-51.92315],[-70.65353,-51.88912],[-70.63312,-51.85617],[-70.60762,-51.82461],[-70.57729,-51.79475],[-70.54243,-51.76686],[-70.50337,-51.74121],[-70.4605,-51.71805],[-70.41422,-51.69759],[-70.36497,-51.68002],[-70.31322,-51.66552],[-70.25946,-51.65422],[-70.20421,-51.64622],[-70.14797,-51.64161],[-70.09128,-51.64042],[-70.03467,-51.64266],[-69.97867,-51.64832],[-69.92382,-51.65734],[-69.87062,-51.66964],[-69.81959,-51.6851],[-69.7712,-51.70357],[-69.72591,-51.72488],[-69.68416,-51.74884],[-69.64635,-51.7752],[-69.61284,-51.80373],[-69.58397,-51.83415],[-69.56001,-51.86617],[-69.5412,-51.89949],[-69.52774,-51.93379],[-69.51977,-51.96874],[-69.51737,-52.004],[-69.52059,-52.03924],[-69.52939,-52.07411],[-69.54373,-52.10828],[-69.56345,-52.14142],[-69.5884,-52.1732],[-69.61833,-52.20332],[-69.65296,-52.23148],[-69.69196,-52.25741]]}},
{"type":"Feature","properties":{"distance":40.0},"geometry":{"type":"LineString","coordinates":[[-68.38474,-27.44303],[-68.42207,-27.45513],[-68.46056,-27.4639],[-68.49984,-27.46924],[-68.53951,-27.47112],[-68.5792,-27.4695],[-68.61852,-27.46442],[-68.63177,-27.46149],[-68.66738,-27.4663],[-68.70705,-27.46812],[-68.74674,-27.46646],[-68.78605,-27.46133],[-68.80038,-27.45815],[-68.81696,-27.45745],[-68.85627,-27.45229],[-68.89481,-27.44372],[-68.93222,-27.4318],[-68.96812,-27.41666],[-69.00219,-27.39844],[-69.03407,-27.37733],[-69.06347,-27.35352],[-69.0901,-27.32725],[-69.11371,-27.29876],[-69.13407,-27.26835],[-69.15098,-27.23629],[-69.16429,-27.20291],[-69.17387,-27.16852],[-69.17963,-27.13346],[-69.18151,-27.09806],[-69.17951,-27.06266],[-69.17365,-27.02761],[-69.16399,-26.99325],[-69.15061,-26.95989],[-69.13367,-26.92787],[-69.11331,-26.89749],[-69.08974,-26.86904],[-69.06318,-26.84279],[-69.0339,-26.819],[-69.00217,-26.79789],[-68.9683,-26.77967],[-68.93262,-26.7645],[-68.89545,-26.75254],[-68.85717,-26.74389],[-68.81813,-26.73865],[-68.77871,-26.73685],[-68.73928,-26.73853],[-68.70022,-26.74365],[-68.68597,-26.74682],[-68.6695,-26.74751],[-68.63043,-26.75261],[-68.61726,-26.75554],[-68.58188,-26.75072],[-68.54246,-26.74886],[-68.53729,-26.74908],[-68.51732,-26.73567],[-68.48355,-26.71733],[-68.44795,-26.70205],[-68.41085,-26.68996],[-68.37263,-26.68118],[-68.33363,-26.67581],[-68.29424,-26.67388],[-68.25483,-26.67541],[-68.21577,-26.6804],[-68.17745,-26.6888],[-68.14021,-26.70052],[-68.10442,-26.71545],[-68.07043,-26.73345],[-68.03855,-26.75435],[-68.0091,-26.77794],[-67.98235,-26.80401],[-67.95856,-26.8323],[-67.93797,-26.86255],[-67.92078,-26.89445],[-67.90714,-26.92771],[-67.8972,-26.96201],[-67.89106,-26.99702],[-67.88877,-27.03239],[-67.89036,-27.0678],[-67.89582,-27.1029],[-67.90511,-27.13734],[-67.91813,-27.17081],[-67.93477,-27.20297],[-67.95486,-27.23352],[-67.97821,-27.26215],[-68.0046,-27.2886],[-68.03378,-27.3126],[-68.06547,-27.33393],[-68.09936,-27.35237],[-68.13511,-27.36774],[-68.17239,-27.37991],[-68.21084,-27.38874],[-68.25007,-27.39416],[-68.28971,-27.3961],[-68.29491,-27.3959],[-68.31497,-27.40934],[-68.34892,-27.42772],[-68.38474,-27.44303]]}},
{"type":"Feature","properties":{"distance":40.0},"geometry":{"type":"LineString","coordinates":[[-68.43423,-25.7472],[-68.47103,-25.75928],[-68.50896,-25.76802],[-68.54767,-25.77335],[-68.58676,-25.77521],[-68.62587,-25.77357],[-68.66461,-25.76846],[-68.7026,-25.75993],[-68.73948,-25.74806],[-68.77489,-25.73297],[-68.80849,-25.71479],[-68.83995,-25.69371],[-68.86896,-25.66994],[-68.89525,-25.64369],[-68.91857,-25.61524],[-68.93868,-25.58484],[-68.95541,-25.5528],[-68.96858,-25.51943],[-68.97808,-25.48505],[-68.98381,-25.44998],[-68.98573,-25.41458],[-68.98382,-25.37917],[-68.97811,-25.3441],[-68.96864,-25.30972],[-68.95551,-25.27634],[-68.93886,-25.24428],[-68.91884,-25.21387],[-68.90548,-25.19746],[-68.90694,-25.17078],[-68.90505,-25.13537],[-68.89937,-25.1003],[-68.88994,-25.06591],[-68.87686,-25.03252],[-68.86026,-25.00046],[-68.8403,-24.97003],[-68.83087,-24.9584],[-68.83943,-24.94981],[-68.86262,-24.92136],[-68.88264,-24.89097],[-68.89928,-24.85894],[-68.91239,-24.82556],[-68.92186,-24.79118],[-68.92757,-24.75612],[-68.9295,-24.72071],[-68.92761,-24.6853],[-68.92194,-24.65023],[-68.91254,-24.61583],[-68.8995,-24.58244],[-68.88296,-24.55038],[-68.86306,-24.51996],[-68.84002,-24.49146],[-68.81404,-24.46516],[-68.78538,-24.44131],[-68.75431,-24.42014],[-68.72114,-24.40186],[-68.68618,-24.38663],[-68.64977,-24.37461],[-68.63822,-24.37193],[-68.63767,-24.36104],[-68.63209,-24.32595],[-68.62279,-24.29154],[-68.60986,-24.25813],[-68.59343,-24.22603],[-68.57366,-24.19557],[-68.55073,-24.16703],[-68.52488,-24.14068],[-68.49635,-24.11678],[-68.46541,-24.09555],[-68.43236,-24.07721],[-68.42836,-24.07545],[-68.4207,-24.05554],[-68.40434,-24.02343],[-68.38464,-23.99294],[-68.3618,-23.96437],[-68.33602,-23.93799],[-68.30757,-23.91406],[-68.27671,-23.89279],[-68.24374,-23.87441],[-68.20898,-23.85908],[-68.17277,-23.84694],[-68.14948,-23.84144],[-68.15083,-23.81899],[-68.14917,-23.78357],[-68.14374,-23.74847],[-68.13461,-23.71403],[-68.12186,-23.68058],[-68.10747,-23.65209],[-68.10695,-23.64079],[-68.10154,-23.60569],[-68.09336,-23.57477],[-68.09212,-23.54814],[-68.08672,-23.51303],[-68.08607,-23.51057],[-68.08857,-23.50577],[-68.10175,-23.47247],[-68.11132,-23.43813],[-68.11719,-23.40309],[-68.11931,-23.36769],[-68.11766,-23.33227],[-68.11226,-23.29717],[-68.10316,-23.26272],[-68.09046,-23.22927],[-68.07428,-23.19712],[-68.05477,-23.16659],[-68.04659,-23.15624],[-68.06154,-23.14982],[-68.09454,-23.13178],[-68.12547,-23.11083],[-68.15402,-23.08718],[-68.17992,-23.06104],[-68.20291,-23.03268],[-68.22278,-23.00237],[-68.23934,-22.97039],[-68.25242,-22.93707],[-68.26191,-22.90272],[-68.26771,-22.86767],[-68.26978,-22.83226],[-68.26874,-22.81036],[-68.27361,-22.79268],[-68.27941,-22.75763],[-68.28147,-22.72222],[-68.27978,-22.6868],[-68.27436,-22.6517],[-68.26526,-22.61726],[-68.25257,-22.58382],[-68.2406,-22.56],[-68.24099,-22.55331],[-68.23931,-22.51788],[-68.2339,-22.48278],[-68.22482,-22.44834],[-68.21216,-22.41489],[-68.19604,-22.38275],[-68.17661,-22.35224],[-68.15408,-22.32364],[-68.12865,-22.29724],[-68.10057,-22.27327],[-68.0701,-22.25197],[-68.03756,-22.23355],[-68.00323,-22.21819],[-67.96747,-22.20602],[-67.93059,-22.19716],[-67.89297,-22.19171],[-67.85496,-22.18971],[-67.81692,-22.19117],[-67.77921,-22.1961],[-67.7422,-22.20443],[-67.70625,-22.2161],[-67.67168,-22.23098],[-67.63884,-22.24893],[-67.60804,-22.26979],[-67.57958,-22.29336],[-67.55373,-22.3194],[-67.53073,-22.34767],[-67.51081,-22.3779],[-67.49417,-22.40979],[-67.48096,-22.44305],[-67.47132,-22.47735],[-67.46534,-22.51236],[-67.46307,-22.54775],[-67.46455,-22.58318],[-67.46977,-22.6183],[-67.47867,-22.65277],[-67.49117,-22.68627],[-67.50302,-22.71014],[-67.50259,-22.71683],[-67.50351,-22.73873],[-67.49854,-22.75638],[-67.49255,-22.79139],[-67.49141,-22.80915],[-67.45719,-22.82376],[-67.42418,-22.84166],[-67.39321,-22.86247],[-67.36459,-22.88598],[-67.33857,-22.91198],[-67.31543,-22.94021],[-67.29537,-22.9704],[-67.2786,-23.00227],[-67.26528,-23.0355],[-67.25553,-23.06978],[-67.24945,-23.10477],[-67.24711,-23.14015],[-67.24845,-23.17336],[-67.24521,-23.18142],[-67.23544,-23.21569],[-67.22935,-23.25069],[-67.227,-23.28607],[-67.22841,-23.32149],[-67.23358,-23.35661],[-67.24246,-23.39109],[-67.25495,-23.42461],[-67.27096,-23.45683],[-67.2819,-23.47415],[-67.26567,-23.4874],[-67.23951,-23.51337],[-67.21623,-23.54157],[-67.19606,-23.57174],[-67.17918,-23.60359],[-67.16576,-23.6368],[-67.15593,-23.67107],[-67.14979,-23.70606],[-67.1474,-23.74143],[-67.14879,-23.77685],[-67.15394,-23.81197],[-67.16282,-23.84646],[-67.17533,-23.87998],[-67.19136,-23.91221],[-67.21076,-23.94284],[-67.23334,-23.97157],[-67.25889,-23.99812],[-67.28716,-24.02224],[-67.31787,-24.0437],[-67.35074,-24.06228],[-67.36926,-24.07057],[-67.37417,-24.08364],[-67.39027,-24.11585],[-67.40975,-24.14645],[-67.43241,-24.17516],[-67.45804,-24.20168],[-67.48639,-24.22577],[-67.51719,-24.24719],[-67.55013,-24.26573],[-67.58492,-24.28122],[-67.62119,-24.29349],[-67.65862,-24.30244],[-67.68285,-24.30595],[-67.69102,-24.32751],[-67.70723,-24.35969],[-67.72682,-24.39026],[-67.74959,-24.41892],[-67.77534,-24.4454],[-67.8038,-24.46943],[-67.83471,-24.49079],[-67.86777,-24.50927],[-67.87178,-24.51104],[-67.87937,-24.53097],[-67.89566,-24.56314],[-67.91532,-24.59368],[-67.93818,-24.62232],[-67.964,-24.64877],[-67.99255,-24.67277],[-68.02354,-24.69409],[-68.05668,-24.71252],[-68.09165,-24.7279],[-68.12811,-24.74005],[-68.13968,-24.74277],[-68.14019,-24.75367],[-68.14479,-24.78328],[-68.11688,-24.80193],[-68.08793,-24.82556],[-68.06165,-24.85166],[-68.03829,-24.87999],[-68.01807,-24.91026],[-68.0012,-24.94219],[-67.98783,-24.97548],[-67.97809,-25.00979],[-67.97209,-25.04482],[-67.96989,-25.08021],[-67.9715,-25.11562],[-67.97692,-25.15072],[-67.9861,-25.18517],[-67.99895,-25.21863],[-68.01535,-25.25078],[-68.03515,-25.28132],[-68.05815,-25.30994],[-68.08414,-25.33636],[-68.11286,-25.36034],[-68.1262,-25.36946],[-68.13168,-25.40468],[-68.14092,-25.43912],[-68.15384,-25.47257],[-68.17031,-25.50471],[-68.19019,-25.53522],[-68.21328,-25.56382],[-68.23935,-25.59022],[-68.24289,-25.59316],[-68.25608,-25.61337],[-68.27919,-25.64195],[-68.3053,-25.66834],[-68.33415,-25.69228],[-68.36546,-25.71354],[-68.39893,-25.7319],[-68.43423,-25.7472]]}},
{"type":"Feature","properties":{"distance":40.0},"geometry":{"type":"LineString","coordinates":[[-68.84706,-21.05264],[-68.85628,-21.01825],[-68.86185,-20.98317],[-68.86345,-20.95319],[-68.87872,-20.93388],[-68.89815,-20.90347],[-68.91431,-20.87141],[-68.92704,-20.83802],[-68.93622,-20.80362],[-68.94177,-20.76854],[-68.94363,-20.73311],[-68.9418,-20.69768],[-68.93628,-20.66259],[-68.92714,-20.62818],[-68.91446,-20.59478],[-68.89838,-20.56271],[-68.87904,-20.53227],[-68.85664,-20.50376],[-68.83138,-20.47746],[-68.80352,-20.45361],[-68.77333,-20.43244],[-68.74108,-20.41416],[-68.7071,-20.39894],[-68.6717,-20.38693],[-68.63523,-20.37824],[-68.59804,-20.37295],[-68.56047,-20.37112],[-68.5229,-20.37276],[-68.48567,-20.37786],[-68.44916,-20.38637],[-68.41369,-20.3982],[-68.37962,-20.41325],[-68.34728,-20.43137],[-68.31696,-20.45238],[-68.28897,-20.47609],[-68.26357,-20.50226],[-68.241,-20.53065],[-68.22149,-20.56099],[-68.20523,-20.59298],[-68.19236,-20.62631],[-68.18302,-20.66067],[-68.17731,-20.69573],[-68.17558,-20.72569],[-68.16024,-20.74494],[-68.14068,-20.77527],[-68.12437,-20.80725],[-68.11147,-20.84057],[-68.1021,-20.87493],[-68.09635,-20.90998],[-68.09429,-20.94539],[-68.09452,-20.95028],[-68.06932,-20.95607],[-68.03369,-20.96782],[-67.99946,-20.98278],[-67.96695,-21.00082],[-67.93647,-21.02176],[-67.90831,-21.0454],[-67.88274,-21.07151],[-67.86002,-21.09984],[-67.84036,-21.13012],[-67.82394,-21.16207],[-67.81094,-21.19537],[-67.80148,-21.2297],[-67.79564,-21.26474],[-67.7935,-21.30014],[-67.79507,-21.33557],[-67.80033,-21.37069],[-67.80925,-21.40515],[-67.82174,-21.43862],[-67.83768,-21.47079],[-67.85692,-21.50134],[-67.87927,-21.52998],[-67.90453,-21.55642],[-67.92486,-21.5739],[-67.91947,-21.5806],[-67.91503,-21.58742],[-67.90458,-21.59806],[-67.88178,-21.62639],[-67.86204,-21.65667],[-67.84557,-21.68861],[-67.83252,-21.72191],[-67.82302,-21.75624],[-67.81716,-21.79127],[-67.81501,-21.82667],[-67.81658,-21.8621],[-67.82186,-21.89722],[-67.83081,-21.93168],[-67.84335,-21.96515],[-67.85934,-21.99732],[-67.87865,-22.02787],[-67.90108,-22.0565],[-67.92643,-22.08294],[-67.95444,-22.10694],[-67.98486,-22.12825],[-68.01737,-22.14668],[-68.05168,-22.16205],[-68.08745,-22.1742],[-68.12432,-22.18301],[-68.16195,-22.18842],[-68.18456,-22.18956],[-68.21172,-22.20491],[-68.24606,-22.22023],[-68.28186,-22.23234],[-68.31877,-22.24112],[-68.35642,-22.24647],[-68.39446,-22.24836],[-68.43252,-22.24676],[-68.47022,-22.24168],[-68.5072,-22.23318],[-68.5431,-22.22134],[-68.57758,-22.20627],[-68.61029,-22.18812],[-68.64093,-22.16706],[-68.6692,-22.14331],[-68.69482,-22.11708],[-68.71755,-22.08864],[-68.73717,-22.05825],[-68.75349,-22.02622],[-68.76636,-21.99285],[-68.77565,-21.95846],[-68.78128,-21.92338],[-68.7832,-21.88796],[-68.78139,-21.85254],[-68.77587,-21.81745],[-68.7667,-21.78304],[-68.75397,-21.74963],[-68.73779,-21.71754],[-68.71834,-21.68709],[-68.69579,-21.65856],[-68.67038,-21.63224],[-68.64233,-21.60836],[-68.61192,-21.58717],[-68.57945,-21.56886],[-68.57654,-21.56756],[-68.57914,-21.56696],[-68.61487,-21.5551],[-68.64918,-21.54001],[-68.68173,-21.52184],[-68.71222,-21.50077],[-68.74034,-21.477],[-68.76583,-21.45076],[-68.78844,-21.4223],[-68.80795,-21.3919],[-68.82418,-21.35986],[-68.83697,-21.32648],[-68.8462,-21.29208],[-68.85179,-21.257],[-68.85368,-21.22158],[-68.85186,-21.18615],[-68.84635,-21.15106],[-68.8372,-21.11665],[-68.82931,-21.09589],[-68.8343,-21.08603],[-68.84706,-21.05264]]}},
{"type":"Feature","properties":{"distance":40.0},"geometry":{"type":"LineString","coordinates":[[-68.589,-19.42405],[-68.61898,-19.44525],[-68.65102,-19.46355],[-68.6848,-19.47878],[-68.71999,-19.49079],[-68.75627,-19.49946],[-68.79326,-19.50471],[-68.83063,-19.50649],[-68.86799,-19.50478],[-68.905,-19.4996],[-68.94129,-19.491],[-68.97652,-19.47905],[-69.01033,-19.46389],[-69.0424,-19.44565],[-69.07243,-19.4245],[-69.10012,-19.40067],[-69.12521,-19.37437],[-69.14745,-19.34586],[-69.16664,-19.31541],[-69.18258,-19.28333],[-69.19512,-19.24991],[-69.20416,-19.21549],[-69.20959,-19.18039],[-69.21138,-19.14496],[-69.2095,-19.10953],[-69.20431,-19.0765],[-69.23047,-19.06469],[-69.26245,-19.04641],[-69.29237,-19.02523],[-69.31997,-19.00136],[-69.34496,-18.97503],[-69.36711,-18.94649],[-69.38621,-18.91603],[-69.40207,-18.88392],[-69.41454,-18.85049],[-69.42351,-18.81606],[-69.42889,-18.78095],[-69.43062,-18.74552],[-69.42871,-18.71009],[-69.42316,-18.67501],[-69.41403,-18.64061],[-69.40579,-18.61881],[-69.42445,-18.58897],[-69.44027,-18.55686],[-69.45271,-18.52343],[-69.46166,-18.48899],[-69.46586,-18.46148],[-69.47592,-18.46288],[-69.51306,-18.46452],[-69.55019,-18.46268],[-69.58695,-18.45736],[-69.62298,-18.44862],[-69.65793,-18.43655],[-69.69147,-18.42127],[-69.72327,-18.40291],[-69.75303,-18.38166],[-69.78046,-18.35773],[-69.80528,-18.33134],[-69.82728,-18.30275],[-69.84622,-18.27224],[-69.86194,-18.2401],[-69.87428,-18.20664],[-69.88313,-18.17218],[-69.8884,-18.13707],[-69.89004,-18.10163],[-69.88786,-18.0651],[-69.91886,-18.05432],[-69.9523,-18.03899],[-69.98401,-18.0206],[-70.01367,-17.99931],[-70.041,-17.97534],[-70.06574,-17.94892],[-70.08764,-17.92031],[-70.1065,-17.88977],[-70.12214,-17.85761],[-70.13441,-17.82414],[-70.14319,-17.78968],[-70.1484,-17.75455],[-70.14999,-17.71911],[-70.14795,-17.68369],[-70.1423,-17.64863],[-70.13309,-17.61427],[-70.12042,-17.58094],[-70.10441,-17.54896],[-70.08522,-17.51864],[-70.06303,-17.49026],[-70.03805,-17.46411],[-70.01053,-17.44042],[-69.98074,-17.41944],[-69.94894,-17.40135],[-69.91546,-17.38634],[-69.88062,-17.37454],[-69.84474,-17.36608],[-69.80817,-17.36102],[-69.77126,-17.35943],[-69.73436,-17.36131],[-69.69784,-17.36665],[-69.66203,-17.37539],[-69.62728,-17.38745],[-69.59392,-17.40273],[-69.56228,-17.42106],[-69.53265,-17.44228],[-69.50533,-17.46618],[-69.48057,-17.49253],[-69.45862,-17.52108],[-69.43968,-17.55155],[-69.42394,-17.58366],[-69.41155,-17.6171],[-69.40264,-17.65153],[-69.39729,-17.68664],[-69.39555,-17.72208],[-69.39762,-17.75862],[-69.36664,-17.76931],[-69.33319,-17.78454],[-69.30145,-17.80283],[-69.27129,-17.8244],[-69.25229,-17.81791],[-69.21635,-17.80933],[-69.17971,-17.80417],[-69.14271,-17.80245],[-69.10572,-17.80422],[-69.06908,-17.80944],[-69.03315,-17.81807],[-68.99827,-17.83003],[-68.96478,-17.8452],[-68.933,-17.86343],[-68.90323,-17.88455],[-68.87575,-17.90836],[-68.85084,-17.93464],[-68.82873,-17.96311],[-68.80964,-17.99353],[-68.79375,-18.02559],[-68.78122,-18.05898],[-68.77216,-18.09339],[-68.76667,-18.12847],[-68.7648,-18.16391],[-68.76658,-18.19935],[-68.77061,-18.22555],[-68.75621,-18.24844],[-68.74029,-18.28049],[-68.72772,-18.31388],[-68.71864,-18.34828],[-68.71313,-18.38337],[-68.71125,-18.4188],[-68.71301,-18.45424],[-68.71841,-18.48934],[-68.72739,-18.52377],[-68.73554,-18.54561],[-68.71677,-18.57538],[-68.70081,-18.60743],[-68.68821,-18.64081],[-68.6791,-18.67521],[-68.67357,-18.71029],[-68.67168,-18.74572],[-68.67344,-18.78116],[-68.67852,-18.81421],[-68.65235,-18.82593],[-68.62036,-18.84411],[-68.59038,-18.86518],[-68.5627,-18.88894],[-68.5376,-18.91516],[-68.51532,-18.9436],[-68.49606,-18.97398],[-68.48002,-19.006],[-68.46734,-19.03937],[-68.45817,-19.07376],[-68.45258,-19.10883],[-68.45063,-19.14426],[-68.45234,-19.17969],[-68.45771,-19.2148],[-68.46667,-19.24924],[-68.47915,-19.28267],[-68.49502,-19.31479],[-68.51414,-19.34527],[-68.53632,-19.37382],[-68.56136,-19.40017],[-68.589,-19.42405]]}},
{"type":"Feature","properties":{"distance":40.0},"geometry":{"type":"LineString","coordinates":[[-55.09311,-63.77237],[-55.13888,-63.80096],[-55.19087,-63.82741],[-55.24857,-63.85146],[-55.31143,-63.87287],[-55.37885,-63.89143],[-55.45015,-63.90696],[-55.52463,-63.9193],[-55.60156,-63.92832],[-55.68018,-63.93394],[-55.75968,-63.9361],[-55.83929,-63.93478],[-55.9182,-63.92999],[-55.99563,-63.92177],[-56.0708,-63.91021],[-56.14297,-63.89542],[-56.21141,-63.87756],[-56.27546,-63.85679],[-56.33449,-63.83333],[-56.38792,-63.8074],[-56.43525,-63.77926],[-56.47602,-63.7492],[-56.50985,-63.7175],[-56.53644,-63.68448],[-56.55555,-63.65045],[-56.56702,-63.61576],[-56.57078,-63.58073],[-56.5668,-63.54571],[-56.55517,-63.51103],[-56.53601,-63.47703],[-56.50954,-63.44402],[-56.47603,-63.41234],[-56.43584,-63.38226],[-56.38935,-63.35408],[-56.33702,-63.32807],[-56.27937,-63.30447],[-56.21695,-63.2835],[-56.15035,-63.26536],[-56.0802,-63.25021],[-56.00716,-63.23819],[-55.93191,-63.22942],[-55.85516,-63.22398],[-55.77762,-63.22192],[-55.7,-63.22325],[-55.62303,-63.22797],[-55.54742,-63.23603],[-55.47388,-63.24734],[-55.40308,-63.26182],[-55.3357,-63.27932],[-55.27236,-63.29968],[-55.21367,-63.3227],[-55.16019,-63.34818],[-55.11242,-63.37587],[-55.07084,-63.40552],[-55.03586,-63.43684],[-55.00782,-63.46954],[-54.98702,-63.50331],[-54.97369,-63.53782],[-54.96798,-63.57275],[-54.96996,-63.60776],[-54.97966,-63.64252],[-54.99699,-63.67669],[-55.02184,-63.70993],[-55.05397,-63.74193],[-55.09311,-63.77237]]}},
{"type":"Feature","properties":{"distance":40.0},"geometry":{"type":"LineString","coordinates":[[-60.00843,-63.17581],[-60.05824,-63.20281],[-60.11375,-63.22746],[-60.17445,-63.24951],[-60.23974,-63.26874],[-60.30898,-63.28497],[-60.38149,-63.29802],[-60.45656,-63.30778],[-60.53342,-63.31414],[-60.61133,-63.31704],[-60.6895,-63.31644],[-60.76715,-63.31237],[-60.8435,-63.30484],[-60.9178,-63.29395],[-60.9893,-63.27979],[-61.0573,-63.26252],[-61.12112,-63.24229],[-61.18014,-63.21932],[-61.2338,-63.19382],[-61.28156,-63.16606],[-61.32298,-63.13629],[-61.35767,-63.10483],[-61.38532,-63.07197],[-61.40567,-63.03804],[-61.41856,-63.00336],[-61.42388,-62.96827],[-61.42162,-62.93312],[-61.41181,-62.89824],[-61.39459,-62.86396],[-61.37014,-62.83061],[-61.33872,-62.79852],[-61.30065,-62.76798],[-61.25631,-62.73928],[-61.20614,-62.7127],[-61.15062,-62.68849],[-61.09029,-62.66686],[-61.02573,-62.64804],[-60.95754,-62.63218],[-60.88638,-62.61944],[-60.81289,-62.60993],[-60.73777,-62.60375],[-60.66173,-62.60095],[-60.58546,-62.60156],[-60.50967,-62.60557],[-60.43506,-62.61294],[-60.36234,-62.6236],[-60.29218,-62.63746],[-60.22524,-62.65439],[-60.16214,-62.67422],[-60.10348,-62.69677],[-60.04983,-62.72183],[-60.00169,-62.74917],[-59.95955,-62.77853],[-59.9238,-62.80963],[-59.89481,-62.84217],[-59.87288,-62.87585],[-59.85824,-62.91035],[-59.85106,-62.94534],[-59.85143,-62.98048],[-59.85937,-63.01543],[-59.87485,-63.04986],[-59.89772,-63.08344],[-59.9278,-63.11583],[-59.96482,-63.14672],[-60.00843,-63.17581]]}},
{"type":"Feature","properties":{"distance":40.0},"geometry":{"type":"LineString","coordinates":[[-57.80428,-62.63431],[-57.85677,-62.65977],[-57.91452,-62.68272],[-57.97698,-62.70293],[-58.04353,-62.7202],[-58.11352,-62.73436],[-58.18626,-62.74527],[-58.26102,-62.75282],[-58.33707,-62.75693],[-58.41364,-62.75756],[-58.48997,-62.75471],[-58.5653,-62.7484],[-58.63888,-62.73869],[-58.70997,-62.72568],[-58.77787,-62.70951],[-58.84191,-62.69033],[-58.90147,-62.66832],[-58.95595,-62.64372],[-59.00483,-62.61676],[-59.04766,-62.58771],[-59.08402,-62.55685],[-59.11357,-62.52448],[-59.13606,-62.49093],[-59.15128,-62.45652],[-59.15912,-62.42159],[-59.15952,-62.38647],[-59.1525,-62.35149],[-59.13817,-62.31701],[-59.11667,-62.28334],[-59.08825,-62.25081],[-59.05318,-62.21973],[-59.01184,-62.19039],[-58.96462,-62.16308],[-58.91199,-62.13804],[-58.85445,-62.11551],[-58.79255,-62.09571],[-58.72689,-62.07882],[-58.67816,-62.06903],[-58.67539,-62.05397],[-58.66171,-62.01945],[-58.64094,-61.98572],[-58.61328,-61.95311],[-58.57903,-61.92193],[-58.53854,-61.89247],[-58.4922,-61.86501],[-58.44046,-61.83981],[-58.38383,-61.81711],[-58.32285,-61.79712],[-58.2581,-61.78002],[-58.19019,-61.76598],[-58.11976,-61.75512],[-58.04746,-61.74755],[-57.97397,-61.74334],[-57.89998,-61.74252],[-57.82617,-61.74511],[-57.75323,-61.75107],[-57.68184,-61.76035],[-57.61266,-61.77287],[-57.54634,-61.78851],[-57.48351,-61.80712],[-57.42475,-61.82853],[-57.37063,-61.85253],[-57.32166,-61.8789],[-57.27832,-61.9074],[-57.24102,-61.93775],[-57.21015,-61.96967],[-57.18601,-62.00286],[-57.16886,-62.03699],[-57.15887,-62.07175],[-57.15618,-62.1068],[-57.16084,-62.14181],[-57.17282,-62.17643],[-57.19203,-62.21034],[-57.21831,-62.2432],[-57.25144,-62.27469],[-57.2911,-62.30451],[-57.33693,-62.33237],[-57.3885,-62.35798],[-57.44531,-62.3811],[-57.50681,-62.4015],[-57.5724,-62.41898],[-57.62129,-62.42916],[-57.62353,-62.44423],[-57.63614,-62.47883],[-57.65605,-62.51269],[-57.6831,-62.54548],[-57.71703,-62.57688],[-57.75755,-62.60659],[-57.80428,-62.63431]]}},
{"type":"Feature","properties":{"distance":5.0},"geometry":{"type":"LineString","coordinates":[[-73.11309,-45.13085],[-73.11705,-45.13426],[-73.12147,-45.13737],[-73.12629,-45.14016],[-73.13148,-45.14261],[-73.13698,-45.14468],[-73.14275,-45.14636],[-73.14872,-45.14763],[-73.15483,-45.14848],[-73.16104,-45.1489],[-73.16727,-45.14889],[-73.17347,-45.14845],[-73.17959,-45.14757],[-73.18555,-45.14628],[-73.1913,-45.14458],[-73.19679,-45.14249],[-73.20196,-45.14003],[-73.20676,-45.13722],[-73.21116,-45.13409],[-73.2151,-45.13068],[-73.21854,-45.127],[-73.22146,-45.1231],[-73.22383,-45.11902],[-73.22562,-45.1148],[-73.22681,-45.11047],[-73.2274,-45.10608],[-73.22738,-45.10167],[-73.22675,-45.09728],[-73.22552,-45.09296],[-73.22369,-45.08874],[-73.22129,-45.08467],[-73.21834,-45.08079],[-73.21486,-45.07713],[-73.2109,-45.07372],[-73.20648,-45.07061],[-73.20166,-45.06783],[-73.19648,-45.06539],[-73.19098,-45.06332],[-73.18401,-45.06138],[-73.17315,-45.05952],[-73.16696,-45.0591],[-73.16073,-45.05911],[-73.15454,-45.05955],[-73.14844,-45.06042],[-73.14249,-45.06171],[-73.13674,-45.06341],[-73.13126,-45.0655],[-73.12609,-45.06795],[-73.12129,-45.07076],[-73.11689,-45.07388],[-73.11295,-45.0773],[-73.1095,-45.08097],[-73.10658,-45.08487],[-73.1042,-45.08894],[-73.1024,-45.09317],[-73.1012,-45.0975],[-73.1006,-45.10189],[-73.10061,-45.1063],[-73.10123,-45.11069],[-73.10246,-45.11501],[-73.10427,-45.11923],[-73.10667,-45.1233],[-73.10962,-45.12719],[-73.11309,-45.13085]]}},
{"type":"Feature","properties":{"distance":5.0},"geometry":{"type":"LineString","coordinates":[[-72.94099,-45.08819],[-72.94539,-45.09131],[-72.9502,-45.09411],[-72.95538,-45.09656],[-72.96088,-45.09864],[-72.96663,-45.10033],[-72.97259,-45.10161],[-72.9787,-45.10247],[-72.9849,-45.1029],[-72.99113,-45.1029],[-72.99733,-45.10247],[-73.00344,-45.1016],[-73.0094,-45.10032],[-73.01515,-45.09863],[-73.02064,-45.09655],[-73.02582,-45.09409],[-73.03063,-45.09129],[-73.03503,-45.08817],[-73.03898,-45.08476],[-73.04243,-45.08109],[-73.04536,-45.0772],[-73.04774,-45.07312],[-73.04954,-45.0689],[-73.05075,-45.06457],[-73.05135,-45.06018],[-73.05135,-45.05577],[-73.05073,-45.05138],[-73.04951,-45.04705],[-73.0477,-45.04283],[-73.04531,-45.03876],[-73.04237,-45.03487],[-73.03891,-45.0312],[-73.03496,-45.02779],[-73.03056,-45.02468],[-73.02575,-45.02188],[-73.02057,-45.01943],[-73.01509,-45.01735],[-73.00934,-45.01567],[-73.00339,-45.01439],[-72.99729,-45.01353],[-72.9911,-45.0131],[-72.98488,-45.0131],[-72.97869,-45.01353],[-72.97259,-45.01439],[-72.96664,-45.01567],[-72.96089,-45.01736],[-72.9554,-45.01944],[-72.95023,-45.02189],[-72.94542,-45.02469],[-72.94102,-45.02781],[-72.93707,-45.03122],[-72.93361,-45.03488],[-72.93068,-45.03877],[-72.92829,-45.04285],[-72.92648,-45.04707],[-72.92526,-45.0514],[-72.92465,-45.05579],[-72.92465,-45.0602],[-72.92525,-45.06459],[-72.92646,-45.06892],[-72.92827,-45.07314],[-72.93065,-45.07722],[-72.93358,-45.08111],[-72.93704,-45.08478],[-72.94099,-45.08819]]}},
{"type":"Feature","properties":{"distance":5.0},"geometry":{"type":"LineString","coordinates":[[-73.03232,-44.72521],[-73.0367,-44.72833],[-73.04149,-44.73113],[-73.04663,-44.73358],[-73.05209,-44.73566],[-73.05781,-44.73734],[-73.06374,-44.73862],[-73.06981,-44.73947],[-73.07597,-44.7399],[-73.08216,-44.7399],[-73.08832,-44.73946],[-73.09439,-44.73859],[-73.10031,-44.73731],[-73.10602,-44.73561],[-73.11148,-44.73353],[-73.11662,-44.73107],[-73.1214,-44.72827],[-73.12577,-44.72514],[-73.12968,-44.72173],[-73.13311,-44.71806],[-73.13602,-44.71416],[-73.13838,-44.71009],[-73.14016,-44.70586],[-73.14136,-44.70153],[-73.14195,-44.69714],[-73.14194,-44.69273],[-73.14132,-44.68834],[-73.14011,-44.68402],[-73.1383,-44.6798],[-73.13593,-44.67572],[-73.133,-44.67184],[-73.12956,-44.66817],[-73.12563,-44.66477],[-73.12125,-44.66165],[-73.11647,-44.65886],[-73.11132,-44.65641],[-73.10587,-44.65434],[-73.10016,-44.65266],[-73.09424,-44.65138],[-73.08818,-44.65053],[-73.08203,-44.6501],[-73.07585,-44.6501],[-73.0697,-44.65054],[-73.06364,-44.6514],[-73.05772,-44.65269],[-73.05201,-44.65438],[-73.04657,-44.65646],[-73.04143,-44.65891],[-73.03665,-44.66171],[-73.03228,-44.66483],[-73.02836,-44.66825],[-73.02493,-44.67191],[-73.02202,-44.67581],[-73.01965,-44.67988],[-73.01786,-44.6841],[-73.01665,-44.68843],[-73.01605,-44.69282],[-73.01605,-44.69723],[-73.01666,-44.70163],[-73.01787,-44.70595],[-73.01966,-44.71017],[-73.02203,-44.71425],[-73.02495,-44.71814],[-73.02839,-44.72181],[-73.03232,-44.72521]]}},
{"type":"Feature","properties":{"distance":5.0},"geometry":{"type":"LineString","coordinates":[[-72.82168,-44.10212],[-72.826,-44.10525],[-72.83072,-44.10805],[-72.83581,-44.11051],[-72.8412,-44.1126],[-72.84685,-44.1143],[-72.85271,-44.11559],[-72.85871,-44.11646],[-72.86481,-44.1169],[-72.87093,-44.11691],[-72.87703,-44.11649],[-72.88304,-44.11564],[-72.8889,-44.11436],[-72.89457,-44.11268],[-72.89997,-44.11061],[-72.90507,-44.10816],[-72.90981,-44.10537],[-72.91415,-44.10226],[-72.91804,-44.09885],[-72.92145,-44.09518],[-72.92434,-44.09129],[-72.92669,-44.08722],[-72.92848,-44.083],[-72.92968,-44.07867],[-72.93029,-44.07428],[-72.93029,-44.06987],[-72.9297,-44.06548],[-72.92852,-44.06115],[-72.92675,-44.05693],[-72.92442,-44.05285],[-72.92154,-44.04895],[-72.91815,-44.04528],[-72.91427,-44.04187],[-72.90996,-44.03874],[-72.90523,-44.03594],[-72.90015,-44.03348],[-72.89477,-44.03139],[-72.88912,-44.02969],[-72.88431,-44.02864],[-72.87727,-44.02754],[-72.87119,-44.02709],[-72.86507,-44.02709],[-72.85899,-44.02751],[-72.85299,-44.02836],[-72.84713,-44.02963],[-72.84147,-44.03131],[-72.83607,-44.03338],[-72.83098,-44.03582],[-72.82624,-44.03861],[-72.8219,-44.04172],[-72.81801,-44.04513],[-72.81459,-44.04879],[-72.8117,-44.05268],[-72.80934,-44.05675],[-72.80754,-44.06097],[-72.80633,-44.06529],[-72.80572,-44.06968],[-72.8057,-44.0741],[-72.80628,-44.07849],[-72.80746,-44.08282],[-72.80922,-44.08704],[-72.81155,-44.09113],[-72.81442,-44.09502],[-72.81781,-44.0987],[-72.82168,-44.10212]]}},
{"type":"Feature","properties":{"distance":5.0},"geometry":{"type":"LineString","coordinates":[[-72.74828,-43.22407],[-72.75253,-43.2272],[-72.75718,-43.23002],[-72.76218,-43.23248],[-72.7675,-43.23458],[-72.77306,-43.23628],[-72.77883,-43.23758],[-72.78475,-43.23846],[-72.794,-43.23892],[-72.8028,-43.23851],[-72.80872,-43.23766],[-72.81451,-43.2364],[-72.82009,-43.23472],[-72.82542,-43.23265],[-72.83045,-43.23021],[-72.83513,-43.22743],[-72.83941,-43.22431],[-72.84325,-43.22091],[-72.84662,-43.21725],[-72.84948,-43.21336],[-72.85181,-43.20929],[-72.85358,-43.20507],[-72.85477,-43.20075],[-72.85538,-43.19636],[-72.8554,-43.19194],[-72.85483,-43.18755],[-72.85367,-43.18322],[-72.85193,-43.17899],[-72.84964,-43.17491],[-72.84682,-43.17101],[-72.84348,-43.16734],[-72.83967,-43.16392],[-72.83542,-43.16078],[-72.83078,-43.15797],[-72.82578,-43.15551],[-72.82047,-43.15342],[-72.81491,-43.15171],[-72.80915,-43.15042],[-72.80324,-43.14954],[-72.79724,-43.14909],[-72.79122,-43.14907],[-72.78522,-43.14949],[-72.7793,-43.15033],[-72.77352,-43.1516],[-72.76795,-43.15327],[-72.76262,-43.15534],[-72.75759,-43.15777],[-72.75291,-43.16056],[-72.74863,-43.16367],[-72.74479,-43.16706],[-72.74142,-43.17072],[-72.73855,-43.17461],[-72.73622,-43.17868],[-72.73444,-43.18289],[-72.73324,-43.18722],[-72.73262,-43.19161],[-72.73259,-43.19602],[-72.73316,-43.20042],[-72.73431,-43.20475],[-72.73604,-43.20898],[-72.73832,-43.21306],[-72.74114,-43.21696],[-72.74447,-43.22064],[-72.74828,-43.22407]]}},
{"type":"Feature","properties":{"distance":5.0},"geometry":{"type":"LineString","coordinates":[[-72.68919,-43.12991],[-72.69299,-43.13334],[-72.69723,-43.13647],[-72.70187,-43.13929],[-72.70686,-43.14176],[-72.71216,-43.14386],[-72.71772,-43.14557],[-72.72348,-43.14687],[-72.72939,-43.14775],[-72.73538,-43.1482],[-72.74141,-43.14822],[-72.74741,-43.14781],[-72.75333,-43.14697],[-72.7591,-43.1457],[-72.76468,-43.14403],[-72.77001,-43.14197],[-72.77503,-43.13953],[-72.77971,-43.13674],[-72.78398,-43.13363],[-72.78782,-43.13023],[-72.79119,-43.12657],[-72.79405,-43.12269],[-72.79638,-43.11862],[-72.79815,-43.1144],[-72.79935,-43.11007],[-72.79996,-43.10568],[-72.79998,-43.10127],[-72.79941,-43.09688],[-72.79826,-43.09255],[-72.79653,-43.08832],[-72.79425,-43.08423],[-72.79143,-43.08033],[-72.78811,-43.07665],[-72.78431,-43.07323],[-72.78007,-43.0701],[-72.77543,-43.06729],[-72.77044,-43.06482],[-72.76514,-43.06272],[-72.75959,-43.06102],[-72.75384,-43.05972],[-72.74794,-43.05884],[-72.74195,-43.05838],[-72.73593,-43.05836],[-72.72994,-43.05878],[-72.72403,-43.05962],[-72.71827,-43.06088],[-72.71269,-43.06255],[-72.70737,-43.06461],[-72.70235,-43.06704],[-72.69768,-43.06983],[-72.6934,-43.07293],[-72.68956,-43.07633],[-72.68619,-43.07999],[-72.68332,-43.08387],[-72.68099,-43.08794],[-72.67921,-43.09216],[-72.678,-43.09648],[-72.67738,-43.10087],[-72.67735,-43.10528],[-72.67791,-43.10968],[-72.67905,-43.11401],[-72.68077,-43.11824],[-72.68305,-43.12233],[-72.68586,-43.12623],[-72.68919,-43.12991]]}},
{"type":"Feature","properties":{"distance":5.0},"geometry":{"type":"LineString","coordinates":[[-72.60446,-42.867],[-72.60868,-42.87015],[-72.61329,-42.87297],[-72.61826,-42.87544],[-72.62354,-42.87755],[-72.6315,-42.87981],[-72.64068,-42.88145],[-72.64665,-42.88191],[-72.65265,-42.88193],[-72.65863,-42.88153],[-72.66452,-42.88069],[-72.67027,-42.87943],[-72.67583,-42.87777],[-72.68114,-42.87571],[-72.68615,-42.87327],[-72.6908,-42.87049],[-72.69507,-42.86739],[-72.6989,-42.86399],[-72.70226,-42.86033],[-72.70511,-42.85645],[-72.70744,-42.85238],[-72.70921,-42.84816],[-72.71041,-42.84384],[-72.71102,-42.83945],[-72.71105,-42.83503],[-72.7105,-42.83064],[-72.70936,-42.82631],[-72.70764,-42.82208],[-72.70538,-42.81799],[-72.70258,-42.81409],[-72.69927,-42.8104],[-72.6955,-42.80698],[-72.69128,-42.80384],[-72.68667,-42.80102],[-72.6817,-42.79855],[-72.67643,-42.79645],[-72.67091,-42.79474],[-72.66518,-42.79343],[-72.65931,-42.79255],[-72.65335,-42.79209],[-72.64735,-42.79206],[-72.64139,-42.79247],[-72.6355,-42.79331],[-72.62976,-42.79456],[-72.62421,-42.79623],[-72.6189,-42.79828],[-72.6139,-42.80071],[-72.60924,-42.80349],[-72.60498,-42.80659],[-72.60114,-42.80999],[-72.59778,-42.81364],[-72.59492,-42.81752],[-72.59259,-42.82159],[-72.59081,-42.82581],[-72.5896,-42.83013],[-72.58898,-42.83452],[-72.58894,-42.83893],[-72.58949,-42.84333],[-72.59062,-42.84766],[-72.59233,-42.85189],[-72.59459,-42.85598],[-72.59738,-42.85989],[-72.60068,-42.86358],[-72.60446,-42.867]]}},
{"type":"Feature","properties":{"distance":5.0},"geometry":{"type":"LineString","coordinates":[[-72.39938,-42.82793],[-72.40359,-42.83107],[-72.40819,-42.8339],[-72.41315,-42.83639],[-72.41841,-42.8385],[-72.42394,-42.84023],[-72.42966,-42.84154],[-72.43554,-42.84244],[-72.4415,-42.84291],[-72.4475,-42.84295],[-72.45347,-42.84255],[-72.45937,-42.84172],[-72.46512,-42.84047],[-72.47068,-42.83882],[-72.47599,-42.83677],[-72.48101,-42.83434],[-72.48567,-42.83157],[-72.48994,-42.82847],[-72.49378,-42.82508],[-72.49715,-42.82143],[-72.50002,-42.81755],[-72.50236,-42.81349],[-72.50414,-42.80927],[-72.50535,-42.80495],[-72.50599,-42.80056],[-72.50603,-42.79615],[-72.50549,-42.79175],[-72.50436,-42.78741],[-72.50267,-42.78318],[-72.50041,-42.77909],[-72.49763,-42.77518],[-72.49434,-42.77149],[-72.49057,-42.76806],[-72.48637,-42.76491],[-72.48177,-42.76209],[-72.47681,-42.7596],[-72.47155,-42.75749],[-72.46604,-42.75577],[-72.46032,-42.75446],[-72.45445,-42.75356],[-72.4485,-42.75309],[-72.44251,-42.75305],[-72.43654,-42.75345],[-72.43066,-42.75428],[-72.42491,-42.75552],[-72.41936,-42.75718],[-72.41405,-42.75922],[-72.40904,-42.76164],[-72.40437,-42.76441],[-72.4001,-42.76751],[-72.39626,-42.7709],[-72.39289,-42.77455],[-72.39001,-42.77842],[-72.38767,-42.78248],[-72.38588,-42.7867],[-72.38466,-42.79102],[-72.38402,-42.79541],[-72.38396,-42.79982],[-72.3845,-42.80422],[-72.38562,-42.80856],[-72.38731,-42.81279],[-72.38955,-42.81689],[-72.39233,-42.8208],[-72.39562,-42.82449],[-72.39938,-42.82793]]}},
{"type":"Feature","properties":{"distance":5.0},"geometry":{"type":"LineString","coordinates":[[-72.43294,-42.42549],[-72.43668,-42.42893],[-72.44086,-42.43208],[-72.44543,-42.43491],[-72.45036,-42.43739],[-72.45559,-42.43951],[-72.46108,-42.44123],[-72.46677,-42.44255],[-72.4726,-42.44344],[-72.47853,-42.44391],[-72.48449,-42.44395],[-72.49043,-42.44355],[-72.49628,-42.44272],[-72.502,-42.44147],[-72.50752,-42.43982],[-72.5128,-42.43777],[-72.51778,-42.43534],[-72.52242,-42.43257],[-72.52666,-42.42947],[-72.53048,-42.42608],[-72.53382,-42.42243],[-72.53667,-42.41855],[-72.53956,-42.41312],[-72.54743,-42.41742],[-72.55266,-42.41953],[-72.55815,-42.42124],[-72.56384,-42.42256],[-72.56968,-42.42345],[-72.5756,-42.42391],[-72.58156,-42.42394],[-72.58749,-42.42354],[-72.59334,-42.42271],[-72.59906,-42.42145],[-72.60458,-42.41979],[-72.60985,-42.41774],[-72.61482,-42.41531],[-72.61945,-42.41253],[-72.62369,-42.40943],[-72.6275,-42.40604],[-72.63084,-42.40238],[-72.63368,-42.3985],[-72.63599,-42.39443],[-72.63776,-42.39022],[-72.63896,-42.38589],[-72.63958,-42.3815],[-72.63961,-42.37709],[-72.63907,-42.37269],[-72.63794,-42.36836],[-72.63625,-42.36413],[-72.63401,-42.36004],[-72.63123,-42.35613],[-72.62796,-42.35245],[-72.62421,-42.34902],[-72.62003,-42.34587],[-72.61546,-42.34305],[-72.61053,-42.34058],[-72.6053,-42.33847],[-72.59982,-42.33675],[-72.59414,-42.33544],[-72.58831,-42.33455],[-72.5824,-42.33409],[-72.57645,-42.33406],[-72.57052,-42.33446],[-72.56468,-42.33529],[-72.55897,-42.33654],[-72.55346,-42.3382],[-72.54819,-42.34025],[-72.54322,-42.34268],[-72.53859,-42.34545],[-72.53435,-42.34855],[-72.53054,-42.35194],[-72.5272,-42.35559],[-72.52435,-42.35947],[-72.52146,-42.36489],[-72.5136,-42.3606],[-72.50838,-42.35849],[-72.50289,-42.35677],[-72.49721,-42.35545],[-72.49138,-42.35456],[-72.48547,-42.35409],[-72.47951,-42.35405],[-72.47359,-42.35445],[-72.46774,-42.35528],[-72.46203,-42.35652],[-72.45651,-42.35818],[-72.45124,-42.36022],[-72.44626,-42.36265],[-72.44163,-42.36542],[-72.43738,-42.36851],[-72.43357,-42.3719],[-72.43021,-42.37555],[-72.42736,-42.37942],[-72.42503,-42.38349],[-72.42326,-42.3877],[-72.42204,-42.39202],[-72.42141,-42.39641],[-72.42135,-42.40083],[-72.42189,-42.40523],[-72.423,-42.40956],[-72.42468,-42.4138],[-72.42691,-42.41789],[-72.42967,-42.4218],[-72.43294,-42.42549]]}},
{"type":"Feature","properties":{"distance":5.0},"geometry":{"type":"LineString","coordinates":[[-72.54408,-41.91396],[-72.54823,-41.91711],[-72.55277,-41.91993],[-72.55766,-41.92241],[-72.56285,-41.92452],[-72.5683,-41.92624],[-72.57394,-41.92756],[-72.57973,-41.92845],[-72.58561,-41.92891],[-72.59152,-41.92895],[-72.59741,-41.92854],[-72.60321,-41.92771],[-72.60888,-41.92646],[-72.61436,-41.9248],[-72.61959,-41.92275],[-72.62453,-41.92032],[-72.62912,-41.91754],[-72.63333,-41.91444],[-72.63711,-41.91105],[-72.64043,-41.90739],[-72.64325,-41.90351],[-72.64554,-41.89945],[-72.6473,-41.89523],[-72.64849,-41.89091],[-72.6491,-41.88652],[-72.64914,-41.8821],[-72.6486,-41.87771],[-72.64749,-41.87337],[-72.64581,-41.86914],[-72.64359,-41.86505],[-72.64084,-41.86114],[-72.63759,-41.85746],[-72.63387,-41.85402],[-72.62973,-41.85088],[-72.62519,-41.84806],[-72.6203,-41.84558],[-72.61512,-41.84347],[-72.60968,-41.84175],[-72.60404,-41.84044],[-72.59826,-41.83955],[-72.59239,-41.83909],[-72.58648,-41.83905],[-72.58061,-41.83945],[-72.57481,-41.84028],[-72.56914,-41.84153],[-72.56367,-41.84319],[-72.55845,-41.84524],[-72.55351,-41.84767],[-72.54892,-41.85044],[-72.54471,-41.85354],[-72.54093,-41.85693],[-72.53761,-41.86058],[-72.53478,-41.86446],[-72.53248,-41.86852],[-72.53072,-41.87274],[-72.52952,-41.87706],[-72.5289,-41.88145],[-72.52885,-41.88587],[-72.52938,-41.89026],[-72.53049,-41.8946],[-72.53216,-41.89883],[-72.53438,-41.90293],[-72.53712,-41.90684],[-72.54037,-41.91053],[-72.54408,-41.91396]]}},
{"type":"Feature","properties":{"distance":5.0},"geometry":{"type":"LineString","coordinates":[[-72.38231,-41.90246],[-72.38601,-41.9059],[-72.39015,-41.90905],[-72.39468,-41.91189],[-72.39957,-41.91437],[-72.4063,-41.91698],[-72.41583,-41.91954],[-72.42162,-41.92044],[-72.4275,-41.92091],[-72.43341,-41.92095],[-72.4393,-41.92056],[-72.44511,-41.91974],[-72.45078,-41.91849],[-72.45626,-41.91684],[-72.4615,-41.91479],[-72.46644,-41.91237],[-72.47104,-41.9096],[-72.47525,-41.90651],[-72.47904,-41.90312],[-72.48237,-41.89947],[-72.4852,-41.89559],[-72.4875,-41.89153],[-72.48927,-41.88731],[-72.49047,-41.88299],[-72.4911,-41.8786],[-72.49115,-41.87419],[-72.49062,-41.86979],[-72.48951,-41.86545],[-72.48785,-41.86122],[-72.48563,-41.85712],[-72.48289,-41.85321],[-72.47965,-41.84952],[-72.47595,-41.84608],[-72.47181,-41.84293],[-72.46728,-41.8401],[-72.4624,-41.83762],[-72.45721,-41.8355],[-72.45178,-41.83378],[-72.44615,-41.83246],[-72.44037,-41.83156],[-72.4345,-41.83109],[-72.4286,-41.83105],[-72.42272,-41.83144],[-72.41692,-41.83226],[-72.41125,-41.8335],[-72.40577,-41.83515],[-72.40054,-41.8372],[-72.3956,-41.83962],[-72.391,-41.84238],[-72.38679,-41.84548],[-72.383,-41.84886],[-72.37967,-41.85251],[-72.37683,-41.85638],[-72.37452,-41.86044],[-72.37275,-41.86466],[-72.37154,-41.86898],[-72.37091,-41.87337],[-72.37085,-41.87778],[-72.37137,-41.88218],[-72.37247,-41.88652],[-72.37413,-41.89076],[-72.37633,-41.89485],[-72.37907,-41.89877],[-72.38231,-41.90246]]}},
{"type":"Feature","properties":{"distance":5.0},"geometry":{"type":"LineString","coordinates":[[-72.35507,-41.78889],[-72.3592,-41.79204],[-72.36373,-41.79487],[-72.3686,-41.79736],[-72.37378,-41.79948],[-72.37921,-41.80121],[-72.38484,-41.80254],[-72.39061,-41.80344],[-72.39648,-41.80391],[-72.40238,-41.80396],[-72.40826,-41.80356],[-72.41405,-41.80274],[-72.41972,-41.8015],[-72.42519,-41.79985],[-72.43042,-41.7978],[-72.43535,-41.79538],[-72.43995,-41.79262],[-72.44416,-41.78952],[-72.44794,-41.78613],[-72.45126,-41.78248],[-72.45409,-41.77861],[-72.45639,-41.77455],[-72.45815,-41.77033],[-72.45936,-41.76601],[-72.45999,-41.76162],[-72.46004,-41.75721],[-72.45951,-41.75281],[-72.45841,-41.74847],[-72.45675,-41.74423],[-72.45454,-41.74014],[-72.45181,-41.73623],[-72.44858,-41.73254],[-72.44488,-41.7291],[-72.44075,-41.72595],[-72.43623,-41.72312],[-72.43136,-41.72063],[-72.42619,-41.71851],[-72.42077,-41.71678],[-72.41515,-41.71546],[-72.40938,-41.71456],[-72.40352,-41.71409],[-72.39763,-41.71404],[-72.39176,-41.71443],[-72.38597,-41.71525],[-72.38031,-41.71649],[-72.37485,-41.71814],[-72.36962,-41.72019],[-72.36469,-41.7226],[-72.36009,-41.72537],[-72.35589,-41.72846],[-72.3521,-41.73184],[-72.34878,-41.73549],[-72.34594,-41.73936],[-72.34363,-41.74343],[-72.34186,-41.74764],[-72.34065,-41.75196],[-72.34002,-41.75635],[-72.33996,-41.76076],[-72.34047,-41.76516],[-72.34157,-41.7695],[-72.34322,-41.77374],[-72.34542,-41.77783],[-72.34815,-41.78175],[-72.35138,-41.78545],[-72.35507,-41.78889]]}},
{"type":"Feature","properties":{"distance":5.0},"geometry":{"type":"LineString","coordinates":[[-72.26525,-41.44985],[-72.26936,-41.453],[-72.27385,-41.45584],[-72.2787,-41.45834],[-72.28384,-41.46046],[-72.28924,-41.4622],[-72.29484,-41.46353],[-72.30058,-41.46443],[-72.30642,-41.46491],[-72.31229,-41.46496],[-72.31814,-41.46458],[-72.32391,-41.46376],[-72.32954,-41.46252],[-72.33499,-41.46088],[-72.34019,-41.45884],[-72.34511,-41.45642],[-72.34968,-41.45366],[-72.35387,-41.45057],[-72.35764,-41.44718],[-72.36095,-41.44354],[-72.36377,-41.43966],[-72.36607,-41.4356],[-72.36783,-41.43139],[-72.36904,-41.42707],[-72.36967,-41.42268],[-72.36973,-41.41826],[-72.36922,-41.41387],[-72.36813,-41.40953],[-72.36648,-41.40529],[-72.3643,-41.40119],[-72.36158,-41.39728],[-72.35838,-41.39358],[-72.3547,-41.39014],[-72.3506,-41.38698],[-72.34611,-41.38415],[-72.34127,-41.38166],[-72.33613,-41.37953],[-72.33073,-41.3778],[-72.32514,-41.37647],[-72.31941,-41.37557],[-72.31358,-41.37509],[-72.30772,-41.37504],[-72.30188,-41.37542],[-72.29612,-41.37624],[-72.29049,-41.37747],[-72.28505,-41.37911],[-72.27984,-41.38115],[-72.27493,-41.38356],[-72.27036,-41.38633],[-72.26617,-41.38941],[-72.2624,-41.3928],[-72.25908,-41.39644],[-72.25626,-41.40031],[-72.25395,-41.40437],[-72.25218,-41.40858],[-72.25097,-41.4129],[-72.25033,-41.41729],[-72.25026,-41.4217],[-72.25077,-41.4261],[-72.25185,-41.43044],[-72.25349,-41.43468],[-72.25567,-41.43878],[-72.25838,-41.4427],[-72.26158,-41.4464],[-72.26525,-41.44985]]}},
{"type":"Feature","properties":{"distance":5.0},"geometry":{"type":"LineString","coordinates":[[-72.56946,-41.35896],[-72.57357,-41.3621],[-72.57807,-41.36493],[-72.58292,-41.36741],[-72.58807,-41.36952],[-72.59347,-41.37124],[-72.59906,-41.37256],[-72.6048,-41.37345],[-72.61063,-41.37392],[-72.61649,-41.37395],[-72.62233,-41.37355],[-72.62808,-41.37272],[-72.6337,-41.37147],[-72.63913,-41.36981],[-72.64432,-41.36775],[-72.64922,-41.36533],[-72.65377,-41.36255],[-72.65794,-41.35945],[-72.66169,-41.35606],[-72.66498,-41.3524],[-72.66778,-41.34852],[-72.67006,-41.34445],[-72.67179,-41.34024],[-72.67298,-41.33591],[-72.67359,-41.33152],[-72.67363,-41.32711],[-72.67309,-41.32271],[-72.67199,-41.31838],[-72.67033,-41.31414],[-72.66812,-41.31005],[-72.6654,-41.30615],[-72.66218,-41.30246],[-72.6585,-41.29903],[-72.65439,-41.29588],[-72.64989,-41.29306],[-72.64504,-41.29058],[-72.6399,-41.28847],[-72.63451,-41.28675],[-72.62892,-41.28544],[-72.62319,-41.28455],[-72.61737,-41.28408],[-72.61152,-41.28405],[-72.60569,-41.28445],[-72.59994,-41.28528],[-72.59432,-41.28653],[-72.5889,-41.28819],[-72.58372,-41.29024],[-72.57882,-41.29266],[-72.57427,-41.29544],[-72.5701,-41.29853],[-72.56635,-41.30192],[-72.56305,-41.30557],[-72.56025,-41.30945],[-72.55797,-41.31352],[-72.55622,-41.31773],[-72.55503,-41.32205],[-72.55441,-41.32644],[-72.55437,-41.33086],[-72.55489,-41.33526],[-72.55599,-41.33959],[-72.55765,-41.34383],[-72.55984,-41.34792],[-72.56256,-41.35183],[-72.56578,-41.35552],[-72.56946,-41.35896]]}},
{"type":"Feature","properties":{"distance":5.0},"geometry":{"type":"LineString","coordinates":[[-72.45455,-41.13191],[-72.45864,-41.13506],[-72.46312,-41.13789],[-72.46795,-41.14038],[-72.47308,-41.1425],[-72.48194,-41.14505],[-72.48974,-41.14644],[-72.49555,-41.14692],[-72.50139,-41.14696],[-72.50721,-41.14656],[-72.51295,-41.14574],[-72.51855,-41.14449],[-72.52397,-41.14284],[-72.52914,-41.14079],[-72.53403,-41.13837],[-72.53857,-41.1356],[-72.54273,-41.1325],[-72.54648,-41.12911],[-72.54976,-41.12546],[-72.55256,-41.12159],[-72.55484,-41.11752],[-72.55658,-41.11331],[-72.55776,-41.10898],[-72.55838,-41.10459],[-72.55843,-41.10018],[-72.55791,-41.09578],[-72.55681,-41.09144],[-72.55517,-41.08721],[-72.55298,-41.08311],[-72.55027,-41.0792],[-72.54707,-41.07551],[-72.54341,-41.07208],[-72.53932,-41.06893],[-72.53484,-41.0661],[-72.53001,-41.06361],[-72.52489,-41.0615],[-72.51952,-41.05977],[-72.51396,-41.05845],[-72.50825,-41.05755],[-72.50245,-41.05708],[-72.49661,-41.05704],[-72.4908,-41.05744],[-72.48507,-41.05826],[-72.47947,-41.0595],[-72.47407,-41.06115],[-72.4689,-41.0632],[-72.46401,-41.06562],[-72.45947,-41.06839],[-72.45531,-41.07148],[-72.45156,-41.07487],[-72.44827,-41.07851],[-72.44547,-41.08239],[-72.44319,-41.08645],[-72.44144,-41.09066],[-72.44025,-41.09499],[-72.43962,-41.09938],[-72.43956,-41.10379],[-72.44008,-41.10819],[-72.44117,-41.11253],[-72.44281,-41.11677],[-72.44499,-41.12086],[-72.44769,-41.12478],[-72.45089,-41.12847],[-72.45455,-41.13191]]}},
{"type":"Feature","properties":{"distance":5.0},"geometry":{"type":"LineString","coordinates":[[-72.1106,-40.80578],[-72.11465,-40.80894],[-72.1191,-40.81179],[-72.12388,-40.81429],[-72.12897,-40.81642],[-72.13432,-40.81817],[-72.13986,-40.81951],[-72.14554,-40.82043],[-72.15184,-40.82092],[-72.15713,-40.82097],[-72.16292,-40.8206],[-72.16864,-40.81979],[-72.17422,-40.81857],[-72.17962,-40.81693],[-72.18478,-40.8149],[-72.18966,-40.81249],[-72.1942,-40.80973],[-72.19836,-40.80665],[-72.2021,-40.80327],[-72.20539,-40.79963],[-72.2082,-40.79576],[-72.21049,-40.7917],[-72.21224,-40.78749],[-72.21345,-40.78317],[-72.21409,-40.77878],[-72.21416,-40.77437],[-72.21366,-40.76997],[-72.2126,-40.76562],[-72.21098,-40.76138],[-72.20883,-40.75728],[-72.20615,-40.75336],[-72.20299,-40.74966],[-72.19936,-40.74621],[-72.19531,-40.74305],[-72.19087,-40.7402],[-72.18608,-40.7377],[-72.181,-40.73557],[-72.17566,-40.73383],[-72.16563,-40.73177],[-72.15868,-40.73108],[-72.15287,-40.73103],[-72.14709,-40.7314],[-72.14138,-40.7322],[-72.1358,-40.73343],[-72.13041,-40.73507],[-72.12525,-40.73709],[-72.12038,-40.7395],[-72.11584,-40.74225],[-72.11168,-40.74533],[-72.10794,-40.74871],[-72.10464,-40.75235],[-72.10184,-40.75621],[-72.09954,-40.76027],[-72.09778,-40.76448],[-72.09656,-40.7688],[-72.09592,-40.77319],[-72.09584,-40.7776],[-72.09633,-40.782],[-72.09738,-40.78635],[-72.09899,-40.79059],[-72.10114,-40.79469],[-72.10381,-40.79862],[-72.10697,-40.80232],[-72.1106,-40.80578]]}},
{"type":"Feature","properties":{"distance":5.0},"geometry":{"type":"LineString","coordinates":[[-72.02882,-40.39574],[-72.03284,-40.39891],[-72.03726,-40.40176],[-72.04201,-40.40427],[-72.04707,-40.4064],[-72.05237,-40.40815],[-72.05788,-40.4095],[-72.06353,-40.41042],[-72.0697,-40.41092],[-72.07505,-40.41098],[-72.0808,-40.41061],[-72.08649,-40.40981],[-72.09204,-40.40859],[-72.09741,-40.40696],[-72.10254,-40.40493],[-72.10739,-40.40253],[-72.11191,-40.39977],[-72.11605,-40.39669],[-72.11977,-40.39332],[-72.12305,-40.38968],[-72.12584,-40.38581],[-72.12812,-40.38175],[-72.12988,-40.37755],[-72.13108,-40.37323],[-72.13173,-40.36884],[-72.1318,-40.36442],[-72.13132,-40.36002],[-72.13027,-40.35568],[-72.12867,-40.35143],[-72.12653,-40.34733],[-72.12388,-40.34341],[-72.12074,-40.3397],[-72.11714,-40.33625],[-72.11312,-40.33308],[-72.10871,-40.33023],[-72.10395,-40.32773],[-72.0989,-40.32559],[-72.0936,-40.32384],[-72.08811,-40.3225],[-72.08246,-40.32158],[-72.07673,-40.32108],[-72.07096,-40.32102],[-72.06521,-40.32139],[-72.05953,-40.32219],[-72.05399,-40.32341],[-72.04862,-40.32504],[-72.04349,-40.32706],[-72.03865,-40.32946],[-72.03413,-40.33221],[-72.02999,-40.33529],[-72.02626,-40.33866],[-72.02299,-40.3423],[-72.02019,-40.34616],[-72.0179,-40.35022],[-72.01614,-40.35442],[-72.01493,-40.35874],[-72.01428,-40.36313],[-72.01419,-40.36755],[-72.01467,-40.37195],[-72.01571,-40.3763],[-72.01731,-40.38054],[-72.01944,-40.38465],[-72.02208,-40.38857],[-72.02522,-40.39228],[-72.02882,-40.39574]]}},
{"type":"Feature","properties":{"distance":5.0},"geometry":{"type":"LineString","coordinates":[[-71.98607,-39.95971],[-71.99007,-39.96288],[-71.99445,-39.96574],[-71.99917,-39.96825],[-72.00419,-39.97039],[-72.00946,-39.97215],[-72.01493,-39.97349],[-72.02054,-39.97442],[-72.02722,-39.97493],[-72.03771,-39.97462],[-72.04336,-39.97382],[-72.04887,-39.9726],[-72.05421,-39.97097],[-72.05931,-39.96895],[-72.06413,-39.96655],[-72.06862,-39.9638],[-72.07274,-39.96072],[-72.07645,-39.95735],[-72.07971,-39.95371],[-72.08248,-39.94985],[-72.08476,-39.94579],[-72.0865,-39.94158],[-72.0877,-39.93726],[-72.08835,-39.93287],[-72.08843,-39.92846],[-72.08795,-39.92406],[-72.08691,-39.91971],[-72.08533,-39.91547],[-72.08321,-39.91136],[-72.08058,-39.90744],[-72.07746,-39.90373],[-72.07389,-39.90027],[-72.0699,-39.8971],[-72.06552,-39.89425],[-72.0608,-39.89174],[-72.05578,-39.8896],[-72.05052,-39.88785],[-72.04505,-39.88651],[-72.03945,-39.88558],[-72.03064,-39.88504],[-72.0223,-39.88538],[-72.01666,-39.88617],[-72.01115,-39.88739],[-72.00582,-39.88902],[-72.00072,-39.89104],[-71.9959,-39.89344],[-71.99141,-39.89619],[-71.9864,-39.90008],[-71.98594,-39.89511],[-71.98491,-39.89076],[-71.98333,-39.88651],[-71.98122,-39.88241],[-71.9786,-39.87848],[-71.97549,-39.87477],[-71.97192,-39.87131],[-71.96793,-39.86814],[-71.96356,-39.86528],[-71.95884,-39.86277],[-71.95383,-39.86062],[-71.94857,-39.85887],[-71.94311,-39.85752],[-71.93751,-39.85659],[-71.93182,-39.85608],[-71.92609,-39.85601],[-71.92037,-39.85637],[-71.91473,-39.85716],[-71.90922,-39.85837],[-71.90389,-39.86],[-71.89879,-39.86201],[-71.89397,-39.86441],[-71.88948,-39.86715],[-71.88536,-39.87022],[-71.88165,-39.87359],[-71.87838,-39.87722],[-71.87559,-39.88108],[-71.87331,-39.88513],[-71.87155,-39.88934],[-71.87034,-39.89366],[-71.86968,-39.89804],[-71.86958,-39.90246],[-71.87005,-39.90686],[-71.87107,-39.91121],[-71.87264,-39.91546],[-71.87475,-39.91957],[-71.87737,-39.9235],[-71.88048,-39.92721],[-71.88404,-39.93068],[-71.88803,-39.93385],[-71.89241,-39.93671],[-71.89712,-39.93923],[-71.90214,-39.94137],[-71.9074,-39.94313],[-71.91287,-39.94448],[-71.91848,-39.94541],[-71.92418,-39.94592],[-71.92992,-39.94599],[-71.93564,-39.94563],[-71.94129,-39.94484],[-71.9468,-39.94362],[-71.95214,-39.942],[-71.95724,-39.93998],[-71.96207,-39.93758],[-71.96656,-39.93483],[-71.97158,-39.93095],[-71.97204,-39.93592],[-71.97307,-39.94026],[-71.97465,-39.94451],[-71.97676,-39.94862],[-71.97938,-39.95254],[-71.9825,-39.95625],[-71.98607,-39.95971]]}},
{"type":"Feature","properties":{"distance":5.0},"geometry":{"type":"LineString","coordinates":[[-71.45701,-39.66851],[-71.46096,-39.67171],[-71.46531,-39.67458],[-71.46999,-39.67712],[-71.47497,-39.67928],[-71.48021,-39.68106],[-71.48564,-39.68243],[-71.49123,-39.68339],[-71.49691,-39.68391],[-71.50262,-39.68401],[-71.50833,-39.68367],[-71.51396,-39.6829],[-71.51946,-39.6817],[-71.52479,-39.6801],[-71.52989,-39.6781],[-71.53471,-39.67572],[-71.5392,-39.67299],[-71.54333,-39.66993],[-71.54705,-39.66657],[-71.55032,-39.66295],[-71.55312,-39.6591],[-71.55542,-39.65505],[-71.55719,-39.65085],[-71.55842,-39.64654],[-71.55909,-39.64215],[-71.55921,-39.63773],[-71.55877,-39.63333],[-71.55777,-39.62898],[-71.55622,-39.62472],[-71.55415,-39.62061],[-71.55156,-39.61667],[-71.54848,-39.61294],[-71.54495,-39.60947],[-71.541,-39.60628],[-71.53666,-39.60341],[-71.53198,-39.60088],[-71.527,-39.59871],[-71.52177,-39.59694],[-71.51634,-39.59556],[-71.51076,-39.59461],[-71.50509,-39.59408],[-71.49938,-39.59399],[-71.49369,-39.59433],[-71.48806,-39.5951],[-71.48256,-39.59629],[-71.47724,-39.59789],[-71.47214,-39.59989],[-71.46733,-39.60227],[-71.46283,-39.605],[-71.45871,-39.60805],[-71.45499,-39.61141],[-71.45171,-39.61503],[-71.44891,-39.61888],[-71.44661,-39.62292],[-71.44483,-39.62712],[-71.44359,-39.63143],[-71.44291,-39.63582],[-71.44278,-39.64024],[-71.44322,-39.64465],[-71.44421,-39.649],[-71.44575,-39.65325],[-71.44782,-39.65737],[-71.45041,-39.66131],[-71.45348,-39.66504],[-71.45701,-39.66851]]}},
{"type":"Feature","properties":{"distance":5.0},"geometry":{"type":"LineString","coordinates":[[-71.71184,-39.66134],[-71.71581,-39.66452],[-71.72016,-39.66739],[-71.72485,-39.66991],[-71.72984,-39.67207],[-71.73508,-39.67383],[-71.74052,-39.67519],[-71.74611,-39.67613],[-71.75179,-39.67665],[-71.7575,-39.67673],[-71.7632,-39.67638],[-71.76883,-39.67559],[-71.77433,-39.67439],[-71.77965,-39.67277],[-71.78474,-39.67076],[-71.78955,-39.66837],[-71.79403,-39.66563],[-71.79815,-39.66256],[-71.80185,-39.6592],[-71.80511,-39.65557],[-71.8079,-39.65171],[-71.81018,-39.64766],[-71.81193,-39.64346],[-71.81315,-39.63914],[-71.81381,-39.63475],[-71.81391,-39.63033],[-71.81345,-39.62593],[-71.81244,-39.62158],[-71.81087,-39.61733],[-71.80878,-39.61322],[-71.80618,-39.60929],[-71.80309,-39.60557],[-71.79955,-39.60211],[-71.79558,-39.59893],[-71.79124,-39.59606],[-71.78655,-39.59354],[-71.78156,-39.59139],[-71.77632,-39.58963],[-71.77089,-39.58827],[-71.76531,-39.58733],[-71.75964,-39.58681],[-71.75393,-39.58673],[-71.74824,-39.58708],[-71.74262,-39.58786],[-71.73712,-39.58907],[-71.73181,-39.59068],[-71.72672,-39.59269],[-71.72192,-39.59508],[-71.71743,-39.59781],[-71.71332,-39.60088],[-71.70961,-39.60424],[-71.70635,-39.60787],[-71.70356,-39.61172],[-71.70128,-39.61577],[-71.69951,-39.61998],[-71.69829,-39.62429],[-71.69763,-39.62868],[-71.69752,-39.6331],[-71.69797,-39.6375],[-71.69898,-39.64185],[-71.70053,-39.6461],[-71.70262,-39.65022],[-71.70522,-39.65415],[-71.7083,-39.65787],[-71.71184,-39.66134]]}},
{"type":"Feature","properties":{"distance":5.0},"geometry":{"type":"LineString","coordinates":[[-71.67319,-39.52759],[-71.67715,-39.53078],[-71.68149,-39.53364],[-71.68617,-39.53617],[-71.69115,-39.53833],[-71.69638,-39.54009],[-71.70181,-39.54146],[-71.70738,-39.5424],[-71.71305,-39.54292],[-71.71876,-39.543],[-71.72444,-39.54265],[-71.73006,-39.54187],[-71.73555,-39.54067],[-71.74086,-39.53905],[-71.74594,-39.53704],[-71.75075,-39.53466],[-71.75522,-39.53192],[-71.75933,-39.52885],[-71.76303,-39.52549],[-71.76629,-39.52186],[-71.76907,-39.518],[-71.77135,-39.51395],[-71.7731,-39.50975],[-71.77432,-39.50543],[-71.77498,-39.50104],[-71.77508,-39.49663],[-71.77463,-39.49222],[-71.77362,-39.48787],[-71.77206,-39.48362],[-71.76998,-39.47951],[-71.76738,-39.47558],[-71.76431,-39.47186],[-71.76077,-39.46839],[-71.75681,-39.46521],[-71.75248,-39.46235],[-71.7478,-39.45982],[-71.74282,-39.45767],[-71.7376,-39.4559],[-71.73218,-39.45454],[-71.72661,-39.4536],[-71.72095,-39.45308],[-71.71525,-39.453],[-71.70957,-39.45335],[-71.70396,-39.45413],[-71.69847,-39.45533],[-71.69317,-39.45694],[-71.68809,-39.45895],[-71.68329,-39.46133],[-71.67881,-39.46407],[-71.67471,-39.46713],[-71.671,-39.47049],[-71.66775,-39.47412],[-71.66496,-39.47797],[-71.66268,-39.48202],[-71.66091,-39.48622],[-71.65969,-39.49054],[-71.65902,-39.49493],[-71.65891,-39.49934],[-71.65936,-39.50375],[-71.66036,-39.5081],[-71.66191,-39.51235],[-71.66399,-39.51646],[-71.66658,-39.5204],[-71.66966,-39.52412],[-71.67319,-39.52759]]}},
{"type":"Feature","properties":{"distance":5.0},"geometry":{"type":"LineString","coordinates":[[-71.89534,-39.44967],[-71.8993,-39.45285],[-71.90364,-39.45571],[-71.90833,-39.45822],[-71.91331,-39.46037],[-71.91854,-39.46213],[-71.92396,-39.46348],[-71.92953,-39.46442],[-71.93519,-39.46492],[-71.94089,-39.46499],[-71.94657,-39.46463],[-71.95218,-39.46384],[-71.95766,-39.46263],[-71.96296,-39.461],[-71.96803,-39.45899],[-71.97282,-39.45659],[-71.97728,-39.45384],[-71.98138,-39.45077],[-71.98506,-39.4474],[-71.9883,-39.44377],[-71.99107,-39.4399],[-71.99333,-39.43585],[-71.99507,-39.43164],[-71.99627,-39.42732],[-71.99692,-39.42294],[-71.99701,-39.41852],[-71.99654,-39.41412],[-71.99552,-39.40977],[-71.99395,-39.40552],[-71.99186,-39.40141],[-71.98925,-39.39749],[-71.98617,-39.39377],[-71.98262,-39.39031],[-71.97866,-39.38714],[-71.97432,-39.38428],[-71.96964,-39.38177],[-71.96466,-39.37962],[-71.95944,-39.37787],[-71.95402,-39.37652],[-71.94846,-39.37558],[-71.9428,-39.37508],[-71.93711,-39.37501],[-71.93144,-39.37537],[-71.92584,-39.37616],[-71.92036,-39.37737],[-71.91507,-39.37899],[-71.91,-39.38101],[-71.90522,-39.3834],[-71.90076,-39.38614],[-71.89666,-39.38921],[-71.89298,-39.39258],[-71.88973,-39.39621],[-71.88696,-39.40007],[-71.88469,-39.40412],[-71.88295,-39.40833],[-71.88174,-39.41265],[-71.88108,-39.41704],[-71.88099,-39.42145],[-71.88145,-39.42586],[-71.88246,-39.4302],[-71.88402,-39.43445],[-71.88611,-39.43856],[-71.88871,-39.44249],[-71.8918,-39.44621],[-71.89534,-39.44967]]}},
{"type":"Feature","properties":{"distance":5.0},"geometry":{"type":"LineString","coordinates":[[-71.76096,-39.32708],[-71.7649,-39.33026],[-71.76923,-39.33313],[-71.77391,-39.33565],[-71.77887,-39.3378],[-71.78409,-39.33957],[-71.7895,-39.34093],[-71.79506,-39.34187],[-71.80071,-39.34238],[-71.8064,-39.34246],[-71.81207,-39.34211],[-71.81767,-39.34132],[-71.82315,-39.34012],[-71.82844,-39.3385],[-71.83351,-39.33648],[-71.83829,-39.33409],[-71.84275,-39.33135],[-71.84685,-39.32828],[-71.85053,-39.32492],[-71.85377,-39.32129],[-71.85654,-39.31743],[-71.85881,-39.31338],[-71.86056,-39.30917],[-71.86176,-39.30486],[-71.86242,-39.30047],[-71.86252,-39.29605],[-71.86206,-39.29165],[-71.86105,-39.2873],[-71.85949,-39.28305],[-71.85741,-39.27894],[-71.85482,-39.27501],[-71.85174,-39.27129],[-71.84822,-39.26782],[-71.84427,-39.26465],[-71.83994,-39.26178],[-71.83527,-39.25926],[-71.83031,-39.25711],[-71.8251,-39.25535],[-71.81969,-39.25399],[-71.81414,-39.25305],[-71.80849,-39.25254],[-71.80281,-39.25246],[-71.79714,-39.25281],[-71.79155,-39.2536],[-71.78608,-39.2548],[-71.78079,-39.25642],[-71.77573,-39.25843],[-71.77095,-39.26081],[-71.76649,-39.26355],[-71.7624,-39.26662],[-71.75871,-39.26998],[-71.75547,-39.27361],[-71.75269,-39.27747],[-71.75042,-39.28152],[-71.74867,-39.28572],[-71.74746,-39.29004],[-71.74679,-39.29442],[-71.74669,-39.29884],[-71.74714,-39.30325],[-71.74814,-39.30759],[-71.74969,-39.31185],[-71.75177,-39.31596],[-71.75436,-39.31989],[-71.75743,-39.32361],[-71.76096,-39.32708]]}},
{"type":"Feature","properties":{"distance":5.0},"geometry":{"type":"LineString","coordinates":[[-71.47542,-39.00651],[-71.47933,-39.0097],[-71.48363,-39.01258],[-71.48827,-39.01512],[-71.49321,-39.01728],[-71.49875,-39.01915],[-71.50378,-39.02044],[-71.50931,-39.02139],[-71.51493,-39.02192],[-71.5206,-39.02201],[-71.52625,-39.02167],[-71.53182,-39.0209],[-71.53728,-39.01971],[-71.54256,-39.01811],[-71.54761,-39.01611],[-71.55238,-39.01373],[-71.55684,-39.011],[-71.56092,-39.00794],[-71.56461,-39.00458],[-71.56785,-39.00096],[-71.57062,-38.99711],[-71.5729,-38.99306],[-71.57466,-38.98886],[-71.57588,-38.98455],[-71.57655,-38.98016],[-71.57667,-38.97574],[-71.57623,-38.97133],[-71.57524,-38.96698],[-71.57371,-38.96273],[-71.57165,-38.95861],[-71.56909,-38.95467],[-71.56604,-38.95095],[-71.56255,-38.94747],[-71.55863,-38.94428],[-71.55433,-38.94141],[-71.5497,-38.93888],[-71.54476,-38.93671],[-71.53958,-38.93493],[-71.5342,-38.93356],[-71.52868,-38.93261],[-71.52306,-38.93208],[-71.51741,-38.93199],[-71.51176,-38.93232],[-71.50619,-38.93309],[-71.50074,-38.93428],[-71.49547,-38.93589],[-71.49042,-38.93788],[-71.48565,-38.94026],[-71.4812,-38.94299],[-71.47711,-38.94604],[-71.47343,-38.9494],[-71.47018,-38.95302],[-71.4674,-38.95687],[-71.46512,-38.96091],[-71.46336,-38.96511],[-71.46213,-38.96943],[-71.46146,-38.97381],[-71.46133,-38.97823],[-71.46176,-38.98264],[-71.46274,-38.98699],[-71.46427,-38.99125],[-71.46632,-38.99537],[-71.46888,-38.99931],[-71.47192,-39.00303],[-71.47542,-39.00651]]}},
{"type":"Feature","properties":{"distance":5.0},"geometry":{"type":"LineString","coordinates":[[-71.68968,-38.72358],[-71.69358,-38.72677],[-71.69787,-38.72964],[-71.7025,-38.73217],[-71.70743,-38.73432],[-71.71259,-38.73609],[-71.71796,-38.73746],[-71.72347,-38.7384],[-71.72907,-38.73892],[-71.73472,-38.73901],[-71.74034,-38.73866],[-71.74589,-38.73788],[-71.75132,-38.73668],[-71.75657,-38.73506],[-71.7616,-38.73306],[-71.76635,-38.73067],[-71.77078,-38.72793],[-71.77484,-38.72487],[-71.7785,-38.7215],[-71.78172,-38.71788],[-71.78447,-38.71402],[-71.78673,-38.70997],[-71.78846,-38.70577],[-71.78967,-38.70145],[-71.79032,-38.69706],[-71.79043,-38.69264],[-71.78998,-38.68824],[-71.78898,-38.68389],[-71.78745,-38.67964],[-71.78539,-38.67552],[-71.78282,-38.67159],[-71.77978,-38.66787],[-71.77629,-38.6644],[-71.77238,-38.66122],[-71.76809,-38.65835],[-71.76347,-38.65583],[-71.75855,-38.65367],[-71.75338,-38.6519],[-71.74802,-38.65054],[-71.74252,-38.64959],[-71.73692,-38.64908],[-71.73129,-38.64899],[-71.72567,-38.64934],[-71.72012,-38.65012],[-71.7147,-38.65132],[-71.70945,-38.65293],[-71.70443,-38.65494],[-71.69969,-38.65732],[-71.69526,-38.66005],[-71.6912,-38.66312],[-71.68754,-38.66648],[-71.68431,-38.6701],[-71.68156,-38.67396],[-71.6793,-38.678],[-71.67755,-38.68221],[-71.67634,-38.68652],[-71.67568,-38.69091],[-71.67557,-38.69533],[-71.67601,-38.69973],[-71.677,-38.70408],[-71.67853,-38.70834],[-71.68058,-38.71245],[-71.68314,-38.71639],[-71.68618,-38.72011],[-71.68968,-38.72358]]}},
{"type":"Feature","properties":{"distance":5.0},"geometry":{"type":"LineString","coordinates":[[-71.54233,-38.40505],[-71.54579,-38.40853],[-71.54968,-38.41172],[-71.55395,-38.41459],[-71.55855,-38.41713],[-71.56344,-38.41929],[-71.56859,-38.42107],[-71.57393,-38.42244],[-71.57941,-38.4234],[-71.58499,-38.42392],[-71.59061,-38.42402],[-71.59621,-38.42367],[-71.60174,-38.4229],[-71.60715,-38.42171],[-71.61238,-38.4201],[-71.61739,-38.4181],[-71.62212,-38.41572],[-71.62654,-38.41299],[-71.63059,-38.40993],[-71.63424,-38.40657],[-71.63746,-38.40295],[-71.6402,-38.39909],[-71.64246,-38.39505],[-71.6442,-38.39084],[-71.64541,-38.38653],[-71.64607,-38.38214],[-71.64618,-38.37772],[-71.64575,-38.37332],[-71.64477,-38.36897],[-71.64325,-38.36471],[-71.64,-38.35873],[-71.64764,-38.35901],[-71.65323,-38.35867],[-71.65876,-38.3579],[-71.66416,-38.3567],[-71.66939,-38.35509],[-71.67439,-38.35309],[-71.67912,-38.35071],[-71.68353,-38.34797],[-71.68757,-38.34491],[-71.69122,-38.34155],[-71.69443,-38.33793],[-71.69717,-38.33407],[-71.69942,-38.33002],[-71.70116,-38.32582],[-71.70236,-38.3215],[-71.70302,-38.31711],[-71.70313,-38.3127],[-71.70269,-38.30829],[-71.70171,-38.30394],[-71.70019,-38.29969],[-71.69814,-38.29557],[-71.6956,-38.29163],[-71.69258,-38.28791],[-71.68911,-38.28444],[-71.68522,-38.28125],[-71.68096,-38.27838],[-71.67636,-38.27585],[-71.67147,-38.27369],[-71.66634,-38.27192],[-71.66101,-38.27055],[-71.65554,-38.2696],[-71.64997,-38.26908],[-71.64436,-38.26899],[-71.63878,-38.26933],[-71.63326,-38.2701],[-71.62786,-38.2713],[-71.62264,-38.2729],[-71.61764,-38.27491],[-71.61291,-38.27728],[-71.60851,-38.28002],[-71.60446,-38.28307],[-71.60081,-38.28643],[-71.5976,-38.29005],[-71.59486,-38.29391],[-71.5926,-38.29795],[-71.59086,-38.30215],[-71.58965,-38.30647],[-71.58898,-38.31086],[-71.58887,-38.31528],[-71.5893,-38.31968],[-71.59028,-38.32403],[-71.59179,-38.32829],[-71.59503,-38.33427],[-71.5874,-38.33398],[-71.5818,-38.33432],[-71.57628,-38.33509],[-71.57087,-38.33629],[-71.56565,-38.33789],[-71.56064,-38.33989],[-71.55591,-38.34227],[-71.5515,-38.345],[-71.54745,-38.34805],[-71.54379,-38.35141],[-71.54057,-38.35503],[-71.53782,-38.35888],[-71.53556,-38.36293],[-71.53382,-38.36713],[-71.5326,-38.37144],[-71.53193,-38.37583],[-71.53181,-38.38025],[-71.53224,-38.38466],[-71.53322,-38.38901],[-71.53473,-38.39326],[-71.53677,-38.39738],[-71.53931,-38.40132],[-71.54233,-38.40505]]}},
{"type":"Feature","properties":{"distance":5.0},"geometry":{"type":"LineString","coordinates":[[-71.40299,-37.95547],[-71.40685,-37.95867],[-71.41108,-37.96155],[-71.41565,-37.96409],[-71.42051,-37.96626],[-71.42562,-37.96805],[-71.43092,-37.96943],[-71.43637,-37.97039],[-71.44191,-37.97092],[-71.44749,-37.97102],[-71.45319,-37.97067],[-71.45856,-37.96993],[-71.46394,-37.96874],[-71.46914,-37.96714],[-71.47413,-37.96515],[-71.47884,-37.96277],[-71.48323,-37.96005],[-71.48726,-37.95699],[-71.4909,-37.95364],[-71.49411,-37.95002],[-71.49685,-37.94617],[-71.4991,-37.94213],[-71.50083,-37.93793],[-71.50204,-37.93361],[-71.50271,-37.92922],[-71.50284,-37.9248],[-71.50242,-37.9204],[-71.50145,-37.91604],[-71.49995,-37.91179],[-71.49793,-37.90767],[-71.49541,-37.90372],[-71.49242,-37.89999],[-71.48897,-37.89652],[-71.48512,-37.89332],[-71.48089,-37.89044],[-71.47608,-37.8878],[-71.47146,-37.88573],[-71.46636,-37.88395],[-71.46106,-37.88257],[-71.45562,-37.88161],[-71.45008,-37.88108],[-71.44451,-37.88098],[-71.43895,-37.88131],[-71.43346,-37.88207],[-71.42808,-37.88326],[-71.42288,-37.88485],[-71.4179,-37.88685],[-71.4132,-37.88922],[-71.4088,-37.89194],[-71.40477,-37.89499],[-71.40113,-37.89834],[-71.39793,-37.90196],[-71.39518,-37.90581],[-71.39293,-37.90985],[-71.39118,-37.91405],[-71.38997,-37.91836],[-71.38929,-37.92275],[-71.38916,-37.92717],[-71.38957,-37.93158],[-71.39053,-37.93593],[-71.39203,-37.94019],[-71.39404,-37.94431],[-71.39656,-37.94826],[-71.39955,-37.95199],[-71.40299,-37.95547]]}},
{"type":"Feature","properties":{"distance":5.0},"geometry":{"type":"LineString","coordinates":[[-71.1235,-37.87588],[-71.12692,-37.87937],[-71.13076,-37.88258],[-71.13498,-37.88547],[-71.13953,-37.88802],[-71.14438,-37.89021],[-71.14948,-37.892],[-71.15477,-37.8934],[-71.16021,-37.89437],[-71.16575,-37.89492],[-71.17132,-37.89503],[-71.17689,-37.89471],[-71.18238,-37.89396],[-71.18776,-37.89279],[-71.19297,-37.8912],[-71.19795,-37.88922],[-71.20267,-37.88686],[-71.20707,-37.88414],[-71.21111,-37.8811],[-71.21476,-37.87775],[-71.21797,-37.87414],[-71.22072,-37.87029],[-71.22299,-37.86625],[-71.22474,-37.86206],[-71.22596,-37.85775],[-71.22665,-37.85336],[-71.22679,-37.84894],[-71.22639,-37.84453],[-71.22544,-37.84017],[-71.22395,-37.83591],[-71.22195,-37.83179],[-71.21945,-37.82784],[-71.21647,-37.8241],[-71.21305,-37.82061],[-71.20921,-37.81741],[-71.20499,-37.81452],[-71.20044,-37.81197],[-71.19559,-37.80979],[-71.1905,-37.80799],[-71.18521,-37.8066],[-71.17978,-37.80563],[-71.17425,-37.80508],[-71.16868,-37.80497],[-71.16312,-37.80529],[-71.15763,-37.80604],[-71.15226,-37.80721],[-71.14706,-37.80879],[-71.14208,-37.81077],[-71.13737,-37.81313],[-71.13297,-37.81585],[-71.12892,-37.81889],[-71.12528,-37.82223],[-71.12206,-37.82584],[-71.1193,-37.82968],[-71.11704,-37.83372],[-71.11528,-37.83792],[-71.11405,-37.84223],[-71.11335,-37.84661],[-71.11321,-37.85103],[-71.11361,-37.85544],[-71.11455,-37.8598],[-71.11603,-37.86406],[-71.11802,-37.86819],[-71.12052,-37.87214],[-71.1235,-37.87588]]}},
{"type":"Feature","properties":{"distance":5.0},"geometry":{"type":"LineString","coordinates":[[-71.30824,-37.43943],[-71.31206,-37.44263],[-71.31626,-37.44552],[-71.32079,-37.44806],[-71.32562,-37.45024],[-71.33069,-37.45203],[-71.33595,-37.45342],[-71.34136,-37.45438],[-71.34687,-37.45492],[-71.35241,-37.45503],[-71.35794,-37.4547],[-71.3634,-37.45395],[-71.36875,-37.45276],[-71.37392,-37.45117],[-71.37887,-37.44918],[-71.38355,-37.44681],[-71.38792,-37.44409],[-71.39193,-37.44104],[-71.39555,-37.43769],[-71.39874,-37.43407],[-71.40146,-37.43023],[-71.4037,-37.42618],[-71.40544,-37.42198],[-71.40665,-37.41767],[-71.40732,-37.41328],[-71.40745,-37.40886],[-71.40704,-37.40446],[-71.40608,-37.4001],[-71.4046,-37.39584],[-71.4026,-37.39172],[-71.40011,-37.38777],[-71.39714,-37.38404],[-71.39373,-37.38056],[-71.38991,-37.37736],[-71.38571,-37.37447],[-71.38118,-37.37193],[-71.37636,-37.36975],[-71.37129,-37.36797],[-71.36603,-37.36658],[-71.36063,-37.36561],[-71.35513,-37.36508],[-71.34959,-37.36497],[-71.34407,-37.3653],[-71.33861,-37.36605],[-71.33328,-37.36723],[-71.32811,-37.36882],[-71.32316,-37.37081],[-71.31848,-37.37318],[-71.31412,-37.3759],[-71.3101,-37.37894],[-71.30648,-37.38229],[-71.30329,-37.38591],[-71.30056,-37.38975],[-71.29832,-37.39379],[-71.29658,-37.39799],[-71.29536,-37.4023],[-71.29468,-37.40669],[-71.29455,-37.41111],[-71.29495,-37.41552],[-71.2959,-37.41987],[-71.29738,-37.42413],[-71.29937,-37.42826],[-71.30186,-37.43221],[-71.30483,-37.43594],[-71.30824,-37.43943]]}},
{"type":"Feature","properties":{"distance":5.0},"geometry":{"type":"LineString","coordinates":[[-71.32554,-36.90043],[-71.32933,-36.90363],[-71.3335,-36.90652],[-71.338,-36.90906],[-71.34279,-36.91124],[-71.34782,-36.91303],[-71.35305,-36.91442],[-71.35842,-36.91539],[-71.36389,-36.91593],[-71.36939,-36.91603],[-71.37488,-36.91571],[-71.38031,-36.91495],[-71.38561,-36.91377],[-71.39075,-36.91218],[-71.39566,-36.91019],[-71.40031,-36.90782],[-71.40465,-36.9051],[-71.40863,-36.90205],[-71.41223,-36.8987],[-71.41539,-36.89508],[-71.4181,-36.89123],[-71.42033,-36.88719],[-71.42205,-36.88299],[-71.42325,-36.87868],[-71.42392,-36.87429],[-71.42405,-36.86987],[-71.42364,-36.86546],[-71.4227,-36.86111],[-71.42122,-36.85685],[-71.41924,-36.85272],[-71.41676,-36.84878],[-71.41382,-36.84504],[-71.41043,-36.84156],[-71.40664,-36.83836],[-71.40247,-36.83547],[-71.39797,-36.83293],[-71.39318,-36.83075],[-71.38815,-36.82896],[-71.38293,-36.82758],[-71.37757,-36.82661],[-71.37211,-36.82607],[-71.36661,-36.82597],[-71.36113,-36.82629],[-71.35571,-36.82705],[-71.35041,-36.82823],[-71.34528,-36.82982],[-71.34037,-36.83181],[-71.33572,-36.83417],[-71.33138,-36.83689],[-71.3274,-36.83994],[-71.3238,-36.84329],[-71.32064,-36.8469],[-71.31792,-36.85075],[-71.31569,-36.85479],[-71.31397,-36.85898],[-71.31276,-36.8633],[-71.31208,-36.86768],[-71.31195,-36.8721],[-71.31235,-36.87651],[-71.31329,-36.88087],[-71.31475,-36.88513],[-71.31673,-36.88926],[-71.31921,-36.89321],[-71.32215,-36.89694],[-71.32554,-36.90043]]}},
{"type":"Feature","properties":{"distance":5.0},"geometry":{"type":"LineString","coordinates":[[-71.12181,-36.22835],[-71.12556,-36.23156],[-71.12969,-36.23445],[-71.13414,-36.23701],[-71.13888,-36.2392],[-71.14387,-36.241],[-71.14905,-36.2424],[-71.15437,-36.24338],[-71.15979,-36.24393],[-71.16524,-36.24405],[-71.17069,-36.24373],[-71.17607,-36.24298],[-71.18133,-36.24181],[-71.18643,-36.24023],[-71.19131,-36.23825],[-71.19592,-36.23589],[-71.20023,-36.23318],[-71.20419,-36.23013],[-71.20776,-36.22679],[-71.21091,-36.22318],[-71.21361,-36.21934],[-71.21583,-36.2153],[-71.21755,-36.2111],[-71.21876,-36.20679],[-71.21943,-36.2024],[-71.21958,-36.19798],[-71.21918,-36.19357],[-71.21826,-36.18921],[-71.21681,-36.18495],[-71.21486,-36.18082],[-71.21242,-36.17687],[-71.20951,-36.17313],[-71.20616,-36.16964],[-71.20241,-36.16643],[-71.19828,-36.16354],[-71.19383,-36.16098],[-71.18909,-36.1588],[-71.18411,-36.157],[-71.17894,-36.1556],[-71.17362,-36.15462],[-71.16821,-36.15407],[-71.16276,-36.15395],[-71.15732,-36.15427],[-71.15195,-36.15501],[-71.14669,-36.15618],[-71.1416,-36.15777],[-71.13672,-36.15974],[-71.13211,-36.1621],[-71.1278,-36.16481],[-71.12384,-36.16785],[-71.12027,-36.17119],[-71.11711,-36.1748],[-71.11441,-36.17864],[-71.11219,-36.18268],[-71.11046,-36.18687],[-71.10925,-36.19119],[-71.10857,-36.19557],[-71.10842,-36.19999],[-71.10881,-36.2044],[-71.10973,-36.20876],[-71.11117,-36.21303],[-71.11312,-36.21716],[-71.11556,-36.22111],[-71.11846,-36.22485],[-71.12181,-36.22835]]}},
{"type":"Feature","properties":{"distance":5.0},"geometry":{"type":"LineString","coordinates":[[-70.8128,-36.02124],[-70.81653,-36.02446],[-70.82063,-36.02737],[-70.82506,-36.02994],[-70.82978,-36.03214],[-70.83475,-36.03395],[-70.83991,-36.03536],[-70.84521,-36.03636],[-70.85061,-36.03692],[-70.85606,-36.03706],[-70.86149,-36.03675],[-70.86686,-36.03602],[-70.87211,-36.03487],[-70.8772,-36.0333],[-70.88208,-36.03133],[-70.88669,-36.02898],[-70.891,-36.02628],[-70.89497,-36.02325],[-70.89854,-36.01991],[-70.9017,-36.01631],[-70.90441,-36.01247],[-70.90664,-36.00844],[-70.90837,-36.00425],[-70.90959,-35.99994],[-70.91028,-35.99555],[-70.91044,-35.99113],[-70.91007,-35.98672],[-70.90916,-35.98236],[-70.90774,-35.97809],[-70.90581,-35.97396],[-70.90338,-35.97],[-70.9005,-35.96625],[-70.89717,-35.96275],[-70.89344,-35.95953],[-70.88934,-35.95662],[-70.88491,-35.95406],[-70.87965,-35.95166],[-70.87523,-35.95004],[-70.87008,-35.94863],[-70.86478,-35.94764],[-70.85938,-35.94708],[-70.85395,-35.94694],[-70.84852,-35.94724],[-70.84316,-35.94798],[-70.83791,-35.94913],[-70.83282,-35.9507],[-70.82795,-35.95266],[-70.82334,-35.95501],[-70.81903,-35.95771],[-70.81507,-35.96074],[-70.81149,-35.96407],[-70.80833,-35.96767],[-70.80562,-35.97151],[-70.80338,-35.97554],[-70.80165,-35.97973],[-70.80042,-35.98404],[-70.79972,-35.98842],[-70.79956,-35.99284],[-70.79992,-35.99726],[-70.80082,-36.00162],[-70.80224,-36.00589],[-70.80417,-36.01002],[-70.80659,-36.01399],[-70.80947,-36.01774],[-70.8128,-36.02124]]}},
{"type":"Feature","properties":{"distance":5.0},"geometry":{"type":"LineString","coordinates":[[-70.71693,-35.6832],[-70.72064,-35.68643],[-70.72472,-35.68934],[-70.72913,-35.69191],[-70.73383,-35.69412],[-70.73877,-35.69594],[-70.74391,-35.69735],[-70.74919,-35.69835],[-70.75457,-35.69892],[-70.75999,-35.69906],[-70.7654,-35.69876],[-70.77075,-35.69804],[-70.77598,-35.69688],[-70.78105,-35.69532],[-70.78591,-35.69336],[-70.79051,-35.69101],[-70.7948,-35.68832],[-70.79875,-35.68529],[-70.80232,-35.68195],[-70.80547,-35.67835],[-70.80817,-35.67452],[-70.8104,-35.67049],[-70.81213,-35.6663],[-70.81335,-35.66199],[-70.81404,-35.6576],[-70.81421,-35.65318],[-70.81384,-35.64877],[-70.81295,-35.64441],[-70.81154,-35.64014],[-70.80962,-35.636],[-70.80721,-35.63204],[-70.80434,-35.62829],[-70.80104,-35.62478],[-70.79733,-35.62156],[-70.79079,-35.61722],[-70.79428,-35.61396],[-70.79743,-35.61036],[-70.80013,-35.60652],[-70.80235,-35.60249],[-70.80408,-35.5983],[-70.8053,-35.59399],[-70.806,-35.58961],[-70.80616,-35.58519],[-70.8058,-35.58077],[-70.80491,-35.57641],[-70.80349,-35.57214],[-70.80158,-35.568],[-70.79917,-35.56404],[-70.79631,-35.56029],[-70.793,-35.55679],[-70.7893,-35.55356],[-70.78522,-35.55065],[-70.78082,-35.54808],[-70.77613,-35.54588],[-70.77119,-35.54406],[-70.76607,-35.54265],[-70.76079,-35.54165],[-70.75543,-35.54108],[-70.75002,-35.54094],[-70.74462,-35.54123],[-70.73928,-35.54196],[-70.73406,-35.54311],[-70.72899,-35.54467],[-70.72414,-35.54663],[-70.71955,-35.54897],[-70.71526,-35.55167],[-70.71131,-35.5547],[-70.70775,-35.55802],[-70.7046,-35.56162],[-70.7019,-35.56545],[-70.69967,-35.56948],[-70.69793,-35.57367],[-70.69671,-35.57798],[-70.69601,-35.58237],[-70.69583,-35.58679],[-70.69619,-35.5912],[-70.69708,-35.59557],[-70.69849,-35.59984],[-70.7004,-35.60397],[-70.7028,-35.60794],[-70.70566,-35.61169],[-70.70896,-35.6152],[-70.71267,-35.61842],[-70.7192,-35.62277],[-70.71571,-35.62603],[-70.71256,-35.62963],[-70.70986,-35.63346],[-70.70762,-35.63749],[-70.70589,-35.64168],[-70.70466,-35.64599],[-70.70396,-35.65037],[-70.70379,-35.65479],[-70.70415,-35.65921],[-70.70504,-35.66357],[-70.70644,-35.66784],[-70.70836,-35.67198],[-70.71076,-35.67594],[-70.71363,-35.6797],[-70.71693,-35.6832]]}},
{"type":"Feature","properties":{"distance":5.0},"geometry":{"type":"LineString","coordinates":[[-70.57795,-35.54415],[-70.58165,-35.54738],[-70.58572,-35.5503],[-70.59012,-35.55288],[-70.5948,-35.55509],[-70.59973,-35.55692],[-70.60486,-35.55834],[-70.61013,-35.55934],[-70.6155,-35.55992],[-70.62091,-35.56007],[-70.62631,-35.55978],[-70.63165,-35.55905],[-70.63688,-35.55791],[-70.64194,-35.55635],[-70.64679,-35.55439],[-70.65139,-35.55205],[-70.65568,-35.54936],[-70.65963,-35.54634],[-70.6632,-35.54301],[-70.66635,-35.53941],[-70.66905,-35.53558],[-70.67128,-35.53155],[-70.67302,-35.52736],[-70.67424,-35.52305],[-70.67494,-35.51867],[-70.67512,-35.51425],[-70.67476,-35.50983],[-70.67388,-35.50547],[-70.67247,-35.5012],[-70.67057,-35.49706],[-70.66817,-35.49309],[-70.66531,-35.48934],[-70.66202,-35.48583],[-70.65832,-35.4826],[-70.65425,-35.47969],[-70.64986,-35.47711],[-70.64517,-35.4749],[-70.64025,-35.47308],[-70.63513,-35.47166],[-70.62986,-35.47066],[-70.6245,-35.47008],[-70.6191,-35.46993],[-70.6137,-35.47022],[-70.60837,-35.47094],[-70.60314,-35.47209],[-70.59808,-35.47365],[-70.59323,-35.4756],[-70.58864,-35.47794],[-70.58435,-35.48063],[-70.5804,-35.48365],[-70.57683,-35.48698],[-70.57368,-35.49057],[-70.57097,-35.4944],[-70.56874,-35.49843],[-70.567,-35.50261],[-70.56577,-35.50692],[-70.56506,-35.51131],[-70.56488,-35.51573],[-70.56523,-35.52014],[-70.56611,-35.52451],[-70.56751,-35.52878],[-70.56941,-35.53292],[-70.5718,-35.53689],[-70.57466,-35.54064],[-70.57795,-35.54415]]}},
{"type":"Feature","properties":{"distance":5.0},"geometry":{"type":"LineString","coordinates":[[-70.53207,-35.27014],[-70.53576,-35.27337],[-70.53981,-35.27629],[-70.54419,-35.27887],[-70.54886,-35.28108],[-70.55377,-35.28291],[-70.55888,-35.28433],[-70.56413,-35.28534],[-70.56948,-35.28592],[-70.57487,-35.28607],[-70.58026,-35.28578],[-70.58558,-35.28506],[-70.59079,-35.28392],[-70.59584,-35.28236],[-70.60068,-35.28041],[-70.60526,-35.27807],[-70.60954,-35.27538],[-70.61348,-35.27236],[-70.61703,-35.26903],[-70.62017,-35.26544],[-70.62287,-35.2616],[-70.6251,-35.25758],[-70.62683,-35.25339],[-70.62805,-35.24908],[-70.62876,-35.24469],[-70.62893,-35.24027],[-70.62858,-35.23586],[-70.6277,-35.23149],[-70.62631,-35.22722],[-70.62441,-35.22308],[-70.62202,-35.21912],[-70.61918,-35.21536],[-70.6159,-35.21185],[-70.61221,-35.20862],[-70.60816,-35.2057],[-70.60378,-35.20313],[-70.59912,-35.20091],[-70.59421,-35.19909],[-70.58911,-35.19766],[-70.58386,-35.19666],[-70.57852,-35.19608],[-70.57313,-35.19593],[-70.56775,-35.19622],[-70.56244,-35.19694],[-70.55723,-35.19808],[-70.55218,-35.19963],[-70.54735,-35.20159],[-70.54277,-35.20392],[-70.53849,-35.20661],[-70.53455,-35.20963],[-70.531,-35.21295],[-70.52785,-35.21655],[-70.52515,-35.22037],[-70.52292,-35.2244],[-70.52119,-35.22859],[-70.51996,-35.2329],[-70.51925,-35.23728],[-70.51906,-35.2417],[-70.51941,-35.24612],[-70.52028,-35.25048],[-70.52167,-35.25476],[-70.52357,-35.2589],[-70.52595,-35.26287],[-70.52879,-35.26662],[-70.53207,-35.27014]]}},
{"type":"Feature","properties":{"distance":5.0},"geometry":{"type":"LineString","coordinates":[[-70.29495,-34.84254],[-70.2982,-34.84605],[-70.30185,-34.84929],[-70.30588,-34.85222],[-70.31023,-34.85481],[-70.31487,-34.85704],[-70.31975,-34.85887],[-70.32482,-34.86031],[-70.33005,-34.86133],[-70.33537,-34.86192],[-70.34073,-34.86208],[-70.34609,-34.8618],[-70.35139,-34.86109],[-70.35657,-34.85996],[-70.3616,-34.85841],[-70.36642,-34.85647],[-70.37099,-34.85414],[-70.37525,-34.85146],[-70.37918,-34.84844],[-70.38273,-34.84512],[-70.38586,-34.84153],[-70.38856,-34.83771],[-70.39079,-34.83368],[-70.39252,-34.8295],[-70.39375,-34.82519],[-70.39447,-34.82081],[-70.39466,-34.81639],[-70.39432,-34.81197],[-70.39346,-34.8076],[-70.39208,-34.80333],[-70.39021,-34.79918],[-70.38785,-34.79521],[-70.38503,-34.79145],[-70.38177,-34.78793],[-70.37812,-34.78469],[-70.3741,-34.78177],[-70.36975,-34.77918],[-70.36511,-34.77696],[-70.36023,-34.77512],[-70.35516,-34.77369],[-70.34994,-34.77267],[-70.34463,-34.77208],[-70.33927,-34.77192],[-70.33392,-34.7722],[-70.32863,-34.77291],[-70.32344,-34.77404],[-70.31842,-34.77558],[-70.3136,-34.77753],[-70.30904,-34.77985],[-70.30478,-34.78253],[-70.30085,-34.78555],[-70.2973,-34.78886],[-70.29416,-34.79245],[-70.29146,-34.79627],[-70.28923,-34.8003],[-70.28749,-34.80448],[-70.28626,-34.80878],[-70.28554,-34.81317],[-70.28534,-34.81759],[-70.28567,-34.82201],[-70.28653,-34.82637],[-70.2879,-34.83065],[-70.28977,-34.8348],[-70.29213,-34.83877],[-70.29495,-34.84254]]}},
{"type":"Feature","properties":{"distance":5.0},"geometry":{"type":"LineString","coordinates":[[-69.8538,-33.8185],[-69.8574,-33.82175],[-69.86135,-33.8247],[-69.86564,-33.8273],[-69.87021,-33.82955],[-69.87502,-33.8314],[-69.88003,-33.83286],[-69.88518,-33.8339],[-69.89044,-33.83451],[-69.89573,-33.83469],[-69.90103,-33.83443],[-69.90627,-33.83374],[-69.9114,-33.83263],[-69.91638,-33.8311],[-69.92115,-33.82918],[-69.92567,-33.82687],[-69.9299,-33.8242],[-69.9338,-33.8212],[-69.93732,-33.81789],[-69.94044,-33.81431],[-69.94312,-33.8105],[-69.94535,-33.80648],[-69.94709,-33.8023],[-69.94833,-33.798],[-69.94906,-33.79361],[-69.94927,-33.78919],[-69.94896,-33.78478],[-69.94813,-33.7804],[-69.9468,-33.77612],[-69.94497,-33.77197],[-69.94266,-33.76799],[-69.93989,-33.76421],[-69.9367,-33.76068],[-69.93311,-33.75743],[-69.92731,-33.75337],[-69.9303,-33.74694],[-69.93154,-33.74264],[-69.93227,-33.73825],[-69.93248,-33.73383],[-69.93217,-33.72942],[-69.93135,-33.72504],[-69.93002,-33.72076],[-69.92819,-33.71661],[-69.92588,-33.71263],[-69.92312,-33.70885],[-69.91993,-33.70532],[-69.91634,-33.70207],[-69.91238,-33.69912],[-69.9081,-33.69652],[-69.90354,-33.69428],[-69.89873,-33.69242],[-69.89373,-33.69097],[-69.88859,-33.68993],[-69.88334,-33.68932],[-69.87805,-33.68914],[-69.87277,-33.68939],[-69.86754,-33.69008],[-69.86242,-33.69119],[-69.85745,-33.69272],[-69.85268,-33.69464],[-69.84816,-33.69695],[-69.84393,-33.69961],[-69.84004,-33.70261],[-69.83652,-33.70591],[-69.8334,-33.70949],[-69.83071,-33.7133],[-69.82849,-33.71732],[-69.82674,-33.7215],[-69.8255,-33.7258],[-69.82476,-33.73018],[-69.82454,-33.7346],[-69.82485,-33.73902],[-69.82567,-33.74339],[-69.82699,-33.74768],[-69.82882,-33.75183],[-69.83112,-33.75581],[-69.83388,-33.75959],[-69.83707,-33.76312],[-69.84066,-33.76638],[-69.84645,-33.77044],[-69.84346,-33.77687],[-69.84221,-33.78117],[-69.84148,-33.78556],[-69.84126,-33.78998],[-69.84156,-33.79439],[-69.84238,-33.79877],[-69.84371,-33.80305],[-69.84554,-33.8072],[-69.84785,-33.81119],[-69.85061,-33.81497],[-69.8538,-33.8185]]}},
{"type":"Feature","properties":{"distance":5.0},"geometry":{"type":"LineString","coordinates":[[-69.76069,-33.42987],[-69.76426,-33.43313],[-69.7682,-33.43607],[-69.77246,-33.43868],[-69.77701,-33.44093],[-69.7818,-33.44279],[-69.78678,-33.44425],[-69.79191,-33.4453],[-69.79714,-33.44591],[-69.80241,-33.44609],[-69.80769,-33.44584],[-69.8129,-33.44516],[-69.81801,-33.44405],[-69.82297,-33.44253],[-69.82772,-33.4406],[-69.83223,-33.4383],[-69.83644,-33.43563],[-69.84032,-33.43263],[-69.84384,-33.42933],[-69.84695,-33.42576],[-69.84962,-33.42194],[-69.85184,-33.41793],[-69.85358,-33.41375],[-69.85482,-33.40945],[-69.85555,-33.40506],[-69.85576,-33.40064],[-69.85546,-33.39622],[-69.85464,-33.39185],[-69.85332,-33.38757],[-69.8515,-33.38341],[-69.84921,-33.37943],[-69.84646,-33.37565],[-69.84328,-33.37212],[-69.83971,-33.36886],[-69.83577,-33.36592],[-69.83151,-33.36331],[-69.82697,-33.36106],[-69.82218,-33.3592],[-69.8172,-33.35775],[-69.81208,-33.3567],[-69.80686,-33.35609],[-69.80159,-33.35591],[-69.79632,-33.35616],[-69.79111,-33.35684],[-69.786,-33.35795],[-69.78105,-33.35947],[-69.7763,-33.36139],[-69.7718,-33.36369],[-69.76759,-33.36636],[-69.7637,-33.36935],[-69.76019,-33.37265],[-69.75708,-33.37623],[-69.7544,-33.38004],[-69.75218,-33.38405],[-69.75044,-33.38823],[-69.74919,-33.39253],[-69.74846,-33.39691],[-69.74824,-33.40134],[-69.74853,-33.40575],[-69.74934,-33.41013],[-69.75066,-33.41441],[-69.75248,-33.41857],[-69.75477,-33.42256],[-69.75751,-33.42633],[-69.76069,-33.42987]]}},
{"type":"Feature","properties":{"distance":5.0},"geometry":{"type":"LineString","coordinates":[[-68.47152,-25.19851],[-68.47478,-25.20181],[-68.47838,-25.2048],[-68.48228,-25.20745],[-68.48644,-25.20974],[-68.49084,-25.21165],[-68.49542,-25.21316],[-68.50014,-25.21425],[-68.50496,-25.21492],[-68.50982,-25.21515],[-68.51469,-25.21495],[-68.51951,-25.21432],[-68.52423,-25.21326],[-68.52883,-25.21178],[-68.53324,-25.2099],[-68.53742,-25.20763],[-68.54135,-25.205],[-68.54497,-25.20204],[-68.54825,-25.19877],[-68.55116,-25.19522],[-68.55368,-25.19142],[-68.55578,-25.18742],[-68.55743,-25.18326],[-68.55863,-25.17896],[-68.55936,-25.17458],[-68.55962,-25.17016],[-68.55939,-25.16573],[-68.55869,-25.16134],[-68.55753,-25.15704],[-68.5559,-25.15287],[-68.55383,-25.14885],[-68.55135,-25.14505],[-68.54846,-25.14148],[-68.5452,-25.13818],[-68.54161,-25.1352],[-68.53771,-25.13255],[-68.53354,-25.13025],[-68.52915,-25.12835],[-68.52457,-25.12684],[-68.51985,-25.12575],[-68.51504,-25.12508],[-68.51018,-25.12485],[-68.50532,-25.12505],[-68.5005,-25.12568],[-68.49611,-25.12667],[-68.49119,-25.12822],[-68.48678,-25.1301],[-68.48259,-25.13236],[-68.47867,-25.13499],[-68.47505,-25.13795],[-68.47177,-25.14122],[-68.46885,-25.14477],[-68.46634,-25.14856],[-68.46424,-25.15256],[-68.46258,-25.15673],[-68.46138,-25.16102],[-68.46064,-25.1654],[-68.46038,-25.16983],[-68.4606,-25.17425],[-68.4613,-25.17864],[-68.46246,-25.18294],[-68.46409,-25.18712],[-68.46615,-25.19113],[-68.46864,-25.19494],[-68.47152,-25.19851]]}},
{"type":"Feature","properties":{"distance":5.0},"geometry":{"type":"LineString","coordinates":[[-68.51943,-20.75755],[-68.52222,-20.76112],[-68.52538,-20.76441],[-68.52886,-20.7674],[-68.53264,-20.77005],[-68.53668,-20.77234],[-68.54093,-20.77425],[-68.54537,-20.77575],[-68.54994,-20.77684],[-68.5546,-20.7775],[-68.55931,-20.77773],[-68.56402,-20.77753],[-68.56868,-20.77689],[-68.57326,-20.77582],[-68.5777,-20.77434],[-68.58197,-20.77246],[-68.58602,-20.77019],[-68.58981,-20.76755],[-68.59331,-20.76459],[-68.59648,-20.76131],[-68.5993,-20.75775],[-68.60173,-20.75396],[-68.60376,-20.74995],[-68.60536,-20.74578],[-68.60652,-20.74148],[-68.60722,-20.7371],[-68.60746,-20.73267],[-68.60724,-20.72824],[-68.60656,-20.72386],[-68.60543,-20.71955],[-68.60385,-20.71537],[-68.60185,-20.71136],[-68.59943,-20.70755],[-68.59664,-20.70399],[-68.59348,-20.70069],[-68.59,-20.69771],[-68.58622,-20.69506],[-68.58218,-20.69277],[-68.57793,-20.69086],[-68.5735,-20.68936],[-68.56893,-20.68827],[-68.56427,-20.68761],[-68.55957,-20.68738],[-68.55486,-20.68758],[-68.5502,-20.68822],[-68.54563,-20.68929],[-68.54119,-20.69077],[-68.53692,-20.69265],[-68.53287,-20.69492],[-68.52908,-20.69755],[-68.52558,-20.70052],[-68.5224,-20.7038],[-68.51959,-20.70735],[-68.51715,-20.71115],[-68.51512,-20.71515],[-68.51352,-20.71932],[-68.51236,-20.72361],[-68.51166,-20.728],[-68.51141,-20.73243],[-68.51163,-20.73685],[-68.51231,-20.74124],[-68.51344,-20.74555],[-68.51501,-20.74973],[-68.51702,-20.75374],[-68.51943,-20.75755]]}},
{"type":"Feature","properties":{"distance":5.0},"geometry":{"type":"LineString","coordinates":[[-68.79421,-19.17363],[-68.79734,-19.17692],[-68.80079,-19.1799],[-68.80454,-19.18255],[-68.80854,-19.18483],[-68.81276,-19.18673],[-68.81715,-19.18823],[-68.82168,-19.18931],[-68.82629,-19.18997],[-68.83095,-19.19019],[-68.83562,-19.18997],[-68.84023,-19.18933],[-68.84476,-19.18825],[-68.84916,-19.18676],[-68.85338,-19.18487],[-68.85738,-19.18259],[-68.86113,-19.17996],[-68.86459,-19.17698],[-68.86773,-19.1737],[-68.87051,-19.17014],[-68.87292,-19.16634],[-68.87491,-19.16233],[-68.87649,-19.15815],[-68.87763,-19.15385],[-68.87831,-19.14947],[-68.87855,-19.14504],[-68.87832,-19.14061],[-68.87764,-19.13622],[-68.87651,-19.13192],[-68.87494,-19.12774],[-68.87295,-19.12373],[-68.87055,-19.11993],[-68.86778,-19.11636],[-68.86465,-19.11308],[-68.86119,-19.11009],[-68.85745,-19.10745],[-68.85345,-19.10517],[-68.84923,-19.10327],[-68.84484,-19.10177],[-68.84032,-19.10069],[-68.8357,-19.10003],[-68.83105,-19.09981],[-68.82639,-19.10003],[-68.82177,-19.10067],[-68.81725,-19.10174],[-68.81285,-19.10323],[-68.80863,-19.10513],[-68.80463,-19.1074],[-68.80088,-19.11004],[-68.79742,-19.11301],[-68.79428,-19.1163],[-68.7915,-19.11985],[-68.78909,-19.12366],[-68.78709,-19.12766],[-68.78552,-19.13184],[-68.78438,-19.13614],[-68.78369,-19.14052],[-68.78345,-19.14495],[-68.78368,-19.14938],[-68.78436,-19.15377],[-68.78548,-19.15807],[-68.78705,-19.16225],[-68.78904,-19.16626],[-68.79143,-19.17006],[-68.79421,-19.17363]]}},
{"type":"Feature","properties":{"distance":5.0},"geometry":{"type":"LineString","coordinates":[[-69.05341,-18.44768],[-69.05653,-18.45097],[-69.05998,-18.45395],[-69.06371,-18.45659],[-69.0677,-18.45886],[-69.0719,-18.46076],[-69.07628,-18.46225],[-69.08078,-18.46333],[-69.08538,-18.46398],[-69.09002,-18.46419],[-69.09467,-18.46397],[-69.09926,-18.46332],[-69.10377,-18.46224],[-69.10814,-18.46074],[-69.11234,-18.45884],[-69.11633,-18.45656],[-69.12006,-18.45392],[-69.1235,-18.45094],[-69.12662,-18.44765],[-69.12938,-18.44408],[-69.13177,-18.44028],[-69.13375,-18.43627],[-69.13532,-18.43209],[-69.13644,-18.42779],[-69.13712,-18.4234],[-69.13734,-18.41897],[-69.13711,-18.41454],[-69.13643,-18.41016],[-69.1353,-18.40585],[-69.13373,-18.40168],[-69.13174,-18.39767],[-69.12935,-18.39387],[-69.12658,-18.39031],[-69.12345,-18.38703],[-69.12001,-18.38405],[-69.11628,-18.38141],[-69.11229,-18.37913],[-69.10809,-18.37724],[-69.10372,-18.37575],[-69.09921,-18.37467],[-69.09462,-18.37402],[-69.08998,-18.37381],[-69.08534,-18.37403],[-69.08074,-18.37468],[-69.07624,-18.37576],[-69.07186,-18.37726],[-69.06767,-18.37915],[-69.06368,-18.38144],[-69.05995,-18.38408],[-69.05651,-18.38706],[-69.05339,-18.39034],[-69.05063,-18.39391],[-69.04824,-18.39771],[-69.04626,-18.40172],[-69.04469,-18.4059],[-69.04356,-18.4102],[-69.04288,-18.41459],[-69.04266,-18.41902],[-69.04289,-18.42345],[-69.04357,-18.42783],[-69.0447,-18.43213],[-69.04626,-18.43631],[-69.04825,-18.44032],[-69.05064,-18.44412],[-69.05341,-18.44768]]}},
{"type":"Feature","properties":{"distance":5.0},"geometry":{"type":"LineString","coordinates":[[-69.10647,-18.19269],[-69.10959,-18.19598],[-69.11303,-18.19895],[-69.11676,-18.20159],[-69.12074,-18.20387],[-69.12494,-18.20576],[-69.12931,-18.20726],[-69.13381,-18.20833],[-69.1384,-18.20898],[-69.14304,-18.20919],[-69.14767,-18.20897],[-69.15226,-18.20832],[-69.15676,-18.20724],[-69.16113,-18.20574],[-69.16532,-18.20384],[-69.1693,-18.20155],[-69.17303,-18.19891],[-69.17646,-18.19593],[-69.17957,-18.19264],[-69.18233,-18.18907],[-69.18471,-18.18527],[-69.18669,-18.18126],[-69.18825,-18.17708],[-69.18938,-18.17278],[-69.19005,-18.16839],[-69.19027,-18.16396],[-69.19004,-18.15953],[-69.18936,-18.15514],[-69.18823,-18.15084],[-69.18666,-18.14667],[-69.18467,-18.14266],[-69.18228,-18.13886],[-69.17951,-18.1353],[-69.1764,-18.13202],[-69.17296,-18.12904],[-69.16923,-18.1264],[-69.16525,-18.12413],[-69.15897,-18.12152],[-69.15218,-18.11967],[-69.1476,-18.11902],[-69.14296,-18.11881],[-69.13833,-18.11903],[-69.13374,-18.11968],[-69.12925,-18.12076],[-69.12488,-18.12226],[-69.12069,-18.12416],[-69.11671,-18.12644],[-69.11299,-18.12909],[-69.10955,-18.13207],[-69.10644,-18.13535],[-69.10368,-18.13892],[-69.1013,-18.14272],[-69.09931,-18.14673],[-69.09775,-18.15091],[-69.09663,-18.15521],[-69.09595,-18.1596],[-69.09573,-18.16403],[-69.09596,-18.16846],[-69.09664,-18.17285],[-69.09777,-18.17715],[-69.09933,-18.18132],[-69.10132,-18.18533],[-69.10371,-18.18913],[-69.10647,-18.19269]]}},
{"type":"Feature","properties":{"distance":5.0},"geometry":{"type":"LineString","coordinates":[[-69.47555,-18.13176],[-69.47867,-18.13504],[-69.48212,-18.13801],[-69.48585,-18.14064],[-69.48983,-18.14291],[-69.49403,-18.1448],[-69.4984,-18.14628],[-69.50291,-18.14735],[-69.5075,-18.14799],[-69.51213,-18.14819],[-69.51676,-18.14796],[-69.52135,-18.1473],[-69.52585,-18.14621],[-69.53021,-18.1447],[-69.5344,-18.14279],[-69.53837,-18.1405],[-69.54209,-18.13785],[-69.54551,-18.13486],[-69.54862,-18.13157],[-69.55137,-18.128],[-69.55374,-18.12419],[-69.55571,-18.12017],[-69.55726,-18.11599],[-69.55838,-18.11169],[-69.55904,-18.1073],[-69.55926,-18.10287],[-69.55901,-18.09844],[-69.55832,-18.09406],[-69.55718,-18.08976],[-69.5556,-18.08559],[-69.55361,-18.08158],[-69.55121,-18.07779],[-69.54844,-18.07423],[-69.54532,-18.07095],[-69.54187,-18.06799],[-69.53814,-18.06535],[-69.53416,-18.06308],[-69.52996,-18.0612],[-69.52559,-18.05972],[-69.52109,-18.05865],[-69.5165,-18.05801],[-69.51187,-18.05781],[-69.50724,-18.05804],[-69.50265,-18.0587],[-69.49816,-18.05979],[-69.4938,-18.0613],[-69.48961,-18.0632],[-69.48564,-18.06549],[-69.48193,-18.06814],[-69.4785,-18.07113],[-69.47539,-18.07442],[-69.47264,-18.07799],[-69.47027,-18.0818],[-69.46829,-18.08582],[-69.46674,-18.09],[-69.46563,-18.0943],[-69.46496,-18.09869],[-69.46474,-18.10312],[-69.46498,-18.10755],[-69.46567,-18.11193],[-69.46681,-18.11623],[-69.46839,-18.1204],[-69.47038,-18.12441],[-69.47277,-18.12821],[-69.47555,-18.13176]]}},
{"type":"Feature","properties":{"distance":5.0},"geometry":{"type":"LineString","coordinates":[[-68.20385,-24.41988],[-68.20671,-24.42345],[-68.20994,-24.42675],[-68.2135,-24.42975],[-68.21738,-24.43241],[-68.22151,-24.43471],[-68.22588,-24.43662],[-68.23043,-24.43814],[-68.23511,-24.43924],[-68.2399,-24.43991],[-68.24473,-24.44016],[-68.24957,-24.43996],[-68.25436,-24.43934],[-68.25906,-24.43828],[-68.26363,-24.43681],[-68.26801,-24.43494],[-68.27218,-24.43268],[-68.27608,-24.43006],[-68.27968,-24.4271],[-68.28295,-24.42383],[-68.28586,-24.42029],[-68.28837,-24.4165],[-68.29046,-24.4125],[-68.29211,-24.40834],[-68.29331,-24.40404],[-68.29404,-24.39966],[-68.29431,-24.39524],[-68.29409,-24.39081],[-68.29341,-24.38642],[-68.29226,-24.38212],[-68.29065,-24.37794],[-68.2886,-24.37392],[-68.28614,-24.37011],[-68.28328,-24.36654],[-68.28005,-24.36324],[-68.27648,-24.36025],[-68.27261,-24.35759],[-68.26847,-24.35529],[-68.26411,-24.35337],[-68.25956,-24.35186],[-68.25488,-24.35076],[-68.2501,-24.35009],[-68.24527,-24.34984],[-68.24044,-24.35004],[-68.23565,-24.35066],[-68.23095,-24.35172],[-68.22639,-24.35319],[-68.222,-24.35506],[-68.21784,-24.35732],[-68.21394,-24.35994],[-68.21033,-24.36289],[-68.20706,-24.36616],[-68.20416,-24.3697],[-68.20165,-24.37349],[-68.19956,-24.37749],[-68.1979,-24.38165],[-68.1967,-24.38594],[-68.19596,-24.39032],[-68.19569,-24.39475],[-68.1959,-24.39917],[-68.19659,-24.40356],[-68.19773,-24.40787],[-68.19934,-24.41205],[-68.20138,-24.41606],[-68.20385,-24.41988]]}},
{"type":"Feature","properties":{"distance":5.0},"geometry":{"type":"LineString","coordinates":[[-67.67819,-23.70178],[-67.68139,-23.70509],[-67.68492,-23.7081],[-67.68876,-23.71077],[-67.69287,-23.71308],[-67.6972,-23.71501],[-67.70172,-23.71654],[-67.70637,-23.71766],[-67.71113,-23.71835],[-67.71593,-23.71861],[-67.72074,-23.71843],[-67.72551,-23.71782],[-67.73019,-23.71678],[-67.73473,-23.71532],[-67.7391,-23.71347],[-67.74325,-23.71122],[-67.74714,-23.70861],[-67.75074,-23.70567],[-67.754,-23.70241],[-67.7569,-23.69887],[-67.75941,-23.69509],[-67.7615,-23.6911],[-67.76316,-23.68694],[-67.76437,-23.68265],[-67.76512,-23.67828],[-67.7654,-23.67385],[-67.7652,-23.66943],[-67.76454,-23.66504],[-67.76341,-23.66073],[-67.76183,-23.65654],[-67.75981,-23.65252],[-67.75737,-23.6487],[-67.75454,-23.64512],[-67.75134,-23.64181],[-67.74781,-23.63881],[-67.74397,-23.63613],[-67.73987,-23.63382],[-67.73554,-23.63189],[-67.73102,-23.63036],[-67.72637,-23.62925],[-67.72162,-23.62856],[-67.71681,-23.6283],[-67.71201,-23.62848],[-67.70725,-23.62909],[-67.70257,-23.63013],[-67.69803,-23.63158],[-67.69366,-23.63344],[-67.68951,-23.63568],[-67.68562,-23.63829],[-67.68203,-23.64124],[-67.67877,-23.64449],[-67.67587,-23.64803],[-67.67335,-23.65181],[-67.67126,-23.65579],[-67.66959,-23.65995],[-67.66838,-23.66424],[-67.66763,-23.66862],[-67.66735,-23.67304],[-67.66754,-23.67747],[-67.6682,-23.68186],[-67.66933,-23.68617],[-67.67091,-23.69035],[-67.67292,-23.69437],[-67.67536,-23.6982],[-67.67819,-23.70178]]}},
{"type":"Feature","properties":{"distance":5.0},"geometry":{"type":"LineString","coordinates":[[-67.66367,-23.6091],[-67.66686,-23.61241],[-67.6704,-23.61542],[-67.67423,-23.61809],[-67.67833,-23.6204],[-67.68266,-23.62233],[-67.68718,-23.62386],[-67.69183,-23.62498],[-67.69658,-23.62567],[-67.70138,-23.62593],[-67.70619,-23.62575],[-67.71095,-23.62514],[-67.71563,-23.6241],[-67.72017,-23.62265],[-67.72453,-23.62079],[-67.72868,-23.61854],[-67.73257,-23.61594],[-67.73616,-23.61299],[-67.73942,-23.60973],[-67.74232,-23.6062],[-67.74483,-23.60242],[-67.74692,-23.59843],[-67.74858,-23.59427],[-67.74979,-23.58998],[-67.75054,-23.5856],[-67.75082,-23.58118],[-67.75062,-23.57675],[-67.74996,-23.57236],[-67.74883,-23.56805],[-67.74725,-23.56387],[-67.74523,-23.55985],[-67.7428,-23.55603],[-67.73997,-23.55244],[-67.73677,-23.54913],[-67.73324,-23.54613],[-67.7294,-23.54346],[-67.7253,-23.54115],[-67.72098,-23.53922],[-67.71647,-23.53769],[-67.71182,-23.53657],[-67.70707,-23.53588],[-67.70227,-23.53562],[-67.69747,-23.5358],[-67.69271,-23.53641],[-67.68804,-23.53745],[-67.6835,-23.5389],[-67.67913,-23.54076],[-67.67499,-23.543],[-67.6711,-23.54561],[-67.66751,-23.54856],[-67.66425,-23.55181],[-67.66135,-23.55535],[-67.65884,-23.55913],[-67.65674,-23.56311],[-67.65508,-23.56727],[-67.65387,-23.57156],[-67.65312,-23.57594],[-67.65284,-23.58036],[-67.65303,-23.58479],[-67.65369,-23.58918],[-67.65481,-23.59348],[-67.65639,-23.59767],[-67.65841,-23.60169],[-67.66084,-23.60552],[-67.66367,-23.6091]]}},
{"type":"Feature","properties":{"distance":5.0},"geometry":{"type":"LineString","coordinates":[[-67.68709,-23.38975],[-67.68991,-23.39333],[-67.6931,-23.39664],[-67.69663,-23.39965],[-67.70046,-23.40232],[-67.70456,-23.40463],[-67.70888,-23.40656],[-67.71339,-23.40809],[-67.71803,-23.40921],[-67.72278,-23.4099],[-67.72757,-23.41015],[-67.73237,-23.40998],[-67.73712,-23.40936],[-67.74179,-23.40832],[-67.74632,-23.40687],[-67.75068,-23.40501],[-67.75482,-23.40276],[-67.7587,-23.40015],[-67.76229,-23.39721],[-67.76554,-23.39395],[-67.76844,-23.39041],[-67.77094,-23.38663],[-67.77303,-23.38264],[-67.77468,-23.37848],[-67.77589,-23.37419],[-67.77663,-23.36981],[-67.77691,-23.36539],[-67.77672,-23.36096],[-67.77605,-23.35657],[-67.77492,-23.35227],[-67.77335,-23.34808],[-67.77133,-23.34406],[-67.7689,-23.34024],[-67.76607,-23.33666],[-67.76288,-23.33335],[-67.75935,-23.33034],[-67.75552,-23.32767],[-67.75143,-23.32536],[-67.74711,-23.32343],[-67.7426,-23.3219],[-67.73796,-23.32079],[-67.73322,-23.3201],[-67.72843,-23.31985],[-67.72364,-23.32002],[-67.71888,-23.32064],[-67.71422,-23.32167],[-67.70969,-23.32313],[-67.70533,-23.32499],[-67.70119,-23.32723],[-67.69731,-23.32984],[-67.69373,-23.33279],[-67.69047,-23.33604],[-67.68758,-23.33958],[-67.68508,-23.34336],[-67.68298,-23.34735],[-67.68133,-23.35151],[-67.68012,-23.35579],[-67.67937,-23.36017],[-67.67909,-23.36459],[-67.67928,-23.36902],[-67.67994,-23.37341],[-67.68107,-23.37772],[-67.68264,-23.38191],[-67.68466,-23.38593],[-67.68709,-23.38975]]}},
{"type":"Feature","properties":{"distance":5.0},"geometry":{"type":"LineString","coordinates":[[-67.57991,-23.31831],[-67.5831,-23.32162],[-67.58662,-23.32463],[-67.59045,-23.3273],[-67.59454,-23.32962],[-67.59886,-23.33155],[-67.60336,-23.33308],[-67.608,-23.3342],[-67.61274,-23.33489],[-67.61753,-23.33515],[-67.62233,-23.33498],[-67.62708,-23.33437],[-67.63175,-23.33333],[-67.63628,-23.33188],[-67.64064,-23.33002],[-67.64478,-23.32778],[-67.64866,-23.32517],[-67.65224,-23.32223],[-67.6555,-23.31897],[-67.65839,-23.31544],[-67.6609,-23.31166],[-67.66299,-23.30767],[-67.66465,-23.30351],[-67.66585,-23.29922],[-67.6666,-23.29485],[-67.66688,-23.29042],[-67.66669,-23.286],[-67.66592,-23.28118],[-67.67277,-23.27778],[-67.67665,-23.27517],[-67.68024,-23.27222],[-67.68349,-23.26897],[-67.68638,-23.26543],[-67.68889,-23.26165],[-67.69097,-23.25766],[-67.69263,-23.2535],[-67.69384,-23.24921],[-67.69458,-23.24484],[-67.69486,-23.24041],[-67.69467,-23.23599],[-67.69401,-23.2316],[-67.69289,-23.22729],[-67.69131,-23.2231],[-67.6893,-23.21908],[-67.68687,-23.21526],[-67.68405,-23.21168],[-67.68086,-23.20837],[-67.67734,-23.20536],[-67.67352,-23.20269],[-67.66943,-23.20037],[-67.66511,-23.19844],[-67.66062,-23.19691],[-67.65598,-23.1958],[-67.65124,-23.19511],[-67.64646,-23.19485],[-67.64167,-23.19502],[-67.63692,-23.19563],[-67.63226,-23.19667],[-67.62773,-23.19812],[-67.62346,-23.19994],[-67.61924,-23.20222],[-67.61536,-23.20483],[-67.61178,-23.20777],[-67.60853,-23.21103],[-67.60563,-23.21456],[-67.60313,-23.21834],[-67.60104,-23.22233],[-67.59938,-23.22648],[-67.59817,-23.23077],[-67.59742,-23.23515],[-67.59714,-23.23957],[-67.59733,-23.244],[-67.5981,-23.24882],[-67.59124,-23.25222],[-67.58736,-23.25482],[-67.58377,-23.25776],[-67.58052,-23.26102],[-67.57762,-23.26455],[-67.57512,-23.26833],[-67.57303,-23.27232],[-67.57137,-23.27647],[-67.57015,-23.28076],[-67.5694,-23.28514],[-67.56912,-23.28956],[-67.56931,-23.29399],[-67.56997,-23.29838],[-67.57109,-23.30269],[-67.57266,-23.30687],[-67.57467,-23.3109],[-67.57709,-23.31472],[-67.57991,-23.31831]]}},
{"type":"Feature","properties":{"distance":5.0},"geometry":{"type":"LineString","coordinates":[[-67.59683,-23.16874],[-67.59965,-23.17233],[-67.60284,-23.17564],[-67.60636,-23.17864],[-67.61018,-23.18132],[-67.61427,-23.18363],[-67.61858,-23.18557],[-67.62308,-23.1871],[-67.62772,-23.18821],[-67.63245,-23.18891],[-67.63724,-23.18917],[-67.64203,-23.18899],[-67.64677,-23.18838],[-67.65143,-23.18734],[-67.65596,-23.18589],[-67.66031,-23.18403],[-67.66445,-23.18179],[-67.66832,-23.17918],[-67.6719,-23.17624],[-67.67516,-23.17298],[-67.67805,-23.16944],[-67.68055,-23.16566],[-67.68263,-23.16167],[-67.68429,-23.15752],[-67.6855,-23.15323],[-67.68624,-23.14885],[-67.68652,-23.14443],[-67.68633,-23.14],[-67.68567,-23.13561],[-67.68455,-23.1313],[-67.68297,-23.12712],[-67.68096,-23.12309],[-67.67854,-23.11927],[-67.67572,-23.11569],[-67.67253,-23.11238],[-67.66901,-23.10937],[-67.66519,-23.1067],[-67.66111,-23.10439],[-67.65679,-23.10246],[-67.6523,-23.10092],[-67.64766,-23.09981],[-67.64293,-23.09912],[-67.63815,-23.09886],[-67.63336,-23.09903],[-67.62862,-23.09964],[-67.62396,-23.10068],[-67.61943,-23.10213],[-67.61508,-23.10399],[-67.61095,-23.10623],[-67.60708,-23.10884],[-67.6035,-23.11178],[-67.60025,-23.11504],[-67.59736,-23.11857],[-67.59485,-23.12235],[-67.59276,-23.12634],[-67.59111,-23.13049],[-67.5899,-23.13478],[-67.58915,-23.13916],[-67.58887,-23.14358],[-67.58905,-23.14801],[-67.58971,-23.1524],[-67.59083,-23.15671],[-67.5924,-23.16089],[-67.59441,-23.16492],[-67.59683,-23.16874]]}},
{"type":"Feature","properties":{"distance":5.0},"geometry":{"type":"LineString","coordinates":[[-67.8421,-22.85838],[-67.84528,-22.86169],[-67.8488,-22.86469],[-67.85262,-22.86736],[-67.8567,-22.86966],[-67.86101,-22.87159],[-67.8655,-22.87311],[-67.87013,-22.87422],[-67.87485,-22.87491],[-67.87963,-22.87516],[-67.88441,-22.87498],[-67.88914,-22.87436],[-67.89379,-22.87331],[-67.89831,-22.87185],[-67.90265,-22.86999],[-67.90677,-22.86774],[-67.91063,-22.86512],[-67.9142,-22.86217],[-67.91743,-22.85891],[-67.92031,-22.85537],[-67.9228,-22.85158],[-67.92488,-22.84759],[-67.92652,-22.84343],[-67.92771,-22.83914],[-67.92845,-22.83476],[-67.92872,-22.83034],[-67.92852,-22.82591],[-67.92785,-22.82152],[-67.92672,-22.81721],[-67.92515,-22.81303],[-67.92313,-22.80901],[-67.92071,-22.80519],[-67.91789,-22.80161],[-67.9147,-22.79831],[-67.91118,-22.79531],[-67.90737,-22.79264],[-67.90329,-22.79033],[-67.89898,-22.78841],[-67.89449,-22.78688],[-67.88986,-22.78577],[-67.88514,-22.78509],[-67.88037,-22.78484],[-67.87559,-22.78502],[-67.87086,-22.78564],[-67.86622,-22.78669],[-67.8617,-22.78815],[-67.85737,-22.79001],[-67.85325,-22.79226],[-67.84939,-22.79487],[-67.84582,-22.79782],[-67.84258,-22.80108],[-67.8397,-22.80462],[-67.83721,-22.8084],[-67.83514,-22.8124],[-67.83349,-22.81656],[-67.83229,-22.82085],[-67.83155,-22.82523],[-67.83128,-22.82965],[-67.83148,-22.83408],[-67.83214,-22.83847],[-67.83327,-22.84277],[-67.83484,-22.84696],[-67.83685,-22.85098],[-67.83928,-22.8548],[-67.8421,-22.85838]]}},
{"type":"Feature","properties":{"distance":5.0},"geometry":{"type":"LineString","coordinates":[[-67.85413,-22.74838],[-67.85731,-22.75169],[-67.86083,-22.75469],[-67.86464,-22.75736],[-67.86872,-22.75967],[-67.87303,-22.76159],[-67.87752,-22.76312],[-67.88214,-22.76423],[-67.88686,-22.76491],[-67.89164,-22.76516],[-67.89641,-22.76498],[-67.90114,-22.76436],[-67.90579,-22.76331],[-67.9103,-22.76185],[-67.91463,-22.75999],[-67.91875,-22.75773],[-67.92261,-22.75512],[-67.92617,-22.75217],[-67.92941,-22.74891],[-67.93228,-22.74537],[-67.93477,-22.74158],[-67.93684,-22.73759],[-67.93848,-22.73343],[-67.93968,-22.72913],[-67.94041,-22.72475],[-67.94068,-22.72033],[-67.94048,-22.7159],[-67.93981,-22.71151],[-67.93869,-22.70721],[-67.93711,-22.70302],[-67.9351,-22.699],[-67.93267,-22.69519],[-67.92985,-22.69161],[-67.92667,-22.6883],[-67.92316,-22.6853],[-67.91934,-22.68264],[-67.91526,-22.68033],[-67.91096,-22.6784],[-67.90647,-22.67688],[-67.90185,-22.67577],[-67.89713,-22.67509],[-67.89236,-22.67484],[-67.88759,-22.67502],[-67.88286,-22.67564],[-67.87822,-22.67669],[-67.87371,-22.67815],[-67.86938,-22.68001],[-67.86526,-22.68226],[-67.86141,-22.68487],[-67.85784,-22.68782],[-67.85461,-22.69109],[-67.85173,-22.69462],[-67.84925,-22.69841],[-67.84717,-22.7024],[-67.84553,-22.70656],[-67.84433,-22.71085],[-67.84359,-22.71523],[-67.84332,-22.71966],[-67.84352,-22.72408],[-67.84418,-22.72847],[-67.84531,-22.73278],[-67.84688,-22.73696],[-67.84889,-22.74098],[-67.85131,-22.7448],[-67.85413,-22.74838]]}},
{"type":"Feature","properties":{"distance":5.0},"geometry":{"type":"LineString","coordinates":[[-68.35846,-21.91551],[-68.36163,-21.91881],[-68.36514,-21.9218],[-68.36895,-21.92446],[-68.37301,-21.92675],[-68.3773,-21.92866],[-68.38176,-21.93017],[-68.38637,-21.93127],[-68.39107,-21.93194],[-68.39581,-21.93217],[-68.40056,-21.93197],[-68.40526,-21.93134],[-68.40987,-21.93028],[-68.41435,-21.9288],[-68.41865,-21.92692],[-68.42274,-21.92465],[-68.42656,-21.92203],[-68.4301,-21.91906],[-68.4333,-21.91579],[-68.43614,-21.91224],[-68.4386,-21.90844],[-68.44065,-21.90444],[-68.44226,-21.90028],[-68.44343,-21.89598],[-68.44415,-21.8916],[-68.4444,-21.88717],[-68.44418,-21.88274],[-68.4435,-21.87835],[-68.44237,-21.87405],[-68.44078,-21.86987],[-68.43877,-21.86586],[-68.43634,-21.86205],[-68.43353,-21.85848],[-68.43035,-21.85518],[-68.42684,-21.85219],[-68.42304,-21.84954],[-68.41898,-21.84724],[-68.41469,-21.84533],[-68.41023,-21.84382],[-68.40563,-21.84273],[-68.40093,-21.84206],[-68.39619,-21.84183],[-68.39145,-21.84203],[-68.38675,-21.84266],[-68.38214,-21.84372],[-68.37766,-21.8452],[-68.37336,-21.84708],[-68.36928,-21.84934],[-68.36545,-21.85197],[-68.36192,-21.85493],[-68.35872,-21.8582],[-68.35587,-21.86175],[-68.35341,-21.86554],[-68.35136,-21.86954],[-68.34974,-21.87371],[-68.34857,-21.87801],[-68.34785,-21.88239],[-68.3476,-21.88682],[-68.34781,-21.89124],[-68.34849,-21.89563],[-68.34963,-21.89994],[-68.35121,-21.90412],[-68.35322,-21.90813],[-68.35565,-21.91194],[-68.35846,-21.91551]]}},
{"type":"Feature","properties":{"distance":5.0},"geometry":{"type":"LineString","coordinates":[[-68.14167,-21.33093],[-68.14483,-21.33423],[-68.14831,-21.33723],[-68.1521,-21.33989],[-68.15614,-21.34219],[-68.16041,-21.34411],[-68.16486,-21.34562],[-68.16944,-21.34672],[-68.17412,-21.34739],[-68.17884,-21.34763],[-68.18357,-21.34744],[-68.18825,-21.34681],[-68.19285,-21.34576],[-68.19731,-21.34429],[-68.2016,-21.34241],[-68.20567,-21.34015],[-68.20949,-21.33753],[-68.21301,-21.33457],[-68.2162,-21.3313],[-68.21904,-21.32775],[-68.22149,-21.32396],[-68.22354,-21.31996],[-68.22515,-21.31579],[-68.22633,-21.3115],[-68.22704,-21.30712],[-68.2273,-21.30269],[-68.22709,-21.29826],[-68.22642,-21.29387],[-68.22529,-21.28957],[-68.22372,-21.28539],[-68.22172,-21.28137],[-68.21931,-21.27756],[-68.21651,-21.27398],[-68.21335,-21.27068],[-68.20986,-21.26769],[-68.20608,-21.26503],[-68.20203,-21.26273],[-68.19777,-21.26082],[-68.19332,-21.2593],[-68.18874,-21.2582],[-68.18407,-21.25753],[-68.17934,-21.25729],[-68.17462,-21.25749],[-68.16994,-21.25811],[-68.16535,-21.25917],[-68.16088,-21.26064],[-68.1566,-21.26251],[-68.15253,-21.26477],[-68.14872,-21.26739],[-68.14519,-21.27035],[-68.142,-21.27362],[-68.13916,-21.27717],[-68.13671,-21.28096],[-68.13466,-21.28495],[-68.13304,-21.28912],[-68.13187,-21.29341],[-68.13115,-21.29779],[-68.13089,-21.30222],[-68.1311,-21.30665],[-68.13177,-21.31104],[-68.13289,-21.31534],[-68.13446,-21.31953],[-68.13646,-21.32354],[-68.13887,-21.32736],[-68.14167,-21.33093]]}},
{"type":"Feature","properties":{"distance":5.0},"geometry":{"type":"LineString","coordinates":[[-68.44172,-20.97554],[-68.44488,-20.97884],[-68.44836,-20.98183],[-68.45215,-20.98448],[-68.45619,-20.98677],[-68.46045,-20.98868],[-68.46489,-20.99019],[-68.46946,-20.99128],[-68.47413,-20.99194],[-68.47884,-20.99218],[-68.48356,-20.99197],[-68.48823,-20.99134],[-68.49281,-20.99027],[-68.49726,-20.98879],[-68.50154,-20.98691],[-68.50559,-20.98464],[-68.50939,-20.98201],[-68.5129,-20.97905],[-68.51608,-20.97577],[-68.51891,-20.97222],[-68.52134,-20.96842],[-68.52338,-20.96442],[-68.52498,-20.96025],[-68.52614,-20.95595],[-68.52685,-20.95157],[-68.52709,-20.94714],[-68.52687,-20.94271],[-68.52619,-20.93832],[-68.52506,-20.93402],[-68.52349,-20.92984],[-68.52148,-20.92583],[-68.51907,-20.92202],[-68.51627,-20.91845],[-68.51311,-20.91516],[-68.50962,-20.91217],[-68.50584,-20.90952],[-68.5018,-20.90723],[-68.49754,-20.90532],[-68.49311,-20.90381],[-68.48853,-20.90272],[-68.48387,-20.90206],[-68.47916,-20.90182],[-68.47444,-20.90203],[-68.46977,-20.90266],[-68.46519,-20.90373],[-68.46075,-20.90521],[-68.45647,-20.90709],[-68.45242,-20.90935],[-68.44862,-20.91198],[-68.44511,-20.91495],[-68.44193,-20.91822],[-68.43911,-20.92177],[-68.43667,-20.92557],[-68.43463,-20.92957],[-68.43303,-20.93374],[-68.43187,-20.93804],[-68.43116,-20.94242],[-68.43091,-20.94685],[-68.43112,-20.95128],[-68.4318,-20.95566],[-68.43293,-20.95997],[-68.43451,-20.96415],[-68.43651,-20.96816],[-68.43892,-20.97197],[-68.44172,-20.97554]]}},
{"type":"Feature","properties":{"distance":10.0},"geometry":{"type":"LineString","coordinates":[[-72.88349,-45.96662],[-72.89327,-45.97222],[-72.90379,-45.97713],[-72.91495,-45.98128],[-72.92664,-45.98466],[-72.93876,-45.98722],[-72.95117,-45.98894],[-72.96377,-45.98979],[-72.97642,-45.98979],[-72.98902,-45.98891],[-73.00143,-45.98718],[-73.01354,-45.98461],[-73.02522,-45.98123],[-73.03637,-45.97705],[-73.04688,-45.97214],[-73.05664,-45.96653],[-73.06557,-45.96028],[-73.07358,-45.95345],[-73.08058,-45.94611],[-73.08652,-45.93832],[-73.09133,-45.93016],[-73.09497,-45.92171],[-73.09741,-45.91306],[-73.09862,-45.90427],[-73.09859,-45.89545],[-73.09732,-45.88668],[-73.09483,-45.87803],[-73.09113,-45.86959],[-73.08628,-45.86145],[-73.0803,-45.85368],[-73.07327,-45.84635],[-73.06524,-45.83954],[-73.0563,-45.83332],[-73.04653,-45.82773],[-73.03603,-45.82284],[-73.02489,-45.81869],[-73.01323,-45.81533],[-73.00115,-45.81278],[-72.98878,-45.81106],[-72.97622,-45.8102],[-72.96361,-45.81021],[-72.95105,-45.81108],[-72.93868,-45.8128],[-72.9266,-45.81537],[-72.91495,-45.81874],[-72.90382,-45.8229],[-72.89332,-45.8278],[-72.88356,-45.83339],[-72.87463,-45.83963],[-72.86662,-45.84645],[-72.8596,-45.85378],[-72.85364,-45.86156],[-72.8488,-45.86971],[-72.84512,-45.87815],[-72.84264,-45.8868],[-72.84139,-45.89558],[-72.84138,-45.9044],[-72.84261,-45.91318],[-72.84506,-45.92184],[-72.84873,-45.93028],[-72.85356,-45.93844],[-72.85951,-45.94622],[-72.86653,-45.95356],[-72.87455,-45.96038],[-72.88349,-45.96662]]}},
{"type":"Feature","properties":{"distance":10.0},"geometry":{"type":"LineString","coordinates":[[-73.08854,-45.17632],[-73.09892,-45.18121],[-73.10993,-45.18535],[-73.12147,-45.18871],[-73.13341,-45.19125],[-73.14566,-45.19296],[-73.15808,-45.1938],[-73.17055,-45.19378],[-73.18297,-45.19289],[-73.1952,-45.19114],[-73.20712,-45.18856],[-73.21864,-45.18516],[-73.22962,-45.18097],[-73.23996,-45.17605],[-73.24958,-45.17043],[-73.25836,-45.16417],[-73.26624,-45.15733],[-73.27313,-45.14997],[-73.27896,-45.14218],[-73.28368,-45.13401],[-73.28725,-45.12556],[-73.28964,-45.1169],[-73.29081,-45.10812],[-73.29076,-45.0993],[-73.28949,-45.09052],[-73.28701,-45.08188],[-73.28335,-45.07345],[-73.27854,-45.06531],[-73.27263,-45.05755],[-73.26568,-45.05023],[-73.25775,-45.04343],[-73.24892,-45.03721],[-73.23928,-45.03164],[-73.22891,-45.02676],[-73.21792,-45.02263],[-73.20641,-45.01928],[-73.1945,-45.01674],[-73.1823,-45.01504],[-73.16992,-45.0142],[-73.15748,-45.01422],[-73.1451,-45.0151],[-73.13291,-45.01684],[-73.12101,-45.01942],[-73.10953,-45.02281],[-73.10544,-45.02436],[-73.10258,-45.01949],[-73.0967,-45.01171],[-73.08978,-45.00438],[-73.08187,-44.99757],[-73.07307,-44.99134],[-73.06345,-44.98575],[-73.05311,-44.98086],[-73.04214,-44.9767],[-73.03065,-44.97333],[-73.01875,-44.97078],[-73.00656,-44.96906],[-72.99419,-44.9682],[-72.98176,-44.9682],[-72.96939,-44.96906],[-72.9572,-44.97078],[-72.94531,-44.97334],[-72.93382,-44.97672],[-72.92285,-44.98087],[-72.91251,-44.98577],[-72.90289,-44.99136],[-72.89409,-44.99759],[-72.88619,-45.00441],[-72.87927,-45.01174],[-72.87339,-45.01952],[-72.86861,-45.02766],[-72.86498,-45.0361],[-72.86254,-45.04476],[-72.8613,-45.05354],[-72.86129,-45.06236],[-72.86249,-45.07114],[-72.8649,-45.0798],[-72.8685,-45.08825],[-72.87326,-45.0964],[-72.87912,-45.10419],[-72.88603,-45.11153],[-72.89393,-45.11836],[-72.90273,-45.1246],[-72.91236,-45.13021],[-72.92272,-45.13511],[-72.93371,-45.13927],[-72.94523,-45.14265],[-72.95716,-45.14522],[-72.96939,-45.14694],[-72.9818,-45.1478],[-72.99427,-45.1478],[-73.00667,-45.14693],[-73.0189,-45.1452],[-73.03083,-45.14264],[-73.04234,-45.13925],[-73.04643,-45.1377],[-73.0493,-45.14258],[-73.05519,-45.15036],[-73.06213,-45.15769],[-73.07005,-45.1645],[-73.07888,-45.17073],[-73.08854,-45.17632]]}},
{"type":"Feature","properties":{"distance":10.0},"geometry":{"type":"LineString","coordinates":[[-72.99435,-44.76165],[-73.00392,-44.76725],[-73.01422,-44.77215],[-73.02515,-44.77631],[-73.0366,-44.77968],[-73.04846,-44.78223],[-73.06061,-44.78395],[-73.07294,-44.7848],[-73.08533,-44.78479],[-73.09766,-44.78392],[-73.1098,-44.78219],[-73.12165,-44.77961],[-73.13309,-44.77622],[-73.144,-44.77205],[-73.15429,-44.76713],[-73.16384,-44.76152],[-73.17258,-44.75527],[-73.18041,-44.74844],[-73.18727,-44.74109],[-73.19307,-44.7333],[-73.19778,-44.72514],[-73.20134,-44.71669],[-73.20373,-44.70803],[-73.20491,-44.69925],[-73.20488,-44.69043],[-73.20363,-44.68165],[-73.20119,-44.673],[-73.19757,-44.66456],[-73.19281,-44.65642],[-73.18696,-44.64865],[-73.18007,-44.64133],[-73.17221,-44.63452],[-73.16346,-44.62829],[-73.15389,-44.62271],[-73.14361,-44.61782],[-73.1327,-44.61367],[-73.12128,-44.61031],[-73.10946,-44.60776],[-73.09734,-44.60605],[-73.08505,-44.60519],[-73.0727,-44.6052],[-73.06041,-44.60608],[-73.0483,-44.6078],[-73.03648,-44.61037],[-73.02507,-44.61375],[-73.01418,-44.61791],[-73.0039,-44.62281],[-72.99435,-44.62841],[-72.98561,-44.63465],[-72.97777,-44.64147],[-72.9709,-44.6488],[-72.96507,-44.65658],[-72.96033,-44.66473],[-72.95674,-44.67318],[-72.95432,-44.68183],[-72.9531,-44.69061],[-72.95309,-44.69943],[-72.9543,-44.70822],[-72.95671,-44.71687],[-72.9603,-44.72532],[-72.96503,-44.73347],[-72.97086,-44.74125],[-72.97774,-44.74859],[-72.98559,-44.75541],[-72.99435,-44.76165]]}},
{"type":"Feature","properties":{"distance":10.0},"geometry":{"type":"LineString","coordinates":[[-72.78395,-44.13848],[-72.7934,-44.1441],[-72.80357,-44.14902],[-72.81436,-44.1532],[-72.82568,-44.1566],[-72.8374,-44.15918],[-72.84942,-44.16093],[-72.86161,-44.16181],[-72.87387,-44.16183],[-72.88608,-44.16098],[-72.8981,-44.15927],[-72.90984,-44.15672],[-72.92117,-44.15336],[-72.93199,-44.14921],[-72.94219,-44.14431],[-72.95167,-44.13872],[-72.96034,-44.13249],[-72.96812,-44.12567],[-72.97493,-44.11834],[-72.98072,-44.11056],[-72.98541,-44.10241],[-72.98897,-44.09397],[-72.99137,-44.08531],[-72.99257,-44.07653],[-72.99258,-44.06771],[-72.99139,-44.05893],[-72.98901,-44.05027],[-72.98547,-44.04182],[-72.98079,-44.03367],[-72.97503,-44.02588],[-72.96825,-44.01854],[-72.9605,-44.01171],[-72.95186,-44.00547],[-72.94242,-43.99986],[-72.93227,-43.99495],[-72.9215,-43.99078],[-72.91627,-43.98921],[-72.91021,-43.98739],[-72.89852,-43.98481],[-72.88654,-43.98307],[-72.87438,-43.98219],[-72.86215,-43.98217],[-72.84999,-43.98302],[-72.83799,-43.98472],[-72.82629,-43.98726],[-72.81498,-43.99061],[-72.80418,-43.99475],[-72.794,-43.99963],[-72.78452,-44.00521],[-72.77585,-44.01143],[-72.76806,-44.01823],[-72.76123,-44.02555],[-72.75543,-44.03332],[-72.7507,-44.04146],[-72.74711,-44.0499],[-72.74468,-44.05855],[-72.74344,-44.06733],[-72.74339,-44.07616],[-72.74455,-44.08494],[-72.74689,-44.09361],[-72.75041,-44.10206],[-72.75506,-44.11023],[-72.76079,-44.11802],[-72.76757,-44.12538],[-72.77531,-44.13222],[-72.78395,-44.13848]]}},
{"type":"Feature","properties":{"distance":10.0},"geometry":{"type":"LineString","coordinates":[[-72.72032,-43.26602],[-72.73033,-43.27096],[-72.74096,-43.27515],[-72.7521,-43.27857],[-72.76365,-43.28116],[-72.77549,-43.28292],[-72.78751,-43.28382],[-72.79959,-43.28385],[-72.81161,-43.28301],[-72.82347,-43.28132],[-72.83504,-43.27879],[-72.84622,-43.27543],[-72.85689,-43.2713],[-72.86695,-43.26641],[-72.87631,-43.26083],[-72.88487,-43.25461],[-72.89255,-43.2478],[-72.89928,-43.24048],[-72.905,-43.2327],[-72.90964,-43.22456],[-72.91317,-43.21612],[-72.91555,-43.20746],[-72.91676,-43.19868],[-72.91679,-43.18986],[-72.91564,-43.18107],[-72.91331,-43.17241],[-72.90984,-43.16396],[-72.90525,-43.1558],[-72.89959,-43.148],[-72.89292,-43.14065],[-72.8853,-43.13381],[-72.8768,-43.12756],[-72.86751,-43.12194],[-72.85969,-43.11808],[-72.86125,-43.10804],[-72.86129,-43.09922],[-72.86014,-43.09043],[-72.85783,-43.08177],[-72.85437,-43.07331],[-72.8498,-43.06515],[-72.84416,-43.05735],[-72.8375,-43.05],[-72.8299,-43.04315],[-72.82142,-43.03689],[-72.81215,-43.03127],[-72.80217,-43.02634],[-72.79158,-43.02214],[-72.78049,-43.01873],[-72.76899,-43.01614],[-72.7572,-43.01438],[-72.74523,-43.01348],[-72.73321,-43.01344],[-72.72123,-43.01426],[-72.70942,-43.01594],[-72.69789,-43.01846],[-72.68675,-43.0218],[-72.67611,-43.02592],[-72.66607,-43.03078],[-72.65673,-43.03635],[-72.64817,-43.04255],[-72.64049,-43.04934],[-72.63374,-43.05666],[-72.628,-43.06442],[-72.62333,-43.07255],[-72.61977,-43.08099],[-72.61735,-43.08963],[-72.6161,-43.09841],[-72.61603,-43.10724],[-72.61714,-43.11603],[-72.61942,-43.1247],[-72.62285,-43.13316],[-72.6274,-43.14134],[-72.63302,-43.14914],[-72.63966,-43.15651],[-72.64726,-43.16337],[-72.65574,-43.16964],[-72.66502,-43.17528],[-72.67284,-43.17915],[-72.67125,-43.18919],[-72.67118,-43.19801],[-72.6723,-43.2068],[-72.6746,-43.21547],[-72.67804,-43.22393],[-72.6826,-43.2321],[-72.68824,-43.23991],[-72.6949,-43.24727],[-72.70252,-43.25412],[-72.71102,-43.26039],[-72.72032,-43.26602]]}},
{"type":"Feature","properties":{"distance":10.0},"geometry":{"type":"LineString","coordinates":[[-72.57654,-42.90892],[-72.58648,-42.91387],[-72.59704,-42.91809],[-72.60811,-42.92152],[-72.61958,-42.92413],[-72.63135,-42.9259],[-72.6433,-42.92682],[-72.65531,-42.92687],[-72.66727,-42.92605],[-72.67906,-42.92438],[-72.69058,-42.92186],[-72.7017,-42.91852],[-72.71232,-42.9144],[-72.72233,-42.90953],[-72.73165,-42.90397],[-72.74018,-42.89775],[-72.74784,-42.89095],[-72.75455,-42.88364],[-72.76026,-42.87587],[-72.7649,-42.86773],[-72.76843,-42.85929],[-72.77082,-42.85064],[-72.77205,-42.84186],[-72.7721,-42.83304],[-72.77098,-42.82425],[-72.76869,-42.81558],[-72.76526,-42.80713],[-72.76072,-42.79896],[-72.75512,-42.79115],[-72.74851,-42.78379],[-72.74095,-42.77694],[-72.73252,-42.77067],[-72.72329,-42.76504],[-72.71336,-42.76009],[-72.70283,-42.75589],[-72.69178,-42.75247],[-72.68034,-42.74986],[-72.66861,-42.74809],[-72.65669,-42.74718],[-72.64472,-42.74713],[-72.63279,-42.74794],[-72.62103,-42.74961],[-72.60954,-42.75212],[-72.59845,-42.75545],[-72.58784,-42.75956],[-72.57784,-42.76441],[-72.56853,-42.76997],[-72.56267,-42.77423],[-72.5603,-42.76833],[-72.55579,-42.76015],[-72.55022,-42.75234],[-72.54363,-42.74496],[-72.5361,-42.7381],[-72.5277,-42.73181],[-72.51849,-42.72616],[-72.50859,-42.7212],[-72.49807,-42.71698],[-72.48705,-42.71354],[-72.47562,-42.71091],[-72.46389,-42.70912],[-72.45199,-42.70818],[-72.44002,-42.70811],[-72.4281,-42.7089],[-72.41633,-42.71055],[-72.40485,-42.71304],[-72.39375,-42.71634],[-72.38314,-42.72043],[-72.37312,-42.72527],[-72.36379,-42.73081],[-72.35524,-42.737],[-72.34756,-42.74377],[-72.34081,-42.75107],[-72.33506,-42.75881],[-72.33037,-42.76694],[-72.32678,-42.77536],[-72.32433,-42.784],[-72.32304,-42.79278],[-72.32292,-42.80161],[-72.32398,-42.81041],[-72.32621,-42.81908],[-72.32958,-42.82756],[-72.33407,-42.83574],[-72.33962,-42.84357],[-72.34619,-42.85096],[-72.35372,-42.85783],[-72.36213,-42.86414],[-72.37134,-42.8698],[-72.38126,-42.87477],[-72.39179,-42.879],[-72.40285,-42.88245],[-72.4143,-42.88508],[-72.42606,-42.88688],[-72.438,-42.88782],[-72.45,-42.88789],[-72.46196,-42.8871],[-72.47375,-42.88544],[-72.48527,-42.88294],[-72.4964,-42.87963],[-72.50702,-42.87552],[-72.51705,-42.87067],[-72.52639,-42.86512],[-72.53225,-42.86087],[-72.53462,-42.86676],[-72.53914,-42.87494],[-72.54472,-42.88276],[-72.55132,-42.89013],[-72.55887,-42.89699],[-72.56731,-42.90328],[-72.57654,-42.90892]]}},
{"type":"Feature","properties":{"distance":10.0},"geometry":{"type":"LineString","coordinates":[[-72.39967,-42.46515],[-72.40882,-42.47081],[-72.41868,-42.47578],[-72.42915,-42.48001],[-72.44013,-42.48346],[-72.45152,-42.48609],[-72.4632,-42.48788],[-72.47506,-42.48882],[-72.48699,-42.48889],[-72.49887,-42.4881],[-72.51059,-42.48644],[-72.52203,-42.48394],[-72.53308,-42.48063],[-72.54364,-42.47652],[-72.5536,-42.47167],[-72.55999,-42.46784],[-72.5722,-42.46882],[-72.58412,-42.46888],[-72.596,-42.46808],[-72.60771,-42.46641],[-72.61914,-42.4639],[-72.63019,-42.46058],[-72.64073,-42.45646],[-72.65069,-42.45161],[-72.65995,-42.44605],[-72.66843,-42.43984],[-72.67604,-42.43305],[-72.68272,-42.42574],[-72.68839,-42.41797],[-72.69301,-42.40984],[-72.69653,-42.4014],[-72.69892,-42.39276],[-72.70016,-42.38397],[-72.70022,-42.37515],[-72.69912,-42.36636],[-72.69686,-42.35769],[-72.69347,-42.34923],[-72.68898,-42.34105],[-72.68343,-42.33324],[-72.67688,-42.32587],[-72.66939,-42.31902],[-72.66102,-42.31274],[-72.65188,-42.30709],[-72.64203,-42.30214],[-72.63158,-42.29793],[-72.62062,-42.2945],[-72.60926,-42.29188],[-72.59762,-42.2901],[-72.58579,-42.28918],[-72.5739,-42.28911],[-72.56206,-42.28992],[-72.55038,-42.29158],[-72.53897,-42.29408],[-72.52795,-42.29739],[-72.51742,-42.3015],[-72.50748,-42.30634],[-72.5011,-42.31017],[-72.48893,-42.30918],[-72.47704,-42.30911],[-72.46519,-42.3099],[-72.4535,-42.31155],[-72.44209,-42.31404],[-72.43106,-42.31735],[-72.42052,-42.32144],[-72.41056,-42.32628],[-72.4013,-42.33182],[-72.39281,-42.33801],[-72.38517,-42.34478],[-72.37847,-42.35207],[-72.37276,-42.35982],[-72.3681,-42.36795],[-72.36453,-42.37637],[-72.3621,-42.38502],[-72.36082,-42.39379],[-72.3607,-42.40262],[-72.36176,-42.41142],[-72.36397,-42.4201],[-72.36733,-42.42857],[-72.37178,-42.43676],[-72.3773,-42.44458],[-72.38384,-42.45197],[-72.39132,-42.45885],[-72.39967,-42.46515]]}},
{"type":"Feature","properties":{"distance":10.0},"geometry":{"type":"LineString","coordinates":[[-71.99265,-40.4318],[-72.00147,-40.43751],[-72.01099,-40.44252],[-72.0211,-40.4468],[-72.03172,-40.45031],[-72.04274,-40.45299],[-72.05404,-40.45484],[-72.06554,-40.45584],[-72.0771,-40.45596],[-72.08862,-40.45522],[-72.09999,-40.45362],[-72.11111,-40.45117],[-72.12185,-40.4479],[-72.13212,-40.44385],[-72.14182,-40.43904],[-72.15085,-40.43353],[-72.15913,-40.42737],[-72.16658,-40.42061],[-72.17313,-40.41333],[-72.17871,-40.4056],[-72.18327,-40.39748],[-72.18677,-40.38906],[-72.18917,-40.38042],[-72.19045,-40.37164],[-72.1906,-40.36281],[-72.18962,-40.35401],[-72.18752,-40.34533],[-72.18431,-40.33684],[-72.18003,-40.32864],[-72.17473,-40.32079],[-72.16844,-40.31338],[-72.16124,-40.30648],[-72.1532,-40.30015],[-72.14438,-40.29445],[-72.13487,-40.28945],[-72.12478,-40.28518],[-72.11418,-40.28168],[-72.10319,-40.279],[-72.09191,-40.27715],[-72.08045,-40.27616],[-72.06892,-40.27604],[-72.05743,-40.27677],[-72.04608,-40.27837],[-72.035,-40.28081],[-72.02427,-40.28407],[-72.01402,-40.28812],[-72.00433,-40.29291],[-71.9953,-40.29841],[-71.98702,-40.30456],[-71.97956,-40.31131],[-71.97301,-40.31857],[-71.96741,-40.3263],[-71.96282,-40.33441],[-71.9593,-40.34282],[-71.95687,-40.35146],[-71.95556,-40.36024],[-71.95538,-40.36907],[-71.95633,-40.37787],[-71.95841,-40.38656],[-71.96159,-40.39506],[-71.96584,-40.40327],[-71.97113,-40.41112],[-71.9774,-40.41854],[-71.9846,-40.42546],[-71.99265,-40.4318]]}},
{"type":"Feature","properties":{"distance":10.0},"geometry":{"type":"LineString","coordinates":[[-72.53667,-41.96504],[-72.54757,-41.96848],[-72.55886,-41.97111],[-72.57045,-41.9729],[-72.58222,-41.97383],[-72.59405,-41.97389],[-72.60583,-41.97309],[-72.61745,-41.97142],[-72.6288,-41.96892],[-72.63976,-41.96559],[-72.65022,-41.96148],[-72.6601,-41.95663],[-72.66929,-41.95107],[-72.6777,-41.94486],[-72.68526,-41.93807],[-72.69189,-41.93076],[-72.69753,-41.923],[-72.70211,-41.91486],[-72.70561,-41.90643],[-72.70798,-41.89778],[-72.70921,-41.889],[-72.70928,-41.88017],[-72.70819,-41.87138],[-72.70595,-41.86271],[-72.70259,-41.85425],[-72.69814,-41.84607],[-72.69264,-41.83826],[-72.68614,-41.83089],[-72.67871,-41.82403],[-72.67041,-41.81775],[-72.66134,-41.8121],[-72.65157,-41.80715],[-72.6412,-41.80294],[-72.63033,-41.7995],[-72.61906,-41.79688],[-72.60751,-41.7951],[-72.59577,-41.79417],[-72.58397,-41.79411],[-72.57222,-41.79491],[-72.56063,-41.79656],[-72.54932,-41.79906],[-72.53838,-41.80238],[-72.52793,-41.80648],[-72.51608,-41.81252],[-72.51257,-41.80986],[-72.50373,-41.80433],[-72.50821,-41.79819],[-72.51281,-41.79006],[-72.51633,-41.78163],[-72.51872,-41.77299],[-72.51998,-41.76421],[-72.52007,-41.75538],[-72.51901,-41.74659],[-72.51681,-41.73791],[-72.51348,-41.72944],[-72.50906,-41.72126],[-72.50359,-41.71343],[-72.49712,-41.70605],[-72.48973,-41.69918],[-72.48147,-41.69288],[-72.47243,-41.68722],[-72.46269,-41.68225],[-72.45235,-41.67802],[-72.44151,-41.67457],[-72.43027,-41.67192],[-72.41874,-41.67012],[-72.40704,-41.66917],[-72.39526,-41.66909],[-72.38353,-41.66987],[-72.37195,-41.6715],[-72.36065,-41.67398],[-72.34972,-41.67728],[-72.33928,-41.68136],[-72.32942,-41.68619],[-72.32023,-41.69172],[-72.31181,-41.6979],[-72.30424,-41.70467],[-72.29759,-41.71196],[-72.29192,-41.7197],[-72.28729,-41.72782],[-72.28375,-41.73624],[-72.28132,-41.74489],[-72.28004,-41.75366],[-72.27991,-41.76249],[-72.28093,-41.77129],[-72.28311,-41.77997],[-72.28641,-41.78845],[-72.29081,-41.79664],[-72.29626,-41.80448],[-72.30271,-41.81187],[-72.31011,-41.81876],[-72.31837,-41.82507],[-72.3272,-41.8306],[-72.3227,-41.83674],[-72.31807,-41.84486],[-72.31452,-41.85328],[-72.3121,-41.86193],[-72.31082,-41.87071],[-72.31069,-41.87954],[-72.31173,-41.88833],[-72.31391,-41.89701],[-72.31722,-41.90549],[-72.32164,-41.91368],[-72.3271,-41.92151],[-72.33357,-41.9289],[-72.34098,-41.93579],[-72.34926,-41.94209],[-72.35833,-41.94776],[-72.3681,-41.95274],[-72.37847,-41.95698],[-72.38936,-41.96043],[-72.40065,-41.96308],[-72.41223,-41.96488],[-72.42399,-41.96583],[-72.43769,-41.96578],[-72.44761,-41.96512],[-72.45923,-41.96347],[-72.47058,-41.96098],[-72.48155,-41.95767],[-72.49203,-41.95358],[-72.50391,-41.94753],[-72.50742,-41.9502],[-72.5165,-41.95585],[-72.52628,-41.96082],[-72.53667,-41.96504]]}},
{"type":"Feature","properties":{"distance":10.0},"geometry":{"type":"LineString","coordinates":[[-72.22867,-41.48599],[-72.23767,-41.49168],[-72.24736,-41.49667],[-72.25765,-41.50092],[-72.26845,-41.50439],[-72.27966,-41.50705],[-72.29115,-41.50887],[-72.30283,-41.50983],[-72.31458,-41.50992],[-72.32629,-41.50915],[-72.33783,-41.50752],[-72.34911,-41.50505],[-72.36001,-41.50175],[-72.37042,-41.49767],[-72.38025,-41.49283],[-72.38941,-41.4873],[-72.39779,-41.48112],[-72.40533,-41.47435],[-72.41194,-41.46705],[-72.41758,-41.4593],[-72.42217,-41.45118],[-72.42569,-41.44275],[-72.42808,-41.43411],[-72.42935,-41.42533],[-72.42946,-41.4165],[-72.42842,-41.4077],[-72.42624,-41.39902],[-72.42294,-41.39055],[-72.41856,-41.38236],[-72.41313,-41.37453],[-72.40671,-41.36714],[-72.39937,-41.36026],[-72.39116,-41.35395],[-72.38218,-41.34828],[-72.3725,-41.3433],[-72.36222,-41.33906],[-72.35144,-41.3356],[-72.34027,-41.33295],[-72.33614,-41.33229],[-72.34022,-41.33069],[-72.35003,-41.32586],[-72.35916,-41.32033],[-72.36753,-41.31415],[-72.37505,-41.30738],[-72.38166,-41.30009],[-72.38728,-41.29234],[-72.39187,-41.28422],[-72.39538,-41.27579],[-72.39778,-41.26715],[-72.39904,-41.25837],[-72.39916,-41.24954],[-72.39812,-41.24074],[-72.39596,-41.23207],[-72.39267,-41.22359],[-72.38831,-41.2154],[-72.3829,-41.20757],[-72.3765,-41.20017],[-72.36918,-41.19329],[-72.361,-41.18698],[-72.35204,-41.18131],[-72.34239,-41.17632],[-72.33214,-41.17208],[-72.32139,-41.16861],[-72.31025,-41.16595],[-72.29881,-41.16413],[-72.28719,-41.16317],[-72.27551,-41.16307],[-72.26386,-41.16383],[-72.25238,-41.16546],[-72.24115,-41.16792],[-72.2303,-41.1712],[-72.21993,-41.17527],[-72.21013,-41.18009],[-72.201,-41.18561],[-72.19263,-41.19178],[-72.1851,-41.19853],[-72.17849,-41.20582],[-72.17284,-41.21355],[-72.16823,-41.22167],[-72.1647,-41.23009],[-72.16227,-41.23873],[-72.16097,-41.24751],[-72.16082,-41.25634],[-72.16182,-41.26514],[-72.16396,-41.27382],[-72.16722,-41.2823],[-72.17156,-41.29051],[-72.17695,-41.29835],[-72.18334,-41.30575],[-72.19066,-41.31265],[-72.19884,-41.31897],[-72.20781,-41.32465],[-72.21747,-41.32965],[-72.22774,-41.3339],[-72.23851,-41.33738],[-72.24968,-41.34004],[-72.25381,-41.3407],[-72.24973,-41.3423],[-72.23991,-41.34712],[-72.23076,-41.35264],[-72.22237,-41.35881],[-72.21483,-41.36557],[-72.2082,-41.37285],[-72.20255,-41.38059],[-72.19793,-41.38871],[-72.19439,-41.39713],[-72.19196,-41.40577],[-72.19067,-41.41455],[-72.19052,-41.42338],[-72.19153,-41.43218],[-72.19368,-41.44086],[-72.19695,-41.44934],[-72.20131,-41.45754],[-72.20672,-41.46538],[-72.21313,-41.47278],[-72.22047,-41.47968],[-72.22867,-41.48599]]}},
{"type":"Feature","properties":{"distance":10.0},"geometry":{"type":"LineString","coordinates":[[-72.5331,-41.39519],[-72.54211,-41.40085],[-72.55181,-41.40582],[-72.56211,-41.41004],[-72.57353,-41.41363],[-72.5841,-41.41611],[-72.59559,-41.4179],[-72.60726,-41.41883],[-72.61899,-41.4189],[-72.63067,-41.41809],[-72.64219,-41.41643],[-72.65343,-41.41393],[-72.6643,-41.41061],[-72.67468,-41.4065],[-72.68447,-41.40164],[-72.69359,-41.39608],[-72.70193,-41.38988],[-72.70942,-41.38309],[-72.716,-41.37578],[-72.72159,-41.36802],[-72.72614,-41.35988],[-72.72961,-41.35145],[-72.73196,-41.3428],[-72.73318,-41.33402],[-72.73325,-41.32519],[-72.73217,-41.3164],[-72.72996,-41.30773],[-72.72663,-41.29926],[-72.72221,-41.29108],[-72.71676,-41.28327],[-72.71032,-41.2759],[-72.70295,-41.26904],[-72.69473,-41.26276],[-72.68574,-41.25711],[-72.67605,-41.25216],[-72.66577,-41.24794],[-72.65499,-41.2445],[-72.64382,-41.24188],[-72.63237,-41.2401],[-72.62073,-41.23917],[-72.60904,-41.2391],[-72.59739,-41.2399],[-72.5859,-41.24156],[-72.57467,-41.24405],[-72.56383,-41.24737],[-72.55347,-41.25147],[-72.54369,-41.25631],[-72.53458,-41.26186],[-72.52623,-41.26805],[-72.51873,-41.27483],[-72.51214,-41.28212],[-72.50654,-41.28988],[-72.50196,-41.298],[-72.49847,-41.30643],[-72.49608,-41.31508],[-72.49483,-41.32386],[-72.49473,-41.33269],[-72.49577,-41.34148],[-72.49796,-41.35016],[-72.50126,-41.35863],[-72.50565,-41.36682],[-72.51109,-41.37464],[-72.51752,-41.38202],[-72.52488,-41.3889],[-72.5331,-41.39519]]}},
{"type":"Feature","properties":{"distance":10.0},"geometry":{"type":"LineString","coordinates":[[-72.41825,-41.16811],[-72.42721,-41.17378],[-72.43686,-41.17875],[-72.44712,-41.18299],[-72.45788,-41.18645],[-72.46903,-41.18909],[-72.48048,-41.19089],[-72.4921,-41.19183],[-72.50379,-41.19191],[-72.51543,-41.19112],[-72.52692,-41.18947],[-72.53813,-41.18698],[-72.54897,-41.18367],[-72.55932,-41.17957],[-72.56909,-41.17473],[-72.57818,-41.16918],[-72.58651,-41.16299],[-72.59399,-41.1562],[-72.60056,-41.1489],[-72.60614,-41.14114],[-72.61069,-41.13301],[-72.61417,-41.12458],[-72.61653,-41.11594],[-72.61777,-41.10715],[-72.61785,-41.09832],[-72.6168,-41.08953],[-72.61461,-41.08086],[-72.61131,-41.07239],[-72.60692,-41.0642],[-72.6015,-41.05639],[-72.5951,-41.049],[-72.58777,-41.04213],[-72.57959,-41.03584],[-72.57064,-41.03018],[-72.56099,-41.02522],[-72.55076,-41.02099],[-72.54002,-41.01754],[-72.5289,-41.01491],[-72.51748,-41.01311],[-72.50589,-41.01217],[-72.49423,-41.01209],[-72.48262,-41.01287],[-72.47117,-41.01451],[-72.45998,-41.017],[-72.44916,-41.0203],[-72.43883,-41.02439],[-72.42907,-41.02922],[-72.41998,-41.03476],[-72.41165,-41.04094],[-72.40416,-41.04771],[-72.39758,-41.055],[-72.39198,-41.06275],[-72.3874,-41.07087],[-72.3839,-41.0793],[-72.38151,-41.08794],[-72.38024,-41.09672],[-72.38012,-41.10555],[-72.38115,-41.11435],[-72.38331,-41.12303],[-72.38659,-41.13151],[-72.39095,-41.1397],[-72.39635,-41.14753],[-72.40274,-41.15492],[-72.41007,-41.1618],[-72.41825,-41.16811]]}},
{"type":"Feature","properties":{"distance":10.0},"geometry":{"type":"LineString","coordinates":[[-72.18816,-41.03895],[-72.19708,-41.04464],[-72.2067,-41.04964],[-72.21692,-41.05389],[-72.22765,-41.05737],[-72.23877,-41.06004],[-72.25019,-41.06186],[-72.26179,-41.06283],[-72.27345,-41.06294],[-72.28508,-41.06217],[-72.29655,-41.06055],[-72.30775,-41.05808],[-72.31858,-41.05479],[-72.32893,-41.05071],[-72.3387,-41.04588],[-72.34779,-41.04035],[-72.35613,-41.03418],[-72.36362,-41.02741],[-72.3702,-41.02012],[-72.37581,-41.01237],[-72.38038,-41.00425],[-72.38388,-40.99582],[-72.38627,-40.98718],[-72.38753,-40.9784],[-72.38765,-40.96957],[-72.38663,-40.96077],[-72.38447,-40.95209],[-72.38121,-40.94362],[-72.37686,-40.93542],[-72.37148,-40.92759],[-72.36512,-40.9202],[-72.35783,-40.91331],[-72.34968,-40.907],[-72.34077,-40.90132],[-72.33116,-40.89634],[-72.32096,-40.89209],[-72.31025,-40.88862],[-72.29916,-40.88596],[-72.28777,-40.88413],[-72.2762,-40.88317],[-72.26457,-40.88306],[-72.25297,-40.88382],[-72.24153,-40.88544],[-72.23035,-40.88791],[-72.21955,-40.89119],[-72.20922,-40.89525],[-72.19946,-40.90007],[-72.19037,-40.90559],[-72.18203,-40.91175],[-72.17453,-40.91851],[-72.16794,-40.92579],[-72.16232,-40.93352],[-72.15772,-40.94164],[-72.15419,-40.95006],[-72.15177,-40.9587],[-72.15048,-40.96748],[-72.15033,-40.97631],[-72.15132,-40.98511],[-72.15345,-40.99379],[-72.15669,-41.00228],[-72.16101,-41.01048],[-72.16637,-41.01832],[-72.17273,-41.02573],[-72.18001,-41.03263],[-72.18816,-41.03895]]}},
{"type":"Feature","properties":{"distance":10.0},"geometry":{"type":"LineString","coordinates":[[-72.07426,-40.84187],[-72.08315,-40.84757],[-72.09273,-40.85257],[-72.10292,-40.85684],[-72.11361,-40.86034],[-72.12469,-40.86301],[-72.13607,-40.86485],[-72.14764,-40.86583],[-72.15927,-40.86595],[-72.17086,-40.8652],[-72.1823,-40.86358],[-72.19348,-40.86113],[-72.20428,-40.85785],[-72.21461,-40.85378],[-72.22436,-40.84897],[-72.23344,-40.84345],[-72.24176,-40.83728],[-72.24924,-40.83052],[-72.25582,-40.82323],[-72.26142,-40.81549],[-72.266,-40.80737],[-72.2695,-40.79895],[-72.2719,-40.79031],[-72.27318,-40.78153],[-72.27331,-40.7727],[-72.27231,-40.7639],[-72.27018,-40.75522],[-72.26694,-40.74674],[-72.26262,-40.73854],[-72.25727,-40.7307],[-72.25094,-40.7233],[-72.24368,-40.7164],[-72.23558,-40.71008],[-72.22669,-40.70439],[-72.21713,-40.6994],[-72.20696,-40.69514],[-72.1963,-40.69165],[-72.18524,-40.68898],[-72.17388,-40.68715],[-72.16235,-40.68617],[-72.15075,-40.68605],[-72.13919,-40.6868],[-72.12778,-40.68841],[-72.11663,-40.69086],[-72.10585,-40.69412],[-72.09554,-40.69818],[-72.0858,-40.70299],[-72.07672,-40.70849],[-72.0684,-40.71465],[-72.06091,-40.7214],[-72.05432,-40.72867],[-72.0487,-40.7364],[-72.0441,-40.74451],[-72.04057,-40.75293],[-72.03814,-40.76157],[-72.03683,-40.77035],[-72.03667,-40.77918],[-72.03764,-40.78798],[-72.03974,-40.79667],[-72.04296,-40.80516],[-72.04725,-40.81337],[-72.05258,-40.82121],[-72.05891,-40.82863],[-72.06616,-40.83553],[-72.07426,-40.84187]]}},
{"type":"Feature","properties":{"distance":10.0},"geometry":{"type":"LineString","coordinates":[[-72.02336,-40.6445],[-72.03144,-40.65083],[-72.0403,-40.65654],[-72.04985,-40.66155],[-72.06,-40.66582],[-72.07065,-40.66932],[-72.08171,-40.672],[-72.09305,-40.67385],[-72.10458,-40.67483],[-72.11618,-40.67495],[-72.12774,-40.67421],[-72.13915,-40.6726],[-72.1503,-40.67015],[-72.16107,-40.66688],[-72.17137,-40.66282],[-72.1811,-40.658],[-72.19016,-40.65249],[-72.19846,-40.64632],[-72.20593,-40.63957],[-72.21249,-40.63228],[-72.21809,-40.62455],[-72.22266,-40.61643],[-72.22616,-40.60801],[-72.22856,-40.59937],[-72.22984,-40.59059],[-72.22998,-40.58176],[-72.22899,-40.57296],[-72.22687,-40.56427],[-72.22365,-40.55579],[-72.21935,-40.54759],[-72.21402,-40.53975],[-72.20771,-40.53234],[-72.20048,-40.52544],[-72.1924,-40.51912],[-72.18355,-40.51342],[-72.17401,-40.50842],[-72.16388,-40.50416],[-72.15325,-40.50067],[-72.14222,-40.49799],[-72.1309,-40.49615],[-72.11941,-40.49517],[-72.10784,-40.49504],[-72.09631,-40.49579],[-72.08493,-40.49739],[-72.07381,-40.49983],[-72.06305,-40.5031],[-72.05277,-40.50715],[-72.04305,-40.51195],[-72.034,-40.51745],[-72.0257,-40.52361],[-72.01822,-40.53035],[-72.01164,-40.53762],[-72.00603,-40.54535],[-72.00144,-40.55346],[-71.99791,-40.56187],[-71.99548,-40.57051],[-71.99417,-40.57929],[-71.994,-40.58812],[-71.99496,-40.59693],[-71.99705,-40.60561],[-72.00025,-40.61411],[-72.00453,-40.62232],[-72.00984,-40.63017],[-72.01614,-40.63759],[-72.02336,-40.6445]]}},
{"type":"Feature","properties":{"distance":10.0},"geometry":{"type":"LineString","coordinates":[[-71.97835,-40.01078],[-71.9889,-40.01429],[-71.99984,-40.01698],[-72.01107,-40.01884],[-72.02249,-40.01984],[-72.03398,-40.01997],[-72.04543,-40.01924],[-72.05673,-40.01764],[-72.06777,-40.0152],[-72.07845,-40.01194],[-72.08866,-40.00789],[-72.0983,-40.00309],[-72.10729,-39.99758],[-72.11552,-39.99142],[-72.12293,-39.98467],[-72.12945,-39.9774],[-72.135,-39.96967],[-72.13954,-39.96155],[-72.14302,-39.95314],[-72.14542,-39.9445],[-72.1467,-39.93572],[-72.14686,-39.92688],[-72.14589,-39.91808],[-72.14381,-39.90939],[-72.14063,-39.90091],[-72.13639,-39.8927],[-72.13113,-39.88485],[-72.12489,-39.87744],[-72.11774,-39.87053],[-72.10975,-39.86419],[-72.101,-39.85849],[-72.09156,-39.85348],[-72.08153,-39.8492],[-72.07101,-39.8457],[-72.06009,-39.84301],[-72.04888,-39.84116],[-72.0375,-39.84016],[-72.02604,-39.84003],[-72.01473,-39.84075],[-72.00782,-39.83526],[-71.99908,-39.82955],[-71.98965,-39.82453],[-71.97963,-39.82024],[-71.96912,-39.81673],[-71.95821,-39.81403],[-71.94701,-39.81217],[-71.93563,-39.81116],[-71.92418,-39.81102],[-71.91276,-39.81174],[-71.90149,-39.81332],[-71.89047,-39.81574],[-71.87981,-39.81898],[-71.86961,-39.82302],[-71.85998,-39.8278],[-71.851,-39.83329],[-71.84275,-39.83943],[-71.83533,-39.84616],[-71.8288,-39.85342],[-71.82322,-39.86114],[-71.81864,-39.86924],[-71.81512,-39.87765],[-71.81269,-39.88628],[-71.81136,-39.89506],[-71.81116,-39.90389],[-71.81209,-39.9127],[-71.81413,-39.9214],[-71.81726,-39.92989],[-71.82147,-39.93811],[-71.8267,-39.94598],[-71.83292,-39.95341],[-71.84004,-39.96033],[-71.84802,-39.96669],[-71.85677,-39.97241],[-71.86621,-39.97744],[-71.87625,-39.98174],[-71.88678,-39.98526],[-71.89772,-39.98796],[-71.90895,-39.98983],[-71.92036,-39.99084],[-71.93184,-39.99098],[-71.94318,-39.99026],[-71.95009,-39.99576],[-71.95886,-40.00147],[-71.96831,-40.00649],[-71.97835,-40.01078]]}},
{"type":"Feature","properties":{"distance":10.0},"geometry":{"type":"LineString","coordinates":[[-71.42089,-39.7044],[-71.42957,-39.71016],[-71.43895,-39.71523],[-71.44892,-39.71956],[-71.45939,-39.72312],[-71.47027,-39.72587],[-71.48145,-39.72778],[-71.49281,-39.72883],[-71.50425,-39.72902],[-71.51566,-39.72834],[-71.52693,-39.72679],[-71.53795,-39.72441],[-71.54861,-39.72119],[-71.55881,-39.71719],[-71.56845,-39.71243],[-71.57744,-39.70697],[-71.5857,-39.70084],[-71.59313,-39.69413],[-71.59968,-39.68688],[-71.60527,-39.67917],[-71.60986,-39.67108],[-71.61339,-39.66267],[-71.61585,-39.65404],[-71.61719,-39.64527],[-71.61742,-39.63643],[-71.61653,-39.62762],[-71.61452,-39.61892],[-71.61143,-39.61042],[-71.60727,-39.60219],[-71.60208,-39.59431],[-71.59593,-39.58687],[-71.58887,-39.57992],[-71.58096,-39.57355],[-71.57228,-39.5678],[-71.56292,-39.56274],[-71.55296,-39.55842],[-71.54251,-39.55487],[-71.53166,-39.55213],[-71.52051,-39.55022],[-71.50918,-39.54917],[-71.49776,-39.54898],[-71.48638,-39.54966],[-71.47514,-39.5512],[-71.46415,-39.55358],[-71.45351,-39.55678],[-71.44332,-39.56078],[-71.43369,-39.56552],[-71.42471,-39.57098],[-71.41645,-39.57709],[-71.40901,-39.58379],[-71.40246,-39.59103],[-71.39685,-39.59873],[-71.39224,-39.60682],[-71.38868,-39.61521],[-71.3862,-39.62384],[-71.38482,-39.63261],[-71.38456,-39.64145],[-71.38543,-39.65026],[-71.38741,-39.65897],[-71.39048,-39.66748],[-71.39462,-39.67572],[-71.39978,-39.6836],[-71.40592,-39.69106],[-71.41298,-39.69801],[-71.42089,-39.7044]]}},
{"type":"Feature","properties":{"distance":10.0},"geometry":{"type":"LineString","coordinates":[[-71.67586,-39.6973],[-71.68457,-39.70303],[-71.69396,-39.70808],[-71.70394,-39.71239],[-71.71443,-39.71593],[-71.72531,-39.71865],[-71.73649,-39.72054],[-71.74786,-39.72157],[-71.7593,-39.72173],[-71.7707,-39.72102],[-71.78196,-39.71946],[-71.79297,-39.71704],[-71.80362,-39.71381],[-71.8138,-39.70978],[-71.82342,-39.705],[-71.83239,-39.69952],[-71.84062,-39.69338],[-71.84803,-39.68665],[-71.85454,-39.67939],[-71.86011,-39.67167],[-71.86466,-39.66357],[-71.86817,-39.65516],[-71.87059,-39.64652],[-71.8719,-39.63774],[-71.8721,-39.62891],[-71.87117,-39.6201],[-71.86914,-39.61141],[-71.86601,-39.60291],[-71.86182,-39.59469],[-71.85661,-39.58683],[-71.85043,-39.5794],[-71.84335,-39.57247],[-71.83542,-39.56611],[-71.82672,-39.56039],[-71.81734,-39.55535],[-71.80985,-39.55212],[-71.81561,-39.5457],[-71.82117,-39.53798],[-71.82572,-39.52988],[-71.82922,-39.52147],[-71.83165,-39.51284],[-71.83296,-39.50406],[-71.83317,-39.49523],[-71.83225,-39.48642],[-71.83022,-39.47772],[-71.8271,-39.46922],[-71.82293,-39.461],[-71.81774,-39.45313],[-71.81157,-39.4457],[-71.8045,-39.43877],[-71.79659,-39.43241],[-71.78792,-39.42668],[-71.77856,-39.42164],[-71.76861,-39.41733],[-71.75817,-39.4138],[-71.74733,-39.41108],[-71.7362,-39.40919],[-71.72489,-39.40816],[-71.7135,-39.40799],[-71.70215,-39.40869],[-71.69093,-39.41025],[-71.67997,-39.41265],[-71.66936,-39.41587],[-71.65921,-39.41989],[-71.64961,-39.42465],[-71.64066,-39.43012],[-71.63245,-39.43624],[-71.62504,-39.44296],[-71.61852,-39.45021],[-71.61295,-39.45792],[-71.60838,-39.46601],[-71.60485,-39.47442],[-71.6024,-39.48305],[-71.60105,-39.49182],[-71.60082,-39.50066],[-71.60171,-39.50947],[-71.60371,-39.51817],[-71.6068,-39.52668],[-71.61095,-39.53491],[-71.61613,-39.54278],[-71.62228,-39.55023],[-71.62935,-39.55717],[-71.63726,-39.56354],[-71.64594,-39.56928],[-71.65531,-39.57433],[-71.66279,-39.57757],[-71.65702,-39.58398],[-71.65144,-39.59169],[-71.64686,-39.59979],[-71.64333,-39.60819],[-71.64088,-39.61682],[-71.63954,-39.6256],[-71.63931,-39.63444],[-71.64021,-39.64324],[-71.64222,-39.65194],[-71.64532,-39.66045],[-71.64949,-39.66868],[-71.65468,-39.67655],[-71.66085,-39.68399],[-71.66793,-39.69093],[-71.67586,-39.6973]]}},
{"type":"Feature","properties":{"distance":10.0},"geometry":{"type":"LineString","coordinates":[[-71.85956,-39.48568],[-71.86825,-39.4914],[-71.87762,-39.49644],[-71.88759,-39.50074],[-71.89805,-39.50426],[-71.90891,-39.50696],[-71.92005,-39.50883],[-71.93139,-39.50984],[-71.94279,-39.50999],[-71.95416,-39.50927],[-71.96538,-39.50768],[-71.97635,-39.50525],[-71.98695,-39.502],[-71.99709,-39.49796],[-72.00667,-39.49317],[-72.0156,-39.48767],[-72.02379,-39.48152],[-72.03116,-39.47478],[-72.03764,-39.46751],[-72.04316,-39.45978],[-72.04768,-39.45167],[-72.05116,-39.44326],[-72.05355,-39.43462],[-72.05484,-39.42584],[-72.05501,-39.41701],[-72.05407,-39.4082],[-72.05202,-39.39951],[-72.04888,-39.39102],[-72.04468,-39.38281],[-72.03947,-39.37495],[-72.03329,-39.36753],[-72.02621,-39.36061],[-72.01829,-39.35427],[-72.00961,-39.34856],[-72.00025,-39.34353],[-71.98791,-39.33844],[-71.97986,-39.33573],[-71.96903,-39.33303],[-71.9579,-39.33117],[-71.9466,-39.33016],[-71.93523,-39.33001],[-71.92389,-39.33073],[-71.91115,-39.33265],[-71.91304,-39.32927],[-71.91653,-39.32086],[-71.91893,-39.31222],[-71.92024,-39.30344],[-71.92043,-39.29461],[-71.9195,-39.2858],[-71.91747,-39.27711],[-71.91436,-39.26861],[-71.91181,-39.26358],[-71.91442,-39.26162],[-71.92178,-39.25488],[-71.92825,-39.24762],[-71.93377,-39.2399],[-71.93829,-39.23179],[-71.94177,-39.22338],[-71.94417,-39.21474],[-71.94547,-39.20597],[-71.94566,-39.19713],[-71.94474,-39.18832],[-71.94271,-39.17963],[-71.93959,-39.17113],[-71.93542,-39.16291],[-71.93024,-39.15505],[-71.9241,-39.14762],[-71.91705,-39.1407],[-71.90916,-39.13435],[-71.90052,-39.12863],[-71.89119,-39.12359],[-71.88128,-39.11929],[-71.87088,-39.11577],[-71.86008,-39.11306],[-71.849,-39.11118],[-71.83773,-39.11016],[-71.82639,-39.11],[-71.81509,-39.11071],[-71.80393,-39.11227],[-71.79301,-39.11468],[-71.78245,-39.11791],[-71.77235,-39.12194],[-71.7628,-39.12671],[-71.7539,-39.13218],[-71.74573,-39.13831],[-71.73836,-39.14504],[-71.73188,-39.15229],[-71.72634,-39.16001],[-71.7218,-39.1681],[-71.7183,-39.17651],[-71.71705,-39.18094],[-71.71037,-39.17868],[-71.69958,-39.17595],[-71.68848,-39.17406],[-71.67721,-39.17302],[-71.66586,-39.17285],[-71.65454,-39.17354],[-71.64336,-39.17509],[-71.63243,-39.17748],[-71.62186,-39.1807],[-71.61174,-39.18471],[-71.60217,-39.18947],[-71.59325,-39.19493],[-71.58505,-39.20105],[-71.57767,-39.20777],[-71.57116,-39.21501],[-71.5656,-39.22272],[-71.56103,-39.23081],[-71.55751,-39.23922],[-71.55506,-39.24785],[-71.55371,-39.25662],[-71.55347,-39.26546],[-71.55435,-39.27427],[-71.55634,-39.28297],[-71.55941,-39.29148],[-71.56354,-39.29971],[-71.5687,-39.30759],[-71.57482,-39.31504],[-71.58186,-39.32198],[-71.58973,-39.32836],[-71.59838,-39.3341],[-71.60771,-39.33916],[-71.61764,-39.34348],[-71.62807,-39.34703],[-71.63889,-39.34976],[-71.65001,-39.35166],[-71.66131,-39.3527],[-71.67269,-39.35287],[-71.68404,-39.35217],[-71.69524,-39.35062],[-71.7084,-39.34754],[-71.71022,-39.34975],[-71.71727,-39.35668],[-71.72517,-39.36305],[-71.73383,-39.36878],[-71.74317,-39.37383],[-71.75311,-39.37814],[-71.76355,-39.38167],[-71.77438,-39.38439],[-71.78569,-39.38629],[-71.79682,-39.3873],[-71.80821,-39.38746],[-71.81956,-39.38675],[-71.8323,-39.38484],[-71.83041,-39.38822],[-71.82691,-39.39663],[-71.82449,-39.40526],[-71.82317,-39.41404],[-71.82297,-39.42288],[-71.82389,-39.43168],[-71.82591,-39.44038],[-71.82902,-39.44888],[-71.8332,-39.4571],[-71.83839,-39.46497],[-71.84456,-39.4724],[-71.85164,-39.47933],[-71.85956,-39.48568]]}},
{"type":"Feature","properties":{"distance":10.0},"geometry":{"type":"LineString","coordinates":[[-71.43963,-39.0424],[-71.44823,-39.04815],[-71.45751,-39.05322],[-71.46739,-39.05756],[-71.47777,-39.06112],[-71.48854,-39.06387],[-71.49961,-39.06578],[-71.51086,-39.06684],[-71.5222,-39.06703],[-71.5335,-39.06635],[-71.54467,-39.06481],[-71.55558,-39.06242],[-71.56614,-39.05921],[-71.57625,-39.05521],[-71.5858,-39.05045],[-71.59471,-39.04498],[-71.60288,-39.03886],[-71.61025,-39.03215],[-71.61674,-39.0249],[-71.62228,-39.01719],[-71.62682,-39.0091],[-71.63033,-39.00069],[-71.63276,-38.99206],[-71.6341,-38.98329],[-71.63433,-38.97445],[-71.63345,-38.96564],[-71.63146,-38.95694],[-71.6284,-38.94843],[-71.62428,-38.9402],[-71.61915,-38.93232],[-71.61305,-38.92488],[-71.60606,-38.91793],[-71.59822,-38.91156],[-71.58963,-38.90581],[-71.58036,-38.90075],[-71.5705,-38.89642],[-71.56014,-38.89287],[-71.54939,-38.89012],[-71.53835,-38.88822],[-71.52712,-38.88716],[-71.51582,-38.88697],[-71.50454,-38.88765],[-71.4934,-38.88918],[-71.48251,-38.89157],[-71.47197,-38.89477],[-71.46188,-38.89876],[-71.45234,-38.90351],[-71.44344,-38.90896],[-71.43526,-38.91507],[-71.42789,-38.92178],[-71.42139,-38.92901],[-71.41584,-38.93671],[-71.41127,-38.9448],[-71.40774,-38.9532],[-71.40528,-38.96182],[-71.40391,-38.9706],[-71.40366,-38.97943],[-71.40451,-38.98825],[-71.40647,-38.99695],[-71.40951,-39.00547],[-71.41361,-39.01371],[-71.41872,-39.02159],[-71.42481,-39.02905],[-71.4318,-39.03601],[-71.43963,-39.0424]]}},
{"type":"Feature","properties":{"distance":10.0},"geometry":{"type":"LineString","coordinates":[[-71.65413,-38.75953],[-71.66271,-38.76527],[-71.67197,-38.77032],[-71.68182,-38.77464],[-71.69217,-38.77819],[-71.7029,-38.78092],[-71.71393,-38.78281],[-71.72515,-38.78384],[-71.73644,-38.78401],[-71.74769,-38.78332],[-71.7588,-38.78176],[-71.76967,-38.77935],[-71.78018,-38.77612],[-71.79023,-38.7721],[-71.79973,-38.76733],[-71.80859,-38.76185],[-71.81671,-38.75572],[-71.82403,-38.74899],[-71.83047,-38.74173],[-71.83597,-38.73402],[-71.84047,-38.72591],[-71.84394,-38.71751],[-71.84634,-38.70887],[-71.84765,-38.70009],[-71.84785,-38.69126],[-71.84695,-38.68245],[-71.84495,-38.67375],[-71.84187,-38.66525],[-71.83775,-38.65703],[-71.83262,-38.64916],[-71.82653,-38.64172],[-71.81954,-38.63479],[-71.81172,-38.62843],[-71.80315,-38.62269],[-71.7939,-38.61765],[-71.78407,-38.61334],[-71.77374,-38.6098],[-71.76303,-38.60708],[-71.75203,-38.60519],[-71.74084,-38.60415],[-71.72958,-38.60398],[-71.71835,-38.60468],[-71.70726,-38.60623],[-71.69642,-38.60863],[-71.68593,-38.61185],[-71.6759,-38.61586],[-71.66641,-38.62063],[-71.65756,-38.62609],[-71.64943,-38.63222],[-71.64211,-38.63893],[-71.63566,-38.64618],[-71.63014,-38.65389],[-71.62562,-38.66198],[-71.62212,-38.67039],[-71.6197,-38.67902],[-71.61836,-38.68779],[-71.61813,-38.69663],[-71.61901,-38.70544],[-71.62098,-38.71414],[-71.62403,-38.72265],[-71.62814,-38.73088],[-71.63325,-38.73876],[-71.63933,-38.74621],[-71.64631,-38.75315],[-71.65413,-38.75953]]}},
{"type":"Feature","properties":{"distance":10.0},"geometry":{"type":"LineString","coordinates":[[-71.51033,-38.44442],[-71.51886,-38.45018],[-71.52806,-38.45525],[-71.53786,-38.45958],[-71.54815,-38.46314],[-71.55884,-38.46588],[-71.56982,-38.46779],[-71.58098,-38.46884],[-71.59222,-38.46903],[-71.60343,-38.46835],[-71.6145,-38.4668],[-71.62532,-38.46441],[-71.63579,-38.4612],[-71.64581,-38.45719],[-71.65528,-38.45243],[-71.66411,-38.44696],[-71.67222,-38.44084],[-71.67952,-38.43412],[-71.68594,-38.42687],[-71.69144,-38.41916],[-71.69594,-38.41107],[-71.69941,-38.40266],[-71.70206,-38.39247],[-71.71227,-38.3874],[-71.72109,-38.38193],[-71.72918,-38.3758],[-71.73647,-38.36908],[-71.74289,-38.36183],[-71.74837,-38.35412],[-71.75287,-38.34602],[-71.75633,-38.33761],[-71.75873,-38.32898],[-71.76004,-38.3202],[-71.76026,-38.31136],[-71.75937,-38.30255],[-71.7574,-38.29385],[-71.75435,-38.28535],[-71.75026,-38.27712],[-71.74517,-38.26925],[-71.73912,-38.2618],[-71.73218,-38.25486],[-71.72441,-38.24849],[-71.71589,-38.24275],[-71.7067,-38.2377],[-71.69692,-38.23338],[-71.68666,-38.22983],[-71.676,-38.2271],[-71.66506,-38.2252],[-71.65394,-38.22415],[-71.64273,-38.22397],[-71.63156,-38.22466],[-71.62053,-38.2262],[-71.60974,-38.22859],[-71.5993,-38.2318],[-71.58931,-38.2358],[-71.57986,-38.24056],[-71.57105,-38.24602],[-71.56296,-38.25213],[-71.55566,-38.25884],[-71.54923,-38.26609],[-71.54374,-38.27379],[-71.53922,-38.28188],[-71.53574,-38.29028],[-71.53307,-38.30047],[-71.52286,-38.30552],[-71.51403,-38.31098],[-71.50593,-38.31709],[-71.49862,-38.3238],[-71.49218,-38.33104],[-71.48667,-38.33874],[-71.48215,-38.34683],[-71.47865,-38.35523],[-71.47622,-38.36386],[-71.47487,-38.37263],[-71.47462,-38.38147],[-71.47547,-38.39029],[-71.47742,-38.39899],[-71.48044,-38.4075],[-71.48451,-38.41574],[-71.48958,-38.42363],[-71.49562,-38.43108],[-71.50255,-38.43804],[-71.51033,-38.44442]]}},
{"type":"Feature","properties":{"distance":10.0},"geometry":{"type":"LineString","coordinates":[[-71.36766,-37.99132],[-71.37612,-37.99709],[-71.38526,-38.00217],[-71.39499,-38.00652],[-71.40521,-38.01009],[-71.41582,-38.01285],[-71.42673,-38.01478],[-71.43782,-38.01585],[-71.44899,-38.01605],[-71.46013,-38.01538],[-71.47114,-38.01385],[-71.4819,-38.01148],[-71.49231,-38.00828],[-71.50228,-38.00428],[-71.51171,-37.99954],[-71.52049,-37.99408],[-71.52856,-37.98797],[-71.53584,-37.98126],[-71.54224,-37.97402],[-71.54772,-37.96632],[-71.55221,-37.95823],[-71.55568,-37.94982],[-71.5581,-37.94119],[-71.55943,-37.93242],[-71.55967,-37.92358],[-71.55882,-37.91477],[-71.55688,-37.90606],[-71.55387,-37.89755],[-71.54983,-37.88931],[-71.54479,-37.88143],[-71.5388,-37.87397],[-71.53191,-37.86702],[-71.5242,-37.86063],[-71.51574,-37.85487],[-71.50661,-37.8498],[-71.4969,-37.84546],[-71.4867,-37.8419],[-71.47611,-37.83914],[-71.46523,-37.83722],[-71.45417,-37.83615],[-71.44302,-37.83595],[-71.43191,-37.83662],[-71.42093,-37.83814],[-71.41019,-37.84051],[-71.39979,-37.8437],[-71.38984,-37.84768],[-71.38043,-37.85242],[-71.37164,-37.85787],[-71.36357,-37.86397],[-71.3563,-37.87067],[-71.34988,-37.8779],[-71.34439,-37.88559],[-71.33987,-37.89367],[-71.33638,-37.90207],[-71.33394,-37.9107],[-71.33258,-37.91947],[-71.33231,-37.92831],[-71.33314,-37.93713],[-71.33505,-37.94583],[-71.33804,-37.95435],[-71.34206,-37.9626],[-71.34709,-37.97049],[-71.35307,-37.97796],[-71.35995,-37.98492],[-71.36766,-37.99132]]}},
{"type":"Feature","properties":{"distance":10.0},"geometry":{"type":"LineString","coordinates":[[-71.0838,-37.90873],[-71.09148,-37.91514],[-71.09992,-37.92093],[-71.10903,-37.92604],[-71.11873,-37.93041],[-71.12893,-37.93401],[-71.13952,-37.93679],[-71.15041,-37.93874],[-71.16149,-37.93984],[-71.17265,-37.94007],[-71.18378,-37.93943],[-71.19478,-37.93792],[-71.20554,-37.93557],[-71.21596,-37.9324],[-71.22593,-37.92843],[-71.23537,-37.9237],[-71.24417,-37.91827],[-71.25225,-37.91217],[-71.25954,-37.90548],[-71.26597,-37.89826],[-71.27147,-37.89056],[-71.27599,-37.88248],[-71.27949,-37.87409],[-71.28194,-37.86546],[-71.28331,-37.85669],[-71.28358,-37.84785],[-71.28276,-37.83903],[-71.28086,-37.83032],[-71.27788,-37.8218],[-71.27388,-37.81355],[-71.26887,-37.80566],[-71.26291,-37.79819],[-71.25606,-37.79121],[-71.24838,-37.78481],[-71.23995,-37.77903],[-71.23085,-37.77393],[-71.22116,-37.76957],[-71.21098,-37.76598],[-71.20041,-37.7632],[-71.18955,-37.76125],[-71.1785,-37.76016],[-71.16736,-37.75993],[-71.15626,-37.76057],[-71.14528,-37.76207],[-71.13454,-37.76441],[-71.12415,-37.76758],[-71.11419,-37.77154],[-71.10477,-37.77626],[-71.09597,-37.78168],[-71.08788,-37.78776],[-71.08059,-37.79444],[-71.07415,-37.80166],[-71.06864,-37.80934],[-71.06409,-37.81742],[-71.06057,-37.82581],[-71.0581,-37.83443],[-71.05671,-37.8432],[-71.05641,-37.85204],[-71.0572,-37.86086],[-71.05908,-37.86957],[-71.06203,-37.8781],[-71.06602,-37.88636],[-71.07101,-37.89426],[-71.07696,-37.90174],[-71.0838,-37.90873]]}},
{"type":"Feature","properties":{"distance":10.0},"geometry":{"type":"LineString","coordinates":[[-71.27309,-37.47525],[-71.28149,-37.48103],[-71.29056,-37.48612],[-71.30021,-37.49048],[-71.31035,-37.49406],[-71.32089,-37.49683],[-71.33172,-37.49877],[-71.34273,-37.49985],[-71.35382,-37.50006],[-71.36489,-37.49941],[-71.37582,-37.49789],[-71.38651,-37.49552],[-71.39686,-37.49234],[-71.40677,-37.48835],[-71.41613,-37.48362],[-71.42487,-37.47817],[-71.43289,-37.47206],[-71.44013,-37.46536],[-71.4465,-37.45813],[-71.45195,-37.45043],[-71.45643,-37.44234],[-71.45989,-37.43394],[-71.4623,-37.42531],[-71.46364,-37.41654],[-71.4639,-37.4077],[-71.46306,-37.39888],[-71.46115,-37.39018],[-71.45818,-37.38166],[-71.45418,-37.37342],[-71.44919,-37.36553],[-71.44325,-37.35806],[-71.43642,-37.3511],[-71.42878,-37.3447],[-71.42038,-37.33894],[-71.41132,-37.33385],[-71.40169,-37.3295],[-71.39156,-37.32593],[-71.38105,-37.32316],[-71.37024,-37.32123],[-71.35926,-37.32015],[-71.34819,-37.31994],[-71.33715,-37.32059],[-71.32624,-37.3221],[-71.31557,-37.32446],[-71.30524,-37.32764],[-71.29535,-37.33162],[-71.286,-37.33634],[-71.27726,-37.34178],[-71.26924,-37.34787],[-71.262,-37.35457],[-71.25562,-37.36179],[-71.25015,-37.36948],[-71.24566,-37.37756],[-71.24217,-37.38595],[-71.23974,-37.39458],[-71.23837,-37.40335],[-71.23809,-37.41219],[-71.2389,-37.42101],[-71.24078,-37.42972],[-71.24373,-37.43825],[-71.24772,-37.4465],[-71.2527,-37.4544],[-71.25862,-37.46187],[-71.26544,-37.46884],[-71.27309,-37.47525]]}},
{"type":"Feature","properties":{"distance":10.0},"geometry":{"type":"LineString","coordinates":[[-71.29063,-36.93625],[-71.29897,-36.94202],[-71.30797,-36.94712],[-71.31756,-36.95148],[-71.32763,-36.95506],[-71.33809,-36.95784],[-71.34884,-36.95977],[-71.35977,-36.96085],[-71.37079,-36.96107],[-71.38178,-36.96041],[-71.39263,-36.9589],[-71.40325,-36.95653],[-71.41352,-36.95335],[-71.42336,-36.94936],[-71.43266,-36.94463],[-71.44133,-36.93918],[-71.4493,-36.93308],[-71.45649,-36.92638],[-71.46282,-36.91914],[-71.46823,-36.91144],[-71.47268,-36.90336],[-71.47612,-36.89496],[-71.47851,-36.88633],[-71.47984,-36.87755],[-71.4801,-36.86871],[-71.47927,-36.8599],[-71.47738,-36.85119],[-71.47443,-36.84267],[-71.47046,-36.83442],[-71.4655,-36.82653],[-71.4596,-36.81907],[-71.45283,-36.8121],[-71.44524,-36.80571],[-71.4369,-36.79994],[-71.42791,-36.79486],[-71.41834,-36.7905],[-71.40829,-36.78693],[-71.39785,-36.78416],[-71.38712,-36.78222],[-71.37621,-36.78115],[-71.36522,-36.78093],[-71.35426,-36.78158],[-71.34343,-36.78309],[-71.33284,-36.78545],[-71.32258,-36.78863],[-71.31276,-36.7926],[-71.30347,-36.79733],[-71.2948,-36.80277],[-71.28683,-36.80886],[-71.27964,-36.81555],[-71.2733,-36.82278],[-71.26787,-36.83047],[-71.26341,-36.83855],[-71.25995,-36.84694],[-71.25753,-36.85557],[-71.25617,-36.86434],[-71.25589,-36.87318],[-71.25669,-36.882],[-71.25856,-36.89071],[-71.26149,-36.89924],[-71.26544,-36.90749],[-71.27039,-36.91539],[-71.27627,-36.92286],[-71.28304,-36.92984],[-71.29063,-36.93625]]}},
{"type":"Feature","properties":{"distance":10.0},"geometry":{"type":"LineString","coordinates":[[-70.93388,-36.35401],[-70.94212,-36.35982],[-70.95104,-36.36494],[-70.96053,-36.36933],[-70.97051,-36.37295],[-70.98088,-36.37576],[-70.99154,-36.37773],[-71.00239,-36.37885],[-71.01332,-36.3791],[-71.02423,-36.37848],[-71.03501,-36.377],[-71.04556,-36.37467],[-71.05578,-36.37151],[-71.06556,-36.36756],[-71.07482,-36.36286],[-71.08345,-36.35744],[-71.0914,-36.35136],[-71.09856,-36.34468],[-71.10488,-36.33746],[-71.11029,-36.32978],[-71.11475,-36.3217],[-71.1182,-36.31331],[-71.12063,-36.30469],[-71.12199,-36.29592],[-71.12229,-36.28708],[-71.12187,-36.28233],[-71.13408,-36.28579],[-71.14473,-36.28775],[-71.15557,-36.28885],[-71.16649,-36.28909],[-71.17738,-36.28846],[-71.18815,-36.28696],[-71.19868,-36.28462],[-71.20888,-36.28145],[-71.21864,-36.27749],[-71.22788,-36.27277],[-71.2365,-36.26734],[-71.24442,-36.26125],[-71.25156,-36.25457],[-71.25786,-36.24734],[-71.26325,-36.23965],[-71.26768,-36.23157],[-71.27112,-36.22318],[-71.27352,-36.21455],[-71.27487,-36.20578],[-71.27515,-36.19694],[-71.27436,-36.18812],[-71.27251,-36.1794],[-71.26961,-36.17088],[-71.2657,-36.16262],[-71.2608,-36.15472],[-71.25498,-36.14724],[-71.24829,-36.14026],[-71.24078,-36.13385],[-71.23254,-36.12806],[-71.22363,-36.12296],[-71.21416,-36.11859],[-71.2042,-36.11499],[-71.19386,-36.1122],[-71.18323,-36.11025],[-71.17242,-36.10914],[-71.16152,-36.10891],[-71.15065,-36.10954],[-71.13991,-36.11103],[-71.1294,-36.11336],[-71.11922,-36.11652],[-71.10947,-36.12048],[-71.10024,-36.12519],[-71.09163,-36.13061],[-71.08371,-36.13669],[-71.07656,-36.14337],[-71.07026,-36.15058],[-71.06485,-36.15826],[-71.0604,-36.16633],[-71.05694,-36.17472],[-71.05452,-36.18334],[-71.05314,-36.19212],[-71.05284,-36.20096],[-71.05325,-36.2057],[-71.04106,-36.20223],[-71.03042,-36.20027],[-71.0196,-36.19915],[-71.00869,-36.1989],[-70.99781,-36.19952],[-70.98705,-36.20099],[-70.97652,-36.20332],[-70.96632,-36.20647],[-70.95655,-36.21041],[-70.94731,-36.21511],[-70.93867,-36.22052],[-70.93073,-36.22658],[-70.92356,-36.23325],[-70.91724,-36.24046],[-70.91181,-36.24814],[-70.90734,-36.2562],[-70.90386,-36.26459],[-70.90141,-36.27321],[-70.90002,-36.28198],[-70.8997,-36.29082],[-70.90045,-36.29964],[-70.90227,-36.30837],[-70.90513,-36.3169],[-70.90902,-36.32517],[-70.91388,-36.33309],[-70.91969,-36.34058],[-70.92637,-36.34758],[-70.93388,-36.35401]]}},
{"type":"Feature","properties":{"distance":10.0},"geometry":{"type":"LineString","coordinates":[[-70.77802,-36.05691],[-70.78623,-36.06273],[-70.79509,-36.06786],[-70.80454,-36.07227],[-70.81447,-36.0759],[-70.8248,-36.07873],[-70.83542,-36.08071],[-70.84622,-36.08185],[-70.85712,-36.08211],[-70.86799,-36.08151],[-70.87873,-36.08004],[-70.88925,-36.07773],[-70.89943,-36.07459],[-70.90919,-36.07065],[-70.91842,-36.06595],[-70.92704,-36.06055],[-70.93496,-36.05448],[-70.94211,-36.04781],[-70.94843,-36.0406],[-70.95384,-36.03292],[-70.95829,-36.02485],[-70.96175,-36.01647],[-70.96419,-36.00785],[-70.96556,-35.99907],[-70.96588,-35.99023],[-70.96513,-35.98141],[-70.96331,-35.97269],[-70.96046,-35.96416],[-70.95659,-35.95589],[-70.95174,-35.94797],[-70.94596,-35.94048],[-70.93931,-35.93348],[-70.93185,-35.92705],[-70.92365,-35.92124],[-70.91479,-35.91611],[-70.90536,-35.91171],[-70.89544,-35.90808],[-70.88514,-35.90527],[-70.87454,-35.90328],[-70.86376,-35.90215],[-70.85289,-35.90189],[-70.84205,-35.90249],[-70.83133,-35.90395],[-70.82083,-35.90626],[-70.81066,-35.90939],[-70.80092,-35.91332],[-70.7917,-35.91801],[-70.78309,-35.92341],[-70.77516,-35.92947],[-70.76801,-35.93613],[-70.76169,-35.94332],[-70.75626,-35.95099],[-70.75179,-35.95905],[-70.74831,-35.96743],[-70.74585,-35.97605],[-70.74445,-35.98482],[-70.74411,-35.99366],[-70.74484,-36.00249],[-70.74663,-36.01121],[-70.74946,-36.01975],[-70.75332,-36.02803],[-70.75815,-36.03595],[-70.76392,-36.04346],[-70.77056,-36.05046],[-70.77802,-36.05691]]}},
{"type":"Feature","properties":{"distance":10.0},"geometry":{"type":"LineString","coordinates":[[-70.69042,-35.72467],[-70.69924,-35.72982],[-70.70864,-35.73423],[-70.71853,-35.73787],[-70.72881,-35.74071],[-70.73938,-35.7427],[-70.75014,-35.74385],[-70.76098,-35.74412],[-70.77181,-35.74353],[-70.78251,-35.74207],[-70.79298,-35.73977],[-70.80313,-35.73663],[-70.81285,-35.73271],[-70.82205,-35.72802],[-70.83064,-35.72262],[-70.83854,-35.71656],[-70.84567,-35.70989],[-70.85197,-35.70269],[-70.85736,-35.69502],[-70.86181,-35.68695],[-70.86527,-35.67857],[-70.8677,-35.66995],[-70.86909,-35.66118],[-70.86942,-35.65234],[-70.86868,-35.64351],[-70.86689,-35.63479],[-70.86405,-35.62625],[-70.86021,-35.61798],[-70.85659,-35.61201],[-70.85961,-35.60196],[-70.861,-35.59319],[-70.86132,-35.58435],[-70.86059,-35.57552],[-70.8588,-35.5668],[-70.85597,-35.55826],[-70.85213,-35.54999],[-70.84732,-35.54207],[-70.84159,-35.53456],[-70.83498,-35.52756],[-70.82756,-35.52112],[-70.81941,-35.5153],[-70.81061,-35.51016],[-70.80123,-35.50575],[-70.79137,-35.50212],[-70.78112,-35.49929],[-70.77058,-35.49729],[-70.75985,-35.49615],[-70.74904,-35.49588],[-70.73825,-35.49647],[-70.72813,-35.49784],[-70.72493,-35.48737],[-70.72111,-35.4791],[-70.71631,-35.47117],[-70.7106,-35.46366],[-70.70401,-35.45665],[-70.69661,-35.4502],[-70.68847,-35.44437],[-70.67968,-35.43922],[-70.67032,-35.4348],[-70.66047,-35.43116],[-70.65024,-35.42832],[-70.63971,-35.42631],[-70.62899,-35.42516],[-70.61819,-35.42487],[-70.60741,-35.42545],[-70.59674,-35.42689],[-70.5863,-35.42917],[-70.57619,-35.43229],[-70.56649,-35.4362],[-70.55731,-35.44086],[-70.54873,-35.44624],[-70.54083,-35.45229],[-70.5337,-35.45893],[-70.52739,-35.46612],[-70.52197,-35.47378],[-70.5175,-35.48183],[-70.51401,-35.49021],[-70.51155,-35.49882],[-70.51012,-35.50759],[-70.50976,-35.51643],[-70.51045,-35.52526],[-70.51221,-35.53399],[-70.515,-35.54254],[-70.5188,-35.55082],[-70.52358,-35.55876],[-70.52929,-35.56627],[-70.53587,-35.57329],[-70.54327,-35.57976],[-70.55141,-35.58559],[-70.56021,-35.59075],[-70.56958,-35.59518],[-70.57945,-35.59883],[-70.5897,-35.60168],[-70.60025,-35.60369],[-70.61099,-35.60484],[-70.62182,-35.60513],[-70.63262,-35.60455],[-70.64276,-35.60318],[-70.64595,-35.61365],[-70.64977,-35.62193],[-70.65339,-35.6279],[-70.65033,-35.63795],[-70.64892,-35.64672],[-70.64857,-35.65556],[-70.64929,-35.66439],[-70.65106,-35.67312],[-70.65387,-35.68166],[-70.65769,-35.68994],[-70.6625,-35.69787],[-70.66823,-35.70538],[-70.67484,-35.71239],[-70.68226,-35.71884],[-70.69042,-35.72467]]}},
{"type":"Feature","properties":{"distance":10.0},"geometry":{"type":"LineString","coordinates":[[-70.42967,-36.12269],[-70.43785,-36.12854],[-70.44671,-36.1337],[-70.45614,-36.13813],[-70.46607,-36.14179],[-70.47639,-36.14465],[-70.48701,-36.14667],[-70.49782,-36.14783],[-70.50872,-36.14813],[-70.51961,-36.14755],[-70.53037,-36.14612],[-70.5409,-36.14384],[-70.55111,-36.14072],[-70.56089,-36.13681],[-70.57016,-36.13214],[-70.57881,-36.12676],[-70.58677,-36.12071],[-70.59395,-36.11406],[-70.6003,-36.10687],[-70.60575,-36.09921],[-70.61025,-36.09116],[-70.61375,-36.08278],[-70.61622,-36.07416],[-70.61764,-36.06539],[-70.61799,-36.05655],[-70.61728,-36.04773],[-70.6155,-36.039],[-70.61268,-36.03046],[-70.60884,-36.02218],[-70.60403,-36.01425],[-70.59828,-36.00673],[-70.59165,-35.99972],[-70.58421,-35.99326],[-70.57603,-35.98743],[-70.56718,-35.98227],[-70.55776,-35.97785],[-70.54785,-35.97419],[-70.53754,-35.97134],[-70.52695,-35.96933],[-70.51616,-35.96817],[-70.50529,-35.96787],[-70.49443,-35.96844],[-70.48369,-35.96987],[-70.47317,-35.97215],[-70.46298,-35.97526],[-70.45322,-35.97916],[-70.44396,-35.98382],[-70.43532,-35.98919],[-70.42736,-35.99523],[-70.42017,-36.00187],[-70.41381,-36.00905],[-70.40835,-36.0167],[-70.40384,-36.02475],[-70.40032,-36.03312],[-70.39782,-36.04174],[-70.39638,-36.0505],[-70.396,-36.05934],[-70.39669,-36.06817],[-70.39844,-36.0769],[-70.40124,-36.08545],[-70.40506,-36.09374],[-70.40987,-36.10168],[-70.4156,-36.1092],[-70.42223,-36.11623],[-70.42967,-36.12269]]}},
{"type":"Feature","properties":{"distance":10.0},"geometry":{"type":"LineString","coordinates":[[-70.49748,-35.30572],[-70.50559,-35.31157],[-70.51435,-35.31673],[-70.5237,-35.32116],[-70.53352,-35.32482],[-70.54374,-35.32767],[-70.55425,-35.32968],[-70.56496,-35.33084],[-70.57575,-35.33114],[-70.58652,-35.33056],[-70.59717,-35.32912],[-70.6076,-35.32683],[-70.6177,-35.32372],[-70.62738,-35.31981],[-70.63655,-35.31513],[-70.64511,-35.30975],[-70.65298,-35.3037],[-70.66009,-35.29704],[-70.66637,-35.28985],[-70.67177,-35.28219],[-70.67621,-35.27413],[-70.67967,-35.26575],[-70.68212,-35.25713],[-70.68352,-35.24836],[-70.68386,-35.23952],[-70.68315,-35.23069],[-70.68139,-35.22197],[-70.6786,-35.21342],[-70.67479,-35.20514],[-70.67002,-35.19721],[-70.66433,-35.1897],[-70.65776,-35.18269],[-70.6504,-35.17623],[-70.64229,-35.1704],[-70.63354,-35.16525],[-70.62421,-35.16082],[-70.6144,-35.15717],[-70.6042,-35.15433],[-70.59371,-35.15231],[-70.58303,-35.15116],[-70.57226,-35.15086],[-70.56151,-35.15144],[-70.55088,-35.15287],[-70.54048,-35.15515],[-70.53039,-35.15826],[-70.52072,-35.16217],[-70.51157,-35.16683],[-70.50301,-35.17221],[-70.49514,-35.17825],[-70.48802,-35.18489],[-70.48173,-35.19207],[-70.47633,-35.19973],[-70.47187,-35.20778],[-70.46839,-35.21616],[-70.46592,-35.22477],[-70.4645,-35.23354],[-70.46413,-35.24238],[-70.46482,-35.25121],[-70.46656,-35.25994],[-70.46933,-35.26849],[-70.47312,-35.27677],[-70.47787,-35.28471],[-70.48356,-35.29223],[-70.49012,-35.29926],[-70.49748,-35.30572]]}},
{"type":"Feature","properties":{"distance":10.0},"geometry":{"type":"LineString","coordinates":[[-70.25637,-34.8751],[-70.26368,-34.88158],[-70.27172,-34.88743],[-70.28043,-34.89261],[-70.28971,-34.89707],[-70.29948,-34.90074],[-70.30963,-34.90362],[-70.32009,-34.90565],[-70.33073,-34.90684],[-70.34146,-34.90715],[-70.35218,-34.9066],[-70.36278,-34.90518],[-70.37317,-34.90292],[-70.38323,-34.89982],[-70.39287,-34.89593],[-70.402,-34.89127],[-70.41054,-34.8859],[-70.41839,-34.87987],[-70.42548,-34.87323],[-70.43176,-34.86605],[-70.43714,-34.8584],[-70.44159,-34.85034],[-70.44506,-34.84197],[-70.44752,-34.83336],[-70.44894,-34.82459],[-70.44931,-34.81575],[-70.44863,-34.80692],[-70.4469,-34.79818],[-70.44415,-34.78963],[-70.44039,-34.78135],[-70.43567,-34.7734],[-70.43002,-34.76588],[-70.42352,-34.75885],[-70.41621,-34.75238],[-70.40816,-34.74653],[-70.39946,-34.74136],[-70.3902,-34.73692],[-70.38044,-34.73324],[-70.3703,-34.73038],[-70.35987,-34.72834],[-70.34925,-34.72716],[-70.33854,-34.72685],[-70.32785,-34.7274],[-70.31727,-34.72881],[-70.30691,-34.73107],[-70.29686,-34.73416],[-70.28723,-34.73805],[-70.27811,-34.74269],[-70.26958,-34.74805],[-70.26173,-34.75408],[-70.25463,-34.76071],[-70.24835,-34.76788],[-70.24295,-34.77552],[-70.23849,-34.78357],[-70.235,-34.79194],[-70.23252,-34.80055],[-70.23108,-34.80931],[-70.23068,-34.81815],[-70.23134,-34.82699],[-70.23305,-34.83572],[-70.23578,-34.84428],[-70.23952,-34.85257],[-70.24423,-34.86052],[-70.24986,-34.86805],[-70.25637,-34.8751]]}},
{"type":"Feature","properties":{"distance":10.0},"geometry":{"type":"LineString","coordinates":[[-69.82742,-33.85979],[-69.83599,-33.865],[-69.84513,-33.86949],[-69.85476,-33.87321],[-69.86478,-33.87612],[-69.87509,-33.8782],[-69.8856,-33.87942],[-69.89621,-33.87978],[-69.9068,-33.87927],[-69.91728,-33.87789],[-69.92755,-33.87566],[-69.93751,-33.8726],[-69.94706,-33.86875],[-69.9561,-33.86413],[-69.96457,-33.85879],[-69.97236,-33.85278],[-69.97941,-33.84617],[-69.98564,-33.83901],[-69.99101,-33.83138],[-69.99545,-33.82334],[-69.99892,-33.81498],[-70.0014,-33.80638],[-70.00285,-33.79761],[-70.00327,-33.78877],[-70.00265,-33.77993],[-70.00099,-33.77119],[-69.99832,-33.76263],[-69.99465,-33.75432],[-69.99003,-33.74636],[-69.98609,-33.74099],[-69.98645,-33.73341],[-69.98583,-33.72458],[-69.98418,-33.71584],[-69.9815,-33.70727],[-69.97784,-33.69897],[-69.97323,-33.691],[-69.9677,-33.68346],[-69.96131,-33.6764],[-69.95413,-33.66989],[-69.94622,-33.66401],[-69.93767,-33.6588],[-69.92854,-33.65432],[-69.91893,-33.65061],[-69.90894,-33.6477],[-69.89865,-33.64563],[-69.88817,-33.6444],[-69.8776,-33.64405],[-69.86703,-33.64455],[-69.85658,-33.64593],[-69.84633,-33.64815],[-69.8364,-33.6512],[-69.82687,-33.65505],[-69.81784,-33.65966],[-69.80938,-33.66498],[-69.8016,-33.67098],[-69.79455,-33.67758],[-69.78831,-33.68473],[-69.78293,-33.69236],[-69.77848,-33.70039],[-69.77499,-33.70874],[-69.77249,-33.71734],[-69.77101,-33.72611],[-69.77057,-33.73495],[-69.77117,-33.74379],[-69.77281,-33.75253],[-69.77546,-33.7611],[-69.7791,-33.76941],[-69.78371,-33.77738],[-69.78763,-33.78276],[-69.78726,-33.79033],[-69.78786,-33.79917],[-69.78949,-33.80791],[-69.79215,-33.81648],[-69.7958,-33.82479],[-69.80041,-33.83276],[-69.80593,-33.84032],[-69.81231,-33.84739],[-69.8195,-33.8539],[-69.82742,-33.85979]]}},
{"type":"Feature","properties":{"distance":10.0},"geometry":{"type":"LineString","coordinates":[[-69.7265,-33.46524],[-69.73437,-33.47114],[-69.7429,-33.47636],[-69.752,-33.48086],[-69.76158,-33.48458],[-69.77155,-33.4875],[-69.78182,-33.48959],[-69.79228,-33.49082],[-69.80283,-33.49119],[-69.81338,-33.49069],[-69.82381,-33.48932],[-69.83404,-33.4871],[-69.84395,-33.48405],[-69.85347,-33.4802],[-69.86248,-33.47559],[-69.87091,-33.47026],[-69.87867,-33.46426],[-69.8857,-33.45765],[-69.89192,-33.45049],[-69.89727,-33.44286],[-69.9017,-33.43483],[-69.90517,-33.42647],[-69.90764,-33.41787],[-69.9091,-33.4091],[-69.90952,-33.40026],[-69.90892,-33.39142],[-69.90728,-33.38268],[-69.90462,-33.37411],[-69.90098,-33.36581],[-69.89639,-33.35784],[-69.89089,-33.35028],[-69.88454,-33.34322],[-69.87739,-33.33671],[-69.86952,-33.33082],[-69.861,-33.32561],[-69.85191,-33.32112],[-69.84235,-33.3174],[-69.83239,-33.31449],[-69.82215,-33.31241],[-69.81171,-33.31118],[-69.80117,-33.31081],[-69.79065,-33.31131],[-69.78023,-33.31268],[-69.77003,-33.31489],[-69.76013,-33.31793],[-69.75063,-33.32178],[-69.74162,-33.32638],[-69.7332,-33.3317],[-69.72544,-33.33769],[-69.71841,-33.34429],[-69.71219,-33.35144],[-69.70682,-33.35906],[-69.70238,-33.36709],[-69.69889,-33.37544],[-69.6964,-33.38404],[-69.69492,-33.39281],[-69.69447,-33.40165],[-69.69506,-33.41049],[-69.69668,-33.41923],[-69.69931,-33.4278],[-69.70293,-33.43612],[-69.70751,-33.44409],[-69.713,-33.45165],[-69.71935,-33.45873],[-69.7265,-33.46524]]}},
{"type":"Feature","properties":{"distance":10.0},"geometry":{"type":"LineString","coordinates":[[-68.46936,-27.17359],[-68.47667,-27.17956],[-68.48461,-27.18487],[-68.49308,-27.18946],[-68.50202,-27.19328],[-68.51134,-27.19629],[-68.52094,-27.19848],[-68.53074,-27.19981],[-68.54063,-27.20028],[-68.55053,-27.19988],[-68.56034,-27.19861],[-68.56996,-27.19649],[-68.5793,-27.19353],[-68.58827,-27.18977],[-68.59678,-27.18524],[-68.60476,-27.17998],[-68.61212,-27.17405],[-68.61879,-27.16751],[-68.62565,-27.15902],[-68.62983,-27.16409],[-68.63646,-27.17067],[-68.64378,-27.17664],[-68.65172,-27.18194],[-68.6602,-27.18652],[-68.66915,-27.19032],[-68.67847,-27.19333],[-68.68807,-27.19551],[-68.69787,-27.19683],[-68.70777,-27.19728],[-68.71766,-27.19687],[-68.72747,-27.19559],[-68.73708,-27.19345],[-68.74642,-27.19049],[-68.75646,-27.18614],[-68.76793,-27.18783],[-68.77782,-27.18828],[-68.78772,-27.18786],[-68.79752,-27.18658],[-68.80714,-27.18444],[-68.81647,-27.18147],[-68.82543,-27.17769],[-68.83393,-27.17315],[-68.8419,-27.16788],[-68.84925,-27.16193],[-68.85591,-27.15538],[-68.86182,-27.14827],[-68.86692,-27.14067],[-68.87116,-27.13267],[-68.87451,-27.12433],[-68.87692,-27.11574],[-68.87838,-27.10697],[-68.87888,-27.09812],[-68.8784,-27.08927],[-68.87696,-27.08051],[-68.87456,-27.07191],[-68.87124,-27.06357],[-68.86702,-27.05555],[-68.86194,-27.04795],[-68.85605,-27.04083],[-68.84942,-27.03425],[-68.84209,-27.0283],[-68.83416,-27.02301],[-68.82568,-27.01844],[-68.81674,-27.01464],[-68.80743,-27.01165],[-68.79784,-27.00948],[-68.78806,-27.00817],[-68.77818,-27.00772],[-68.7683,-27.00813],[-68.75851,-27.00942],[-68.74891,-27.01155],[-68.73959,-27.01452],[-68.72956,-27.01887],[-68.71811,-27.01717],[-68.70823,-27.01672],[-68.69835,-27.01713],[-68.68856,-27.01841],[-68.67896,-27.02054],[-68.66964,-27.0235],[-68.66068,-27.02727],[-68.65218,-27.0318],[-68.64422,-27.03706],[-68.63687,-27.04299],[-68.6302,-27.04954],[-68.62335,-27.05803],[-68.61918,-27.05296],[-68.61256,-27.04638],[-68.60525,-27.0404],[-68.59732,-27.0351],[-68.58885,-27.03053],[-68.57992,-27.02671],[-68.57061,-27.0237],[-68.56103,-27.02152],[-68.55125,-27.02018],[-68.54137,-27.01972],[-68.53148,-27.02012],[-68.52169,-27.02139],[-68.51209,-27.02351],[-68.50276,-27.02646],[-68.4938,-27.03022],[-68.48529,-27.03474],[-68.47732,-27.03999],[-68.46996,-27.04591],[-68.46329,-27.05245],[-68.45736,-27.05954],[-68.45223,-27.06712],[-68.44796,-27.07512],[-68.44459,-27.08344],[-68.44214,-27.09203],[-68.44064,-27.10079],[-68.44011,-27.10963],[-68.44056,-27.11849],[-68.44197,-27.12725],[-68.44433,-27.13586],[-68.44762,-27.14421],[-68.45182,-27.15224],[-68.45687,-27.15986],[-68.46274,-27.167],[-68.46936,-27.17359]]}},
{"type":"Feature","properties":{"distance":10.0},"geometry":{"type":"LineString","coordinates":[[-68.52465,-25.48361],[-68.53247,-25.48892],[-68.54083,-25.4935],[-68.54964,-25.49732],[-68.55882,-25.50033],[-68.56829,-25.50251],[-68.57794,-25.50384],[-68.58769,-25.5043],[-68.59745,-25.5039],[-68.60711,-25.50262],[-68.61659,-25.50049],[-68.62579,-25.49753],[-68.63463,-25.49376],[-68.64302,-25.48923],[-68.65088,-25.48397],[-68.65813,-25.47803],[-68.6647,-25.47148],[-68.67054,-25.46438],[-68.67558,-25.45679],[-68.67977,-25.44879],[-68.68308,-25.44045],[-68.68548,-25.43186],[-68.68693,-25.4231],[-68.68743,-25.41425],[-68.68698,-25.40539],[-68.68557,-25.39662],[-68.68322,-25.38802],[-68.67995,-25.37967],[-68.67581,-25.37165],[-68.67081,-25.36404],[-68.66502,-25.35691],[-68.65849,-25.35033],[-68.65128,-25.34436],[-68.64346,-25.33906],[-68.63511,-25.33448],[-68.62631,-25.33067],[-68.62099,-25.32893],[-68.61951,-25.31867],[-68.61717,-25.31006],[-68.61391,-25.30171],[-68.60977,-25.29369],[-68.60478,-25.28607],[-68.599,-25.27894],[-68.59248,-25.27236],[-68.58528,-25.26638],[-68.57747,-25.26108],[-68.56912,-25.2565],[-68.56033,-25.25269],[-68.55432,-25.25071],[-68.56486,-25.24526],[-68.57271,-25.24],[-68.57995,-25.23407],[-68.58651,-25.22752],[-68.59234,-25.22042],[-68.59738,-25.21283],[-68.60157,-25.20483],[-68.60488,-25.1965],[-68.60727,-25.18791],[-68.60873,-25.17915],[-68.60923,-25.1703],[-68.60878,-25.16144],[-68.60738,-25.15267],[-68.60504,-25.14407],[-68.60179,-25.13572],[-68.59765,-25.12769],[-68.59268,-25.12008],[-68.5869,-25.11294],[-68.58039,-25.10636],[-68.5732,-25.10039],[-68.5654,-25.09508],[-68.55707,-25.0905],[-68.54828,-25.08669],[-68.53913,-25.08367],[-68.5297,-25.08149],[-68.52008,-25.08016],[-68.51036,-25.07969],[-68.50064,-25.0801],[-68.49101,-25.08136],[-68.48156,-25.08348],[-68.47238,-25.08644],[-68.46527,-25.08947],[-68.46566,-25.08282],[-68.46522,-25.07397],[-68.46383,-25.06519],[-68.46151,-25.05659],[-68.45827,-25.04823],[-68.45414,-25.04021],[-68.44917,-25.03259],[-68.44341,-25.02545],[-68.43691,-25.01885],[-68.42973,-25.01288],[-68.42194,-25.00757],[-68.41362,-25.00298],[-68.40485,-24.99915],[-68.39571,-24.99613],[-68.38629,-24.99394],[-68.37668,-24.9926],[-68.36697,-24.99212],[-68.35725,-24.99252],[-68.34763,-24.99377],[-68.33818,-24.99589],[-68.32901,-24.99883],[-68.3202,-25.00258],[-68.31183,-25.0071],[-68.30399,-25.01234],[-68.29675,-25.01826],[-68.29018,-25.02479],[-68.28435,-25.03188],[-68.2793,-25.03946],[-68.2751,-25.04745],[-68.27177,-25.05578],[-68.26935,-25.06436],[-68.26787,-25.07312],[-68.26734,-25.08197],[-68.26777,-25.09083],[-68.26915,-25.0996],[-68.27146,-25.10821],[-68.27469,-25.11657],[-68.2788,-25.1246],[-68.28376,-25.13222],[-68.28952,-25.13937],[-68.29602,-25.14597],[-68.3032,-25.15195],[-68.31099,-25.15727],[-68.31932,-25.16186],[-68.3281,-25.16569],[-68.33725,-25.16872],[-68.34669,-25.17091],[-68.35631,-25.17226],[-68.36604,-25.17273],[-68.37576,-25.17234],[-68.3854,-25.17108],[-68.39486,-25.16896],[-68.40404,-25.16602],[-68.41116,-25.16299],[-68.41077,-25.16964],[-68.4112,-25.17849],[-68.41259,-25.18726],[-68.41492,-25.19587],[-68.41816,-25.20423],[-68.42229,-25.21225],[-68.42726,-25.21987],[-68.43303,-25.22701],[-68.43954,-25.23361],[-68.44673,-25.23958],[-68.45454,-25.24489],[-68.46287,-25.24948],[-68.47167,-25.2533],[-68.47767,-25.25528],[-68.46712,-25.26073],[-68.45927,-25.26598],[-68.45202,-25.2719],[-68.44545,-25.27844],[-68.43961,-25.28554],[-68.43456,-25.29312],[-68.43036,-25.30112],[-68.42704,-25.30945],[-68.42463,-25.31803],[-68.42315,-25.32679],[-68.42263,-25.33564],[-68.42307,-25.3445],[-68.42446,-25.35327],[-68.42679,-25.36187],[-68.43004,-25.37023],[-68.43417,-25.37826],[-68.43915,-25.38588],[-68.44493,-25.39302],[-68.45145,-25.39961],[-68.45865,-25.40559],[-68.46647,-25.41089],[-68.47481,-25.41548],[-68.48362,-25.4193],[-68.48894,-25.42105],[-68.49041,-25.43131],[-68.49274,-25.43992],[-68.49599,-25.44827],[-68.50013,-25.4563],[-68.50512,-25.46391],[-68.51091,-25.47105],[-68.51744,-25.47764],[-68.52465,-25.48361]]}},
{"type":"Feature","properties":{"distance":10.0},"geometry":{"type":"LineString","coordinates":[[-68.76367,-19.20883],[-68.77058,-19.21479],[-68.77807,-19.22009],[-68.78607,-19.22466],[-68.79451,-19.22846],[-68.80329,-19.23146],[-68.81235,-19.23362],[-68.82158,-19.23493],[-68.83091,-19.23537],[-68.84023,-19.23495],[-68.84947,-19.23365],[-68.85853,-19.23151],[-68.86732,-19.22853],[-68.87577,-19.22474],[-68.88378,-19.22018],[-68.89128,-19.21491],[-68.8982,-19.20895],[-68.90448,-19.20239],[-68.91004,-19.19527],[-68.91484,-19.18766],[-68.91884,-19.17964],[-68.92199,-19.1713],[-68.92426,-19.16269],[-68.92563,-19.15392],[-68.92609,-19.14506],[-68.92564,-19.1362],[-68.92428,-19.12743],[-68.92201,-19.11883],[-68.91887,-19.11047],[-68.91489,-19.10246],[-68.9101,-19.09485],[-68.90454,-19.08772],[-68.89828,-19.08114],[-68.89137,-19.07518],[-68.88388,-19.0699],[-68.87589,-19.06533],[-68.86746,-19.06153],[-68.85868,-19.05854],[-68.84963,-19.05638],[-68.84041,-19.05507],[-68.83109,-19.05462],[-68.82178,-19.05505],[-68.81255,-19.05634],[-68.8035,-19.05849],[-68.79471,-19.06147],[-68.78628,-19.06525],[-68.77827,-19.0698],[-68.77077,-19.07507],[-68.76385,-19.08102],[-68.75757,-19.08758],[-68.75201,-19.0947],[-68.7472,-19.1023],[-68.7432,-19.11031],[-68.74004,-19.11866],[-68.73776,-19.12726],[-68.73638,-19.13603],[-68.73591,-19.14489],[-68.73635,-19.15375],[-68.73771,-19.16252],[-68.73996,-19.17113],[-68.74309,-19.17948],[-68.74707,-19.18751],[-68.75186,-19.19512],[-68.75741,-19.20225],[-68.76367,-19.20883]]}},
{"type":"Feature","properties":{"distance":10.0},"geometry":{"type":"LineString","coordinates":[[-69.02305,-18.48293],[-69.02994,-18.48889],[-69.03741,-18.49417],[-69.04539,-18.49873],[-69.05379,-18.50252],[-69.06254,-18.5055],[-69.06861,-18.50695],[-69.07156,-18.50765],[-69.08076,-18.50895],[-69.09005,-18.50938],[-69.09933,-18.50894],[-69.10853,-18.50764],[-69.11755,-18.50548],[-69.1263,-18.50248],[-69.1347,-18.49868],[-69.14267,-18.49412],[-69.15013,-18.48883],[-69.15701,-18.48287],[-69.16325,-18.47629],[-69.16878,-18.46916],[-69.17355,-18.46155],[-69.17752,-18.45353],[-69.18064,-18.44517],[-69.18289,-18.43657],[-69.18424,-18.42779],[-69.18469,-18.41893],[-69.18422,-18.41007],[-69.18285,-18.4013],[-69.18058,-18.3927],[-69.17744,-18.38435],[-69.17346,-18.37634],[-69.16868,-18.36873],[-69.16314,-18.36161],[-69.1569,-18.35505],[-69.15001,-18.3491],[-69.14254,-18.34382],[-69.13457,-18.33926],[-69.12617,-18.33548],[-69.11743,-18.33249],[-69.10842,-18.33034],[-69.09923,-18.32905],[-69.08995,-18.32862],[-69.08068,-18.32906],[-69.07149,-18.33036],[-69.06248,-18.33252],[-69.05374,-18.33551],[-69.04534,-18.33931],[-69.03738,-18.34387],[-69.02992,-18.34915],[-69.02304,-18.35511],[-69.0168,-18.36168],[-69.01127,-18.36881],[-69.00649,-18.37642],[-69.00252,-18.38443],[-68.99939,-18.39278],[-68.99713,-18.40139],[-68.99577,-18.41016],[-68.99531,-18.41902],[-68.99577,-18.42788],[-68.99713,-18.43665],[-68.99939,-18.44526],[-69.00252,-18.45361],[-69.00649,-18.46163],[-69.01127,-18.46923],[-69.01681,-18.47636],[-69.02305,-18.48293]]}},
{"type":"Feature","properties":{"distance":10.0},"geometry":{"type":"LineString","coordinates":[[-69.07617,-18.22795],[-69.08305,-18.2339],[-69.09051,-18.23918],[-69.09847,-18.24374],[-69.10687,-18.24753],[-69.11561,-18.25051],[-69.12462,-18.25266],[-69.1338,-18.25396],[-69.14307,-18.25438],[-69.15235,-18.25394],[-69.16153,-18.25263],[-69.17053,-18.25047],[-69.17927,-18.24747],[-69.18766,-18.24367],[-69.19561,-18.23911],[-69.20306,-18.23381],[-69.20993,-18.22785],[-69.21616,-18.22127],[-69.22168,-18.21414],[-69.22644,-18.20653],[-69.2304,-18.1985],[-69.23351,-18.19015],[-69.23576,-18.18154],[-69.23711,-18.17277],[-69.23755,-18.16391],[-69.23708,-18.15505],[-69.23571,-18.14628],[-69.23344,-18.13767],[-69.23031,-18.12933],[-69.22633,-18.12131],[-69.22155,-18.11371],[-69.21602,-18.10659],[-69.20978,-18.10003],[-69.2029,-18.09408],[-69.19545,-18.0888],[-69.18749,-18.08425],[-69.1791,-18.08047],[-69.17036,-18.07748],[-69.16136,-18.07534],[-69.15219,-18.07404],[-69.14293,-18.07361],[-69.13366,-18.07406],[-69.12449,-18.07536],[-69.1155,-18.07753],[-69.10677,-18.08052],[-69.09839,-18.08432],[-69.09043,-18.08888],[-69.08299,-18.09417],[-69.07612,-18.10013],[-69.06989,-18.1067],[-69.06437,-18.11383],[-69.0596,-18.12144],[-69.05564,-18.12946],[-69.05251,-18.13781],[-69.05026,-18.14641],[-69.0489,-18.15519],[-69.04845,-18.16405],[-69.04891,-18.17291],[-69.05027,-18.18168],[-69.05253,-18.19028],[-69.05566,-18.19863],[-69.05963,-18.20665],[-69.0644,-18.21426],[-69.06993,-18.22138],[-69.07617,-18.22795]]}},
{"type":"Feature","properties":{"distance":20.0},"geometry":{"type":"LineString","coordinates":[[-71.19504,-37.54045],[-71.21184,-37.55201],[-71.22999,-37.56221],[-71.24931,-37.57093],[-71.26962,-37.57811],[-71.29071,-37.58366],[-71.31239,-37.58753],[-71.33444,-37.58969],[-71.35666,-37.59012],[-71.37882,-37.58881],[-71.4007,-37.58577],[-71.42211,-37.58103],[-71.44283,-37.57465],[-71.46265,-37.56667],[-71.48139,-37.55719],[-71.49888,-37.54628],[-71.51492,-37.53407],[-71.52939,-37.52065],[-71.54212,-37.50617],[-71.55301,-37.49077],[-71.56195,-37.47458],[-71.56885,-37.45778],[-71.57365,-37.44052],[-71.5763,-37.42297],[-71.57678,-37.40529],[-71.57509,-37.38766],[-71.57124,-37.37025],[-71.56528,-37.35322],[-71.55726,-37.33675],[-71.54725,-37.32097],[-71.53536,-37.30606],[-71.52171,-37.29214],[-71.50642,-37.27936],[-71.48964,-37.26784],[-71.47153,-37.25768],[-71.45227,-37.24899],[-71.43204,-37.24184],[-71.41103,-37.23632],[-71.38945,-37.23246],[-71.3675,-37.2303],[-71.34539,-37.22987],[-71.32334,-37.23118],[-71.30155,-37.2342],[-71.28023,-37.23891],[-71.25959,-37.24526],[-71.23983,-37.2532],[-71.22112,-37.26265],[-71.20366,-37.27351],[-71.18762,-37.28569],[-71.17313,-37.29906],[-71.16036,-37.3135],[-71.14941,-37.32887],[-71.1404,-37.34503],[-71.13341,-37.36181],[-71.12851,-37.37905],[-71.12576,-37.3966],[-71.12517,-37.41428],[-71.12675,-37.43192],[-71.1305,-37.44934],[-71.13638,-37.4664],[-71.14433,-37.48291],[-71.15427,-37.49872],[-71.16612,-37.51367],[-71.17975,-37.52763],[-71.19504,-37.54045]]}},
{"type":"Feature","properties":{"distance":10.0},"geometry":{"type":"LineString","coordinates":[[-69.44533,-18.16708],[-69.45222,-18.17302],[-69.45969,-18.17828],[-69.46766,-18.18282],[-69.47606,-18.18659],[-69.4848,-18.18956],[-69.49381,-18.19169],[-69.50299,-18.19297],[-69.51226,-18.19338],[-69.52153,-18.19292],[-69.53071,-18.19159],[-69.5397,-18.18941],[-69.54843,-18.1864],[-69.55681,-18.18259],[-69.56475,-18.178],[-69.57219,-18.1727],[-69.57904,-18.16672],[-69.58525,-18.16013],[-69.59075,-18.15299],[-69.5955,-18.14537],[-69.59944,-18.13734],[-69.60253,-18.12897],[-69.60476,-18.12036],[-69.60609,-18.11159],[-69.60651,-18.10273],[-69.60603,-18.09387],[-69.60464,-18.0851],[-69.60235,-18.0765],[-69.5992,-18.06816],[-69.59521,-18.06016],[-69.59042,-18.05256],[-69.58487,-18.04546],[-69.57862,-18.0389],[-69.57173,-18.03297],[-69.56427,-18.0277],[-69.5563,-18.02317],[-69.54791,-18.0194],[-69.53917,-18.01644],[-69.53017,-18.0143],[-69.521,-18.01303],[-69.51174,-18.01262],[-69.50248,-18.01308],[-69.49331,-18.0144],[-69.48433,-18.01658],[-69.47561,-18.01959],[-69.46724,-18.0234],[-69.4593,-18.02798],[-69.45186,-18.03328],[-69.44501,-18.03926],[-69.4388,-18.04584],[-69.43329,-18.05298],[-69.42854,-18.0606],[-69.4246,-18.06862],[-69.42149,-18.07698],[-69.41926,-18.08559],[-69.41792,-18.09437],[-69.41749,-18.10323],[-69.41796,-18.11209],[-69.41934,-18.12086],[-69.42162,-18.12946],[-69.42476,-18.1378],[-69.42875,-18.14581],[-69.43354,-18.15341],[-69.43908,-18.16052],[-69.44533,-18.16708]]}},
{"type":"Feature","properties":{"distance":10.0},"geometry":{"type":"LineString","coordinates":[[-68.1684,-24.45189],[-68.17486,-24.45849],[-68.18199,-24.46448],[-68.18973,-24.46981],[-68.19801,-24.47441],[-68.20674,-24.47824],[-68.21584,-24.48128],[-68.22522,-24.48348],[-68.23479,-24.48483],[-68.24446,-24.48531],[-68.25414,-24.48492],[-68.26372,-24.48367],[-68.27313,-24.48156],[-68.28227,-24.47862],[-68.29104,-24.47487],[-68.29937,-24.47035],[-68.30718,-24.46511],[-68.31439,-24.45919],[-68.32092,-24.45265],[-68.32673,-24.44556],[-68.33175,-24.43798],[-68.33593,-24.42999],[-68.33923,-24.42166],[-68.34163,-24.41307],[-68.34309,-24.40431],[-68.34361,-24.39546],[-68.34318,-24.38661],[-68.34181,-24.37783],[-68.3395,-24.36922],[-68.33629,-24.36087],[-68.33219,-24.35284],[-68.32726,-24.34521],[-68.32153,-24.33807],[-68.31507,-24.33147],[-68.30794,-24.32549],[-68.3002,-24.32017],[-68.29193,-24.31558],[-68.28321,-24.31175],[-68.27412,-24.30872],[-68.26475,-24.30652],[-68.25519,-24.30517],[-68.24554,-24.30469],[-68.23587,-24.30508],[-68.2263,-24.30633],[-68.21691,-24.30843],[-68.20778,-24.31137],[-68.19902,-24.31512],[-68.19069,-24.31963],[-68.18289,-24.32487],[-68.17568,-24.33078],[-68.16915,-24.33731],[-68.16334,-24.3444],[-68.15831,-24.35197],[-68.15413,-24.35996],[-68.15081,-24.36829],[-68.1484,-24.37687],[-68.14692,-24.38563],[-68.14639,-24.39448],[-68.1468,-24.40333],[-68.14817,-24.41211],[-68.15046,-24.42072],[-68.15366,-24.42908],[-68.15775,-24.43711],[-68.16268,-24.44474],[-68.1684,-24.45189]]}},
{"type":"Feature","properties":{"distance":10.0},"geometry":{"type":"LineString","coordinates":[[-67.67593,-24.01812],[-67.68363,-24.02346],[-67.69186,-24.02809],[-67.70054,-24.03195],[-67.70959,-24.03502],[-67.71893,-24.03725],[-67.72846,-24.03863],[-67.7381,-24.03914],[-67.74774,-24.03879],[-67.7573,-24.03756],[-67.76668,-24.03549],[-67.77579,-24.03257],[-67.78455,-24.02885],[-67.79287,-24.02436],[-67.80066,-24.01915],[-67.80787,-24.01325],[-67.81441,-24.00673],[-67.82022,-23.99966],[-67.82525,-23.9921],[-67.82944,-23.98412],[-67.83277,-23.9758],[-67.83519,-23.96722],[-67.83668,-23.95847],[-67.83723,-23.94962],[-67.83684,-23.94076],[-67.8355,-23.93199],[-67.83324,-23.92337],[-67.83007,-23.915],[-67.82602,-23.90696],[-67.82113,-23.89932],[-67.81392,-23.89057],[-67.81981,-23.88662],[-67.82701,-23.88073],[-67.83354,-23.87421],[-67.83934,-23.86714],[-67.84436,-23.85957],[-67.84856,-23.85159],[-67.85187,-23.84327],[-67.85429,-23.83469],[-67.85578,-23.82594],[-67.85633,-23.81709],[-67.85594,-23.80823],[-67.8546,-23.79946],[-67.85234,-23.79084],[-67.84916,-23.78247],[-67.84512,-23.77443],[-67.84023,-23.76679],[-67.83456,-23.75963],[-67.82815,-23.75302],[-67.82107,-23.74701],[-67.81339,-23.74167],[-67.80517,-23.73705],[-67.79651,-23.7332],[-67.79149,-23.7315],[-67.79744,-23.72428],[-67.80246,-23.71672],[-67.80665,-23.70874],[-67.80996,-23.70042],[-67.81238,-23.69184],[-67.81387,-23.68308],[-67.81442,-23.67424],[-67.81403,-23.66538],[-67.8127,-23.6566],[-67.81044,-23.64799],[-67.80727,-23.63962],[-67.80323,-23.63158],[-67.79836,-23.62394],[-67.79202,-23.61608],[-67.79535,-23.60775],[-67.79776,-23.59917],[-67.79925,-23.59041],[-67.79981,-23.58156],[-67.79942,-23.57271],[-67.79808,-23.56393],[-67.79583,-23.55532],[-67.79266,-23.54695],[-67.78863,-23.5389],[-67.78376,-23.53126],[-67.7781,-23.5241],[-67.7717,-23.51748],[-67.76464,-23.51148],[-67.75697,-23.50613],[-67.74877,-23.50151],[-67.74012,-23.49765],[-67.7311,-23.49459],[-67.7218,-23.49236],[-67.71231,-23.49099],[-67.70271,-23.49047],[-67.69311,-23.49083],[-67.68359,-23.49205],[-67.67425,-23.49412],[-67.66518,-23.49703],[-67.65645,-23.50074],[-67.64816,-23.50523],[-67.64039,-23.51044],[-67.63321,-23.51633],[-67.62669,-23.52284],[-67.62089,-23.52991],[-67.61587,-23.53746],[-67.61167,-23.54544],[-67.60835,-23.55375],[-67.60592,-23.56233],[-67.60442,-23.57108],[-67.60385,-23.57993],[-67.60423,-23.58878],[-67.60555,-23.59756],[-67.60779,-23.60618],[-67.61095,-23.61455],[-67.61497,-23.6226],[-67.61984,-23.63024],[-67.62616,-23.6381],[-67.62283,-23.64644],[-67.6204,-23.65501],[-67.61889,-23.66376],[-67.61833,-23.67261],[-67.61871,-23.68147],[-67.62003,-23.69024],[-67.62147,-23.69577],[-67.61616,-23.68905],[-67.60977,-23.68242],[-67.60271,-23.67641],[-67.59503,-23.67106],[-67.58683,-23.66643],[-67.57817,-23.66256],[-67.56915,-23.65949],[-67.55984,-23.65725],[-67.55034,-23.65586],[-67.54074,-23.65534],[-67.53112,-23.65568],[-67.52159,-23.65689],[-67.51224,-23.65896],[-67.50314,-23.66185],[-67.4944,-23.66556],[-67.4861,-23.67003],[-67.47831,-23.67524],[-67.47111,-23.68112],[-67.46458,-23.68762],[-67.45876,-23.69468],[-67.45372,-23.70223],[-67.44952,-23.7102],[-67.44617,-23.71851],[-67.44373,-23.72708],[-67.44222,-23.73583],[-67.44164,-23.74468],[-67.44201,-23.75353],[-67.44331,-23.76231],[-67.44555,-23.77093],[-67.4487,-23.77931],[-67.45272,-23.78736],[-67.45758,-23.79501],[-67.46323,-23.80218],[-67.46962,-23.80881],[-67.47669,-23.81483],[-67.48436,-23.82019],[-67.49257,-23.82482],[-67.50124,-23.8287],[-67.51027,-23.83177],[-67.51959,-23.83401],[-67.5291,-23.8354],[-67.53872,-23.83593],[-67.54835,-23.83559],[-67.55789,-23.83438],[-67.56726,-23.83231],[-67.57636,-23.82941],[-67.58511,-23.8257],[-67.59342,-23.82122],[-67.60122,-23.81601],[-67.60842,-23.81013],[-67.61495,-23.80362],[-67.62077,-23.79655],[-67.6258,-23.78899],[-67.63,-23.78102],[-67.63333,-23.77271],[-67.63576,-23.76413],[-67.63726,-23.75538],[-67.63783,-23.74653],[-67.63745,-23.73768],[-67.63613,-23.7289],[-67.63468,-23.72337],[-67.63999,-23.73009],[-67.64639,-23.73672],[-67.65346,-23.74273],[-67.66114,-23.74808],[-67.66935,-23.7527],[-67.67801,-23.75657],[-67.68302,-23.75827],[-67.67707,-23.76548],[-67.67204,-23.77304],[-67.66784,-23.78102],[-67.66452,-23.78933],[-67.66209,-23.79791],[-67.66058,-23.80666],[-67.66002,-23.81551],[-67.6604,-23.82436],[-67.66173,-23.83314],[-67.66398,-23.84176],[-67.66714,-23.85013],[-67.67118,-23.85817],[-67.67605,-23.86582],[-67.68325,-23.87457],[-67.67736,-23.87851],[-67.67016,-23.8844],[-67.66362,-23.89091],[-67.6578,-23.89798],[-67.65277,-23.90554],[-67.64856,-23.91351],[-67.64523,-23.92183],[-67.6428,-23.9304],[-67.64129,-23.93916],[-67.64072,-23.948],[-67.64111,-23.95686],[-67.64243,-23.96564],[-67.64468,-23.97425],[-67.64784,-23.98263],[-67.65188,-23.99067],[-67.65676,-23.99832],[-67.66244,-24.00548],[-67.66885,-24.01211],[-67.67593,-24.01812]]}},
{"type":"Feature","properties":{"distance":10.0},"geometry":{"type":"LineString","coordinates":[[-67.65819,-23.42828],[-67.66525,-23.43429],[-67.67291,-23.43964],[-67.6811,-23.44426],[-67.68975,-23.44812],[-67.69876,-23.45118],[-67.70806,-23.45342],[-67.71755,-23.45479],[-67.72714,-23.45531],[-67.73674,-23.45495],[-67.74625,-23.45373],[-67.75559,-23.45165],[-67.76466,-23.44873],[-67.77338,-23.44501],[-67.78166,-23.44052],[-67.78942,-23.4353],[-67.79659,-23.42941],[-67.8031,-23.42289],[-67.80889,-23.41581],[-67.81389,-23.40825],[-67.81807,-23.40027],[-67.82138,-23.39195],[-67.82379,-23.38337],[-67.82527,-23.37461],[-67.82582,-23.36576],[-67.82543,-23.35691],[-67.8241,-23.34813],[-67.82184,-23.33952],[-67.81868,-23.33115],[-67.81465,-23.32311],[-67.80978,-23.31547],[-67.80413,-23.3083],[-67.79774,-23.30169],[-67.79069,-23.29568],[-67.78303,-23.29034],[-67.77484,-23.28572],[-67.7662,-23.28186],[-67.7572,-23.27881],[-67.74791,-23.27658],[-67.73606,-23.27508],[-67.73927,-23.26699],[-67.74168,-23.25842],[-67.74317,-23.24966],[-67.74373,-23.24081],[-67.74334,-23.23196],[-67.74201,-23.22318],[-67.73976,-23.21456],[-67.73661,-23.20619],[-67.73259,-23.19815],[-67.72773,-23.19051],[-67.72413,-23.18593],[-67.72759,-23.17933],[-67.7309,-23.17101],[-67.73331,-23.16243],[-67.7348,-23.15367],[-67.73535,-23.14483],[-67.73496,-23.13597],[-67.73364,-23.12719],[-67.73139,-23.11858],[-67.72824,-23.11021],[-67.72422,-23.10216],[-67.71937,-23.09452],[-67.71373,-23.08735],[-67.70736,-23.08073],[-67.70032,-23.07472],[-67.69267,-23.06938],[-67.6845,-23.06476],[-67.67588,-23.0609],[-67.66689,-23.05783],[-67.65762,-23.0556],[-67.64816,-23.05422],[-67.6386,-23.0537],[-67.62903,-23.05406],[-67.61955,-23.05527],[-67.61023,-23.05735],[-67.60119,-23.06025],[-67.59249,-23.06396],[-67.58423,-23.06845],[-67.57648,-23.07366],[-67.56932,-23.07954],[-67.56282,-23.08605],[-67.55703,-23.09312],[-67.55203,-23.10067],[-67.54785,-23.10865],[-67.54453,-23.11696],[-67.54211,-23.12554],[-67.54061,-23.13429],[-67.54004,-23.14314],[-67.54041,-23.15199],[-67.54173,-23.16077],[-67.54396,-23.16939],[-67.5471,-23.17776],[-67.55111,-23.18581],[-67.55596,-23.19346],[-67.55955,-23.19803],[-67.55609,-23.20464],[-67.55277,-23.21295],[-67.55035,-23.22153],[-67.54968,-23.22543],[-67.54305,-23.23203],[-67.53726,-23.23909],[-67.53225,-23.24665],[-67.52806,-23.25462],[-67.52474,-23.26293],[-67.52232,-23.27151],[-67.52081,-23.28026],[-67.52024,-23.28911],[-67.52062,-23.29796],[-67.52193,-23.30674],[-67.52416,-23.31536],[-67.5273,-23.32373],[-67.53132,-23.33178],[-67.53617,-23.33943],[-67.54181,-23.3466],[-67.54818,-23.35323],[-67.55523,-23.35925],[-67.56288,-23.3646],[-67.57107,-23.36923],[-67.5797,-23.37309],[-67.58871,-23.37616],[-67.598,-23.3784],[-67.60748,-23.37978],[-67.61707,-23.3803],[-67.62666,-23.37995],[-67.63151,-23.37933],[-67.63188,-23.38181],[-67.63413,-23.39042],[-67.63728,-23.3988],[-67.6413,-23.40684],[-67.64616,-23.41449],[-67.65181,-23.42166],[-67.65819,-23.42828]]}},
{"type":"Feature","properties":{"distance":10.0},"geometry":{"type":"LineString","coordinates":[[-67.81758,-22.89937],[-67.82522,-22.90471],[-67.83339,-22.90932],[-67.84201,-22.91318],[-67.85099,-22.91623],[-67.86025,-22.91845],[-67.86971,-22.91982],[-67.87926,-22.92032],[-67.88882,-22.91995],[-67.89829,-22.91872],[-67.90759,-22.91663],[-67.91663,-22.9137],[-67.92531,-22.90997],[-67.93355,-22.90547],[-67.94127,-22.90024],[-67.94841,-22.89434],[-67.95488,-22.88781],[-67.96064,-22.88073],[-67.96561,-22.87316],[-67.96976,-22.86517],[-67.97305,-22.85685],[-67.97544,-22.84826],[-67.9769,-22.83951],[-67.97744,-22.83066],[-67.97704,-22.8218],[-67.9757,-22.81302],[-67.97344,-22.80441],[-67.97028,-22.79604],[-67.96626,-22.788],[-67.96253,-22.78214],[-67.96683,-22.7778],[-67.97258,-22.77072],[-67.97755,-22.76315],[-67.98169,-22.75516],[-67.98498,-22.74684],[-67.98736,-22.73825],[-67.98883,-22.7295],[-67.98936,-22.72065],[-67.98896,-22.71179],[-67.98762,-22.70301],[-67.98536,-22.6944],[-67.98221,-22.68603],[-67.97818,-22.67799],[-67.97333,-22.67036],[-67.96769,-22.6632],[-67.96133,-22.65659],[-67.9543,-22.6506],[-67.94667,-22.64527],[-67.93851,-22.64065],[-67.92991,-22.63681],[-67.92094,-22.63376],[-67.91169,-22.63154],[-67.90226,-22.63018],[-67.89898,-22.63001],[-67.90543,-22.62648],[-67.91314,-22.62125],[-67.92026,-22.61534],[-67.92673,-22.60882],[-67.93247,-22.60174],[-67.93743,-22.59417],[-67.94158,-22.58618],[-67.94486,-22.57786],[-67.94724,-22.56927],[-67.94871,-22.56052],[-67.94924,-22.55166],[-67.94884,-22.54281],[-67.94751,-22.53403],[-67.94525,-22.52542],[-67.9421,-22.51705],[-67.93809,-22.50901],[-67.93324,-22.50138],[-67.92761,-22.49422],[-67.92126,-22.48761],[-67.91423,-22.48161],[-67.90662,-22.47628],[-67.89847,-22.47166],[-67.88988,-22.46781],[-67.88092,-22.46477],[-67.87169,-22.46255],[-67.86227,-22.46118],[-67.85275,-22.46068],[-67.84322,-22.46105],[-67.83377,-22.46228],[-67.8245,-22.46436],[-67.8155,-22.46728],[-67.80685,-22.47101],[-67.79863,-22.47551],[-67.79092,-22.48073],[-67.7838,-22.48663],[-67.77734,-22.49315],[-67.77159,-22.50022],[-67.76662,-22.50779],[-67.76247,-22.51577],[-67.75918,-22.52409],[-67.75679,-22.53267],[-67.75531,-22.54143],[-67.75476,-22.55028],[-67.75515,-22.55913],[-67.75647,-22.56791],[-67.75871,-22.57653],[-67.76185,-22.5849],[-67.76586,-22.59294],[-67.7707,-22.60058],[-67.77633,-22.60774],[-67.78268,-22.61436],[-67.7897,-22.62037],[-67.79732,-22.6257],[-67.80547,-22.63032],[-67.81407,-22.63417],[-67.82304,-22.63723],[-67.83228,-22.63945],[-67.84172,-22.64082],[-67.845,-22.64099],[-67.83854,-22.64452],[-67.83083,-22.64974],[-67.8237,-22.65564],[-67.81723,-22.66216],[-67.81148,-22.66924],[-67.80651,-22.67681],[-67.80235,-22.68479],[-67.79906,-22.69311],[-67.79667,-22.70169],[-67.79519,-22.71045],[-67.79464,-22.7193],[-67.79503,-22.72815],[-67.79636,-22.73693],[-67.7986,-22.74555],[-67.80175,-22.75391],[-67.80577,-22.76196],[-67.80949,-22.76782],[-67.80518,-22.77216],[-67.79942,-22.77923],[-67.79444,-22.7868],[-67.79029,-22.79478],[-67.78699,-22.8031],[-67.78459,-22.81168],[-67.78311,-22.82044],[-67.78256,-22.82929],[-67.78295,-22.83814],[-67.78428,-22.84692],[-67.78653,-22.85553],[-67.78967,-22.8639],[-67.79369,-22.87195],[-67.79854,-22.87959],[-67.80418,-22.88675],[-67.81055,-22.89336],[-67.81758,-22.89937]]}},
{"type":"Feature","properties":{"distance":10.0},"geometry":{"type":"LineString","coordinates":[[-68.32725,-21.95061],[-68.33427,-21.9566],[-68.34188,-21.96191],[-68.35001,-21.9665],[-68.35858,-21.97032],[-68.36752,-21.97335],[-68.37673,-21.97553],[-68.38613,-21.97687],[-68.39562,-21.97734],[-68.40511,-21.97694],[-68.41452,-21.97567],[-68.42375,-21.97355],[-68.43362,-21.9702],[-68.44132,-21.96684],[-68.44949,-21.96231],[-68.45714,-21.95705],[-68.46421,-21.95112],[-68.47061,-21.94457],[-68.4763,-21.93747],[-68.48121,-21.92988],[-68.48531,-21.92188],[-68.48854,-21.91354],[-68.49088,-21.90495],[-68.4923,-21.89618],[-68.4928,-21.88733],[-68.49236,-21.87847],[-68.491,-21.8697],[-68.48872,-21.86109],[-68.48555,-21.85273],[-68.48152,-21.8447],[-68.47667,-21.83708],[-68.47104,-21.82994],[-68.46468,-21.82335],[-68.45767,-21.81738],[-68.45007,-21.81207],[-68.44194,-21.80749],[-68.43337,-21.80367],[-68.42445,-21.80065],[-68.41524,-21.79846],[-68.40586,-21.79713],[-68.39638,-21.79666],[-68.3869,-21.79706],[-68.3775,-21.79832],[-68.3699,-21.80007],[-68.35933,-21.8034],[-68.35073,-21.80715],[-68.34257,-21.81168],[-68.33492,-21.81693],[-68.32785,-21.82285],[-68.32485,-21.82592],[-68.32886,-21.8181],[-68.3321,-21.80976],[-68.33444,-21.80117],[-68.33588,-21.79241],[-68.33638,-21.78356],[-68.33596,-21.7747],[-68.3346,-21.76592],[-68.33234,-21.75731],[-68.32918,-21.74895],[-68.32516,-21.74092],[-68.32032,-21.7333],[-68.3147,-21.72615],[-68.30836,-21.71956],[-68.30136,-21.71357],[-68.29376,-21.70826],[-68.28565,-21.70367],[-68.27709,-21.69984],[-68.26817,-21.69681],[-68.25898,-21.69462],[-68.2496,-21.69328],[-68.24013,-21.6928],[-68.23065,-21.69319],[-68.22126,-21.69445],[-68.21205,-21.69656],[-68.2031,-21.6995],[-68.19451,-21.70325],[-68.18634,-21.70777],[-68.17869,-21.71301],[-68.17163,-21.71893],[-68.16522,-21.72547],[-68.15953,-21.73256],[-68.1546,-21.74014],[-68.1505,-21.74813],[-68.14824,-21.75393],[-68.14104,-21.75886],[-68.13397,-21.76478],[-68.12756,-21.77131],[-68.12186,-21.7784],[-68.11693,-21.78598],[-68.11282,-21.79397],[-68.10958,-21.8023],[-68.10722,-21.81089],[-68.10577,-21.81965],[-68.10525,-21.8285],[-68.10566,-21.83736],[-68.107,-21.84614],[-68.10925,-21.85475],[-68.1124,-21.86311],[-68.11641,-21.87115],[-68.12125,-21.87878],[-68.12686,-21.88593],[-68.1332,-21.89253],[-68.1402,-21.89852],[-68.1478,-21.90384],[-68.15592,-21.90844],[-68.16449,-21.91228],[-68.17342,-21.91531],[-68.18262,-21.91751],[-68.19201,-21.91886],[-68.2015,-21.91934],[-68.21099,-21.91895],[-68.22039,-21.91769],[-68.22962,-21.91558],[-68.23858,-21.91264],[-68.24719,-21.90889],[-68.25536,-21.90437],[-68.26302,-21.89912],[-68.27009,-21.8932],[-68.2765,-21.88666],[-68.2822,-21.87956],[-68.28712,-21.87198],[-68.29122,-21.86398],[-68.29347,-21.85819],[-68.30068,-21.85324],[-68.30774,-21.84732],[-68.31075,-21.84426],[-68.30674,-21.85208],[-68.3035,-21.86041],[-68.30115,-21.869],[-68.29971,-21.87776],[-68.2992,-21.88662],[-68.29963,-21.89547],[-68.30098,-21.90425],[-68.30324,-21.91286],[-68.3064,-21.92122],[-68.31043,-21.92925],[-68.31528,-21.93688],[-68.3209,-21.94402],[-68.32725,-21.95061]]}},
{"type":"Feature","properties":{"distance":10.0},"geometry":{"type":"LineString","coordinates":[[-68.11054,-21.366],[-68.11752,-21.37199],[-68.12509,-21.37731],[-68.13318,-21.38191],[-68.14172,-21.38574],[-68.15061,-21.38878],[-68.15978,-21.39098],[-68.16914,-21.39232],[-68.17859,-21.39281],[-68.18805,-21.39242],[-68.19742,-21.39116],[-68.20661,-21.38905],[-68.2125,-21.38711],[-68.21554,-21.38611],[-68.22412,-21.38236],[-68.23226,-21.37783],[-68.23989,-21.37259],[-68.24694,-21.36667],[-68.25333,-21.36012],[-68.259,-21.35303],[-68.2639,-21.34544],[-68.26799,-21.33745],[-68.27122,-21.32911],[-68.27356,-21.32052],[-68.27499,-21.31176],[-68.2755,-21.30291],[-68.27508,-21.29405],[-68.27374,-21.28527],[-68.27148,-21.27666],[-68.26833,-21.2683],[-68.26433,-21.26027],[-68.2595,-21.25264],[-68.25391,-21.2455],[-68.24759,-21.2389],[-68.24061,-21.23291],[-68.23304,-21.2276],[-68.22496,-21.223],[-68.21643,-21.21917],[-68.20754,-21.21614],[-68.19838,-21.21394],[-68.18904,-21.2126],[-68.17959,-21.21212],[-68.17015,-21.21251],[-68.16079,-21.21376],[-68.1516,-21.21587],[-68.14269,-21.21881],[-68.13412,-21.22256],[-68.12598,-21.22708],[-68.11835,-21.23232],[-68.11131,-21.23823],[-68.10492,-21.24477],[-68.09924,-21.25186],[-68.09433,-21.25944],[-68.09024,-21.26743],[-68.087,-21.27576],[-68.08465,-21.28435],[-68.08321,-21.29311],[-68.08269,-21.30197],[-68.0831,-21.31082],[-68.08443,-21.3196],[-68.08668,-21.32821],[-68.08982,-21.33658],[-68.09381,-21.34461],[-68.09863,-21.35224],[-68.10423,-21.3594],[-68.11054,-21.366]]}},
{"type":"Feature","properties":{"distance":10.0},"geometry":{"type":"LineString","coordinates":[[-68.41074,-21.01067],[-68.41771,-21.01665],[-68.42528,-21.02195],[-68.43336,-21.02654],[-68.44188,-21.03036],[-68.45076,-21.03337],[-68.45992,-21.03556],[-68.46925,-21.03689],[-68.47869,-21.03735],[-68.48812,-21.03695],[-68.49747,-21.03567],[-68.50664,-21.03355],[-68.51554,-21.03058],[-68.52409,-21.02682],[-68.5322,-21.02228],[-68.5398,-21.01702],[-68.54682,-21.01108],[-68.55318,-21.00453],[-68.55883,-20.99742],[-68.5637,-20.98983],[-68.56776,-20.98183],[-68.57097,-20.97348],[-68.57328,-20.96489],[-68.57469,-20.95612],[-68.57518,-20.94727],[-68.57474,-20.93841],[-68.57338,-20.92963],[-68.57112,-20.92103],[-68.56796,-20.91267],[-68.56395,-20.90465],[-68.55912,-20.89703],[-68.55352,-20.88989],[-68.5472,-20.8833],[-68.54023,-20.87733],[-68.53267,-20.87203],[-68.52459,-20.86745],[-68.51608,-20.86363],[-68.5072,-20.86062],[-68.49806,-20.85844],[-68.48873,-20.85711],[-68.47931,-20.85665],[-68.46989,-20.85705],[-68.46055,-20.85832],[-68.45139,-20.86045],[-68.4425,-20.86341],[-68.43396,-20.86717],[-68.42585,-20.8717],[-68.41825,-20.87696],[-68.41124,-20.88289],[-68.40488,-20.88944],[-68.39923,-20.89654],[-68.39435,-20.90413],[-68.39028,-20.91213],[-68.38707,-20.92047],[-68.38474,-20.92906],[-68.38332,-20.93782],[-68.38282,-20.94668],[-68.38325,-20.95554],[-68.3846,-20.96431],[-68.38685,-20.97292],[-68.39,-20.98128],[-68.394,-20.98931],[-68.39883,-20.99693],[-68.40442,-21.00408],[-68.41074,-21.01067]]}},
{"type":"Feature","properties":{"distance":15.0},"geometry":{"type":"LineString","coordinates":[[-72.84016,-45.99991],[-72.85483,-46.00832],[-72.87062,-46.01568],[-72.88737,-46.02192],[-72.90492,-46.02698],[-72.9231,-46.03082],[-72.94174,-46.0334],[-72.96065,-46.03469],[-72.97965,-46.03468],[-72.99855,-46.03337],[-73.01718,-46.03077],[-73.03536,-46.02691],[-73.05289,-46.02183],[-73.06963,-46.01556],[-73.08539,-46.00819],[-73.10004,-45.99977],[-73.11343,-45.99039],[-73.12544,-45.98014],[-73.13594,-45.96912],[-73.14483,-45.95743],[-73.15204,-45.94519],[-73.15749,-45.93252],[-73.16113,-45.91953],[-73.16293,-45.90636],[-73.16287,-45.89313],[-73.16095,-45.87996],[-73.1572,-45.86699],[-73.15165,-45.85434],[-73.14435,-45.84213],[-73.13538,-45.83048],[-73.12483,-45.81949],[-73.11278,-45.80929],[-73.09937,-45.79995],[-73.08473,-45.79158],[-73.06898,-45.78425],[-73.05228,-45.77803],[-73.0348,-45.77299],[-73.0167,-45.76916],[-72.99815,-45.76659],[-72.97933,-45.76531],[-72.96042,-45.76531],[-72.9416,-45.76662],[-72.92306,-45.7692],[-72.90496,-45.77304],[-72.88748,-45.7781],[-72.8708,-45.78433],[-72.85506,-45.79168],[-72.84042,-45.80006],[-72.82703,-45.80941],[-72.815,-45.81963],[-72.80447,-45.83063],[-72.79552,-45.84229],[-72.78824,-45.85451],[-72.78271,-45.86717],[-72.77898,-45.88015],[-72.77709,-45.89331],[-72.77706,-45.90655],[-72.77889,-45.91972],[-72.78256,-45.93271],[-72.78804,-45.94538],[-72.79527,-45.95761],[-72.80419,-45.96929],[-72.81472,-45.98031],[-72.82675,-45.99055],[-72.84016,-45.99991]]}},
{"type":"Feature","properties":{"distance":15.0},"geometry":{"type":"LineString","coordinates":[[-73.08284,-45.22602],[-73.10016,-45.23106],[-73.11809,-45.23488],[-73.13647,-45.23743],[-73.15511,-45.2387],[-73.17384,-45.23867],[-73.19248,-45.23733],[-73.21083,-45.23471],[-73.22874,-45.23083],[-73.24601,-45.22572],[-73.26249,-45.21944],[-73.27802,-45.21205],[-73.29244,-45.20361],[-73.30562,-45.19422],[-73.31743,-45.18395],[-73.32775,-45.17292],[-73.33649,-45.16122],[-73.34357,-45.14897],[-73.34891,-45.13629],[-73.35247,-45.1233],[-73.35421,-45.11013],[-73.35412,-45.0969],[-73.3522,-45.08373],[-73.34847,-45.07077],[-73.34297,-45.05813],[-73.33575,-45.04592],[-73.32688,-45.03428],[-73.31644,-45.02331],[-73.30455,-45.01312],[-73.29131,-45.0038],[-73.27684,-44.99544],[-73.2613,-44.98813],[-73.24483,-44.98193],[-73.22758,-44.97691],[-73.20972,-44.97311],[-73.19143,-44.97056],[-73.17287,-44.9693],[-73.15423,-44.96933],[-73.13303,-44.97103],[-73.12874,-44.96733],[-73.11553,-44.95799],[-73.10111,-44.94961],[-73.0856,-44.94227],[-73.06915,-44.93605],[-73.05193,-44.931],[-73.0341,-44.92716],[-73.01582,-44.92459],[-72.99728,-44.9233],[-72.97865,-44.9233],[-72.96011,-44.92459],[-72.94184,-44.92717],[-72.92401,-44.93101],[-72.90679,-44.93606],[-72.89034,-44.94229],[-72.87483,-44.94963],[-72.86041,-44.95801],[-72.84721,-44.96736],[-72.83535,-44.97758],[-72.82496,-44.98857],[-72.81614,-45.00023],[-72.80896,-45.01245],[-72.80351,-45.02511],[-72.79983,-45.03808],[-72.79796,-45.05125],[-72.79792,-45.06449],[-72.79971,-45.07766],[-72.80332,-45.09065],[-72.80871,-45.10333],[-72.81583,-45.11556],[-72.82461,-45.12725],[-72.83497,-45.13827],[-72.84682,-45.14851],[-72.86002,-45.15788],[-72.87447,-45.16629],[-72.89002,-45.17366],[-72.90652,-45.1799],[-72.9238,-45.18498],[-72.94171,-45.18882],[-72.96007,-45.19141],[-72.97869,-45.1927],[-72.99741,-45.1927],[-73.01869,-45.19102],[-73.023,-45.19472],[-73.03625,-45.20407],[-73.05073,-45.21246],[-73.06631,-45.2198],[-73.08284,-45.22602]]}},
{"type":"Feature","properties":{"distance":15.0},"geometry":{"type":"LineString","coordinates":[[-72.95195,-44.79496],[-72.96632,-44.80336],[-72.98177,-44.81071],[-72.99817,-44.81695],[-73.01536,-44.82201],[-73.03315,-44.82585],[-73.0514,-44.82842],[-73.06991,-44.82971],[-73.0885,-44.82969],[-73.10701,-44.82838],[-73.12524,-44.82577],[-73.14303,-44.82191],[-73.16019,-44.81682],[-73.17657,-44.81055],[-73.192,-44.80318],[-73.20634,-44.79475],[-73.21944,-44.78537],[-73.23119,-44.77512],[-73.24146,-44.76409],[-73.25017,-44.7524],[-73.25722,-44.74016],[-73.26255,-44.72748],[-73.26611,-44.7145],[-73.26786,-44.70132],[-73.2678,-44.68809],[-73.26592,-44.67492],[-73.26225,-44.66195],[-73.25681,-44.6493],[-73.24966,-44.63709],[-73.24087,-44.62544],[-73.23054,-44.61446],[-73.21874,-44.60425],[-73.20561,-44.59492],[-73.19127,-44.58655],[-73.17585,-44.57922],[-73.1595,-44.573],[-73.14238,-44.56796],[-73.12466,-44.56414],[-73.1065,-44.56157],[-73.08807,-44.56029],[-73.06956,-44.5603],[-73.05114,-44.56161],[-73.03298,-44.5642],[-73.01527,-44.56804],[-72.99816,-44.57311],[-72.98183,-44.57935],[-72.96643,-44.5867],[-72.9521,-44.59509],[-72.93899,-44.60444],[-72.92723,-44.61466],[-72.91691,-44.62566],[-72.90816,-44.63733],[-72.90104,-44.64955],[-72.89564,-44.66221],[-72.892,-44.67519],[-72.89016,-44.68836],[-72.89013,-44.7016],[-72.89193,-44.71477],[-72.89553,-44.72776],[-72.9009,-44.74043],[-72.90799,-44.75266],[-72.91673,-44.76434],[-72.92704,-44.77535],[-72.93882,-44.78559],[-72.95195,-44.79496]]}},
{"type":"Feature","properties":{"distance":15.0},"geometry":{"type":"LineString","coordinates":[[-72.74185,-44.1717],[-72.75603,-44.18013],[-72.77129,-44.18752],[-72.78749,-44.1938],[-72.80447,-44.1989],[-72.82207,-44.20277],[-72.84011,-44.20539],[-72.85842,-44.20671],[-72.87682,-44.20674],[-72.89514,-44.20547],[-72.91319,-44.2029],[-72.93081,-44.19908],[-72.94781,-44.19403],[-72.96404,-44.1878],[-72.97935,-44.18045],[-72.99357,-44.17206],[-73.00658,-44.1627],[-73.01825,-44.15247],[-73.02846,-44.14147],[-73.03713,-44.1298],[-73.04416,-44.11757],[-73.04949,-44.1049],[-73.05307,-44.09192],[-73.05486,-44.07875],[-73.05486,-44.06551],[-73.05306,-44.05234],[-73.04948,-44.03936],[-73.04415,-44.02669],[-73.03713,-44.01446],[-73.02849,-44.00279],[-73.01831,-43.99178],[-73.00668,-43.98154],[-72.99373,-43.97218],[-72.97957,-43.96377],[-72.96434,-43.95641],[-72.94819,-43.95016],[-72.93127,-43.94508],[-72.91375,-43.94121],[-72.89579,-43.93861],[-72.87756,-43.93728],[-72.85924,-43.93725],[-72.84101,-43.93852],[-72.82303,-43.94107],[-72.80548,-43.94488],[-72.78853,-43.9499],[-72.77234,-43.95611],[-72.75707,-43.96342],[-72.74286,-43.97179],[-72.72984,-43.98111],[-72.71816,-43.99131],[-72.70791,-44.00229],[-72.69919,-44.01394],[-72.6921,-44.02615],[-72.6867,-44.0388],[-72.68304,-44.05178],[-72.68116,-44.06495],[-72.68108,-44.07818],[-72.6828,-44.09137],[-72.68631,-44.10436],[-72.69156,-44.11705],[-72.69853,-44.1293],[-72.70713,-44.141],[-72.71728,-44.15204],[-72.72889,-44.1623],[-72.74185,-44.1717]]}},
{"type":"Feature","properties":{"distance":15.0},"geometry":{"type":"LineString","coordinates":[[-72.68341,-43.30202],[-72.69844,-43.30943],[-72.71439,-43.31572],[-72.73111,-43.32084],[-72.74844,-43.32474],[-72.76621,-43.32738],[-72.78425,-43.32872],[-72.80239,-43.32877],[-72.82044,-43.32752],[-72.83824,-43.32498],[-72.85561,-43.32117],[-72.87238,-43.31614],[-72.88839,-43.30993],[-72.90349,-43.3026],[-72.91753,-43.29423],[-72.93037,-43.28488],[-72.94189,-43.27467],[-72.95198,-43.26367],[-72.96055,-43.25201],[-72.96751,-43.23979],[-72.97279,-43.22713],[-72.97635,-43.21415],[-72.97815,-43.20097],[-72.97818,-43.18773],[-72.97643,-43.17456],[-72.97293,-43.16157],[-72.96771,-43.1489],[-72.96082,-43.13666],[-72.95233,-43.12497],[-72.94232,-43.11395],[-72.93089,-43.1037],[-72.92259,-43.09759],[-72.92086,-43.08395],[-72.91738,-43.07096],[-72.91218,-43.05828],[-72.90531,-43.04604],[-72.89684,-43.03434],[-72.88686,-43.02332],[-72.87545,-43.01306],[-72.86273,-43.00367],[-72.84882,-42.99524],[-72.83386,-42.98785],[-72.81799,-42.98156],[-72.80135,-42.97645],[-72.78412,-42.97256],[-72.76645,-42.96992],[-72.74851,-42.96857],[-72.73048,-42.96851],[-72.71253,-42.96974],[-72.69483,-42.97226],[-72.67755,-42.97604],[-72.66085,-42.98104],[-72.6449,-42.98721],[-72.62984,-42.99451],[-72.61583,-43.00285],[-72.60299,-43.01215],[-72.59146,-43.02234],[-72.58134,-43.0333],[-72.57272,-43.04494],[-72.5657,-43.05714],[-72.56035,-43.06978],[-72.55671,-43.08275],[-72.55482,-43.09592],[-72.5547,-43.10916],[-72.55635,-43.12235],[-72.55976,-43.13535],[-72.56489,-43.14805],[-72.57171,-43.16032],[-72.58013,-43.17203],[-72.59009,-43.18309],[-72.60148,-43.19338],[-72.60977,-43.19951],[-72.61143,-43.21315],[-72.61486,-43.22616],[-72.62002,-43.23885],[-72.62685,-43.25111],[-72.6353,-43.26282],[-72.64529,-43.27387],[-72.65671,-43.28415],[-72.66946,-43.29357],[-72.68341,-43.30202]]}},
{"type":"Feature","properties":{"distance":15.0},"geometry":{"type":"LineString","coordinates":[[-72.60434,-42.96769],[-72.62201,-42.97035],[-72.63994,-42.97173],[-72.65797,-42.9718],[-72.67593,-42.97058],[-72.69363,-42.96806],[-72.71091,-42.96428],[-72.7276,-42.95927],[-72.74353,-42.95309],[-72.75857,-42.94578],[-72.77255,-42.93742],[-72.78534,-42.9281],[-72.79682,-42.9179],[-72.80689,-42.90692],[-72.81544,-42.89526],[-72.82239,-42.88305],[-72.82768,-42.8704],[-72.83125,-42.85742],[-72.83308,-42.84425],[-72.83314,-42.83101],[-72.83145,-42.81783],[-72.828,-42.80483],[-72.82285,-42.79215],[-72.81603,-42.7799],[-72.80762,-42.76819],[-72.7977,-42.75716],[-72.78635,-42.74689],[-72.77371,-42.73748],[-72.75987,-42.72904],[-72.74499,-42.72163],[-72.72919,-42.71533],[-72.71264,-42.7102],[-72.69548,-42.7063],[-72.67789,-42.70364],[-72.66004,-42.70227],[-72.64208,-42.70219],[-72.6242,-42.70341],[-72.60657,-42.70591],[-72.58936,-42.70967],[-72.58479,-42.71104],[-72.58159,-42.70812],[-72.56898,-42.6987],[-72.55518,-42.69022],[-72.54032,-42.68279],[-72.52456,-42.67646],[-72.50803,-42.6713],[-72.4909,-42.66736],[-72.47332,-42.66468],[-72.45548,-42.66327],[-72.43754,-42.66316],[-72.41966,-42.66435],[-72.40203,-42.66682],[-72.38481,-42.67055],[-72.36817,-42.67551],[-72.35226,-42.68164],[-72.33724,-42.68889],[-72.32325,-42.6972],[-72.31043,-42.70647],[-72.2989,-42.71662],[-72.28877,-42.72756],[-72.28014,-42.73918],[-72.2731,-42.75136],[-72.2677,-42.764],[-72.26401,-42.77696],[-72.26206,-42.79012],[-72.26188,-42.80337],[-72.26345,-42.81656],[-72.26678,-42.82958],[-72.27183,-42.84229],[-72.27855,-42.85458],[-72.28687,-42.86632],[-72.29673,-42.87741],[-72.30801,-42.88773],[-72.32063,-42.89718],[-72.33444,-42.90568],[-72.34933,-42.91314],[-72.36514,-42.91949],[-72.38173,-42.92467],[-72.39893,-42.92862],[-72.41657,-42.93132],[-72.43449,-42.93273],[-72.45251,-42.93283],[-72.47046,-42.93164],[-72.48817,-42.92916],[-72.50545,-42.92541],[-72.51003,-42.92404],[-72.51325,-42.92696],[-72.5259,-42.9364],[-72.53975,-42.94487],[-72.55467,-42.9523],[-72.57051,-42.95862],[-72.58712,-42.96377],[-72.60434,-42.96769]]}},
{"type":"Feature","properties":{"distance":15.0},"geometry":{"type":"LineString","coordinates":[[-72.37217,-42.5067],[-72.38696,-42.51416],[-72.40268,-42.5205],[-72.41916,-42.52568],[-72.43625,-42.52963],[-72.45378,-42.53233],[-72.47158,-42.53373],[-72.48949,-42.53384],[-72.50732,-42.53264],[-72.52491,-42.53016],[-72.54208,-42.52641],[-72.55867,-42.52143],[-72.57452,-42.51527],[-72.57757,-42.51378],[-72.58669,-42.51382],[-72.60452,-42.51261],[-72.6221,-42.51011],[-72.63925,-42.50635],[-72.65583,-42.50136],[-72.67166,-42.49518],[-72.68659,-42.48789],[-72.70049,-42.47954],[-72.7132,-42.47023],[-72.72462,-42.46004],[-72.73463,-42.44907],[-72.74314,-42.43742],[-72.75006,-42.42521],[-72.75533,-42.41256],[-72.7589,-42.39958],[-72.76074,-42.38641],[-72.76082,-42.37317],[-72.75916,-42.35999],[-72.75576,-42.34699],[-72.75066,-42.3343],[-72.74392,-42.32204],[-72.73559,-42.31033],[-72.72575,-42.29928],[-72.71451,-42.289],[-72.70197,-42.27958],[-72.68825,-42.27113],[-72.67349,-42.2637],[-72.65782,-42.25739],[-72.64139,-42.25225],[-72.62437,-42.24832],[-72.60691,-42.24565],[-72.58918,-42.24426],[-72.57136,-42.24417],[-72.55361,-42.24537],[-72.5361,-42.24786],[-72.519,-42.25161],[-72.50248,-42.25658],[-72.48669,-42.26273],[-72.48365,-42.26421],[-72.47456,-42.26416],[-72.4568,-42.26534],[-72.43928,-42.26782],[-72.42218,-42.27155],[-72.40564,-42.27651],[-72.38983,-42.28264],[-72.37491,-42.2899],[-72.36101,-42.2982],[-72.34827,-42.30748],[-72.33682,-42.31764],[-72.32676,-42.32857],[-72.31818,-42.34019],[-72.31118,-42.35238],[-72.30583,-42.36501],[-72.30216,-42.37798],[-72.30023,-42.39114],[-72.30005,-42.40439],[-72.30162,-42.41758],[-72.30493,-42.4306],[-72.30994,-42.44331],[-72.31662,-42.4556],[-72.3249,-42.46734],[-72.33469,-42.47842],[-72.34591,-42.48874],[-72.35844,-42.4982],[-72.37217,-42.5067]]}},
{"type":"Feature","properties":{"distance":15.0},"geometry":{"type":"LineString","coordinates":[[-72.33659,-41.9911],[-72.35216,-41.99746],[-72.3685,-42.00265],[-72.38545,-42.00661],[-72.40283,-42.00932],[-72.42049,-42.01074],[-72.43825,-42.01086],[-72.45593,-42.00968],[-72.47338,-42.0072],[-72.49042,-42.00347],[-72.49897,-42.00088],[-72.51046,-42.00556],[-72.52681,-42.01072],[-72.54377,-42.01466],[-72.56116,-42.01735],[-72.57882,-42.01874],[-72.59658,-42.01884],[-72.61427,-42.01763],[-72.63171,-42.01513],[-72.64874,-42.01137],[-72.66518,-42.00638],[-72.68089,-42.00021],[-72.69571,-41.99292],[-72.7095,-41.98458],[-72.72212,-41.97527],[-72.73345,-41.96508],[-72.74339,-41.95411],[-72.75184,-41.94246],[-72.75871,-41.93025],[-72.76394,-41.9176],[-72.76749,-41.90463],[-72.76932,-41.89145],[-72.76941,-41.87821],[-72.76777,-41.86503],[-72.7644,-41.85203],[-72.75935,-41.83933],[-72.75266,-41.82707],[-72.7444,-41.81536],[-72.73465,-41.80431],[-72.7235,-41.79402],[-72.71106,-41.7846],[-72.69745,-41.77614],[-72.6828,-41.76872],[-72.66725,-41.7624],[-72.65095,-41.75725],[-72.63406,-41.75332],[-72.61674,-41.75065],[-72.59916,-41.74926],[-72.57958,-41.74929],[-72.5785,-41.74033],[-72.57518,-41.72732],[-72.57017,-41.71462],[-72.56353,-41.70235],[-72.55533,-41.69062],[-72.54562,-41.67955],[-72.53453,-41.66924],[-72.52214,-41.6598],[-72.50858,-41.65132],[-72.49398,-41.64386],[-72.47848,-41.63752],[-72.46223,-41.63234],[-72.44538,-41.62838],[-72.4281,-41.62568],[-72.41055,-41.62426],[-72.3929,-41.62413],[-72.37531,-41.6253],[-72.35796,-41.62775],[-72.34102,-41.63147],[-72.32463,-41.63641],[-72.30897,-41.64253],[-72.29419,-41.64977],[-72.28041,-41.65806],[-72.26778,-41.66732],[-72.25642,-41.67747],[-72.24644,-41.6884],[-72.23793,-41.70001],[-72.23098,-41.71219],[-72.22565,-41.72482],[-72.222,-41.73778],[-72.22006,-41.75095],[-72.21985,-41.7642],[-72.22138,-41.77739],[-72.22463,-41.79041],[-72.22958,-41.80313],[-72.23617,-41.81543],[-72.24434,-41.82718],[-72.25401,-41.83828],[-72.25675,-41.84084],[-72.25266,-41.85484],[-72.25073,-41.86801],[-72.25053,-41.88126],[-72.25207,-41.89445],[-72.25534,-41.90747],[-72.2603,-41.92019],[-72.2669,-41.93248],[-72.27509,-41.94423],[-72.28479,-41.95532],[-72.2959,-41.96565],[-72.30832,-41.97512],[-72.32193,-41.98363],[-72.33659,-41.9911]]}},
{"type":"Feature","properties":{"distance":15.0},"geometry":{"type":"LineString","coordinates":[[-72.20144,-41.5275],[-72.21598,-41.53499],[-72.23143,-41.54137],[-72.24764,-41.54658],[-72.26446,-41.55057],[-72.28172,-41.5533],[-72.29925,-41.55474],[-72.31688,-41.55489],[-72.33445,-41.55373],[-72.35178,-41.55128],[-72.3687,-41.54756],[-72.38506,-41.54261],[-72.40069,-41.53648],[-72.41544,-41.52923],[-72.42917,-41.52093],[-72.44175,-41.51165],[-72.45305,-41.50149],[-72.46297,-41.49054],[-72.47141,-41.47891],[-72.4783,-41.46672],[-72.48356,-41.45408],[-72.48714,-41.44111],[-72.48902,-41.42794],[-72.48905,-41.42555],[-72.4926,-41.42827],[-72.5061,-41.43676],[-72.52066,-41.44421],[-72.53611,-41.45055],[-72.55232,-41.45572],[-72.56913,-41.45967],[-72.58637,-41.46235],[-72.60388,-41.46375],[-72.62149,-41.46384],[-72.63902,-41.46264],[-72.65631,-41.46015],[-72.67319,-41.45639],[-72.6895,-41.4514],[-72.70508,-41.44523],[-72.71977,-41.43794],[-72.73344,-41.4296],[-72.74596,-41.42029],[-72.7572,-41.4101],[-72.76705,-41.39913],[-72.77543,-41.38749],[-72.78224,-41.37528],[-72.78744,-41.36263],[-72.79096,-41.34965],[-72.79277,-41.33648],[-72.79287,-41.32324],[-72.79124,-41.31005],[-72.78791,-41.29705],[-72.7829,-41.28435],[-72.77627,-41.27209],[-72.76809,-41.26038],[-72.75842,-41.24932],[-72.74737,-41.23904],[-72.73504,-41.22962],[-72.72155,-41.22115],[-72.70702,-41.21372],[-72.69161,-41.2074],[-72.67545,-41.20225],[-72.65871,-41.19832],[-72.64154,-41.19564],[-72.62875,-41.19462],[-72.64155,-41.18327],[-72.65139,-41.17231],[-72.65976,-41.16068],[-72.66658,-41.14848],[-72.67178,-41.13583],[-72.67532,-41.12286],[-72.67715,-41.10969],[-72.67727,-41.09644],[-72.67568,-41.08325],[-72.67238,-41.07024],[-72.66742,-41.05754],[-72.66084,-41.04527],[-72.6527,-41.03355],[-72.64309,-41.02248],[-72.6321,-41.01218],[-72.61983,-41.00274],[-72.6064,-40.99426],[-72.59194,-40.98682],[-72.57659,-40.98048],[-72.5605,-40.97531],[-72.54382,-40.97136],[-72.52671,-40.96866],[-72.50933,-40.96725],[-72.49186,-40.96713],[-72.47445,-40.96831],[-72.45728,-40.97077],[-72.4469,-40.97307],[-72.44697,-40.96781],[-72.44542,-40.95462],[-72.44218,-40.9416],[-72.43727,-40.92889],[-72.43075,-40.9166],[-72.42267,-40.90485],[-72.41312,-40.89377],[-72.40218,-40.88344],[-72.38997,-40.87398],[-72.37659,-40.86547],[-72.36219,-40.85799],[-72.34689,-40.85162],[-72.33084,-40.84642],[-72.31421,-40.84243],[-72.30994,-40.84175],[-72.31468,-40.8352],[-72.32153,-40.82302],[-72.32678,-40.81039],[-72.33037,-40.79742],[-72.33227,-40.78425],[-72.33246,-40.77101],[-72.33095,-40.75781],[-72.32774,-40.74479],[-72.32287,-40.73207],[-72.31639,-40.71977],[-72.30836,-40.70802],[-72.29885,-40.69692],[-72.28797,-40.68658],[-72.2758,-40.6771],[-72.26249,-40.66858],[-72.25493,-40.66463],[-72.26279,-40.65589],[-72.27118,-40.64428],[-72.27802,-40.6321],[-72.28326,-40.61947],[-72.28686,-40.60651],[-72.28876,-40.59334],[-72.28897,-40.58009],[-72.28747,-40.56689],[-72.28428,-40.55387],[-72.27943,-40.54115],[-72.27298,-40.52885],[-72.26498,-40.51709],[-72.25551,-40.50598],[-72.24466,-40.49564],[-72.23254,-40.48616],[-72.21927,-40.47762],[-72.20497,-40.47012],[-72.19285,-40.46502],[-72.20226,-40.45802],[-72.21343,-40.44789],[-72.22325,-40.43697],[-72.23161,-40.42536],[-72.23845,-40.41318],[-72.24368,-40.40055],[-72.24727,-40.38759],[-72.24918,-40.37442],[-72.2494,-40.36117],[-72.24791,-40.34797],[-72.24475,-40.33495],[-72.23993,-40.32222],[-72.2335,-40.30992],[-72.22554,-40.29815],[-72.21611,-40.28705],[-72.20531,-40.2767],[-72.19323,-40.26721],[-72.18001,-40.25867],[-72.16576,-40.25116],[-72.15062,-40.24476],[-72.13474,-40.23952],[-72.11826,-40.2355],[-72.10135,-40.23273],[-72.08417,-40.23125],[-72.06689,-40.23105],[-72.04966,-40.23216],[-72.03265,-40.23455],[-72.01603,-40.23821],[-71.99996,-40.24309],[-71.98458,-40.24916],[-71.97006,-40.25635],[-71.95651,-40.2646],[-71.94409,-40.27382],[-71.9329,-40.28393],[-71.92306,-40.29483],[-71.91465,-40.30641],[-71.90777,-40.31857],[-71.90248,-40.33119],[-71.89882,-40.34414],[-71.89684,-40.35731],[-71.89656,-40.37056],[-71.89798,-40.38377],[-71.90108,-40.3968],[-71.90584,-40.40954],[-71.91222,-40.42187],[-71.92015,-40.43365],[-71.92955,-40.44479],[-71.94034,-40.45516],[-71.95241,-40.46468],[-71.96565,-40.47324],[-71.97993,-40.48078],[-71.99203,-40.4859],[-71.9826,-40.49288],[-71.97139,-40.503],[-71.96152,-40.5139],[-71.9531,-40.52549],[-71.9462,-40.53765],[-71.9409,-40.55027],[-71.93724,-40.56322],[-71.93527,-40.57639],[-71.93499,-40.58964],[-71.93642,-40.60284],[-71.93955,-40.61588],[-71.94434,-40.62862],[-71.95074,-40.64094],[-71.9587,-40.65272],[-71.96815,-40.66385],[-71.97898,-40.67422],[-71.9911,-40.68373],[-72.00439,-40.69229],[-72.01194,-40.69625],[-72.00403,-40.70497],[-71.9956,-40.71657],[-71.98869,-40.72873],[-71.98338,-40.74135],[-71.97973,-40.75431],[-71.97776,-40.76747],[-71.97749,-40.78072],[-71.97894,-40.79393],[-71.98208,-40.80696],[-71.98689,-40.8197],[-71.99333,-40.83201],[-72.00132,-40.84379],[-72.0108,-40.85491],[-72.02168,-40.86528],[-72.03384,-40.87478],[-72.04717,-40.88333],[-72.06155,-40.89085],[-72.07683,-40.89726],[-72.09287,-40.9025],[-72.10951,-40.90652],[-72.11378,-40.90721],[-72.10902,-40.91375],[-72.10212,-40.92592],[-72.09682,-40.93854],[-72.09318,-40.9515],[-72.09122,-40.96467],[-72.09099,-40.97792],[-72.09246,-40.99112],[-72.09564,-41.00415],[-72.10049,-41.01688],[-72.10696,-41.02918],[-72.115,-41.04095],[-72.12453,-41.05206],[-72.13546,-41.06242],[-72.14767,-41.07191],[-72.16106,-41.08044],[-72.1755,-41.08794],[-72.19084,-41.09433],[-72.20693,-41.09955],[-72.22363,-41.10355],[-72.24077,-41.10629],[-72.25817,-41.10775],[-72.27569,-41.1079],[-72.29314,-41.10675],[-72.31035,-41.10431],[-72.32075,-41.10202],[-72.32068,-41.10728],[-72.32258,-41.12199],[-72.3082,-41.1197],[-72.29078,-41.11825],[-72.27327,-41.1181],[-72.25582,-41.11925],[-72.23859,-41.12168],[-72.22177,-41.12537],[-72.2055,-41.13029],[-72.18995,-41.13639],[-72.17525,-41.14362],[-72.16157,-41.15189],[-72.14901,-41.16114],[-72.13772,-41.17127],[-72.12778,-41.18219],[-72.11931,-41.19379],[-72.11239,-41.20596],[-72.10707,-41.21859],[-72.10342,-41.23154],[-72.10146,-41.24471],[-72.10123,-41.25796],[-72.10272,-41.27116],[-72.10591,-41.28419],[-72.11079,-41.29692],[-72.1173,-41.30922],[-72.12538,-41.32099],[-72.13495,-41.3321],[-72.14593,-41.34245],[-72.1564,-41.35054],[-72.14887,-41.36085],[-72.14193,-41.37302],[-72.13661,-41.38565],[-72.13296,-41.39861],[-72.131,-41.41177],[-72.13078,-41.42502],[-72.13228,-41.43822],[-72.13549,-41.45125],[-72.14038,-41.46397],[-72.14692,-41.47628],[-72.15503,-41.48804],[-72.16463,-41.49915],[-72.17564,-41.50949],[-72.18795,-41.51897],[-72.20144,-41.5275]]}},
{"type":"Feature","properties":{"distance":15.0},"geometry":{"type":"LineString","coordinates":[[-72.01873,-40.06476],[-72.03598,-40.06496],[-72.05316,-40.06385],[-72.07013,-40.06146],[-72.0867,-40.0578],[-72.10272,-40.0529],[-72.11804,-40.04682],[-72.13251,-40.03961],[-72.14599,-40.03135],[-72.15834,-40.02211],[-72.16945,-40.01198],[-72.17922,-40.00106],[-72.18754,-39.98946],[-72.19434,-39.97729],[-72.19956,-39.96466],[-72.20314,-39.9517],[-72.20505,-39.93853],[-72.20528,-39.92528],[-72.20382,-39.91208],[-72.20069,-39.89905],[-72.19591,-39.88632],[-72.18954,-39.87401],[-72.18164,-39.86224],[-72.17228,-39.85113],[-72.16156,-39.84077],[-72.14957,-39.83127],[-72.13644,-39.82272],[-72.12229,-39.81521],[-72.10725,-39.80879],[-72.09148,-39.80355],[-72.07511,-39.79951],[-72.05831,-39.79674],[-72.04124,-39.79524],[-72.03667,-39.79519],[-72.02043,-39.78628],[-72.00541,-39.77986],[-71.98964,-39.77459],[-71.97329,-39.77055],[-71.9565,-39.76775],[-71.93944,-39.76624],[-71.92227,-39.76603],[-71.90515,-39.76711],[-71.88826,-39.76947],[-71.87174,-39.77311],[-71.85576,-39.77797],[-71.84047,-39.78401],[-71.82602,-39.79118],[-71.81255,-39.79941],[-71.80019,-39.80861],[-71.78905,-39.81871],[-71.77925,-39.82959],[-71.77087,-39.84117],[-71.764,-39.85332],[-71.75871,-39.86593],[-71.75505,-39.87888],[-71.75305,-39.89204],[-71.75274,-39.9053],[-71.75411,-39.91851],[-71.75716,-39.93155],[-71.76186,-39.9443],[-71.76816,-39.95664],[-71.77601,-39.96844],[-71.78532,-39.97959],[-71.79601,-39.98998],[-71.80798,-39.99951],[-71.82111,-40.0081],[-71.83527,-40.01565],[-71.85033,-40.0221],[-71.86614,-40.02738],[-71.88255,-40.03144],[-71.8994,-40.03424],[-71.91653,-40.03576],[-71.92112,-40.03581],[-71.93741,-40.04473],[-71.95248,-40.05116],[-71.96831,-40.05643],[-71.98473,-40.06047],[-72.00159,-40.06326],[-72.01873,-40.06476]]}},
{"type":"Feature","properties":{"distance":15.0},"geometry":{"type":"LineString","coordinates":[[-71.72686,-39.76494],[-71.74392,-39.76648],[-71.76109,-39.76673],[-71.77821,-39.76567],[-71.79511,-39.76332],[-71.81163,-39.75969],[-71.82761,-39.75484],[-71.84289,-39.7488],[-71.85733,-39.74162],[-71.87079,-39.73339],[-71.88313,-39.72418],[-71.89424,-39.71408],[-71.90401,-39.70318],[-71.91235,-39.6916],[-71.91917,-39.67944],[-71.92442,-39.66683],[-71.92804,-39.65387],[-71.93,-39.64071],[-71.93029,-39.62745],[-71.92889,-39.61425],[-71.92582,-39.60121],[-71.92112,-39.58846],[-71.91483,-39.57613],[-71.90701,-39.56434],[-71.89774,-39.5532],[-71.89514,-39.55066],[-71.91057,-39.55324],[-71.92757,-39.55476],[-71.94469,-39.55498],[-71.96176,-39.5539],[-71.9786,-39.55152],[-71.99506,-39.54787],[-72.01097,-39.543],[-72.02619,-39.53693],[-72.04057,-39.52974],[-72.05396,-39.52149],[-72.06624,-39.51226],[-72.07729,-39.50214],[-72.087,-39.49123],[-72.09529,-39.47964],[-72.10206,-39.46747],[-72.10726,-39.45485],[-72.11084,-39.44189],[-72.11276,-39.42872],[-72.11301,-39.41547],[-72.11159,-39.40226],[-72.1085,-39.38923],[-72.10378,-39.37649],[-72.09748,-39.36418],[-72.08966,-39.3524],[-72.08039,-39.34127],[-72.06976,-39.3309],[-72.05788,-39.32139],[-72.04486,-39.31282],[-72.03082,-39.30529],[-72.01591,-39.29886],[-72.00025,-39.2936],[-71.98401,-39.28955],[-71.97784,-39.28851],[-71.97694,-39.27993],[-71.97545,-39.27361],[-71.97742,-39.2714],[-71.9857,-39.25981],[-71.99248,-39.24765],[-71.99768,-39.23503],[-72.00127,-39.22207],[-72.00321,-39.20891],[-72.00349,-39.19565],[-72.00209,-39.18244],[-71.99903,-39.16941],[-71.99435,-39.15666],[-71.98809,-39.14434],[-71.98031,-39.13255],[-71.97109,-39.12141],[-71.96052,-39.11103],[-71.94869,-39.1015],[-71.93572,-39.09292],[-71.92174,-39.08538],[-71.90688,-39.07893],[-71.89129,-39.07365],[-71.8751,-39.06958],[-71.85849,-39.06677],[-71.8416,-39.06524],[-71.8246,-39.065],[-71.80765,-39.06606],[-71.79091,-39.06841],[-71.77455,-39.07202],[-71.75872,-39.07686],[-71.74358,-39.08289],[-71.72926,-39.09004],[-71.71591,-39.09826],[-71.70365,-39.10745],[-71.6926,-39.11753],[-71.683,-39.12827],[-71.66416,-39.12784],[-71.64719,-39.12888],[-71.63044,-39.1312],[-71.61405,-39.13479],[-71.5982,-39.13962],[-71.58302,-39.14562],[-71.56867,-39.15276],[-71.55529,-39.16095],[-71.543,-39.17013],[-71.53192,-39.1802],[-71.52216,-39.19106],[-71.51381,-39.20262],[-71.50695,-39.21475],[-71.50165,-39.22735],[-71.49797,-39.2403],[-71.49593,-39.25346],[-71.49557,-39.26671],[-71.49687,-39.27993],[-71.49984,-39.29298],[-71.50444,-39.30575],[-71.51064,-39.3181],[-71.51836,-39.32992],[-71.52754,-39.3411],[-71.53809,-39.35152],[-71.54991,-39.36109],[-71.56289,-39.36971],[-71.57689,-39.3773],[-71.59178,-39.38379],[-71.60743,-39.38911],[-71.61215,-39.3903],[-71.60255,-39.39616],[-71.59023,-39.40534],[-71.57912,-39.41541],[-71.56933,-39.42628],[-71.56097,-39.43784],[-71.5541,-39.44998],[-71.5488,-39.46258],[-71.54511,-39.47553],[-71.54308,-39.48869],[-71.54272,-39.50194],[-71.54334,-39.50807],[-71.53025,-39.50583],[-71.51326,-39.50425],[-71.49615,-39.50397],[-71.47909,-39.50499],[-71.46224,-39.50729],[-71.44575,-39.51086],[-71.4298,-39.51566],[-71.41453,-39.52165],[-71.40009,-39.52877],[-71.38662,-39.53695],[-71.37424,-39.54611],[-71.36307,-39.55616],[-71.35324,-39.56701],[-71.34482,-39.57856],[-71.3379,-39.59069],[-71.33255,-39.60328],[-71.32881,-39.61622],[-71.32674,-39.62938],[-71.32634,-39.64263],[-71.32763,-39.65585],[-71.33058,-39.66891],[-71.33518,-39.68168],[-71.34138,-39.69404],[-71.34912,-39.70587],[-71.35833,-39.71706],[-71.36892,-39.7275],[-71.38078,-39.73708],[-71.39381,-39.74572],[-71.40787,-39.75333],[-71.42283,-39.75983],[-71.43855,-39.76517],[-71.45488,-39.7693],[-71.47165,-39.77216],[-71.48871,-39.77374],[-71.50588,-39.77402],[-71.52301,-39.773],[-71.53992,-39.77069],[-71.55646,-39.7671],[-71.57246,-39.76228],[-71.58777,-39.75627],[-71.60224,-39.74913],[-71.61572,-39.74093],[-71.6281,-39.73174],[-71.63275,-39.72754],[-71.63588,-39.73006],[-71.64894,-39.73867],[-71.66303,-39.74625],[-71.67801,-39.75272],[-71.69375,-39.75803],[-71.71008,-39.76211],[-71.72686,-39.76494]]}},
{"type":"Feature","properties":{"distance":15.0},"geometry":{"type":"LineString","coordinates":[[-71.39989,-39.07507],[-71.41279,-39.08371],[-71.42672,-39.09133],[-71.44154,-39.09783],[-71.45711,-39.10318],[-71.47328,-39.1073],[-71.4899,-39.11017],[-71.50679,-39.11175],[-71.5238,-39.11204],[-71.54077,-39.11102],[-71.55752,-39.10871],[-71.57391,-39.10512],[-71.58976,-39.1003],[-71.60492,-39.0943],[-71.61925,-39.08716],[-71.63262,-39.07896],[-71.64488,-39.06977],[-71.65593,-39.05969],[-71.66565,-39.04882],[-71.67396,-39.03725],[-71.68077,-39.02511],[-71.68602,-39.0125],[-71.68966,-38.99955],[-71.69165,-38.98639],[-71.69199,-38.97314],[-71.69065,-38.95992],[-71.68767,-38.94687],[-71.68306,-38.93411],[-71.67687,-38.92177],[-71.66917,-38.90995],[-71.66003,-38.89879],[-71.64953,-38.88837],[-71.63778,-38.87881],[-71.62489,-38.8702],[-71.61099,-38.86261],[-71.5962,-38.85612],[-71.58068,-38.8508],[-71.56456,-38.84668],[-71.54801,-38.84382],[-71.53118,-38.84224],[-71.51423,-38.84196],[-71.49733,-38.84297],[-71.48063,-38.84527],[-71.4643,-38.84884],[-71.4485,-38.85364],[-71.43337,-38.85963],[-71.41906,-38.86675],[-71.40571,-38.87492],[-71.39345,-38.88408],[-71.38239,-38.89413],[-71.37264,-38.90499],[-71.3643,-38.91653],[-71.35744,-38.92866],[-71.35213,-38.94125],[-71.34844,-38.95419],[-71.34638,-38.96735],[-71.34598,-38.98061],[-71.34725,-38.99383],[-71.35018,-39.00689],[-71.35473,-39.01966],[-71.36087,-39.03203],[-71.36854,-39.04386],[-71.37766,-39.05505],[-71.38814,-39.06549],[-71.39989,-39.07507]]}},
{"type":"Feature","properties":{"distance":15.0},"geometry":{"type":"LineString","coordinates":[[-71.60292,-38.78271],[-71.61465,-38.79227],[-71.62752,-38.80089],[-71.64141,-38.80847],[-71.65619,-38.81496],[-71.67172,-38.82027],[-71.68783,-38.82437],[-71.70438,-38.82721],[-71.72121,-38.82877],[-71.73816,-38.82902],[-71.75505,-38.82797],[-71.77173,-38.82563],[-71.78804,-38.82202],[-71.80381,-38.81718],[-71.8189,-38.81114],[-71.83315,-38.80398],[-71.84644,-38.79576],[-71.85862,-38.78655],[-71.8696,-38.77646],[-71.87925,-38.76557],[-71.88749,-38.75399],[-71.89424,-38.74183],[-71.89944,-38.72922],[-71.90303,-38.71626],[-71.90498,-38.7031],[-71.90527,-38.68984],[-71.90391,-38.67663],[-71.9009,-38.66359],[-71.89627,-38.65084],[-71.89008,-38.6385],[-71.88238,-38.62671],[-71.87324,-38.61556],[-71.86276,-38.60516],[-71.85103,-38.59562],[-71.83817,-38.58703],[-71.8243,-38.57946],[-71.80956,-38.573],[-71.79408,-38.5677],[-71.77802,-38.56361],[-71.76152,-38.56078],[-71.74476,-38.55923],[-71.72788,-38.55897],[-71.71104,-38.56002],[-71.69442,-38.56235],[-71.67817,-38.56594],[-71.66244,-38.57077],[-71.64739,-38.57678],[-71.63316,-38.58392],[-71.61989,-38.59212],[-71.6077,-38.6013],[-71.59671,-38.61137],[-71.58703,-38.62224],[-71.57876,-38.6338],[-71.57196,-38.64594],[-71.56671,-38.65854],[-71.56306,-38.67148],[-71.56105,-38.68465],[-71.56069,-38.6979],[-71.562,-38.71112],[-71.56495,-38.72418],[-71.56952,-38.73694],[-71.57567,-38.74929],[-71.58333,-38.76111],[-71.59245,-38.77229],[-71.60292,-38.78271]]}},
{"type":"Feature","properties":{"distance":15.0},"geometry":{"type":"LineString","coordinates":[[-71.48373,-38.48575],[-71.49755,-38.49336],[-71.51225,-38.49987],[-71.5277,-38.5052],[-71.54373,-38.50932],[-71.56021,-38.51219],[-71.57696,-38.51377],[-71.59383,-38.51404],[-71.61066,-38.51302],[-71.62727,-38.5107],[-71.64351,-38.50711],[-71.65923,-38.50229],[-71.67426,-38.49628],[-71.68847,-38.48913],[-71.70172,-38.48093],[-71.71388,-38.47174],[-71.72483,-38.46166],[-71.73446,-38.45078],[-71.7427,-38.43921],[-71.74944,-38.42706],[-71.75247,-38.41974],[-71.75869,-38.41587],[-71.77083,-38.40668],[-71.78176,-38.39659],[-71.79138,-38.38571],[-71.7996,-38.37414],[-71.80633,-38.36199],[-71.81152,-38.34938],[-71.81511,-38.33643],[-71.81707,-38.32326],[-71.81738,-38.31001],[-71.81604,-38.29679],[-71.81307,-38.28374],[-71.80849,-38.27099],[-71.80235,-38.25865],[-71.7947,-38.24684],[-71.78563,-38.23568],[-71.77522,-38.22527],[-71.76357,-38.21572],[-71.75079,-38.20711],[-71.737,-38.19954],[-71.72234,-38.19306],[-71.70695,-38.18774],[-71.69098,-38.18364],[-71.67458,-38.1808],[-71.6579,-38.17923],[-71.64111,-38.17896],[-71.62436,-38.17998],[-71.60782,-38.1823],[-71.59165,-38.18588],[-71.57599,-38.19069],[-71.56101,-38.19669],[-71.54685,-38.20382],[-71.53363,-38.21201],[-71.52149,-38.22117],[-71.51054,-38.23124],[-71.5009,-38.2421],[-71.49265,-38.25365],[-71.48587,-38.26578],[-71.48283,-38.2731],[-71.4766,-38.27695],[-71.46444,-38.28612],[-71.45348,-38.29617],[-71.44382,-38.30703],[-71.43555,-38.31858],[-71.42876,-38.33071],[-71.4235,-38.34331],[-71.41984,-38.35625],[-71.41781,-38.36941],[-71.41742,-38.38267],[-71.41869,-38.39589],[-71.4216,-38.40895],[-71.42612,-38.42172],[-71.43222,-38.43408],[-71.43983,-38.44591],[-71.44888,-38.4571],[-71.45928,-38.46754],[-71.47094,-38.47712],[-71.48373,-38.48575]]}},
{"type":"Feature","properties":{"distance":15.0},"geometry":{"type":"LineString","coordinates":[[-71.32843,-38.02396],[-71.34113,-38.03262],[-71.35485,-38.04025],[-71.36944,-38.04677],[-71.38478,-38.05213],[-71.40071,-38.05628],[-71.41708,-38.05917],[-71.43373,-38.06077],[-71.45049,-38.06107],[-71.46721,-38.06007],[-71.48373,-38.05777],[-71.49988,-38.05421],[-71.51551,-38.04941],[-71.53047,-38.04341],[-71.54461,-38.03629],[-71.55779,-38.0281],[-71.5699,-38.01893],[-71.5808,-38.00886],[-71.59041,-37.998],[-71.59862,-37.98644],[-71.60535,-37.9743],[-71.61055,-37.9617],[-71.61416,-37.94875],[-71.61615,-37.93559],[-71.61651,-37.92233],[-71.61522,-37.90911],[-71.6123,-37.89606],[-71.60778,-37.88329],[-71.60171,-37.87093],[-71.59414,-37.85911],[-71.58515,-37.84793],[-71.57482,-37.8375],[-71.56326,-37.82793],[-71.55057,-37.8193],[-71.53688,-37.81169],[-71.52231,-37.80518],[-71.50702,-37.79984],[-71.49114,-37.79571],[-71.47483,-37.79283],[-71.45824,-37.79123],[-71.44154,-37.79093],[-71.42488,-37.79192],[-71.40842,-37.79421],[-71.39231,-37.79776],[-71.37673,-37.80254],[-71.36181,-37.80851],[-71.34769,-37.81562],[-71.3367,-37.82243],[-71.33626,-37.82045],[-71.33179,-37.80767],[-71.32577,-37.7953],[-71.31826,-37.78345],[-71.30932,-37.77225],[-71.29904,-37.7618],[-71.28752,-37.75219],[-71.27488,-37.74353],[-71.26123,-37.73589],[-71.2467,-37.72935],[-71.23144,-37.72397],[-71.21559,-37.7198],[-71.19931,-37.71688],[-71.18274,-37.71524],[-71.16605,-37.7149],[-71.1494,-37.71585],[-71.13295,-37.7181],[-71.11685,-37.72161],[-71.10126,-37.72636],[-71.08633,-37.7323],[-71.0722,-37.73937],[-71.05901,-37.7475],[-71.04688,-37.75662],[-71.03593,-37.76664],[-71.02627,-37.77746],[-71.01799,-37.78898],[-71.01118,-37.80109],[-71.00588,-37.81367],[-71.00217,-37.8266],[-71.00007,-37.83976],[-70.99961,-37.85302],[-71.00079,-37.86625],[-71.0036,-37.87932],[-71.00801,-37.89211],[-71.01399,-37.9045],[-71.02147,-37.91637],[-71.03039,-37.92759],[-71.04065,-37.93807],[-71.05217,-37.9477],[-71.06483,-37.95638],[-71.0785,-37.96404],[-71.09306,-37.97061],[-71.10836,-37.976],[-71.12426,-37.98019],[-71.1406,-37.98311],[-71.15722,-37.98476],[-71.17397,-37.9851],[-71.19069,-37.98414],[-71.2072,-37.98188],[-71.22335,-37.97835],[-71.23898,-37.97359],[-71.25395,-37.96763],[-71.2681,-37.96054],[-71.27912,-37.95373],[-71.27956,-37.95571],[-71.28402,-37.96849],[-71.29005,-37.98087],[-71.29759,-37.99271],[-71.30655,-38.00391],[-71.31687,-38.01436],[-71.32843,-38.02396]]}},
{"type":"Feature","properties":{"distance":15.0},"geometry":{"type":"LineString","coordinates":[[-71.23408,-37.50785],[-71.24668,-37.51652],[-71.26029,-37.52417],[-71.27477,-37.53071],[-71.29,-37.53609],[-71.30581,-37.54025],[-71.32206,-37.54315],[-71.33859,-37.54477],[-71.35524,-37.54509],[-71.37185,-37.54411],[-71.38825,-37.54183],[-71.4043,-37.53828],[-71.41983,-37.5335],[-71.43469,-37.52752],[-71.44875,-37.52041],[-71.46186,-37.51223],[-71.47389,-37.50307],[-71.48474,-37.49302],[-71.4943,-37.48216],[-71.50247,-37.47061],[-71.50918,-37.45848],[-71.51436,-37.44588],[-71.51797,-37.43293],[-71.51997,-37.41977],[-71.52034,-37.40651],[-71.51908,-37.39329],[-71.51621,-37.38023],[-71.51174,-37.36745],[-71.50573,-37.35509],[-71.49823,-37.34326],[-71.48932,-37.33207],[-71.47908,-37.32163],[-71.46761,-37.31204],[-71.45503,-37.30339],[-71.44144,-37.29577],[-71.42699,-37.28925],[-71.41181,-37.28389],[-71.39605,-37.27974],[-71.37985,-37.27684],[-71.36338,-37.27523],[-71.34679,-37.27491],[-71.33024,-37.27588],[-71.31389,-37.27815],[-71.29789,-37.28169],[-71.2824,-37.28645],[-71.26757,-37.29241],[-71.25354,-37.2995],[-71.24045,-37.30765],[-71.22841,-37.31679],[-71.21755,-37.32682],[-71.20797,-37.33766],[-71.19977,-37.34919],[-71.19302,-37.36131],[-71.18778,-37.37389],[-71.18412,-37.38683],[-71.18206,-37.39999],[-71.18163,-37.41325],[-71.18283,-37.42648],[-71.18565,-37.43955],[-71.19007,-37.45233],[-71.19603,-37.46471],[-71.2035,-37.47657],[-71.21239,-37.48778],[-71.22261,-37.49824],[-71.23408,-37.50785]]}},
{"type":"Feature","properties":{"distance":15.0},"geometry":{"type":"LineString","coordinates":[[-71.2519,-36.96885],[-71.26441,-36.97752],[-71.27791,-36.98517],[-71.2923,-36.99171],[-71.30741,-36.99709],[-71.32311,-37.00125],[-71.33924,-37.00416],[-71.35565,-37.00578],[-71.37219,-37.0061],[-71.38868,-37.00512],[-71.40497,-37.00284],[-71.4209,-36.9993],[-71.43632,-36.99451],[-71.45108,-36.98854],[-71.46503,-36.98143],[-71.47805,-36.97325],[-71.49,-36.96409],[-71.50078,-36.95404],[-71.51027,-36.94318],[-71.51838,-36.93163],[-71.52505,-36.9195],[-71.5302,-36.9069],[-71.53378,-36.89395],[-71.53577,-36.88079],[-71.53614,-36.86753],[-71.5349,-36.85431],[-71.53204,-36.84124],[-71.52761,-36.82847],[-71.52165,-36.81611],[-71.5142,-36.80427],[-71.50536,-36.79308],[-71.49519,-36.78264],[-71.48381,-36.77305],[-71.47131,-36.7644],[-71.45782,-36.75677],[-71.44347,-36.75025],[-71.4284,-36.74488],[-71.41275,-36.74073],[-71.39667,-36.73784],[-71.38031,-36.73622],[-71.36384,-36.73589],[-71.34741,-36.73687],[-71.33117,-36.73914],[-71.31529,-36.74267],[-71.29991,-36.74744],[-71.28518,-36.7534],[-71.27125,-36.76048],[-71.25824,-36.76863],[-71.24629,-36.77777],[-71.23551,-36.7878],[-71.226,-36.79864],[-71.21785,-36.81017],[-71.21114,-36.82229],[-71.20594,-36.83488],[-71.2023,-36.84781],[-71.20026,-36.86097],[-71.19983,-36.87423],[-71.20102,-36.88746],[-71.20382,-36.90053],[-71.2082,-36.91332],[-71.21413,-36.9257],[-71.22154,-36.93756],[-71.23036,-36.94877],[-71.24051,-36.95924],[-71.2519,-36.96885]]}},
{"type":"Feature","properties":{"distance":15.0},"geometry":{"type":"LineString","coordinates":[[-70.90764,-36.39521],[-70.92101,-36.4029],[-70.93525,-36.40949],[-70.95023,-36.41492],[-70.96579,-36.41914],[-70.98179,-36.4221],[-70.99807,-36.42377],[-71.01448,-36.42415],[-71.03086,-36.42322],[-71.04704,-36.421],[-71.06287,-36.4175],[-71.0782,-36.41276],[-71.09288,-36.40683],[-71.10677,-36.39977],[-71.11973,-36.39164],[-71.13164,-36.38251],[-71.14239,-36.37249],[-71.15186,-36.36166],[-71.15998,-36.35013],[-71.16665,-36.33802],[-71.16826,-36.33411],[-71.18409,-36.33319],[-71.20024,-36.33094],[-71.21605,-36.32743],[-71.23135,-36.32267],[-71.246,-36.31673],[-71.25986,-36.30964],[-71.27279,-36.30149],[-71.28467,-36.29236],[-71.29538,-36.28232],[-71.30483,-36.27148],[-71.31291,-36.25995],[-71.31956,-36.24782],[-71.3247,-36.23523],[-71.3283,-36.22229],[-71.33031,-36.20913],[-71.33072,-36.19587],[-71.32952,-36.18264],[-71.32674,-36.16957],[-71.32238,-36.15678],[-71.31651,-36.1444],[-71.30916,-36.13255],[-71.30043,-36.12134],[-71.29038,-36.11088],[-71.27912,-36.10126],[-71.26676,-36.09258],[-71.25341,-36.08493],[-71.2392,-36.07838],[-71.22428,-36.07298],[-71.20877,-36.0688],[-71.19284,-36.06587],[-71.17662,-36.06422],[-71.16029,-36.06386],[-71.14399,-36.0648],[-71.12789,-36.06704],[-71.11213,-36.07054],[-71.09687,-36.07528],[-71.08225,-36.08121],[-71.06841,-36.08827],[-71.05549,-36.0964],[-71.04361,-36.10551],[-71.03289,-36.11552],[-71.02343,-36.12634],[-71.01531,-36.13786],[-71.00863,-36.14997],[-71.00701,-36.15388],[-70.99122,-36.15477],[-70.97509,-36.15699],[-70.95931,-36.16047],[-70.94402,-36.16519],[-70.92937,-36.1711],[-70.91551,-36.17814],[-70.90256,-36.18626],[-70.89065,-36.19536],[-70.87989,-36.20536],[-70.8704,-36.21616],[-70.86225,-36.22767],[-70.85553,-36.23977],[-70.85031,-36.25235],[-70.84664,-36.26527],[-70.84454,-36.27843],[-70.84405,-36.29169],[-70.84517,-36.30493],[-70.84788,-36.31801],[-70.85217,-36.33082],[-70.85799,-36.34322],[-70.86528,-36.3551],[-70.87399,-36.36635],[-70.88401,-36.37685],[-70.89527,-36.3865],[-70.90764,-36.39521]]}},
{"type":"Feature","properties":{"distance":15.0},"geometry":{"type":"LineString","coordinates":[[-70.39095,-36.15502],[-70.40323,-36.16379],[-70.41652,-36.17154],[-70.43067,-36.17819],[-70.44557,-36.18369],[-70.46106,-36.18797],[-70.477,-36.191],[-70.49323,-36.19274],[-70.50959,-36.19319],[-70.52592,-36.19233],[-70.54207,-36.19018],[-70.55788,-36.18675],[-70.5732,-36.18208],[-70.58788,-36.17621],[-70.60178,-36.1692],[-70.61476,-36.16112],[-70.6267,-36.15205],[-70.63748,-36.14207],[-70.647,-36.13128],[-70.65516,-36.11979],[-70.6619,-36.1077],[-70.66715,-36.09513],[-70.67085,-36.08221],[-70.67296,-36.06905],[-70.67349,-36.05579],[-70.6724,-36.04255],[-70.66973,-36.02946],[-70.66549,-36.01665],[-70.65973,-36.00424],[-70.6525,-35.99234],[-70.64387,-35.98108],[-70.63393,-35.97055],[-70.62276,-35.96087],[-70.61049,-35.95213],[-70.59723,-35.9444],[-70.5831,-35.93776],[-70.56824,-35.93228],[-70.55279,-35.92801],[-70.53691,-35.92499],[-70.52073,-35.92325],[-70.50443,-35.92281],[-70.48815,-35.92366],[-70.47205,-35.92581],[-70.45629,-35.92922],[-70.44101,-35.93388],[-70.42636,-35.93973],[-70.41249,-35.94671],[-70.39952,-35.95477],[-70.38759,-35.96382],[-70.3768,-35.97378],[-70.36726,-35.98455],[-70.35906,-35.99602],[-70.35229,-36.0081],[-70.347,-36.02065],[-70.34325,-36.03357],[-70.34107,-36.04672],[-70.3405,-36.05998],[-70.34152,-36.07322],[-70.34415,-36.08632],[-70.34834,-36.09914],[-70.35406,-36.11157],[-70.36126,-36.12349],[-70.36986,-36.13477],[-70.37979,-36.14532],[-70.39095,-36.15502]]}},
{"type":"Feature","properties":{"distance":15.0},"geometry":{"type":"LineString","coordinates":[[-70.73949,-36.08935],[-70.75179,-36.09808],[-70.7651,-36.10579],[-70.77927,-36.1124],[-70.79418,-36.11785],[-70.80968,-36.12209],[-70.82561,-36.12507],[-70.84183,-36.12677],[-70.85818,-36.12717],[-70.87449,-36.12626],[-70.89062,-36.12406],[-70.9064,-36.12059],[-70.92168,-36.11587],[-70.93632,-36.10996],[-70.95017,-36.10292],[-70.9631,-36.0948],[-70.97499,-36.08569],[-70.98572,-36.07569],[-70.99518,-36.06487],[-71.00329,-36.05335],[-71.00997,-36.04125],[-71.01515,-36.02867],[-71.01879,-36.01573],[-71.02085,-36.00257],[-71.02132,-35.98931],[-71.02018,-35.97608],[-71.01745,-35.963],[-71.01316,-35.9502],[-71.00735,-35.9378],[-71.00007,-35.92593],[-70.9914,-35.91469],[-70.98142,-35.9042],[-70.97023,-35.89455],[-70.95793,-35.88584],[-70.94465,-35.87815],[-70.9305,-35.87156],[-70.91563,-35.86612],[-70.90018,-35.8619],[-70.8843,-35.85892],[-70.86814,-35.85723],[-70.85184,-35.85683],[-70.83558,-35.85773],[-70.81951,-35.85992],[-70.80378,-35.86338],[-70.78853,-35.86808],[-70.77393,-35.87397],[-70.7601,-35.881],[-70.74718,-35.88909],[-70.73529,-35.89818],[-70.72456,-35.90816],[-70.71507,-35.91896],[-70.70693,-35.93046],[-70.70022,-35.94255],[-70.69499,-35.95512],[-70.6913,-35.96804],[-70.68918,-35.9812],[-70.68866,-35.99446],[-70.68975,-36.0077],[-70.69242,-36.02078],[-70.69667,-36.0336],[-70.70244,-36.04601],[-70.70968,-36.0579],[-70.71833,-36.06916],[-70.7283,-36.07968],[-70.73949,-36.08935]]}},
{"type":"Feature","properties":{"distance":15.0},"geometry":{"type":"LineString","coordinates":[[-70.66932,-35.76771],[-70.68343,-35.77434],[-70.69826,-35.7798],[-70.71369,-35.78406],[-70.72955,-35.78705],[-70.7457,-35.78877],[-70.76197,-35.78918],[-70.77822,-35.78829],[-70.79428,-35.78611],[-70.81,-35.78265],[-70.82523,-35.77794],[-70.83981,-35.77205],[-70.85362,-35.76501],[-70.86651,-35.75691],[-70.87836,-35.74781],[-70.88905,-35.73781],[-70.89849,-35.72701],[-70.90658,-35.7155],[-70.91325,-35.70339],[-70.91843,-35.69082],[-70.92207,-35.67789],[-70.92414,-35.66473],[-70.92462,-35.65147],[-70.92351,-35.63823],[-70.92081,-35.62515],[-70.91655,-35.61234],[-70.91431,-35.60751],[-70.916,-35.59674],[-70.91648,-35.58348],[-70.91537,-35.57024],[-70.91268,-35.55716],[-70.90843,-35.54436],[-70.90266,-35.53195],[-70.89544,-35.52007],[-70.88683,-35.50882],[-70.87692,-35.49832],[-70.8658,-35.48866],[-70.85358,-35.47993],[-70.84037,-35.47223],[-70.82631,-35.46562],[-70.81152,-35.46017],[-70.79615,-35.45593],[-70.78035,-35.45294],[-70.76574,-35.45138],[-70.76443,-35.44923],[-70.75585,-35.43797],[-70.74596,-35.42745],[-70.73487,-35.41778],[-70.72267,-35.40904],[-70.70948,-35.40132],[-70.69544,-35.3947],[-70.68068,-35.38923],[-70.66533,-35.38497],[-70.64955,-35.38196],[-70.63349,-35.38024],[-70.61729,-35.3798],[-70.60112,-35.38067],[-70.58514,-35.38283],[-70.56948,-35.38626],[-70.55431,-35.39092],[-70.53977,-35.39678],[-70.526,-35.40378],[-70.51314,-35.41185],[-70.50129,-35.42091],[-70.49059,-35.43088],[-70.48113,-35.44165],[-70.473,-35.45314],[-70.46628,-35.46521],[-70.46104,-35.47777],[-70.45733,-35.49069],[-70.45519,-35.50385],[-70.45463,-35.51711],[-70.45567,-35.53035],[-70.45829,-35.54345],[-70.46247,-35.55627],[-70.46817,-35.5687],[-70.47533,-35.58061],[-70.48389,-35.59188],[-70.49376,-35.60242],[-70.50486,-35.61212],[-70.51706,-35.62088],[-70.53027,-35.62861],[-70.54434,-35.63526],[-70.55914,-35.64074],[-70.57453,-35.64501],[-70.59036,-35.64803],[-70.59368,-35.64838],[-70.59336,-35.65631],[-70.59442,-35.66955],[-70.59707,-35.68264],[-70.60128,-35.69546],[-70.60701,-35.70787],[-70.6142,-35.71977],[-70.6228,-35.73104],[-70.63271,-35.74157],[-70.64384,-35.75125],[-70.65608,-35.75999],[-70.66932,-35.76771]]}},
{"type":"Feature","properties":{"distance":15.0},"geometry":{"type":"LineString","coordinates":[[-70.44813,-35.32837],[-70.45918,-35.33807],[-70.47134,-35.34683],[-70.48449,-35.35458],[-70.49851,-35.36123],[-70.51326,-35.36672],[-70.52859,-35.371],[-70.54437,-35.37402],[-70.56043,-35.37576],[-70.57662,-35.3762],[-70.59279,-35.37534],[-70.60877,-35.37318],[-70.62442,-35.36975],[-70.63958,-35.36507],[-70.65411,-35.3592],[-70.66786,-35.35219],[-70.68071,-35.3441],[-70.69252,-35.33503],[-70.70318,-35.32504],[-70.7126,-35.31425],[-70.72068,-35.30275],[-70.72735,-35.29066],[-70.73253,-35.27809],[-70.73619,-35.26516],[-70.73828,-35.25201],[-70.73879,-35.23874],[-70.73772,-35.2255],[-70.73507,-35.21241],[-70.73086,-35.1996],[-70.72516,-35.18719],[-70.71799,-35.17529],[-70.70945,-35.16403],[-70.6996,-35.15351],[-70.68855,-35.14383],[-70.6764,-35.13508],[-70.66326,-35.12736],[-70.64927,-35.12073],[-70.63456,-35.11525],[-70.61927,-35.11099],[-70.60354,-35.10797],[-70.58754,-35.10623],[-70.5714,-35.10579],[-70.55528,-35.10665],[-70.53935,-35.1088],[-70.52374,-35.11223],[-70.50862,-35.11689],[-70.49413,-35.12274],[-70.4804,-35.12973],[-70.46757,-35.13779],[-70.45576,-35.14685],[-70.44508,-35.15681],[-70.43564,-35.16758],[-70.42753,-35.17906],[-70.42083,-35.19114],[-70.4156,-35.2037],[-70.4119,-35.21662],[-70.40975,-35.22977],[-70.40919,-35.24303],[-70.41021,-35.25628],[-70.41281,-35.26937],[-70.41697,-35.2822],[-70.42264,-35.29463],[-70.42977,-35.30654],[-70.43829,-35.31783],[-70.44813,-35.32837]]}},
{"type":"Feature","properties":{"distance":15.0},"geometry":{"type":"LineString","coordinates":[[-70.23754,-34.92264],[-70.2506,-34.93041],[-70.26453,-34.93709],[-70.27918,-34.94261],[-70.29443,-34.94692],[-70.31011,-34.94998],[-70.32609,-34.95175],[-70.3422,-34.95223],[-70.35828,-34.9514],[-70.3742,-34.94927],[-70.38977,-34.94587],[-70.40487,-34.94122],[-70.41934,-34.93538],[-70.43305,-34.9284],[-70.44585,-34.92034],[-70.45763,-34.91128],[-70.46827,-34.90132],[-70.47767,-34.89055],[-70.48575,-34.87906],[-70.49242,-34.86698],[-70.49761,-34.85442],[-70.50129,-34.8415],[-70.50342,-34.82835],[-70.50396,-34.81508],[-70.50293,-34.80184],[-70.50034,-34.78874],[-70.49619,-34.77592],[-70.49055,-34.76349],[-70.48346,-34.75158],[-70.47499,-34.7403],[-70.46523,-34.72975],[-70.45426,-34.72005],[-70.4422,-34.71128],[-70.42916,-34.70353],[-70.42044,-34.69935],[-70.42466,-34.69538],[-70.43405,-34.68461],[-70.44211,-34.67313],[-70.44877,-34.66105],[-70.45396,-34.64849],[-70.45764,-34.63558],[-70.45977,-34.62242],[-70.46032,-34.60916],[-70.4593,-34.59591],[-70.45672,-34.58281],[-70.4526,-34.56999],[-70.44698,-34.55756],[-70.43991,-34.54564],[-70.43147,-34.53435],[-70.42174,-34.52381],[-70.4108,-34.5141],[-70.39877,-34.50532],[-70.38577,-34.49756],[-70.37191,-34.4909],[-70.35733,-34.48538],[-70.34216,-34.48108],[-70.32657,-34.47802],[-70.31068,-34.47625],[-70.29467,-34.47577],[-70.27867,-34.47659],[-70.26285,-34.4787],[-70.24735,-34.48208],[-70.23232,-34.48671],[-70.21792,-34.49253],[-70.20426,-34.49949],[-70.1915,-34.50752],[-70.17975,-34.51655],[-70.16912,-34.52649],[-70.15971,-34.53724],[-70.15162,-34.5487],[-70.14493,-34.56076],[-70.13969,-34.57331],[-70.13597,-34.58622],[-70.13379,-34.59937],[-70.13319,-34.61263],[-70.13416,-34.62588],[-70.13669,-34.63899],[-70.14077,-34.65183],[-70.14635,-34.66427],[-70.15338,-34.67621],[-70.1618,-34.68751],[-70.17152,-34.69808],[-70.18246,-34.70781],[-70.19449,-34.71661],[-70.20752,-34.72438],[-70.21623,-34.72858],[-70.21199,-34.73254],[-70.20257,-34.74329],[-70.19447,-34.75476],[-70.18776,-34.76682],[-70.18252,-34.77937],[-70.1788,-34.79228],[-70.17662,-34.80543],[-70.17602,-34.8187],[-70.177,-34.83194],[-70.17955,-34.84505],[-70.18364,-34.85788],[-70.18925,-34.87033],[-70.19631,-34.88226],[-70.20475,-34.89356],[-70.2145,-34.90412],[-70.22547,-34.91385],[-70.23754,-34.92264]]}},
{"type":"Feature","properties":{"distance":15.0},"geometry":{"type":"LineString","coordinates":[[-69.79345,-33.89487],[-69.80631,-33.90269],[-69.82003,-33.90943],[-69.83448,-33.91501],[-69.84952,-33.91938],[-69.86499,-33.92249],[-69.88077,-33.92433],[-69.89668,-33.92487],[-69.91258,-33.9241],[-69.92831,-33.92203],[-69.94372,-33.91869],[-69.95866,-33.9141],[-69.97299,-33.90831],[-69.98656,-33.90138],[-69.99926,-33.89337],[-70.01095,-33.88436],[-70.02152,-33.87444],[-70.03087,-33.8637],[-70.03891,-33.85224],[-70.04557,-33.84018],[-70.05078,-33.82764],[-70.05448,-33.81473],[-70.05665,-33.80158],[-70.05727,-33.78831],[-70.05633,-33.77506],[-70.05383,-33.76195],[-70.04982,-33.74911],[-70.04431,-33.73666],[-70.04017,-33.72953],[-70.03948,-33.71972],[-70.03699,-33.70661],[-70.03298,-33.69376],[-70.02748,-33.68131],[-70.02055,-33.66937],[-70.01225,-33.65805],[-70.00267,-33.64746],[-69.9919,-33.63771],[-69.98004,-33.62889],[-69.9672,-33.62108],[-69.95352,-33.61436],[-69.93911,-33.6088],[-69.92413,-33.60444],[-69.9087,-33.60133],[-69.89299,-33.59949],[-69.87714,-33.59895],[-69.8613,-33.59972],[-69.84563,-33.60177],[-69.83027,-33.6051],[-69.81537,-33.60967],[-69.80108,-33.61544],[-69.78754,-33.62236],[-69.77486,-33.63035],[-69.76318,-33.63933],[-69.75261,-33.64924],[-69.74324,-33.65996],[-69.73518,-33.67139],[-69.72849,-33.68343],[-69.72324,-33.69596],[-69.71949,-33.70887],[-69.71727,-33.72201],[-69.7166,-33.73527],[-69.71749,-33.74853],[-69.71993,-33.76165],[-69.7239,-33.7745],[-69.72937,-33.78697],[-69.73348,-33.79411],[-69.73414,-33.80392],[-69.73659,-33.81704],[-69.74056,-33.82989],[-69.74603,-33.84236],[-69.75294,-33.85432],[-69.76122,-33.86566],[-69.7708,-33.87626],[-69.78157,-33.88603],[-69.79345,-33.89487]]}},
{"type":"Feature","properties":{"distance":15.0},"geometry":{"type":"LineString","coordinates":[[-69.6887,-33.49735],[-69.70052,-33.5062],[-69.71331,-33.51403],[-69.72696,-33.52078],[-69.74134,-33.52637],[-69.7563,-33.53075],[-69.77171,-33.53388],[-69.78741,-33.53573],[-69.80325,-33.53628],[-69.81907,-33.53553],[-69.83474,-33.53347],[-69.85008,-33.53014],[-69.86496,-33.52557],[-69.87923,-33.51979],[-69.89276,-33.51287],[-69.90541,-33.50487],[-69.91705,-33.49587],[-69.92759,-33.48595],[-69.93691,-33.47522],[-69.94493,-33.46377],[-69.95157,-33.45172],[-69.95677,-33.43918],[-69.96048,-33.42627],[-69.96266,-33.41312],[-69.96329,-33.39985],[-69.96236,-33.3866],[-69.9599,-33.37349],[-69.95591,-33.36064],[-69.95045,-33.34818],[-69.94355,-33.33623],[-69.9353,-33.3249],[-69.92577,-33.31431],[-69.91505,-33.30455],[-69.90324,-33.29572],[-69.89046,-33.28791],[-69.87683,-33.28118],[-69.86249,-33.2756],[-69.84756,-33.27123],[-69.8322,-33.26811],[-69.81655,-33.26626],[-69.80076,-33.26571],[-69.78498,-33.26647],[-69.76937,-33.26851],[-69.75406,-33.27183],[-69.73922,-33.27639],[-69.72498,-33.28216],[-69.71148,-33.28906],[-69.69884,-33.29704],[-69.6872,-33.30602],[-69.67665,-33.31592],[-69.66732,-33.32663],[-69.65927,-33.33806],[-69.6526,-33.3501],[-69.64736,-33.36263],[-69.64361,-33.37553],[-69.64139,-33.38867],[-69.64071,-33.40194],[-69.64158,-33.41519],[-69.644,-33.42832],[-69.64794,-33.44117],[-69.65337,-33.45365],[-69.66023,-33.46561],[-69.66847,-33.47696],[-69.67799,-33.48757],[-69.6887,-33.49735]]}},
{"type":"Feature","properties":{"distance":15.0},"geometry":{"type":"LineString","coordinates":[[-68.31479,-21.99936],[-68.32699,-22.00624],[-68.33986,-22.01198],[-68.35327,-22.01652],[-68.36709,-22.0198],[-68.38118,-22.02181],[-68.39543,-22.02251],[-68.40968,-22.02191],[-68.42379,-22.02001],[-68.43764,-22.01683],[-68.45108,-22.01239],[-68.464,-22.00675],[-68.47626,-21.99995],[-68.48774,-21.99207],[-68.49833,-21.98317],[-68.50794,-21.97334],[-68.51647,-21.96269],[-68.52384,-21.9513],[-68.52998,-21.9393],[-68.53482,-21.92679],[-68.53832,-21.9139],[-68.54046,-21.90075],[-68.5412,-21.88747],[-68.54054,-21.87418],[-68.53849,-21.86102],[-68.53507,-21.84811],[-68.53032,-21.83558],[-68.52427,-21.82354],[-68.51698,-21.81211],[-68.50853,-21.8014],[-68.499,-21.79152],[-68.48849,-21.78256],[-68.47708,-21.7746],[-68.46489,-21.76772],[-68.45204,-21.76199],[-68.43865,-21.75747],[-68.42486,-21.75419],[-68.41078,-21.75219],[-68.39657,-21.75149],[-68.38075,-21.7523],[-68.37867,-21.74438],[-68.37393,-21.73184],[-68.36789,-21.7198],[-68.36063,-21.70836],[-68.3522,-21.69765],[-68.34269,-21.68776],[-68.33218,-21.67878],[-68.32079,-21.67081],[-68.30862,-21.66393],[-68.29579,-21.65819],[-68.28242,-21.65365],[-68.26863,-21.65036],[-68.25457,-21.64834],[-68.24037,-21.64763],[-68.22616,-21.64821],[-68.21208,-21.6501],[-68.19826,-21.65326],[-68.18484,-21.65768],[-68.17195,-21.6633],[-68.15971,-21.67008],[-68.14823,-21.67794],[-68.13764,-21.68682],[-68.12802,-21.69662],[-68.11948,-21.70726],[-68.1121,-21.71862],[-68.10859,-21.72544],[-68.09998,-21.73266],[-68.09036,-21.74246],[-68.08181,-21.75309],[-68.07442,-21.76446],[-68.06825,-21.77644],[-68.06338,-21.78894],[-68.05983,-21.80181],[-68.05766,-21.81496],[-68.05687,-21.82823],[-68.05748,-21.84152],[-68.05949,-21.85469],[-68.06286,-21.8676],[-68.06758,-21.88015],[-68.0736,-21.89221],[-68.08085,-21.90365],[-68.08927,-21.91438],[-68.09878,-21.92429],[-68.10928,-21.93328],[-68.12068,-21.94126],[-68.13286,-21.94816],[-68.14572,-21.95391],[-68.15911,-21.95846],[-68.17292,-21.96176],[-68.18701,-21.96378],[-68.20125,-21.96451],[-68.21549,-21.96392],[-68.2296,-21.96204],[-68.24345,-21.95887],[-68.25689,-21.95445],[-68.26738,-21.94988],[-68.27489,-21.9618],[-68.28333,-21.97252],[-68.29286,-21.98241],[-68.30338,-21.99139],[-68.31479,-21.99936]]}},
{"type":"Feature","properties":{"distance":15.0},"geometry":{"type":"LineString","coordinates":[[-68.37659,-21.04249],[-68.38705,-21.05146],[-68.3984,-21.05942],[-68.41052,-21.0663],[-68.42331,-21.07203],[-68.43663,-21.07656],[-68.45037,-21.07984],[-68.46438,-21.08183],[-68.47853,-21.08253],[-68.49269,-21.08192],[-68.50671,-21.08001],[-68.52047,-21.07682],[-68.53382,-21.07237],[-68.54665,-21.06672],[-68.55882,-21.05992],[-68.57023,-21.05202],[-68.58075,-21.04312],[-68.59029,-21.03328],[-68.59876,-21.02262],[-68.60607,-21.01123],[-68.61216,-20.99922],[-68.61696,-20.98671],[-68.62044,-20.97381],[-68.62255,-20.96066],[-68.62327,-20.94738],[-68.62261,-20.93409],[-68.62057,-20.92093],[-68.61716,-20.90802],[-68.61243,-20.89549],[-68.60641,-20.88345],[-68.59916,-20.87203],[-68.59301,-20.8642],[-68.60092,-20.86236],[-68.61425,-20.85791],[-68.62706,-20.85225],[-68.63921,-20.84544],[-68.65059,-20.83754],[-68.6611,-20.82862],[-68.67062,-20.81879],[-68.67907,-20.80812],[-68.68637,-20.79673],[-68.69244,-20.78471],[-68.69723,-20.7722],[-68.70069,-20.7593],[-68.70279,-20.74615],[-68.70351,-20.73286],[-68.70284,-20.71958],[-68.70079,-20.70642],[-68.69738,-20.69351],[-68.69265,-20.68098],[-68.68663,-20.66894],[-68.67939,-20.65752],[-68.67099,-20.64682],[-68.66152,-20.63695],[-68.65107,-20.62799],[-68.63974,-20.62005],[-68.62764,-20.61318],[-68.61489,-20.60747],[-68.6016,-20.60296],[-68.5879,-20.59969],[-68.57393,-20.59771],[-68.55983,-20.59702],[-68.54572,-20.59764],[-68.53174,-20.59955],[-68.51803,-20.60274],[-68.50471,-20.60719],[-68.49192,-20.61284],[-68.47978,-20.61964],[-68.46841,-20.62753],[-68.45791,-20.63643],[-68.44838,-20.64625],[-68.43992,-20.65691],[-68.43262,-20.66829],[-68.42653,-20.6803],[-68.42172,-20.6928],[-68.41824,-20.70569],[-68.41611,-20.71884],[-68.41537,-20.73213],[-68.41601,-20.74541],[-68.41804,-20.75858],[-68.42142,-20.77149],[-68.42614,-20.78403],[-68.43214,-20.79607],[-68.43937,-20.8075],[-68.44551,-20.81534],[-68.4376,-20.81717],[-68.42427,-20.82161],[-68.41146,-20.82725],[-68.3993,-20.83405],[-68.3879,-20.84193],[-68.37738,-20.85082],[-68.36784,-20.86064],[-68.35936,-20.8713],[-68.35204,-20.88268],[-68.34594,-20.89468],[-68.34111,-20.90718],[-68.33762,-20.92007],[-68.33548,-20.93322],[-68.33473,-20.9465],[-68.33537,-20.95979],[-68.33738,-20.97295],[-68.34077,-20.98586],[-68.34549,-20.9984],[-68.35149,-21.01045],[-68.35872,-21.02189],[-68.36711,-21.0326],[-68.37659,-21.04249]]}},
{"type":"Feature","properties":{"distance":15.0},"geometry":{"type":"LineString","coordinates":[[-68.98956,-18.51489],[-68.9999,-18.52382],[-69.0111,-18.53175],[-69.02306,-18.53858],[-69.03567,-18.54427],[-69.04881,-18.54875],[-69.06234,-18.55198],[-69.07614,-18.55393],[-69.09007,-18.55457],[-69.09846,-18.55418],[-69.104,-18.55391],[-69.1178,-18.55195],[-69.13133,-18.54871],[-69.14446,-18.54422],[-69.15706,-18.53852],[-69.16902,-18.53167],[-69.18021,-18.52373],[-69.19054,-18.51479],[-69.19989,-18.50492],[-69.20819,-18.49423],[-69.21534,-18.48281],[-69.22129,-18.47077],[-69.22597,-18.45824],[-69.22934,-18.44533],[-69.23137,-18.43217],[-69.23203,-18.41888],[-69.23133,-18.40559],[-69.22927,-18.39243],[-69.22586,-18.37953],[-69.22115,-18.36701],[-69.21518,-18.35499],[-69.208,-18.34359],[-69.19969,-18.33291],[-69.19033,-18.32306],[-69.18,-18.31414],[-69.1688,-18.30622],[-69.1559,-18.29897],[-69.1708,-18.29695],[-69.18431,-18.2937],[-69.19741,-18.28921],[-69.21,-18.28351],[-69.22194,-18.27665],[-69.23311,-18.26871],[-69.24342,-18.25977],[-69.25276,-18.2499],[-69.26103,-18.2392],[-69.26818,-18.22778],[-69.27411,-18.21574],[-69.27878,-18.20321],[-69.28214,-18.1903],[-69.28416,-18.17713],[-69.28482,-18.16384],[-69.28412,-18.15055],[-69.28206,-18.1374],[-69.27865,-18.1245],[-69.27395,-18.11198],[-69.26798,-18.09996],[-69.26081,-18.08855],[-69.25251,-18.07788],[-69.24315,-18.06803],[-69.23283,-18.05911],[-69.22165,-18.0512],[-69.20971,-18.04437],[-69.19713,-18.03869],[-69.18403,-18.03423],[-69.17054,-18.031],[-69.15678,-18.02906],[-69.14289,-18.02842],[-69.129,-18.02908],[-69.11524,-18.03105],[-69.10176,-18.03429],[-69.08866,-18.03877],[-69.07609,-18.04447],[-69.06417,-18.05131],[-69.053,-18.05924],[-69.04269,-18.06818],[-69.03335,-18.07804],[-69.02507,-18.08873],[-69.01792,-18.10014],[-69.01197,-18.11217],[-69.00728,-18.1247],[-69.0039,-18.1376],[-69.00186,-18.15076],[-69.00118,-18.16405],[-69.00186,-18.17734],[-69.0039,-18.1905],[-69.00728,-18.20341],[-69.01197,-18.21594],[-69.01793,-18.22796],[-69.02509,-18.23937],[-69.03338,-18.25006],[-69.04274,-18.25992],[-69.05306,-18.26885],[-69.06425,-18.27677],[-69.07714,-18.28403],[-69.06224,-18.28604],[-69.04873,-18.28928],[-69.03562,-18.29376],[-69.02303,-18.29945],[-69.01108,-18.30629],[-68.9999,-18.31422],[-68.98957,-18.32316],[-68.98022,-18.33301],[-68.97192,-18.3437],[-68.96475,-18.35511],[-68.95879,-18.36713],[-68.95409,-18.37966],[-68.9507,-18.39257],[-68.94866,-18.40573],[-68.94797,-18.41901],[-68.94865,-18.4323],[-68.95069,-18.44546],[-68.95407,-18.45837],[-68.95877,-18.4709],[-68.96473,-18.48293],[-68.97189,-18.49434],[-68.9802,-18.50503],[-68.98956,-18.51489]]}},
{"type":"Feature","properties":{"distance":15.0},"geometry":{"type":"LineString","coordinates":[[-69.41198,-18.19911],[-69.42231,-18.20802],[-69.43351,-18.21592],[-69.44547,-18.22273],[-69.45807,-18.22839],[-69.47119,-18.23284],[-69.48471,-18.23604],[-69.49849,-18.23796],[-69.5124,-18.23857],[-69.5263,-18.23788],[-69.54007,-18.23589],[-69.55356,-18.23262],[-69.56666,-18.2281],[-69.57922,-18.22237],[-69.59114,-18.2155],[-69.6023,-18.20754],[-69.61258,-18.19857],[-69.62189,-18.18868],[-69.63015,-18.17797],[-69.63726,-18.16653],[-69.64317,-18.15449],[-69.64781,-18.14195],[-69.65114,-18.12903],[-69.65313,-18.11586],[-69.65377,-18.10257],[-69.65304,-18.08929],[-69.65095,-18.07613],[-69.64752,-18.06324],[-69.64279,-18.05073],[-69.6368,-18.03872],[-69.62961,-18.02733],[-69.62129,-18.01667],[-69.61191,-18.00684],[-69.60158,-17.99794],[-69.59039,-17.99005],[-69.57844,-17.98325],[-69.56585,-17.9776],[-69.55275,-17.97315],[-69.53925,-17.96996],[-69.5255,-17.96804],[-69.51161,-17.96743],[-69.49772,-17.96812],[-69.48398,-17.9701],[-69.4705,-17.97337],[-69.45742,-17.97788],[-69.44487,-17.9836],[-69.43296,-17.99047],[-69.42181,-17.99842],[-69.41153,-18.00737],[-69.40221,-18.01725],[-69.39395,-18.02796],[-69.38683,-18.03938],[-69.38091,-18.05142],[-69.37625,-18.06396],[-69.3729,-18.07687],[-69.37088,-18.09003],[-69.37023,-18.10332],[-69.37094,-18.11661],[-69.37301,-18.12977],[-69.37642,-18.14267],[-69.38113,-18.15519],[-69.38711,-18.1672],[-69.39429,-18.1786],[-69.40261,-18.18927],[-69.41198,-18.19911]]}},
{"type":"Feature","properties":{"distance":15.0},"geometry":{"type":"LineString","coordinates":[[-68.13976,-24.49023],[-68.15046,-24.49922],[-68.16208,-24.5072],[-68.17449,-24.5141],[-68.18759,-24.51986],[-68.20124,-24.52441],[-68.21532,-24.52771],[-68.22968,-24.52974],[-68.24419,-24.53046],[-68.25871,-24.52988],[-68.2731,-24.528],[-68.28721,-24.52484],[-68.30092,-24.52043],[-68.31408,-24.5148],[-68.32658,-24.50802],[-68.33829,-24.50016],[-68.3491,-24.49128],[-68.35891,-24.48147],[-68.36762,-24.47083],[-68.37514,-24.45945],[-68.38141,-24.44746],[-68.38636,-24.43496],[-68.38995,-24.42208],[-68.39215,-24.40894],[-68.39292,-24.39567],[-68.39227,-24.38238],[-68.39021,-24.36922],[-68.38674,-24.35631],[-68.38191,-24.34378],[-68.37577,-24.33173],[-68.36837,-24.3203],[-68.35978,-24.30959],[-68.35008,-24.29969],[-68.33938,-24.29072],[-68.32777,-24.28275],[-68.31537,-24.27586],[-68.30229,-24.27012],[-68.28866,-24.26557],[-68.27461,-24.26228],[-68.26028,-24.26026],[-68.2458,-24.25953],[-68.23132,-24.26011],[-68.21696,-24.26199],[-68.20287,-24.26515],[-68.18919,-24.26955],[-68.17605,-24.27517],[-68.1699,-24.2785],[-68.17854,-24.26795],[-68.18607,-24.25658],[-68.19234,-24.2446],[-68.19731,-24.23211],[-68.20091,-24.21923],[-68.20312,-24.20609],[-68.20391,-24.19282],[-68.20328,-24.17954],[-68.20124,-24.16637],[-68.1978,-24.15346],[-68.193,-24.14092],[-68.18688,-24.12887],[-68.1795,-24.11742],[-68.17095,-24.1067],[-68.16128,-24.0968],[-68.15061,-24.08781],[-68.13903,-24.07982],[-68.12666,-24.07292],[-68.11361,-24.06716],[-68.10001,-24.0626],[-68.08599,-24.05929],[-68.07168,-24.05725],[-68.05723,-24.05651],[-68.04276,-24.05707],[-68.02843,-24.05893],[-68.01436,-24.06207],[-68.00069,-24.06646],[-67.98756,-24.07206],[-67.97509,-24.07881],[-67.96339,-24.08665],[-67.95259,-24.09551],[-67.94279,-24.10529],[-67.93407,-24.11591],[-67.92653,-24.12726],[-67.92024,-24.13923],[-67.91525,-24.15171],[-67.91162,-24.16458],[-67.90938,-24.17772],[-67.90856,-24.19099],[-67.90916,-24.20427],[-67.91117,-24.21743],[-67.91459,-24.23035],[-67.91936,-24.2429],[-67.92546,-24.25497],[-67.93282,-24.26642],[-67.94137,-24.27716],[-67.95103,-24.28707],[-67.9617,-24.29608],[-67.97329,-24.30407],[-67.98567,-24.31099],[-67.99874,-24.31676],[-68.01236,-24.32133],[-68.02641,-24.32465],[-68.04075,-24.32669],[-68.05523,-24.32744],[-68.06973,-24.32687],[-68.08409,-24.32501],[-68.09819,-24.32186],[-68.11188,-24.31747],[-68.12503,-24.31186],[-68.13118,-24.30853],[-68.12253,-24.31908],[-68.11499,-24.33044],[-68.10871,-24.34242],[-68.10373,-24.35491],[-68.10011,-24.36778],[-68.09789,-24.38092],[-68.09708,-24.39419],[-68.0977,-24.40747],[-68.09974,-24.42063],[-68.10318,-24.43355],[-68.10798,-24.4461],[-68.1141,-24.45815],[-68.12149,-24.46959],[-68.13007,-24.48032],[-68.13976,-24.49023]]}},
{"type":"Feature","properties":{"distance":15.0},"geometry":{"type":"LineString","coordinates":[[-67.64438,-24.05275],[-67.65593,-24.06077],[-67.66827,-24.06771],[-67.6813,-24.07351],[-67.69489,-24.0781],[-67.7089,-24.08145],[-67.7232,-24.08352],[-67.73766,-24.08429],[-67.75212,-24.08376],[-67.76646,-24.08193],[-67.78054,-24.07881],[-67.79421,-24.07444],[-67.80735,-24.06886],[-67.81983,-24.06212],[-67.83153,-24.05429],[-67.84234,-24.04544],[-67.85215,-24.03567],[-67.86086,-24.02506],[-67.8684,-24.01371],[-67.8747,-24.00174],[-67.87968,-23.98926],[-67.88331,-23.97639],[-67.88554,-23.96325],[-67.88636,-23.94998],[-67.88577,-23.9367],[-67.88376,-23.92353],[-67.88036,-23.91061],[-67.87552,-23.89792],[-67.87995,-23.89252],[-67.88748,-23.88118],[-67.89376,-23.8692],[-67.89874,-23.85672],[-67.90236,-23.84385],[-67.90459,-23.83072],[-67.90541,-23.81744],[-67.90481,-23.80416],[-67.90281,-23.791],[-67.8994,-23.77808],[-67.89464,-23.76552],[-67.88857,-23.75346],[-67.88124,-23.74201],[-67.87273,-23.73127],[-67.86312,-23.72135],[-67.85615,-23.71544],[-67.86039,-23.70101],[-67.86263,-23.68788],[-67.86345,-23.6746],[-67.86286,-23.66132],[-67.86085,-23.64816],[-67.85746,-23.63523],[-67.85271,-23.62268],[-67.84557,-23.60894],[-67.84797,-23.59521],[-67.8488,-23.58194],[-67.84821,-23.56865],[-67.8462,-23.55549],[-67.84281,-23.54256],[-67.83807,-23.53001],[-67.83201,-23.51795],[-67.8247,-23.50649],[-67.81621,-23.49575],[-67.80661,-23.48582],[-67.80193,-23.48184],[-67.80851,-23.47828],[-67.82016,-23.47045],[-67.83091,-23.4616],[-67.84068,-23.45182],[-67.84935,-23.44121],[-67.85686,-23.42986],[-67.86312,-23.41788],[-67.86808,-23.4054],[-67.87169,-23.39253],[-67.87392,-23.3794],[-67.87473,-23.36612],[-67.87414,-23.35284],[-67.87214,-23.33968],[-67.86875,-23.32675],[-67.86401,-23.3142],[-67.85795,-23.30214],[-67.85065,-23.29068],[-67.84217,-23.27994],[-67.83259,-23.27002],[-67.82201,-23.26101],[-67.81052,-23.253],[-67.79824,-23.24608],[-67.79245,-23.24349],[-67.79259,-23.2412],[-67.79201,-23.22791],[-67.79001,-23.21474],[-67.78664,-23.20182],[-67.7819,-23.18927],[-67.77823,-23.18193],[-67.78113,-23.17162],[-67.78335,-23.15848],[-67.78418,-23.14521],[-67.78359,-23.13193],[-67.7816,-23.11876],[-67.77823,-23.10584],[-67.7735,-23.09328],[-67.76747,-23.08122],[-67.76018,-23.06976],[-67.75172,-23.05901],[-67.74217,-23.04908],[-67.73161,-23.04007],[-67.72014,-23.03206],[-67.70789,-23.02512],[-67.69496,-23.01933],[-67.68148,-23.01474],[-67.66758,-23.0114],[-67.65339,-23.00932],[-67.63906,-23.00855],[-67.62471,-23.00908],[-67.61048,-23.0109],[-67.59652,-23.01401],[-67.58295,-23.01837],[-67.56991,-23.02394],[-67.55752,-23.03066],[-67.54589,-23.03847],[-67.53516,-23.0473],[-67.5254,-23.05706],[-67.51673,-23.06766],[-67.50922,-23.07899],[-67.50294,-23.09095],[-67.49796,-23.10342],[-67.49433,-23.11628],[-67.49207,-23.12941],[-67.49122,-23.14268],[-67.49177,-23.15596],[-67.49373,-23.16913],[-67.49708,-23.18206],[-67.50179,-23.19462],[-67.50545,-23.20196],[-67.5049,-23.2039],[-67.49692,-23.21363],[-67.4894,-23.22496],[-67.48311,-23.23691],[-67.47813,-23.24938],[-67.47448,-23.26224],[-67.47222,-23.27537],[-67.47137,-23.28864],[-67.47192,-23.30192],[-67.47388,-23.31509],[-67.47723,-23.32802],[-67.48194,-23.34058],[-67.48796,-23.35266],[-67.49523,-23.36413],[-67.50369,-23.37489],[-67.51325,-23.38483],[-67.52382,-23.39386],[-67.5353,-23.40188],[-67.54758,-23.40883],[-67.56053,-23.41464],[-67.57405,-23.41924],[-67.58799,-23.4226],[-67.59593,-23.42376],[-67.59793,-23.42775],[-67.60521,-23.43922],[-67.61369,-23.44997],[-67.62326,-23.4599],[-67.62793,-23.46389],[-67.62135,-23.46745],[-67.6097,-23.47526],[-67.59892,-23.48409],[-67.58914,-23.49386],[-67.58044,-23.50446],[-67.57291,-23.51579],[-67.56661,-23.52775],[-67.56162,-23.54022],[-67.55798,-23.55308],[-67.55572,-23.56621],[-67.55487,-23.57948],[-67.55543,-23.59276],[-67.5574,-23.60593],[-67.55884,-23.61144],[-67.55564,-23.61098],[-67.54124,-23.61019],[-67.52682,-23.6107],[-67.51253,-23.61252],[-67.4985,-23.61561],[-67.48487,-23.61996],[-67.47176,-23.62551],[-67.45931,-23.63223],[-67.44763,-23.64003],[-67.43683,-23.64885],[-67.42702,-23.6586],[-67.4183,-23.66919],[-67.41074,-23.68051],[-67.40443,-23.69246],[-67.39941,-23.70493],[-67.39575,-23.71778],[-67.39347,-23.73091],[-67.3926,-23.74417],[-67.39314,-23.75746],[-67.3951,-23.77063],[-67.39845,-23.78355],[-67.40316,-23.79612],[-67.40919,-23.8082],[-67.41648,-23.81967],[-67.42496,-23.83044],[-67.43454,-23.84039],[-67.44514,-23.84942],[-67.45666,-23.85745],[-67.46897,-23.86441],[-67.48197,-23.87022],[-67.49553,-23.87483],[-67.50951,-23.8782],[-67.52378,-23.88029],[-67.53821,-23.88108],[-67.55266,-23.88056],[-67.56698,-23.87875],[-67.58104,-23.87565],[-67.59469,-23.87129],[-67.60782,-23.86573],[-67.61888,-23.85977],[-67.62167,-23.86715],[-67.61724,-23.87254],[-67.60969,-23.88387],[-67.60338,-23.89583],[-67.59837,-23.9083],[-67.59472,-23.92116],[-67.59245,-23.93429],[-67.5916,-23.94756],[-67.59217,-23.96084],[-67.59415,-23.97401],[-67.59752,-23.98694],[-67.60226,-23.9995],[-67.60832,-24.01157],[-67.61563,-24.02304],[-67.62414,-24.03379],[-67.63375,-24.04373],[-67.64438,-24.05275]]}},
{"type":"Feature","properties":{"distance":20.0},"geometry":{"type":"LineString","coordinates":[[-72.79678,-46.03319],[-72.81635,-46.0444],[-72.8374,-46.05422],[-72.85975,-46.06255],[-72.88316,-46.06931],[-72.90742,-46.07443],[-72.93229,-46.07787],[-72.95753,-46.07959],[-72.98288,-46.07957],[-73.00811,-46.07782],[-73.03297,-46.07436],[-73.05721,-46.0692],[-73.08061,-46.06242],[-73.10293,-46.05406],[-73.12396,-46.04422],[-73.1435,-46.03299],[-73.16135,-46.02048],[-73.17735,-46.0068],[-73.19134,-45.9921],[-73.20319,-45.97651],[-73.21278,-45.96019],[-73.22003,-45.94328],[-73.22487,-45.92597],[-73.22724,-45.9084],[-73.22714,-45.89076],[-73.22457,-45.87321],[-73.21955,-45.85592],[-73.21213,-45.83906],[-73.20239,-45.82278],[-73.19042,-45.80725],[-73.17633,-45.79262],[-73.16028,-45.77901],[-73.1424,-45.76657],[-73.12287,-45.75542],[-73.10188,-45.74565],[-73.07963,-45.73736],[-73.05634,-45.73064],[-73.03222,-45.72554],[-73.0075,-45.72212],[-72.98243,-45.72041],[-72.95724,-45.72042],[-72.93217,-45.72215],[-72.90746,-45.72559],[-72.88335,-45.73071],[-72.86006,-45.73745],[-72.83782,-45.74576],[-72.81685,-45.75554],[-72.79734,-45.76672],[-72.77948,-45.77917],[-72.76344,-45.79279],[-72.74938,-45.80745],[-72.73743,-45.82299],[-72.72772,-45.83928],[-72.72033,-45.85616],[-72.71534,-45.87346],[-72.7128,-45.89101],[-72.71273,-45.90866],[-72.71515,-45.92623],[-72.72002,-45.94354],[-72.72731,-45.96044],[-72.73694,-45.97676],[-72.74883,-45.99234],[-72.76286,-46.00703],[-72.77889,-46.02069],[-72.79678,-46.03319]]}},
{"type":"Feature","properties":{"distance":20.0},"geometry":{"type":"LineString","coordinates":[[-72.40327,-44.44372],[-72.42221,-44.45502],[-72.44261,-44.46493],[-72.46427,-44.47336],[-72.48699,-44.48022],[-72.51054,-44.48545],[-72.53469,-44.489],[-72.55922,-44.49083],[-72.58388,-44.49092],[-72.60843,-44.48928],[-72.63264,-44.48592],[-72.65627,-44.48087],[-72.67908,-44.47419],[-72.70087,-44.46593],[-72.72141,-44.45618],[-72.74051,-44.44503],[-72.75799,-44.43259],[-72.77367,-44.41898],[-72.78741,-44.40433],[-72.79908,-44.38878],[-72.80855,-44.3725],[-72.81576,-44.35562],[-72.82061,-44.33832],[-72.82308,-44.32076],[-72.82314,-44.30311],[-72.8208,-44.28554],[-72.81606,-44.26822],[-72.809,-44.25131],[-72.80609,-44.24622],[-72.83079,-44.24985],[-72.85522,-44.25162],[-72.87977,-44.25165],[-72.90421,-44.24995],[-72.9283,-44.24653],[-72.95181,-44.24143],[-72.97449,-44.23469],[-72.99615,-44.22637],[-73.01655,-44.21657],[-73.03552,-44.20538],[-73.05287,-44.1929],[-73.06842,-44.17925],[-73.08203,-44.16457],[-73.09357,-44.149],[-73.10293,-44.13269],[-73.11002,-44.1158],[-73.11478,-44.09849],[-73.11716,-44.08093],[-73.11713,-44.06328],[-73.11471,-44.04572],[-73.10992,-44.02841],[-73.1028,-44.01153],[-73.09343,-43.99523],[-73.0819,-43.97967],[-73.06832,-43.965],[-73.05281,-43.95136],[-73.03554,-43.93888],[-73.01667,-43.92768],[-72.99637,-43.91786],[-72.97485,-43.90953],[-72.95231,-43.90276],[-72.92896,-43.89761],[-72.90503,-43.89414],[-72.88074,-43.89238],[-72.85634,-43.89234],[-72.83204,-43.89402],[-72.80808,-43.89742],[-72.7847,-43.90249],[-72.76211,-43.90919],[-72.74054,-43.91745],[-72.72018,-43.9272],[-72.70123,-43.93835],[-72.68388,-43.95077],[-72.6683,-43.96437],[-72.65462,-43.979],[-72.64299,-43.99453],[-72.63352,-44.0108],[-72.6263,-44.02767],[-72.62141,-44.04497],[-72.61888,-44.06253],[-72.61876,-44.08018],[-72.62103,-44.09775],[-72.62569,-44.11508],[-72.63269,-44.132],[-72.63558,-44.1371],[-72.61094,-44.13343],[-72.58656,-44.1316],[-72.56205,-44.1315],[-72.53764,-44.13313],[-72.51357,-44.13647],[-72.49007,-44.14148],[-72.46735,-44.14813],[-72.44565,-44.15634],[-72.42516,-44.16604],[-72.40608,-44.17714],[-72.3886,-44.18952],[-72.37288,-44.20308],[-72.35908,-44.21768],[-72.34732,-44.23318],[-72.33774,-44.24944],[-72.33041,-44.26629],[-72.32541,-44.28357],[-72.32279,-44.30113],[-72.32258,-44.31878],[-72.32478,-44.33637],[-72.32938,-44.35371],[-72.33632,-44.37065],[-72.34555,-44.38701],[-72.35698,-44.40265],[-72.3705,-44.41741],[-72.38598,-44.43114],[-72.40327,-44.44372]]}},
{"type":"Feature","properties":{"distance":20.0},"geometry":{"type":"LineString","coordinates":[[-72.66581,-43.64405],[-72.68596,-43.65392],[-72.70736,-43.66232],[-72.72978,-43.66914],[-72.75303,-43.67433],[-72.77686,-43.67784],[-72.80106,-43.67963],[-72.82538,-43.67968],[-72.84959,-43.678],[-72.87345,-43.6746],[-72.89674,-43.66952],[-72.91922,-43.66279],[-72.94068,-43.6545],[-72.96091,-43.64471],[-72.97972,-43.63353],[-72.99692,-43.62107],[-73.01234,-43.60743],[-73.02585,-43.59276],[-73.03731,-43.5772],[-73.04661,-43.5609],[-73.05366,-43.54401],[-73.0584,-43.5267],[-73.06078,-43.50914],[-73.06079,-43.49149],[-73.05842,-43.47392],[-73.0537,-43.45661],[-73.04668,-43.43972],[-73.03742,-43.42341],[-73.02602,-43.40784],[-73.01259,-43.39315],[-72.99726,-43.3795],[-72.98017,-43.367],[-72.96149,-43.35579],[-72.9414,-43.34595],[-72.93249,-43.34246],[-72.94007,-43.33878],[-72.95879,-43.3276],[-72.97591,-43.31514],[-72.99127,-43.30151],[-73.00472,-43.28685],[-73.01613,-43.27129],[-73.0254,-43.25499],[-73.03243,-43.2381],[-73.03715,-43.22079],[-73.03954,-43.20323],[-73.03956,-43.18558],[-73.03721,-43.16801],[-73.03253,-43.1507],[-73.02555,-43.1338],[-73.01636,-43.11749],[-73.00503,-43.10191],[-72.99167,-43.08722],[-72.98166,-43.07826],[-72.9769,-43.06012],[-72.96995,-43.04322],[-72.96078,-43.0269],[-72.94948,-43.01132],[-72.93616,-42.99662],[-72.92095,-42.98295],[-72.904,-42.97043],[-72.88546,-42.9592],[-72.86551,-42.94935],[-72.84804,-42.94243],[-72.85926,-42.93017],[-72.87065,-42.91463],[-72.87991,-42.89834],[-72.88694,-42.88146],[-72.89169,-42.86416],[-72.89411,-42.8466],[-72.89418,-42.82894],[-72.8919,-42.81137],[-72.88729,-42.79405],[-72.8804,-42.77714],[-72.8713,-42.76081],[-72.86008,-42.74521],[-72.84684,-42.7305],[-72.83172,-42.71681],[-72.81486,-42.70428],[-72.79641,-42.69303],[-72.77657,-42.68316],[-72.75552,-42.67477],[-72.73346,-42.66793],[-72.7106,-42.66272],[-72.68717,-42.65919],[-72.66338,-42.65736],[-72.63946,-42.65726],[-72.61564,-42.65888],[-72.60238,-42.66076],[-72.59182,-42.65428],[-72.57202,-42.64437],[-72.55101,-42.63594],[-72.52898,-42.62906],[-72.50616,-42.62381],[-72.48274,-42.62023],[-72.45897,-42.61836],[-72.43506,-42.61821],[-72.41125,-42.61979],[-72.38776,-42.62308],[-72.36481,-42.62806],[-72.34263,-42.63466],[-72.32143,-42.64283],[-72.30141,-42.6525],[-72.28276,-42.66356],[-72.26566,-42.67592],[-72.25029,-42.68945],[-72.23677,-42.70403],[-72.22526,-42.71951],[-72.21585,-42.73576],[-72.20864,-42.7526],[-72.20371,-42.76988],[-72.20109,-42.78743],[-72.20082,-42.80509],[-72.20291,-42.82269],[-72.20733,-42.84004],[-72.21405,-42.857],[-72.22299,-42.87339],[-72.23408,-42.88905],[-72.24722,-42.90384],[-72.26226,-42.9176],[-72.27908,-42.93022],[-72.29751,-42.94155],[-72.31736,-42.95151],[-72.33846,-42.95998],[-72.36058,-42.96689],[-72.38353,-42.97216],[-72.40707,-42.97576],[-72.43098,-42.97764],[-72.45503,-42.97778],[-72.47898,-42.97618],[-72.49231,-42.97432],[-72.50291,-42.9808],[-72.52281,-42.99072],[-72.54027,-42.99769],[-72.52897,-43.00992],[-72.51747,-43.02543],[-72.5081,-43.04169],[-72.50095,-43.05855],[-72.49607,-43.07584],[-72.49354,-43.0934],[-72.49336,-43.11106],[-72.49554,-43.12864],[-72.50007,-43.14598],[-72.50691,-43.16291],[-72.51598,-43.17927],[-72.52721,-43.1949],[-72.54048,-43.20965],[-72.55044,-43.21866],[-72.5551,-43.23681],[-72.56196,-43.25374],[-72.57106,-43.2701],[-72.58232,-43.28572],[-72.59563,-43.30046],[-72.61085,-43.31417],[-72.62785,-43.32673],[-72.64646,-43.338],[-72.6665,-43.34789],[-72.67541,-43.3514],[-72.6678,-43.35507],[-72.64902,-43.3662],[-72.63181,-43.37861],[-72.61635,-43.3922],[-72.60278,-43.40682],[-72.59124,-43.42234],[-72.58184,-43.43861],[-72.57466,-43.45547],[-72.56979,-43.47277],[-72.56726,-43.49033],[-72.56711,-43.50798],[-72.56934,-43.52556],[-72.57393,-43.5429],[-72.58083,-43.55982],[-72.58999,-43.57617],[-72.60131,-43.59179],[-72.6147,-43.60652],[-72.63001,-43.62023],[-72.6471,-43.63278],[-72.66581,-43.64405]]}},
{"type":"Feature","properties":{"distance":20.0},"geometry":{"type":"LineString","coordinates":[[-72.33548,-42.54257],[-72.35521,-42.55253],[-72.37617,-42.56099],[-72.39815,-42.5679],[-72.42096,-42.57317],[-72.44435,-42.57677],[-72.46811,-42.57864],[-72.492,-42.57878],[-72.51579,-42.57719],[-72.53926,-42.57387],[-72.56217,-42.56887],[-72.5843,-42.56222],[-72.59402,-42.55844],[-72.61305,-42.55715],[-72.6365,-42.55381],[-72.6594,-42.54879],[-72.68151,-42.54213],[-72.70263,-42.53389],[-72.72254,-42.52416],[-72.74107,-42.51303],[-72.75802,-42.5006],[-72.77324,-42.48701],[-72.78658,-42.47237],[-72.79792,-42.45684],[-72.80713,-42.44056],[-72.81415,-42.42368],[-72.81889,-42.40638],[-72.82132,-42.38882],[-72.82142,-42.37117],[-72.81918,-42.35359],[-72.81464,-42.33626],[-72.80783,-42.31934],[-72.79882,-42.303],[-72.78771,-42.28739],[-72.77459,-42.27267],[-72.7596,-42.25897],[-72.74288,-42.24642],[-72.72459,-42.23515],[-72.70491,-42.22526],[-72.68402,-42.21685],[-72.66213,-42.20999],[-72.63945,-42.20476],[-72.61619,-42.2012],[-72.59257,-42.19935],[-72.56882,-42.19923],[-72.54517,-42.20083],[-72.52185,-42.20414],[-72.49906,-42.20913],[-72.47704,-42.21576],[-72.46737,-42.21952],[-72.44843,-42.22079],[-72.42509,-42.22408],[-72.40229,-42.22906],[-72.38025,-42.23566],[-72.35919,-42.24384],[-72.3393,-42.25351],[-72.32077,-42.26457],[-72.30378,-42.27693],[-72.28851,-42.29047],[-72.27508,-42.30505],[-72.26364,-42.32054],[-72.2543,-42.33678],[-72.24714,-42.35362],[-72.24224,-42.3709],[-72.23965,-42.38846],[-72.23939,-42.40612],[-72.24146,-42.42371],[-72.24586,-42.44107],[-72.25254,-42.45803],[-72.26143,-42.47441],[-72.27245,-42.49008],[-72.2855,-42.50486],[-72.30046,-42.51863],[-72.31717,-42.53124],[-72.33548,-42.54257]]}},
{"type":"Feature","properties":{"distance":20.0},"geometry":{"type":"LineString","coordinates":[[-71.21313,-37.00144],[-71.22981,-37.01301],[-71.24783,-37.02321],[-71.26701,-37.03194],[-71.28717,-37.03911],[-71.30811,-37.04467],[-71.32964,-37.04854],[-71.35153,-37.05071],[-71.37359,-37.05114],[-71.39559,-37.04982],[-71.41732,-37.04679],[-71.43858,-37.04206],[-71.45914,-37.03567],[-71.47883,-37.0277],[-71.49744,-37.01822],[-71.5148,-37.00731],[-71.53074,-36.99509],[-71.5451,-36.98168],[-71.55775,-36.9672],[-71.56856,-36.9518],[-71.57744,-36.93561],[-71.58429,-36.91881],[-71.58906,-36.90155],[-71.5917,-36.884],[-71.59218,-36.86632],[-71.59051,-36.84869],[-71.58669,-36.83128],[-71.58077,-36.81425],[-71.57281,-36.79776],[-71.56288,-36.78199],[-71.55108,-36.76707],[-71.53752,-36.75315],[-71.52234,-36.74037],[-71.50568,-36.72884],[-71.48771,-36.71868],[-71.46858,-36.70999],[-71.44849,-36.70284],[-71.42764,-36.69731],[-71.40621,-36.69345],[-71.38441,-36.69129],[-71.36246,-36.69086],[-71.34056,-36.69216],[-71.31893,-36.69518],[-71.29776,-36.69989],[-71.27726,-36.70624],[-71.25763,-36.71418],[-71.23906,-36.72362],[-71.22172,-36.73449],[-71.20579,-36.74666],[-71.19141,-36.76004],[-71.17872,-36.77448],[-71.16785,-36.78985],[-71.1589,-36.806],[-71.15196,-36.82278],[-71.14709,-36.84003],[-71.14435,-36.85758],[-71.14377,-36.87526],[-71.14534,-36.8929],[-71.14906,-36.91033],[-71.15489,-36.92738],[-71.16278,-36.94389],[-71.17266,-36.95971],[-71.18442,-36.97466],[-71.19795,-36.98862],[-71.21313,-37.00144]]}},
{"type":"Feature","properties":{"distance":20.0},"geometry":{"type":"LineString","coordinates":[[-72.30504,-42.02945],[-72.32582,-42.03793],[-72.34762,-42.04486],[-72.37022,-42.05015],[-72.39342,-42.05376],[-72.41698,-42.05565],[-72.44067,-42.05581],[-72.46427,-42.05423],[-72.48755,-42.05093],[-72.49468,-42.04937],[-72.50603,-42.05296],[-72.52865,-42.05822],[-72.55186,-42.06179],[-72.57542,-42.06365],[-72.59912,-42.06378],[-72.62272,-42.06217],[-72.64599,-42.05884],[-72.6687,-42.05382],[-72.69065,-42.04716],[-72.7116,-42.03893],[-72.73137,-42.0292],[-72.74975,-42.01807],[-72.76658,-42.00565],[-72.78169,-41.99206],[-72.79493,-41.97743],[-72.80618,-41.96189],[-72.81533,-41.94561],[-72.8223,-41.92874],[-72.82701,-41.91144],[-72.82943,-41.89388],[-72.82954,-41.87622],[-72.82733,-41.85864],[-72.82282,-41.84131],[-72.81607,-41.82439],[-72.80714,-41.80805],[-72.79612,-41.79244],[-72.78311,-41.77771],[-72.76824,-41.764],[-72.75166,-41.75145],[-72.73352,-41.74017],[-72.71399,-41.73028],[-72.69327,-41.72186],[-72.67156,-41.715],[-72.64905,-41.70976],[-72.6296,-41.70676],[-72.62684,-41.69977],[-72.61798,-41.68341],[-72.60702,-41.66778],[-72.59409,-41.65303],[-72.57929,-41.63929],[-72.56277,-41.62671],[-72.54469,-41.6154],[-72.52524,-41.60547],[-72.50458,-41.59702],[-72.48292,-41.59012],[-72.46047,-41.58484],[-72.43745,-41.58124],[-72.41954,-41.57979],[-72.43099,-41.57529],[-72.45067,-41.56562],[-72.46898,-41.55454],[-72.48574,-41.54216],[-72.50081,-41.52861],[-72.51403,-41.514],[-72.52528,-41.4985],[-72.52652,-41.4963],[-72.53171,-41.49796],[-72.55414,-41.50322],[-72.57714,-41.5068],[-72.6005,-41.50866],[-72.62399,-41.50879],[-72.64739,-41.50718],[-72.67046,-41.50386],[-72.69298,-41.49884],[-72.71473,-41.49218],[-72.73551,-41.48395],[-72.75511,-41.47423],[-72.77334,-41.4631],[-72.79002,-41.45068],[-72.805,-41.43709],[-72.81814,-41.42246],[-72.8293,-41.40693],[-72.83837,-41.39065],[-72.84528,-41.37378],[-72.84996,-41.35647],[-72.85237,-41.33891],[-72.85248,-41.32125],[-72.85029,-41.30367],[-72.84583,-41.28634],[-72.83915,-41.26942],[-72.8303,-41.25307],[-72.81937,-41.23746],[-72.80648,-41.22273],[-72.79174,-41.20902],[-72.7753,-41.19646],[-72.75732,-41.18518],[-72.73796,-41.17528],[-72.72021,-41.168],[-72.72249,-41.16391],[-72.72941,-41.14705],[-72.73411,-41.12975],[-72.73654,-41.11219],[-72.73669,-41.09453],[-72.73454,-41.07694],[-72.73013,-41.0596],[-72.7235,-41.04267],[-72.71472,-41.02631],[-72.70386,-41.01068],[-72.69104,-40.99594],[-72.67638,-40.98221],[-72.66002,-40.96963],[-72.64212,-40.95833],[-72.62285,-40.94841],[-72.60239,-40.93996],[-72.58095,-40.93307],[-72.55872,-40.92781],[-72.53592,-40.92422],[-72.51277,-40.92233],[-72.49644,-40.92222],[-72.49331,-40.91413],[-72.4846,-40.89775],[-72.47382,-40.8821],[-72.46108,-40.86732],[-72.44649,-40.85356],[-72.43021,-40.84095],[-72.41238,-40.8296],[-72.39318,-40.81964],[-72.38555,-40.81646],[-72.38885,-40.8045],[-72.39137,-40.78694],[-72.39161,-40.76928],[-72.38957,-40.75169],[-72.38528,-40.73433],[-72.37877,-40.71737],[-72.37012,-40.70098],[-72.3594,-40.68531],[-72.34672,-40.67052],[-72.33221,-40.65674],[-72.32953,-40.65466],[-72.33341,-40.64775],[-72.34039,-40.6309],[-72.34516,-40.61362],[-72.34769,-40.59606],[-72.34794,-40.5784],[-72.34593,-40.5608],[-72.34166,-40.54344],[-72.33519,-40.52648],[-72.32658,-40.51008],[-72.3159,-40.49441],[-72.30327,-40.47961],[-72.28881,-40.46582],[-72.27653,-40.45622],[-72.28454,-40.4451],[-72.29364,-40.42886],[-72.30061,-40.41201],[-72.30539,-40.39473],[-72.30792,-40.37717],[-72.30819,-40.35951],[-72.30619,-40.34191],[-72.30196,-40.32454],[-72.29552,-40.30758],[-72.28694,-40.29118],[-72.27632,-40.2755],[-72.26374,-40.26069],[-72.24933,-40.2469],[-72.23324,-40.23425],[-72.21561,-40.22287],[-72.19661,-40.21286],[-72.17643,-40.20433],[-72.15527,-40.19735],[-72.13331,-40.19199],[-72.11078,-40.18831],[-72.08789,-40.18633],[-72.06486,-40.18607],[-72.0419,-40.18755],[-72.01924,-40.19073],[-71.99709,-40.1956],[-71.97567,-40.20211],[-71.95518,-40.2102],[-71.93582,-40.21978],[-71.91776,-40.23077],[-71.9012,-40.24306],[-71.88628,-40.25653],[-71.87315,-40.27106],[-71.86193,-40.2865],[-71.85274,-40.30271],[-71.84567,-40.31953],[-71.84078,-40.3368],[-71.83813,-40.35435],[-71.83774,-40.37202],[-71.83961,-40.38963],[-71.84374,-40.40701],[-71.85007,-40.42401],[-71.85856,-40.44044],[-71.86913,-40.45616],[-71.88166,-40.47101],[-71.89604,-40.48485],[-71.90827,-40.49449],[-71.90019,-40.5056],[-71.89098,-40.52181],[-71.8839,-40.53863],[-71.87901,-40.5559],[-71.87636,-40.57346],[-71.87598,-40.59112],[-71.87787,-40.60873],[-71.88203,-40.62612],[-71.8884,-40.64311],[-71.89693,-40.65954],[-71.90753,-40.67525],[-71.92012,-40.6901],[-71.93456,-40.70393],[-71.93723,-40.70602],[-71.9333,-40.71292],[-71.92622,-40.72974],[-71.92132,-40.74701],[-71.91868,-40.76457],[-71.91832,-40.78223],[-71.92023,-40.79984],[-71.92441,-40.81722],[-71.93081,-40.83421],[-71.93937,-40.85063],[-71.95003,-40.86634],[-71.96266,-40.88118],[-71.97715,-40.89501],[-71.99337,-40.90768],[-72.01115,-40.91909],[-72.03033,-40.92912],[-72.03796,-40.93232],[-72.03459,-40.94427],[-72.03197,-40.96183],[-72.03164,-40.97949],[-72.03359,-40.9971],[-72.03781,-41.01447],[-72.04426,-41.03145],[-72.05289,-41.04786],[-72.0636,-41.06356],[-72.0763,-41.07838],[-72.09086,-41.09219],[-72.10715,-41.10485],[-72.12519,-41.11633],[-72.12217,-41.11816],[-72.10543,-41.13048],[-72.09037,-41.14398],[-72.07712,-41.15854],[-72.06581,-41.174],[-72.05657,-41.19022],[-72.04946,-41.20706],[-72.04458,-41.22433],[-72.04196,-41.24189],[-72.04163,-41.25955],[-72.0436,-41.27715],[-72.04784,-41.29453],[-72.05433,-41.3115],[-72.063,-41.32791],[-72.07376,-41.34361],[-72.08583,-41.35762],[-72.07885,-41.37414],[-72.07396,-41.39142],[-72.07135,-41.40897],[-72.07103,-41.42663],[-72.07301,-41.44424],[-72.07728,-41.46161],[-72.08379,-41.47858],[-72.09249,-41.49499],[-72.10329,-41.51067],[-72.11609,-41.52549],[-72.13077,-41.53929],[-72.14718,-41.55193],[-72.16517,-41.56331],[-72.18457,-41.5733],[-72.20518,-41.58182],[-72.22681,-41.58877],[-72.24924,-41.59409],[-72.27227,-41.59773],[-72.29018,-41.59921],[-72.27871,-41.60369],[-72.25899,-41.61334],[-72.24063,-41.62438],[-72.22379,-41.63673],[-72.20864,-41.65025],[-72.19532,-41.66482],[-72.18397,-41.68029],[-72.17469,-41.69653],[-72.16757,-41.71337],[-72.16269,-41.73065],[-72.16008,-41.7482],[-72.15979,-41.76586],[-72.16182,-41.78346],[-72.16614,-41.80083],[-72.17271,-41.81779],[-72.18149,-41.83419],[-72.19284,-41.85041],[-72.19064,-41.86528],[-72.19036,-41.88294],[-72.1924,-41.90054],[-72.19674,-41.9179],[-72.20334,-41.93487],[-72.21214,-41.95126],[-72.22305,-41.96693],[-72.23598,-41.98173],[-72.25079,-41.99551],[-72.26735,-42.00813],[-72.28549,-42.01948],[-72.30504,-42.02945]]}},
{"type":"Feature","properties":{"distance":20.0},"geometry":{"type":"LineString","coordinates":[[-72.45872,-41.24776],[-72.45832,-41.26273],[-72.46127,-41.25865],[-72.47116,-41.24771],[-72.48399,-41.23637],[-72.4712,-41.23533],[-72.45679,-41.23306],[-72.45872,-41.24776]]}},
{"type":"Feature","properties":{"distance":20.0},"geometry":{"type":"LineString","coordinates":[[-72.03798,-40.10994],[-72.06091,-40.10847],[-72.08354,-40.10528],[-72.10565,-40.10039],[-72.12703,-40.09386],[-72.14746,-40.08574],[-72.16676,-40.07613],[-72.18473,-40.06511],[-72.2012,-40.05278],[-72.21601,-40.03927],[-72.22902,-40.02471],[-72.24011,-40.00923],[-72.24917,-39.993],[-72.25612,-39.97616],[-72.26088,-39.95888],[-72.26341,-39.94132],[-72.2637,-39.92365],[-72.26174,-39.90605],[-72.25754,-39.88868],[-72.25117,-39.87171],[-72.24266,-39.8553],[-72.23212,-39.83962],[-72.21964,-39.8248],[-72.20534,-39.811],[-72.18936,-39.79834],[-72.17185,-39.78694],[-72.15299,-39.77693],[-72.13295,-39.76838],[-72.11192,-39.76139],[-72.09011,-39.75602],[-72.06773,-39.75231],[-72.05754,-39.75142],[-72.05117,-39.74803],[-72.03115,-39.73946],[-72.01014,-39.73245],[-71.98835,-39.72706],[-71.96598,-39.72334],[-71.9567,-39.72252],[-71.96461,-39.71151],[-71.97371,-39.69529],[-71.98069,-39.67847],[-71.98551,-39.66119],[-71.98811,-39.64364],[-71.98847,-39.62597],[-71.98659,-39.60836],[-71.98379,-39.59649],[-71.99183,-39.59535],[-72.01379,-39.59049],[-72.03502,-39.58398],[-72.05532,-39.57589],[-72.07449,-39.56629],[-72.09235,-39.55529],[-72.10873,-39.54298],[-72.12346,-39.52948],[-72.1364,-39.51493],[-72.14744,-39.49947],[-72.15646,-39.48324],[-72.16338,-39.46641],[-72.16814,-39.44913],[-72.17069,-39.43157],[-72.17101,-39.4139],[-72.16909,-39.39629],[-72.16496,-39.37892],[-72.15866,-39.36194],[-72.15025,-39.34552],[-72.13981,-39.32982],[-72.12745,-39.31499],[-72.11327,-39.30117],[-72.09743,-39.28849],[-72.08007,-39.27708],[-72.06136,-39.26704],[-72.04765,-39.26113],[-72.05361,-39.24665],[-72.05839,-39.22937],[-72.06096,-39.21182],[-72.06131,-39.19415],[-72.05943,-39.17654],[-72.05534,-39.15915],[-72.04909,-39.14217],[-72.04073,-39.12574],[-72.03035,-39.11002],[-72.01805,-39.09518],[-72.00395,-39.08134],[-71.98818,-39.06865],[-71.97089,-39.05721],[-71.95226,-39.04715],[-71.93245,-39.03856],[-71.91167,-39.03153],[-71.8901,-39.02611],[-71.86796,-39.02236],[-71.84546,-39.02031],[-71.8228,-39.02],[-71.80022,-39.02141],[-71.77792,-39.02454],[-71.75612,-39.02935],[-71.73722,-39.03513],[-71.74173,-39.02428],[-71.74657,-39.00701],[-71.74921,-38.98946],[-71.74964,-38.97179],[-71.74785,-38.95417],[-71.74385,-38.93677],[-71.7377,-38.91977],[-71.72944,-38.90331],[-71.71917,-38.88757],[-71.70702,-38.87274],[-71.71728,-38.87369],[-71.73989,-38.87403],[-71.76243,-38.87263],[-71.78468,-38.86951],[-71.80643,-38.86469],[-71.82747,-38.85822],[-71.84759,-38.85017],[-71.8666,-38.84062],[-71.88432,-38.82965],[-71.90057,-38.81737],[-71.9152,-38.8039],[-71.92807,-38.78938],[-71.93905,-38.77394],[-71.94804,-38.75773],[-71.95495,-38.7409],[-71.95972,-38.72363],[-71.96231,-38.70607],[-71.96269,-38.6884],[-71.96085,-38.67079],[-71.95683,-38.6534],[-71.95065,-38.6364],[-71.94238,-38.61996],[-71.93211,-38.60423],[-71.91992,-38.58937],[-71.90594,-38.57552],[-71.8903,-38.5628],[-71.87316,-38.55135],[-71.85467,-38.54127],[-71.83502,-38.53266],[-71.8144,-38.52559],[-71.79299,-38.52015],[-71.77101,-38.51637],[-71.74867,-38.51431],[-71.74028,-38.51418],[-71.75557,-38.50262],[-71.77017,-38.48917],[-71.78301,-38.47466],[-71.79398,-38.45923],[-71.80131,-38.44603],[-71.81251,-38.43754],[-71.82708,-38.42409],[-71.8399,-38.40957],[-71.85085,-38.39414],[-71.85982,-38.37794],[-71.86672,-38.36112],[-71.8715,-38.34385],[-71.8741,-38.32629],[-71.8745,-38.30862],[-71.87271,-38.291],[-71.86873,-38.27361],[-71.86261,-38.2566],[-71.85441,-38.24015],[-71.84421,-38.22441],[-71.83211,-38.20954],[-71.81822,-38.19567],[-71.80269,-38.18294],[-71.78565,-38.17147],[-71.76727,-38.16137],[-71.74774,-38.15274],[-71.72723,-38.14565],[-71.70594,-38.14019],[-71.68408,-38.13639],[-71.66186,-38.1343],[-71.63948,-38.13394],[-71.61717,-38.13531],[-71.59513,-38.13839],[-71.57358,-38.14316],[-71.55271,-38.14958],[-71.53275,-38.15757],[-71.51386,-38.16707],[-71.49624,-38.17798],[-71.48006,-38.1902],[-71.46546,-38.20361],[-71.45259,-38.21809],[-71.44158,-38.23349],[-71.43421,-38.24667],[-71.42299,-38.25512],[-71.40837,-38.26853],[-71.39549,-38.283],[-71.38446,-38.29839],[-71.37539,-38.31456],[-71.36837,-38.33136],[-71.36348,-38.34861],[-71.36075,-38.36616],[-71.36023,-38.38383],[-71.3619,-38.40146],[-71.36577,-38.41888],[-71.37179,-38.43591],[-71.3799,-38.4524],[-71.39004,-38.46818],[-71.4021,-38.4831],[-71.41597,-38.49702],[-71.43151,-38.5098],[-71.44858,-38.52132],[-71.467,-38.53147],[-71.48661,-38.54014],[-71.50721,-38.54727],[-71.52861,-38.55276],[-71.55059,-38.55658],[-71.57294,-38.55869],[-71.58133,-38.55883],[-71.566,-38.57037],[-71.55135,-38.58379],[-71.53844,-38.59828],[-71.5274,-38.61368],[-71.51833,-38.62986],[-71.51132,-38.64667],[-71.50644,-38.66392],[-71.50374,-38.68147],[-71.50325,-38.69915],[-71.50497,-38.71677],[-71.50889,-38.73418],[-71.51498,-38.7512],[-71.52317,-38.76768],[-71.53338,-38.78344],[-71.54548,-38.79829],[-71.53523,-38.79732],[-71.51265,-38.79694],[-71.49012,-38.79829],[-71.46788,-38.80136],[-71.44612,-38.80612],[-71.42505,-38.81251],[-71.40489,-38.82049],[-71.38582,-38.82997],[-71.36802,-38.84087],[-71.35167,-38.85308],[-71.33692,-38.86647],[-71.32392,-38.88094],[-71.31278,-38.89633],[-71.30363,-38.91249],[-71.29655,-38.92928],[-71.2916,-38.94654],[-71.28884,-38.96408],[-71.2883,-38.98175],[-71.28998,-38.99938],[-71.29387,-39.0168],[-71.29993,-39.03383],[-71.3081,-39.05032],[-71.31832,-39.06611],[-71.33047,-39.08103],[-71.34445,-39.09495],[-71.36011,-39.10774],[-71.37732,-39.11927],[-71.39589,-39.12942],[-71.41566,-39.1381],[-71.43644,-39.14523],[-71.45801,-39.15073],[-71.48017,-39.15456],[-71.48411,-39.15493],[-71.47318,-39.16708],[-71.46204,-39.18249],[-71.45289,-39.19866],[-71.44582,-39.21546],[-71.44089,-39.23272],[-71.43816,-39.25027],[-71.43766,-39.26794],[-71.43939,-39.28556],[-71.44333,-39.30297],[-71.44946,-39.32],[-71.4577,-39.33647],[-71.46799,-39.35224],[-71.48023,-39.36714],[-71.49429,-39.38105],[-71.51005,-39.39381],[-71.52119,-39.40121],[-71.50901,-39.41774],[-71.49985,-39.43392],[-71.49276,-39.45072],[-71.49034,-39.45921],[-71.47181,-39.46031],[-71.44935,-39.46338],[-71.42739,-39.46814],[-71.40613,-39.47454],[-71.38578,-39.48252],[-71.36653,-39.492],[-71.34856,-39.5029],[-71.33206,-39.51511],[-71.31717,-39.52851],[-71.30405,-39.54297],[-71.29281,-39.55836],[-71.28358,-39.57453],[-71.27643,-39.59132],[-71.27144,-39.60857],[-71.26866,-39.62611],[-71.26811,-39.64378],[-71.26981,-39.66141],[-71.27374,-39.67882],[-71.27986,-39.69586],[-71.28812,-39.71234],[-71.29843,-39.72812],[-71.3107,-39.74305],[-71.32481,-39.75697],[-71.34063,-39.76975],[-71.358,-39.78127],[-71.37676,-39.79142],[-71.39672,-39.8001],[-71.41769,-39.80722],[-71.43947,-39.81273],[-71.46185,-39.81655],[-71.4846,-39.81866],[-71.50752,-39.81903],[-71.53037,-39.81767],[-71.55293,-39.81458],[-71.575,-39.8098],[-71.59634,-39.80336],[-71.61676,-39.79534],[-71.63572,-39.78598],[-71.65205,-39.79304],[-71.67304,-39.80012],[-71.69484,-39.80557],[-71.71722,-39.80934],[-71.72652,-39.81018],[-71.71855,-39.82117],[-71.70939,-39.83737],[-71.70232,-39.85418],[-71.69742,-39.87145],[-71.69474,-39.889],[-71.69431,-39.90667],[-71.69613,-39.92429],[-71.70018,-39.94168],[-71.70643,-39.95869],[-71.71482,-39.97514],[-71.72527,-39.99087],[-71.73768,-40.00574],[-71.75194,-40.01961],[-71.76789,-40.03233],[-71.7854,-40.04378],[-71.80429,-40.05386],[-71.82438,-40.06246],[-71.84547,-40.0695],[-71.86737,-40.07492],[-71.88985,-40.07865],[-71.90008,-40.07956],[-71.90648,-40.08296],[-71.92659,-40.09154],[-71.9477,-40.09856],[-71.96961,-40.10396],[-71.9921,-40.10768],[-72.01497,-40.10968],[-72.03798,-40.10994]]}},
{"type":"Feature","properties":{"distance":20.0},"geometry":{"type":"LineString","coordinates":[[-71.34387,-38.08702],[-71.36433,-38.09417],[-71.38558,-38.0997],[-71.40742,-38.10355],[-71.42963,-38.10569],[-71.452,-38.10609],[-71.47431,-38.10476],[-71.49634,-38.1017],[-71.51789,-38.09694],[-71.53874,-38.09053],[-71.55869,-38.08254],[-71.57755,-38.07303],[-71.59513,-38.06211],[-71.61127,-38.04988],[-71.62581,-38.03645],[-71.63861,-38.02196],[-71.64954,-38.00654],[-71.65852,-37.99035],[-71.66543,-37.97354],[-71.67024,-37.95628],[-71.67288,-37.93873],[-71.67333,-37.92105],[-71.6716,-37.90343],[-71.6677,-37.88602],[-71.66166,-37.869],[-71.65355,-37.85254],[-71.64346,-37.83678],[-71.63146,-37.82187],[-71.61769,-37.80798],[-71.60227,-37.79521],[-71.58536,-37.78371],[-71.56711,-37.77357],[-71.5477,-37.7649],[-71.52732,-37.75778],[-71.50616,-37.75227],[-71.48442,-37.74844],[-71.46232,-37.74631],[-71.44006,-37.7459],[-71.41785,-37.74723],[-71.39592,-37.75027],[-71.37446,-37.755],[-71.36497,-37.75792],[-71.35569,-37.7463],[-71.34198,-37.73237],[-71.32662,-37.71957],[-71.30977,-37.70802],[-71.29157,-37.69784],[-71.27221,-37.68912],[-71.25188,-37.68195],[-71.23076,-37.67639],[-71.20906,-37.67251],[-71.18698,-37.67032],[-71.16474,-37.66986],[-71.14255,-37.67114],[-71.12063,-37.67413],[-71.09917,-37.67881],[-71.0784,-37.68514],[-71.0585,-37.69305],[-71.03966,-37.70247],[-71.02208,-37.71331],[-71.00591,-37.72546],[-70.99131,-37.73882],[-70.97843,-37.75324],[-70.96738,-37.7686],[-70.95828,-37.78474],[-70.95121,-37.80151],[-70.94625,-37.81875],[-70.94344,-37.83629],[-70.94281,-37.85397],[-70.94436,-37.87161],[-70.9481,-37.88904],[-70.95397,-37.9061],[-70.96193,-37.92263],[-70.9719,-37.93845],[-70.98378,-37.95342],[-70.99747,-37.96739],[-71.01282,-37.98024],[-71.0297,-37.99182],[-71.04794,-38.00204],[-71.06735,-38.0108],[-71.08777,-38.018],[-71.10898,-38.02358],[-71.13078,-38.02748],[-71.15296,-38.02967],[-71.17531,-38.03013],[-71.1976,-38.02885],[-71.21963,-38.02584],[-71.24117,-38.02113],[-71.25071,-38.01823],[-71.26001,-38.02985],[-71.27376,-38.04379],[-71.28918,-38.05659],[-71.30611,-38.06814],[-71.3244,-38.07831],[-71.34387,-38.08702]]}},
{"type":"Feature","properties":{"distance":20.0},"geometry":{"type":"LineString","coordinates":[[-70.87312,-36.4306],[-70.89096,-36.44086],[-70.90995,-36.44965],[-70.92993,-36.45689],[-70.95069,-36.46251],[-70.97203,-36.46646],[-70.99376,-36.4687],[-71.01565,-36.4692],[-71.03749,-36.46796],[-71.05908,-36.46499],[-71.0802,-36.46033],[-71.10065,-36.45401],[-71.12023,-36.4461],[-71.13875,-36.43667],[-71.15604,-36.42582],[-71.17192,-36.41365],[-71.18624,-36.40028],[-71.19887,-36.38584],[-71.20593,-36.37581],[-71.21235,-36.37492],[-71.23344,-36.37023],[-71.25385,-36.36389],[-71.2734,-36.35595],[-71.29188,-36.34651],[-71.30912,-36.33563],[-71.32496,-36.32345],[-71.33924,-36.31006],[-71.35183,-36.29561],[-71.3626,-36.28022],[-71.37145,-36.26405],[-71.3783,-36.24726],[-71.38308,-36.23],[-71.38575,-36.21245],[-71.38629,-36.19477],[-71.38468,-36.17714],[-71.38095,-36.15971],[-71.37514,-36.14267],[-71.36729,-36.12616],[-71.3575,-36.11037],[-71.34584,-36.09542],[-71.33245,-36.08147],[-71.31743,-36.06866],[-71.30095,-36.05709],[-71.28316,-36.0469],[-71.26422,-36.03816],[-71.24433,-36.03097],[-71.22366,-36.02539],[-71.20243,-36.02149],[-71.18082,-36.01929],[-71.15906,-36.01881],[-71.13734,-36.02007],[-71.11588,-36.02305],[-71.09488,-36.02771],[-71.07454,-36.03403],[-71.06996,-36.03589],[-71.07341,-36.02359],[-71.07614,-36.00605],[-71.07675,-35.98836],[-71.07522,-35.97072],[-71.07157,-35.95328],[-71.06584,-35.93622],[-71.05808,-35.9197],[-71.04837,-35.90387],[-71.03681,-35.88889],[-71.0235,-35.8749],[-71.00858,-35.86204],[-70.99218,-35.85044],[-70.97447,-35.84019],[-70.95562,-35.8314],[-70.9358,-35.82416],[-70.91521,-35.81853],[-70.89405,-35.81456],[-70.87251,-35.8123],[-70.86498,-35.81212],[-70.88522,-35.802],[-70.9024,-35.79119],[-70.9182,-35.77906],[-70.93246,-35.76572],[-70.94504,-35.7513],[-70.95583,-35.73595],[-70.96471,-35.71981],[-70.9716,-35.70304],[-70.97645,-35.6858],[-70.9792,-35.66825],[-70.97982,-35.65057],[-70.97832,-35.63292],[-70.97472,-35.61548],[-70.97057,-35.60304],[-70.97101,-35.60027],[-70.97164,-35.58259],[-70.97014,-35.56494],[-70.96654,-35.5475],[-70.96086,-35.53043],[-70.95317,-35.5139],[-70.94354,-35.49806],[-70.93205,-35.48306],[-70.91883,-35.46906],[-70.90401,-35.45619],[-70.88771,-35.44456],[-70.87011,-35.43429],[-70.85136,-35.42549],[-70.83165,-35.41822],[-70.81117,-35.41257],[-70.79924,-35.41031],[-70.78789,-35.39824],[-70.77309,-35.38535],[-70.75683,-35.3737],[-70.73926,-35.36342],[-70.73656,-35.36215],[-70.74631,-35.35302],[-70.75886,-35.33863],[-70.76963,-35.3233],[-70.7785,-35.30717],[-70.78541,-35.29041],[-70.79027,-35.27317],[-70.79305,-35.25563],[-70.79372,-35.23794],[-70.79227,-35.22029],[-70.78873,-35.20284],[-70.78312,-35.18576],[-70.77549,-35.16921],[-70.76594,-35.15335],[-70.75454,-35.13834],[-70.74141,-35.12432],[-70.72667,-35.11142],[-70.71047,-35.09976],[-70.69296,-35.08947],[-70.67432,-35.08063],[-70.65471,-35.07333],[-70.63433,-35.06765],[-70.61337,-35.06363],[-70.59204,-35.06131],[-70.57053,-35.06072],[-70.54906,-35.06187],[-70.52782,-35.06473],[-70.50703,-35.06929],[-70.48687,-35.0755],[-70.46755,-35.08331],[-70.44925,-35.09262],[-70.43215,-35.10337],[-70.4164,-35.11544],[-70.40217,-35.12872],[-70.38958,-35.14308],[-70.37876,-35.15838],[-70.36982,-35.17448],[-70.36284,-35.19122],[-70.35788,-35.20844],[-70.35501,-35.22598],[-70.35425,-35.24366],[-70.3556,-35.26132],[-70.35906,-35.27878],[-70.36459,-35.29589],[-70.37214,-35.31246],[-70.38164,-35.32835],[-70.393,-35.3434],[-70.40611,-35.35746],[-70.42084,-35.3704],[-70.43706,-35.38209],[-70.4546,-35.39242],[-70.45729,-35.3937],[-70.44751,-35.4028],[-70.43489,-35.41717],[-70.42405,-35.43247],[-70.41508,-35.44857],[-70.40809,-35.46532],[-70.40313,-35.48254],[-70.40026,-35.50008],[-70.39951,-35.51776],[-70.40088,-35.53542],[-70.40436,-35.55288],[-70.40992,-35.56998],[-70.41751,-35.58655],[-70.42705,-35.60244],[-70.43846,-35.61748],[-70.45162,-35.63153],[-70.46641,-35.64447],[-70.48269,-35.65615],[-70.5003,-35.66647],[-70.51907,-35.67533],[-70.54129,-35.68334],[-70.54306,-35.69214],[-70.54866,-35.70923],[-70.55629,-35.72579],[-70.56588,-35.74166],[-70.57734,-35.75669],[-70.59055,-35.77073],[-70.60539,-35.78364],[-70.62171,-35.7953],[-70.63937,-35.80561],[-70.65819,-35.81444],[-70.67798,-35.82173],[-70.69855,-35.82741],[-70.71971,-35.8314],[-70.74126,-35.83369],[-70.74878,-35.83388],[-70.72852,-35.84398],[-70.7113,-35.85477],[-70.69545,-35.86687],[-70.68114,-35.88018],[-70.66849,-35.89457],[-70.65763,-35.9099],[-70.65127,-35.92133],[-70.64493,-35.91682],[-70.62725,-35.90652],[-70.60841,-35.89767],[-70.58861,-35.89037],[-70.56802,-35.88468],[-70.54685,-35.88066],[-70.5253,-35.87834],[-70.50358,-35.87774],[-70.48188,-35.87888],[-70.46043,-35.88174],[-70.43942,-35.88629],[-70.41906,-35.8925],[-70.39954,-35.90029],[-70.38105,-35.9096],[-70.36376,-35.92034],[-70.34785,-35.9324],[-70.33346,-35.94567],[-70.32074,-35.96003],[-70.3098,-35.97532],[-70.30076,-35.99142],[-70.2937,-36.00815],[-70.28868,-36.02537],[-70.28577,-36.0429],[-70.28499,-36.06059],[-70.28635,-36.07824],[-70.28983,-36.09571],[-70.29541,-36.11281],[-70.30303,-36.12939],[-70.31262,-36.14528],[-70.32409,-36.16033],[-70.33733,-36.17439],[-70.3522,-36.18734],[-70.36858,-36.19903],[-70.3863,-36.20937],[-70.40518,-36.21825],[-70.42505,-36.22558],[-70.44572,-36.23129],[-70.46698,-36.23533],[-70.48863,-36.23766],[-70.51045,-36.23825],[-70.53224,-36.23711],[-70.55379,-36.23423],[-70.57488,-36.22966],[-70.59532,-36.22343],[-70.6149,-36.2156],[-70.63343,-36.20625],[-70.65074,-36.19547],[-70.66666,-36.18337],[-70.68103,-36.17006],[-70.69372,-36.15567],[-70.7046,-36.14034],[-70.71097,-36.1289],[-70.71733,-36.13342],[-70.73508,-36.1437],[-70.75398,-36.15252],[-70.77387,-36.15979],[-70.79454,-36.16545],[-70.8158,-36.16942],[-70.83743,-36.17169],[-70.84231,-36.17181],[-70.83625,-36.17744],[-70.82359,-36.19185],[-70.81272,-36.20719],[-70.80375,-36.22332],[-70.79678,-36.24008],[-70.79187,-36.25731],[-70.78906,-36.27486],[-70.78839,-36.29254],[-70.78987,-36.31019],[-70.79348,-36.32763],[-70.79918,-36.34471],[-70.80693,-36.36125],[-70.81665,-36.3771],[-70.82825,-36.39209],[-70.84162,-36.4061],[-70.85662,-36.41897],[-70.87312,-36.4306]]}},
{"type":"Feature","properties":{"distance":20.0},"geometry":{"type":"LineString","coordinates":[[-70.20333,-34.95783],[-70.22075,-34.9682],[-70.23932,-34.97711],[-70.25887,-34.98448],[-70.27921,-34.99023],[-70.30013,-34.9943],[-70.32144,-34.99667],[-70.34293,-34.9973],[-70.36439,-34.99619],[-70.38562,-34.99336],[-70.4064,-34.98882],[-70.42654,-34.98262],[-70.44584,-34.97483],[-70.46412,-34.96551],[-70.48119,-34.95476],[-70.4969,-34.94268],[-70.51109,-34.9294],[-70.52362,-34.91503],[-70.53438,-34.89971],[-70.54326,-34.8836],[-70.55018,-34.86685],[-70.55508,-34.84962],[-70.55789,-34.83208],[-70.55861,-34.8144],[-70.55723,-34.79674],[-70.55375,-34.77928],[-70.54822,-34.76218],[-70.54069,-34.74561],[-70.53123,-34.72974],[-70.51994,-34.7147],[-70.50691,-34.70064],[-70.49342,-34.68871],[-70.49948,-34.67769],[-70.5064,-34.66095],[-70.51129,-34.64372],[-70.51411,-34.62618],[-70.51484,-34.60849],[-70.51347,-34.59083],[-70.51001,-34.57337],[-70.50451,-34.55627],[-70.497,-34.5397],[-70.48758,-34.52382],[-70.47632,-34.50877],[-70.46334,-34.49471],[-70.44876,-34.48177],[-70.43272,-34.47008],[-70.41538,-34.45974],[-70.39691,-34.45085],[-70.37747,-34.4435],[-70.35727,-34.43777],[-70.33648,-34.4337],[-70.31531,-34.43133],[-70.29397,-34.43069],[-70.27265,-34.43178],[-70.25157,-34.43459],[-70.23091,-34.4391],[-70.21089,-34.44527],[-70.19168,-34.45302],[-70.17349,-34.4623],[-70.15647,-34.473],[-70.1408,-34.48504],[-70.12662,-34.49828],[-70.11408,-34.51261],[-70.10329,-34.52789],[-70.09436,-34.54397],[-70.08737,-34.5607],[-70.08239,-34.57791],[-70.07948,-34.59544],[-70.07866,-34.61313],[-70.07994,-34.63079],[-70.08331,-34.64827],[-70.08874,-34.66539],[-70.09617,-34.68199],[-70.10554,-34.6979],[-70.11676,-34.71298],[-70.12972,-34.72708],[-70.14317,-34.73905],[-70.13706,-34.75005],[-70.13006,-34.76678],[-70.12508,-34.78399],[-70.12217,-34.80153],[-70.12136,-34.81921],[-70.12265,-34.83688],[-70.12604,-34.85435],[-70.13149,-34.87147],[-70.13895,-34.88806],[-70.14836,-34.90397],[-70.15961,-34.91904],[-70.17261,-34.93313],[-70.18723,-34.94611],[-70.20333,-34.95783]]}},
{"type":"Feature","properties":{"distance":20.0},"geometry":{"type":"LineString","coordinates":[[-69.67944,-34.29248],[-69.69534,-34.30428],[-69.71256,-34.31472],[-69.73094,-34.32371],[-69.75029,-34.33116],[-69.77043,-34.337],[-69.79117,-34.34117],[-69.8123,-34.34363],[-69.83362,-34.34435],[-69.85492,-34.34334],[-69.876,-34.34059],[-69.89665,-34.33614],[-69.91668,-34.33003],[-69.93588,-34.32232],[-69.95407,-34.31308],[-69.97108,-34.3024],[-69.98674,-34.29039],[-70.00091,-34.27716],[-70.01344,-34.26284],[-70.02421,-34.24757],[-70.03313,-34.23149],[-70.0401,-34.21477],[-70.04507,-34.19756],[-70.04797,-34.18003],[-70.0488,-34.16234],[-70.04754,-34.14467],[-70.0442,-34.12719],[-70.03882,-34.11007],[-70.03145,-34.09346],[-70.02216,-34.07754],[-70.01104,-34.06245],[-69.99821,-34.04834],[-69.98378,-34.03534],[-69.96789,-34.02358],[-69.9507,-34.01317],[-69.93237,-34.00421],[-69.91308,-33.99679],[-69.89301,-33.99097],[-69.87235,-33.98682],[-69.85131,-33.98437],[-69.83008,-33.98365],[-69.80887,-33.98465],[-69.78787,-33.98739],[-69.7673,-33.99182],[-69.74735,-33.99791],[-69.7282,-34.00559],[-69.71005,-34.01479],[-69.69306,-34.02544],[-69.6774,-34.03741],[-69.66323,-34.0506],[-69.65067,-34.06489],[-69.63985,-34.08013],[-69.63087,-34.09618],[-69.62383,-34.11288],[-69.61878,-34.13007],[-69.61578,-34.1476],[-69.61487,-34.16528],[-69.61604,-34.18295],[-69.61929,-34.20045],[-69.6246,-34.21759],[-69.6319,-34.23422],[-69.64113,-34.25017],[-69.65221,-34.2653],[-69.66502,-34.27944],[-69.67944,-34.29248]]}},
{"type":"Feature","properties":{"distance":20.0},"geometry":{"type":"LineString","coordinates":[[-69.75946,-33.92994],[-69.77661,-33.94038],[-69.79491,-33.94936],[-69.81418,-33.9568],[-69.83424,-33.96263],[-69.85488,-33.96679],[-69.87592,-33.96924],[-69.89715,-33.96996],[-69.91836,-33.96893],[-69.93934,-33.96618],[-69.9599,-33.96172],[-69.97983,-33.9556],[-69.99894,-33.94787],[-70.01705,-33.93863],[-70.03398,-33.92794],[-70.04956,-33.91592],[-70.06366,-33.90269],[-70.07612,-33.88836],[-70.08684,-33.87308],[-70.09571,-33.857],[-70.10264,-33.84028],[-70.10757,-33.82306],[-70.11046,-33.80553],[-70.11127,-33.78784],[-70.11,-33.77017],[-70.10667,-33.75269],[-70.1013,-33.73557],[-70.09334,-33.71791],[-70.09312,-33.71484],[-70.08979,-33.69736],[-70.08443,-33.68023],[-70.07709,-33.66363],[-70.06784,-33.64771],[-70.05678,-33.63262],[-70.044,-33.61851],[-70.02964,-33.60552],[-70.01382,-33.59376],[-69.99672,-33.58335],[-69.97847,-33.5744],[-69.95927,-33.56698],[-69.9393,-33.56117],[-69.91875,-33.55702],[-69.91132,-33.55616],[-69.92306,-33.55014],[-69.93993,-33.53947],[-69.95546,-33.52746],[-69.96951,-33.51424],[-69.98193,-33.49992],[-69.99262,-33.48465],[-70.00147,-33.46858],[-70.00839,-33.45186],[-70.01332,-33.43465],[-70.01622,-33.41711],[-70.01705,-33.39942],[-70.0158,-33.38175],[-70.01251,-33.36427],[-70.00718,-33.34714],[-69.99989,-33.33053],[-69.99069,-33.3146],[-69.97968,-33.29951],[-69.96697,-33.28539],[-69.95267,-33.27238],[-69.93693,-33.26061],[-69.9199,-33.25019],[-69.90173,-33.24123],[-69.88262,-33.23379],[-69.86272,-33.22797],[-69.84225,-33.22381],[-69.82139,-33.22135],[-69.80035,-33.22062],[-69.77932,-33.22162],[-69.75851,-33.22435],[-69.73812,-33.22877],[-69.71833,-33.23485],[-69.69935,-33.24253],[-69.68135,-33.25173],[-69.66451,-33.26237],[-69.64898,-33.27434],[-69.63493,-33.28753],[-69.62247,-33.30181],[-69.61174,-33.31705],[-69.60283,-33.33309],[-69.59584,-33.3498],[-69.59083,-33.36699],[-69.58786,-33.38452],[-69.58694,-33.4022],[-69.58809,-33.41988],[-69.59131,-33.43738],[-69.59656,-33.45452],[-69.60379,-33.47116],[-69.61293,-33.48711],[-69.6239,-33.50224],[-69.63659,-33.5164],[-69.65088,-33.52944],[-69.66664,-33.54124],[-69.6837,-33.5517],[-69.7019,-33.56069],[-69.72108,-33.56815],[-69.74104,-33.574],[-69.76159,-33.57818],[-69.76902,-33.57905],[-69.75726,-33.58505],[-69.74036,-33.5957],[-69.72479,-33.60768],[-69.71069,-33.62088],[-69.6982,-33.63517],[-69.68744,-33.65041],[-69.67852,-33.66646],[-69.67152,-33.68317],[-69.66651,-33.70036],[-69.66353,-33.71789],[-69.66263,-33.73558],[-69.66381,-33.75325],[-69.66705,-33.77074],[-69.67233,-33.78789],[-69.68022,-33.80557],[-69.68042,-33.80865],[-69.68367,-33.82614],[-69.68896,-33.84328],[-69.69625,-33.85991],[-69.70545,-33.87586],[-69.71649,-33.89098],[-69.72925,-33.90512],[-69.74362,-33.91815],[-69.75946,-33.92994]]}},
{"type":"Feature","properties":{"distance":20.0},"geometry":{"type":"LineString","coordinates":[[-68.44868,-21.40057],[-68.46759,-21.4015],[-68.48651,-21.40069],[-68.50525,-21.39815],[-68.52363,-21.39389],[-68.54147,-21.38797],[-68.55861,-21.38043],[-68.57488,-21.37136],[-68.59011,-21.36083],[-68.60417,-21.34896],[-68.61692,-21.33585],[-68.62823,-21.32163],[-68.638,-21.30644],[-68.64613,-21.29043],[-68.65254,-21.27374],[-68.65718,-21.25655],[-68.65999,-21.23901],[-68.66096,-21.2213],[-68.66007,-21.20359],[-68.65734,-21.18604],[-68.65278,-21.16883],[-68.64645,-21.15212],[-68.63841,-21.13607],[-68.62873,-21.12084],[-68.61751,-21.10657],[-68.60485,-21.0934],[-68.59885,-21.08827],[-68.6147,-21.07514],[-68.62742,-21.06203],[-68.63871,-21.04781],[-68.64845,-21.03262],[-68.65657,-21.0166],[-68.66297,-20.99992],[-68.66759,-20.98273],[-68.6704,-20.96519],[-68.67137,-20.94748],[-68.67048,-20.92976],[-68.66775,-20.91222],[-68.6632,-20.89501],[-68.65993,-20.88636],[-68.66583,-20.88305],[-68.68101,-20.87252],[-68.69501,-20.86063],[-68.70771,-20.84752],[-68.71897,-20.83329],[-68.7287,-20.81809],[-68.73679,-20.80208],[-68.74317,-20.78539],[-68.74778,-20.76819],[-68.75058,-20.75065],[-68.75153,-20.73294],[-68.75064,-20.71523],[-68.7479,-20.69768],[-68.74335,-20.68047],[-68.73703,-20.66376],[-68.729,-20.64772],[-68.71934,-20.63249],[-68.70815,-20.61823],[-68.69552,-20.60506],[-68.68159,-20.59313],[-68.66649,-20.58254],[-68.65035,-20.57339],[-68.63335,-20.56577],[-68.61563,-20.55975],[-68.59738,-20.5554],[-68.57876,-20.55276],[-68.55996,-20.55184],[-68.54115,-20.55266],[-68.52252,-20.55521],[-68.50424,-20.55947],[-68.48649,-20.56539],[-68.46944,-20.57293],[-68.45325,-20.58199],[-68.43809,-20.59251],[-68.42409,-20.60437],[-68.41139,-20.61747],[-68.40011,-20.63168],[-68.39037,-20.64685],[-68.38225,-20.66286],[-68.37583,-20.67953],[-68.37118,-20.69672],[-68.36835,-20.71425],[-68.36735,-20.73196],[-68.3682,-20.74967],[-68.37089,-20.76722],[-68.3754,-20.78444],[-68.37865,-20.79309],[-68.37275,-20.79639],[-68.35756,-20.8069],[-68.34354,-20.81875],[-68.33081,-20.83184],[-68.31951,-20.84604],[-68.30974,-20.86122],[-68.3016,-20.87721],[-68.29517,-20.89388],[-68.2905,-20.91107],[-68.28765,-20.9286],[-68.28664,-20.9463],[-68.28748,-20.96402],[-68.29017,-20.98157],[-68.29468,-20.99879],[-68.30096,-21.01552],[-68.30896,-21.03158],[-68.3186,-21.04683],[-68.32979,-21.06112],[-68.34242,-21.07431],[-68.34841,-21.07944],[-68.33255,-21.09255],[-68.3198,-21.10564],[-68.30847,-21.11984],[-68.29869,-21.13501],[-68.29053,-21.151],[-68.28924,-21.15433],[-68.28694,-21.15271],[-68.27077,-21.14352],[-68.25372,-21.13587],[-68.23596,-21.12981],[-68.21764,-21.12542],[-68.19896,-21.12273],[-68.18009,-21.12177],[-68.16121,-21.12255],[-68.1425,-21.12506],[-68.12415,-21.12927],[-68.10632,-21.13515],[-68.08918,-21.14264],[-68.07292,-21.15167],[-68.05767,-21.16215],[-68.04358,-21.17398],[-68.0308,-21.18705],[-68.01945,-21.20122],[-68.00962,-21.21638],[-68.00143,-21.23236],[-67.99495,-21.24901],[-67.99023,-21.26619],[-67.98734,-21.28371],[-67.98629,-21.30141],[-67.9871,-21.31913],[-67.98975,-21.33668],[-67.99423,-21.35391],[-68.0005,-21.37064],[-68.00848,-21.38672],[-68.01811,-21.40198],[-68.0293,-21.41629],[-68.04193,-21.4295],[-68.05588,-21.44149],[-68.07103,-21.45214],[-68.08722,-21.46134],[-68.10429,-21.46902],[-68.12209,-21.47508],[-68.14044,-21.47949],[-68.15917,-21.48218],[-68.17809,-21.48315],[-68.19701,-21.48237],[-68.21577,-21.47986],[-68.23417,-21.47563],[-68.25203,-21.46974],[-68.2692,-21.46224],[-68.28549,-21.45319],[-68.30075,-21.44269],[-68.31484,-21.43084],[-68.32762,-21.41775],[-68.33896,-21.40356],[-68.34877,-21.38839],[-68.35693,-21.37239],[-68.35822,-21.36906],[-68.36053,-21.37068],[-68.37672,-21.37985],[-68.39381,-21.3875],[-68.41161,-21.39354],[-68.42996,-21.39791],[-68.44868,-21.40057]]}},
{"type":"Feature","properties":{"distance":20.0},"geometry":{"type":"LineString","coordinates":[[-68.91693,-18.87381],[-68.93073,-18.88573],[-68.94569,-18.8963],[-68.96167,-18.90542],[-68.97852,-18.91301],[-68.99607,-18.91899],[-69.01415,-18.9233],[-69.03259,-18.9259],[-69.05121,-18.92676],[-69.06982,-18.92589],[-69.08826,-18.92327],[-69.10634,-18.91896],[-69.12388,-18.91297],[-69.14073,-18.90537],[-69.1567,-18.89624],[-69.17166,-18.88566],[-69.18546,-18.87373],[-69.19796,-18.86058],[-69.20904,-18.84632],[-69.2186,-18.83109],[-69.22654,-18.81505],[-69.23279,-18.79834],[-69.23729,-18.78113],[-69.24,-18.76358],[-69.24089,-18.74586],[-69.23995,-18.72814],[-69.2372,-18.7106],[-69.23265,-18.6934],[-69.22636,-18.6767],[-69.21838,-18.66068],[-69.20879,-18.64547],[-69.19769,-18.63124],[-69.18518,-18.6181],[-69.17138,-18.6062],[-69.15643,-18.59565],[-69.14813,-18.59092],[-69.16263,-18.58595],[-69.17944,-18.57836],[-69.19538,-18.56922],[-69.21031,-18.55864],[-69.22407,-18.54671],[-69.23655,-18.53355],[-69.2476,-18.51929],[-69.25714,-18.50406],[-69.26507,-18.48801],[-69.2713,-18.4713],[-69.27579,-18.45409],[-69.27849,-18.43654],[-69.27938,-18.41882],[-69.27843,-18.4011],[-69.27568,-18.38356],[-69.27114,-18.36635],[-69.26485,-18.34966],[-69.25689,-18.33364],[-69.24732,-18.31843],[-69.24533,-18.31588],[-69.24827,-18.3142],[-69.26317,-18.30361],[-69.27691,-18.29168],[-69.28936,-18.27851],[-69.3004,-18.26425],[-69.30992,-18.24902],[-69.31783,-18.23297],[-69.32405,-18.21625],[-69.32853,-18.19904],[-69.33122,-18.18149],[-69.3321,-18.16377],[-69.33175,-18.15732],[-69.33749,-18.17256],[-69.34546,-18.18858],[-69.35503,-18.20378],[-69.36612,-18.21801],[-69.37861,-18.23113],[-69.39239,-18.24301],[-69.40733,-18.25355],[-69.42328,-18.26264],[-69.44008,-18.27018],[-69.45758,-18.27612],[-69.4756,-18.28038],[-69.49398,-18.28294],[-69.51253,-18.28376],[-69.53107,-18.28284],[-69.54943,-18.28019],[-69.56743,-18.27582],[-69.58489,-18.26979],[-69.60165,-18.26216],[-69.61755,-18.25299],[-69.63242,-18.24237],[-69.64613,-18.23041],[-69.65855,-18.21723],[-69.66955,-18.20294],[-69.67903,-18.18769],[-69.6869,-18.17163],[-69.69309,-18.15491],[-69.69753,-18.13768],[-69.70018,-18.12013],[-69.70102,-18.10241],[-69.70004,-18.08469],[-69.69725,-18.06715],[-69.69268,-18.04996],[-69.68637,-18.03328],[-69.67838,-18.01728],[-69.66879,-18.00209],[-69.65769,-17.98788],[-69.64519,-17.97478],[-69.63142,-17.96291],[-69.61649,-17.95239],[-69.60057,-17.94332],[-69.58379,-17.93579],[-69.56632,-17.92987],[-69.54833,-17.92561],[-69.52999,-17.92306],[-69.51148,-17.92223],[-69.49297,-17.92315],[-69.47465,-17.9258],[-69.45668,-17.93015],[-69.43925,-17.93617],[-69.42251,-17.94379],[-69.40664,-17.95295],[-69.39177,-17.96355],[-69.37806,-17.97549],[-69.36564,-17.98865],[-69.35463,-18.00292],[-69.34512,-18.01816],[-69.33723,-18.03421],[-69.33101,-18.05092],[-69.32654,-18.06814],[-69.32385,-18.08569],[-69.32297,-18.10341],[-69.32331,-18.10986],[-69.31758,-18.09461],[-69.30962,-18.07859],[-69.30006,-18.06339],[-69.28899,-18.04916],[-69.27651,-18.03603],[-69.26275,-18.02414],[-69.24785,-18.01359],[-69.23193,-18.00449],[-69.21516,-17.99692],[-69.1977,-17.99096],[-69.17971,-17.98667],[-69.16137,-17.98409],[-69.14285,-17.98323],[-69.12434,-17.98411],[-69.106,-17.98673],[-69.08802,-17.99105],[-69.07057,-17.99703],[-69.05381,-18.00462],[-69.03791,-18.01374],[-69.02302,-18.02431],[-69.00928,-18.03623],[-68.99683,-18.04937],[-68.98578,-18.06362],[-68.97624,-18.07884],[-68.96831,-18.09487],[-68.96205,-18.11157],[-68.95754,-18.12878],[-68.95482,-18.14633],[-68.9539,-18.16405],[-68.95481,-18.18177],[-68.95753,-18.19931],[-68.96203,-18.21652],[-68.96828,-18.23323],[-68.97622,-18.24927],[-68.98576,-18.26448],[-68.98774,-18.26704],[-68.9848,-18.26872],[-68.96989,-18.27928],[-68.95612,-18.2912],[-68.94365,-18.30434],[-68.93258,-18.31858],[-68.92302,-18.33379],[-68.91507,-18.34983],[-68.90881,-18.36653],[-68.90428,-18.38373],[-68.90155,-18.40128],[-68.90062,-18.419],[-68.90153,-18.43671],[-68.90424,-18.45426],[-68.90875,-18.47147],[-68.91501,-18.48818],[-68.92295,-18.50422],[-68.9325,-18.51944],[-68.94357,-18.53369],[-68.95606,-18.54684],[-68.96984,-18.55875],[-68.98477,-18.56932],[-68.99307,-18.57406],[-68.97856,-18.57901],[-68.96175,-18.58659],[-68.94579,-18.59571],[-68.93084,-18.60627],[-68.91705,-18.61818],[-68.90455,-18.63131],[-68.89345,-18.64556],[-68.88388,-18.66077],[-68.87591,-18.6768],[-68.86963,-18.69349],[-68.86509,-18.7107],[-68.86234,-18.72824],[-68.86142,-18.74596],[-68.86231,-18.76368],[-68.86503,-18.78123],[-68.86954,-18.79844],[-68.87581,-18.81514],[-68.88376,-18.83118],[-68.89333,-18.8464],[-68.90442,-18.86066],[-68.91693,-18.87381]]}},
{"type":"Feature","properties":{"distance":20.0},"geometry":{"type":"LineString","coordinates":[[-67.64468,-24.10732],[-67.66205,-24.11505],[-67.68017,-24.12118],[-67.69886,-24.12565],[-67.71793,-24.12841],[-67.73721,-24.12944],[-67.75651,-24.12873],[-67.77564,-24.12629],[-67.79441,-24.12213],[-67.81265,-24.1163],[-67.83017,-24.10886],[-67.84682,-24.09987],[-67.86242,-24.08943],[-67.87683,-24.07763],[-67.8899,-24.06459],[-67.90152,-24.05044],[-67.91157,-24.03531],[-67.91996,-24.01934],[-67.9266,-24.0027],[-67.93143,-23.98554],[-67.9344,-23.96803],[-67.9355,-23.95033],[-67.93469,-23.93262],[-67.93201,-23.91507],[-67.92929,-23.90476],[-67.93061,-23.90277],[-67.93899,-23.8868],[-67.94562,-23.87016],[-67.95044,-23.853],[-67.95341,-23.83548],[-67.95449,-23.81778],[-67.95369,-23.80007],[-67.951,-23.78252],[-67.94646,-23.7653],[-67.94011,-23.74856],[-67.93201,-23.73248],[-67.92223,-23.71721],[-67.90983,-23.70181],[-67.91139,-23.69265],[-67.91248,-23.67496],[-67.91168,-23.65724],[-67.909,-23.63969],[-67.90447,-23.62246],[-67.89813,-23.60573],[-67.89633,-23.60216],[-67.8967,-23.59999],[-67.89779,-23.58229],[-67.89699,-23.56458],[-67.89432,-23.54703],[-67.88979,-23.5298],[-67.88346,-23.51306],[-67.87537,-23.49698],[-67.87018,-23.48885],[-67.87827,-23.48074],[-67.88984,-23.46659],[-67.89984,-23.45145],[-67.90819,-23.43549],[-67.91479,-23.41884],[-67.9196,-23.40168],[-67.92256,-23.38417],[-67.92365,-23.36647],[-67.92285,-23.34876],[-67.92017,-23.3312],[-67.91565,-23.31398],[-67.90932,-23.29724],[-67.90124,-23.28116],[-67.89151,-23.26589],[-67.8802,-23.25157],[-67.86742,-23.23834],[-67.85331,-23.22633],[-67.8396,-23.21678],[-67.83801,-23.2063],[-67.8335,-23.18907],[-67.82939,-23.17819],[-67.83192,-23.16328],[-67.83301,-23.14558],[-67.83222,-23.12787],[-67.82956,-23.11031],[-67.82506,-23.09308],[-67.81875,-23.07634],[-67.8107,-23.06026],[-67.80098,-23.04498],[-67.7897,-23.03066],[-67.77696,-23.01742],[-67.76288,-23.00541],[-67.74759,-22.99473],[-67.73126,-22.98549],[-67.71402,-22.97777],[-67.69606,-22.97165],[-67.67753,-22.96719],[-67.65862,-22.96443],[-67.63951,-22.9634],[-67.62038,-22.9641],[-67.60142,-22.96653],[-67.58281,-22.97068],[-67.56472,-22.97649],[-67.54734,-22.98391],[-67.53082,-22.99287],[-67.51533,-23.00328],[-67.50101,-23.01505],[-67.488,-23.02806],[-67.47644,-23.04219],[-67.46642,-23.05729],[-67.45805,-23.07324],[-67.4514,-23.08986],[-67.44655,-23.10701],[-67.44354,-23.12451],[-67.44239,-23.1422],[-67.44313,-23.15991],[-67.44574,-23.17747],[-67.45093,-23.19667],[-67.44656,-23.20325],[-67.43818,-23.21919],[-67.43152,-23.23582],[-67.42666,-23.25296],[-67.42364,-23.27046],[-67.42249,-23.28816],[-67.42322,-23.30587],[-67.42583,-23.32343],[-67.43029,-23.34066],[-67.43656,-23.35741],[-67.44458,-23.37352],[-67.45428,-23.38882],[-67.46555,-23.40316],[-67.4783,-23.41642],[-67.49239,-23.42846],[-67.5077,-23.43917],[-67.52407,-23.44844],[-67.54135,-23.45618],[-67.55549,-23.46099],[-67.55161,-23.46487],[-67.54001,-23.479],[-67.52996,-23.4941],[-67.52157,-23.51005],[-67.51491,-23.52667],[-67.51004,-23.54382],[-67.50702,-23.56132],[-67.50661,-23.56775],[-67.50347,-23.56815],[-67.48477,-23.57227],[-67.4666,-23.57806],[-67.44913,-23.58547],[-67.43253,-23.59441],[-67.41696,-23.60482],[-67.40256,-23.61657],[-67.38949,-23.62957],[-67.37785,-23.64368],[-67.36778,-23.65878],[-67.35935,-23.67471],[-67.35266,-23.69133],[-67.34777,-23.70847],[-67.34472,-23.72597],[-67.34355,-23.74366],[-67.34427,-23.76137],[-67.34688,-23.77893],[-67.35134,-23.79617],[-67.35762,-23.81292],[-67.36565,-23.82903],[-67.37537,-23.84433],[-67.38667,-23.85869],[-67.39945,-23.87195],[-67.41358,-23.884],[-67.42893,-23.89471],[-67.44535,-23.90399],[-67.46269,-23.91175],[-67.48077,-23.9179],[-67.49942,-23.92239],[-67.51846,-23.92517],[-67.53771,-23.92623],[-67.54421,-23.92599],[-67.54362,-23.92941],[-67.54248,-23.9471],[-67.54322,-23.96481],[-67.54586,-23.98237],[-67.55035,-23.9996],[-67.55666,-24.01635],[-67.56473,-24.03245],[-67.57449,-24.04774],[-67.58583,-24.06208],[-67.59865,-24.07534],[-67.61282,-24.08737],[-67.62821,-24.09806],[-67.64468,-24.10732]]}}
]
}
